shader: MESA_SHADER_COMPUTE
source_blake3: {0x28d1147e, 0x3ed6c482, 0x8264dff7, 0x07b4d34f, 0xe55a23a3, 0x6cc6932d, 0x2377f026, 0x749e505e}
workgroup_size: 64, 1, 1
num_ssbos: 5
system_values_read: 0x00000000'00000000'00008400'00000102
shared_size: 4096
max_subgroup_size: 32
min_subgroup_size: 32
bit_sizes_float: 0x30
bit_sizes_int: 0x71
flrp_lowered: true
io_lowered: true
writes_memory: true
uniforms: 120
decl_function main () (entrypoint)

impl main {
    preamble @preamble
    block b0:    // preds:
    32x3    %0 = @load_local_invocation_id
    32      %1 = @load_subgroup_id
    32x3    %2 = @load_preamble (base=8)
    32x3    %3 = @load_preamble (base=14)
    32      %4 = @load_preamble (base=20)
    32      %5 = @load_preamble (base=22)
    32      %6 = @load_preamble (base=24)
    32      %7 = @load_preamble (base=26)
    32      %8 = @load_preamble (base=28)
    32      %9 = load_const (0x0000001f = 31)
    32     %10 = iand %0.x, %9 (0x1f)
    32     %11 = load_const (0x00000000)
    32     %12 = load_const (0x00000001)
    32     %13 = load_const (0x00000002)
    32     %14 = load_const (0x00000005)
    32     %15 = ushr %0.x, %14 (0x5)
    32     %16 = imadshl_agx %11 (0x0), %12 (0x1), %1, %12 (0x1)
    16     %17 = load_const (0x0000 = 0.000000)
    32     %18 = load_const (0x00000040 = 64)
    32     %19 = load_const (0x00000008)
    32     %20 = load_const (0x00000003)
                 // succs: b1
    loop {
        block b1:    // preds: b0 b114
        32     %21 = phi b0: %11 (0x0), b114: %856
        1      %22 = uge %21, %2.x
                     // succs: b2 b3
        if %22 {
            block b2:// preds: b1
            break
            // succs: b115
        } else {
            block b3:  // preds: b1, succs: b4
        }
        block b4:    // preds: b3
        32x4   %23 = @load_preamble (base=30)
        32     %24 = @load_preamble (base=38)
        32x3   %25 = @load_workgroup_id
        32x3   %26 = @load_preamble (base=40)
        32     %27 = imul %21, %3.x
        32     %28 = imadshl_agx %3.z, %27, %23.x, %11 (0x0)
        32     %29 = ushr %28, %12 (0x1)
        32     %30 = load_const (0x00000020 = 32)
        32     %31 = imadshl_agx %21, %2.y, %23.y, %11 (0x0)
        32     %32 = imul %21, %2.z
        32     %33 = iadd %24, %32
        32     %34 = iadd %23.w, %32
        32     %35 = imadshl_agx %3.y, %27, %23.z, %11 (0x0)
        32     %36 = iadd %25.y, %26.y
                     // succs: b5
        loop {
            block b5:    // preds: b4 b113
            32     %37 = phi b4: %36, b113: %855
            1      %38 = uge %37, %4
                         // succs: b6 b7
            if %38 {
                block b6:// preds: b5
                break
                // succs: b114
            } else {
                block b7:  // preds: b5, succs: b8
            }
            block b8:    // preds: b7
            32     %39 = ishl %37, %14 (0x5)
            32     %40 = iadd %25.x, %26.x
                         // succs: b9
            loop {
                block b9:    // preds: b8 b112
                32     %41 = phi b8: %40, b112: %853
                1      %42 = uge %41, %5
                             // succs: b10 b11
                if %42 {
                    block b10:// preds: b9
                    break
                    // succs: b113
                } else {
                    block b11:  // preds: b9, succs: b12
                }
                block b12:   // preds: b11
                32     %43 = imadshl_agx %41, %30 (0x20), %10, %11 (0x0)
                1      %44 = ult %43, %3.y
                32     %45 = imul %43, %6
                             // succs: b13
                loop {
                    block b13:   // preds: b12 b39
                    32     %46 = phi b12: %11 (0x0), b39: %76
                    32     %47 = phi b12: %11 (0x0), b39: %77
                    32     %48 = phi b12: %11 (0x0), b39: %78
                    32     %49 = phi b12: %11 (0x0), b39: %79
                    32     %50 = phi b12: %11 (0x0), b39: %80
                    32     %51 = phi b12: %11 (0x0), b39: %81
                    32     %52 = phi b12: %11 (0x0), b39: %82
                    32     %53 = phi b12: %11 (0x0), b39: %83
                    32     %54 = phi b12: %11 (0x0), b39: %84
                    32     %55 = phi b12: %11 (0x0), b39: %85
                    32     %56 = phi b12: %11 (0x0), b39: %86
                    32     %57 = phi b12: %11 (0x0), b39: %87
                    32     %58 = phi b12: %11 (0x0), b39: %88
                    32     %59 = phi b12: %11 (0x0), b39: %89
                    32     %60 = phi b12: %11 (0x0), b39: %90
                    32     %61 = phi b12: %11 (0x0), b39: %91
                    32     %62 = phi b12: %11 (0x0), b39: %419
                    1      %63 = uge %62, %6
                                 // succs: b14 b15
                    if %63 {
                        block b14:// preds: b13
                        break
                        // succs: b40
                    } else {
                        block b15:  // preds: b13, succs: b16
                    }
                    block b16:  // preds: b15, succs: b17 b18
                    if %44 {
                        block b17:   // preds: b16
                        32     %64 = iadd %33, %62
                        32     %65 = iadd %45, %64
                        64     %66 = @load_preamble (base=48)
                        16     %67 = @load_agx (%66, %65) (access=readonly|reorderable|speculatable, base=0, format=r16_uint, sign_extend=0)
                        32     %68 = iadd %34, %62
                        32     %69 = iadd %45, %68
                        64     %70 = @load_preamble (base=52)
                        16     %71 = @load_agx (%70, %69) (access=readonly|reorderable|speculatable, base=0, format=r16_uint, sign_extend=0)
                                     // succs: b19
                    } else {
                        block b18:  // preds: b16, succs: b19
                    }
                    block b19:   // preds: b17 b18
                    16     %72 = phi b17: %71, b18: %17 (0.000000)
                    16     %73 = phi b17: %67, b18: %17 (0.000000)
                    32     %74 = f2f32 %72
                    32     %75 = f2f32 %73
                                 // succs: b20
                    loop {
                        block b20:   // preds: b19 b38
                        32     %76 = phi b19: %46, b38: %406
                        32     %77 = phi b19: %47, b38: %407
                        32     %78 = phi b19: %48, b38: %408
                        32     %79 = phi b19: %49, b38: %409
                        32     %80 = phi b19: %50, b38: %410
                        32     %81 = phi b19: %51, b38: %411
                        32     %82 = phi b19: %52, b38: %412
                        32     %83 = phi b19: %53, b38: %413
                        32     %84 = phi b19: %54, b38: %414
                        32     %85 = phi b19: %55, b38: %415
                        32     %86 = phi b19: %56, b38: %416
                        32     %87 = phi b19: %57, b38: %417
                        32     %88 = phi b19: %58, b38: %418
                        32     %89 = phi b19: %59, b38: %402
                        32     %90 = phi b19: %60, b38: %403
                        32     %91 = phi b19: %61, b38: %404
                        32     %92 = phi b19: %11 (0x0), b38: %405
                        32     %93 = load_const (0x00000004)
                        1      %94 = uge %92, %93 (0x4)
                                     // succs: b21 b22
                        if %94 {
                            block b21:// preds: b20
                            break
                            // succs: b39
                        } else {
                            block b22:  // preds: b20, succs: b23
                        }
                        block b23:   // preds: b22
                        32     %95 = load_const (0x00000006)
                        32     %96 = ishl %62, %95 (0x6)
                        32     %97 = imadshl_agx %96, %12 (0x1), %92, %93 (0x4)
                        32     %98 = ushr %0.x, %20 (0x3)
                        32     %99 = iadd %39, %98
                        1     %100 = ult %99, %3.x
                                     // succs: b24 b25
                        if %100 {
                            block b24:   // preds: b23
                            32    %101 = ushr %97, %12 (0x1)
                            32    %102 = iadd %29, %101
                            32    %103 = imadshl_agx %99, %8, %102, %11 (0x0)
                            32    %104 = load_const (0x00000007)
                            32    %105 = iand %0.x, %104 (0x7)
                            32    %106 = iadd %105, %103
                            64    %107 = @load_preamble (base=56)
                            32    %108 = @load_agx (%107, %106) (access=readonly|reorderable|speculatable, base=0, format=r32_uint, sign_extend=0)
                                         // succs: b26
                        } else {
                            block b25:  // preds: b23, succs: b26
                        }
                        block b26:   // preds: b24 b25
                        32    %109 = phi b24: %108, b25: %11 (0x0)
                        32    %110 = iadd %0.x, %18 (0x40)
                        32    %111 = ushr %110, %20 (0x3)
                        32    %112 = iadd %39, %111
                        1     %113 = ult %112, %3.x
                                     // succs: b27 b28
                        if %113 {
                            block b27:   // preds: b26
                            32    %114 = ushr %97, %12 (0x1)
                            32    %115 = iadd %29, %114
                            32    %116 = imadshl_agx %112, %8, %115, %11 (0x0)
                            32    %117 = load_const (0x00000007)
                            32    %118 = iand %110, %117 (0x7)
                            32    %119 = iadd %118, %116
                            64    %120 = @load_preamble (base=60)
                            32    %121 = @load_agx (%120, %119) (access=readonly|reorderable|speculatable, base=0, format=r32_uint, sign_extend=0)
                                         // succs: b29
                        } else {
                            block b28:  // preds: b26, succs: b29
                        }
                        block b29:   // preds: b27 b28
                        32    %122 = phi b27: %121, b28: %11 (0x0)
                        32    %123 = load_const (0x00000080 = 128)
                        32    %124 = iadd %0.x, %123 (0x80)
                        32    %125 = ushr %124, %20 (0x3)
                        32    %126 = iadd %39, %125
                        1     %127 = ult %126, %3.x
                                     // succs: b30 b31
                        if %127 {
                            block b30:   // preds: b29
                            32    %128 = ushr %97, %12 (0x1)
                            32    %129 = iadd %29, %128
                            32    %130 = imadshl_agx %126, %8, %129, %11 (0x0)
                            32    %131 = load_const (0x00000007)
                            32    %132 = iand %124, %131 (0x7)
                            32    %133 = iadd %132, %130
                            64    %134 = @load_preamble (base=64)
                            32    %135 = @load_agx (%134, %133) (access=readonly|reorderable|speculatable, base=0, format=r32_uint, sign_extend=0)
                                         // succs: b32
                        } else {
                            block b31:  // preds: b29, succs: b32
                        }
                        block b32:   // preds: b30 b31
                        32    %136 = phi b30: %135, b31: %11 (0x0)
                        32    %137 = load_const (0x000000c0 = 192)
                        32    %138 = iadd %0.x, %137 (0xc0)
                        32    %139 = ushr %138, %20 (0x3)
                        32    %140 = iadd %39, %139
                        1     %141 = ult %140, %3.x
                                     // succs: b33 b34
                        if %141 {
                            block b33:   // preds: b32
                            32    %142 = ushr %97, %12 (0x1)
                            32    %143 = iadd %29, %142
                            32    %144 = imadshl_agx %140, %8, %143, %11 (0x0)
                            32    %145 = load_const (0x00000007)
                            32    %146 = iand %138, %145 (0x7)
                            32    %147 = iadd %146, %144
                            64    %148 = @load_preamble (base=68)
                            32    %149 = @load_agx (%148, %147) (access=readonly|reorderable|speculatable, base=0, format=r32_uint, sign_extend=0)
                                         // succs: b35
                        } else {
                            block b34:  // preds: b32, succs: b35
                        }
                        block b35:   // preds: b33 b34
                        32    %150 = phi b33: %149, b34: %11 (0x0)
                        16    %151 = unpack_32_2x16_split_x %109
                        16    %152 = unpack_32_2x16_split_y %109
                        32    %153 = ishl %98, %95 (0x6)
                        32    %154 = load_const (0x00000007)
                        32    %155 = iand %0.x, %154 (0x7)
                        32    %156 = imadshl_agx %153, %12 (0x1), %155, %20 (0x3)
                        16    %157 = u2u16 %156
                        32    %158 = f2f32 %151
                                     @store_shared (%158, %157) (base=0, access=speculatable, wrmask=x, align_mul=4, align_offset=0)
                        32    %159 = iadd %156, %93 (0x4)
                        16    %160 = u2u16 %159
                        32    %161 = f2f32 %152
                                     @store_shared (%161, %160) (base=0, access=speculatable, wrmask=x, align_mul=4, align_offset=0)
                        16    %162 = unpack_32_2x16_split_x %122
                        16    %163 = unpack_32_2x16_split_y %122
                        32    %164 = ishl %111, %95 (0x6)
                        32    %165 = iand %110, %154 (0x7)
                        32    %166 = imadshl_agx %164, %12 (0x1), %165, %20 (0x3)
                        16    %167 = u2u16 %166
                        32    %168 = f2f32 %162
                                     @store_shared (%168, %167) (base=0, access=speculatable, wrmask=x, align_mul=4, align_offset=0)
                        32    %169 = iadd %166, %93 (0x4)
                        16    %170 = u2u16 %169
                        32    %171 = f2f32 %163
                                     @store_shared (%171, %170) (base=0, access=speculatable, wrmask=x, align_mul=4, align_offset=0)
                        16    %172 = unpack_32_2x16_split_x %136
                        16    %173 = unpack_32_2x16_split_y %136
                        32    %174 = ishl %125, %95 (0x6)
                        32    %175 = iand %124, %154 (0x7)
                        32    %176 = imadshl_agx %174, %12 (0x1), %175, %20 (0x3)
                        16    %177 = u2u16 %176
                        32    %178 = f2f32 %172
                                     @store_shared (%178, %177) (base=0, access=speculatable, wrmask=x, align_mul=4, align_offset=0)
                        32    %179 = iadd %176, %93 (0x4)
                        16    %180 = u2u16 %179
                        32    %181 = f2f32 %173
                                     @store_shared (%181, %180) (base=0, access=speculatable, wrmask=x, align_mul=4, align_offset=0)
                        16    %182 = unpack_32_2x16_split_x %150
                        16    %183 = unpack_32_2x16_split_y %150
                        32    %184 = ishl %139, %95 (0x6)
                        32    %185 = iand %138, %154 (0x7)
                        32    %186 = imadshl_agx %184, %12 (0x1), %185, %20 (0x3)
                        16    %187 = u2u16 %186
                        32    %188 = f2f32 %182
                                     @store_shared (%188, %187) (base=0, access=speculatable, wrmask=x, align_mul=4, align_offset=0)
                        32    %189 = iadd %186, %93 (0x4)
                        16    %190 = u2u16 %189
                        32    %191 = f2f32 %183
                                     @store_shared (%191, %190) (base=0, access=speculatable, wrmask=x, align_mul=4, align_offset=0)
                                     // succs: b36 b37
                        if %44 {
                            block b36:   // preds: b35
                            32    %192 = ushr %97, %20 (0x3)
                            32    %193 = iadd %31, %192
                            32    %194 = iadd %193, %15
                            32    %195 = imadshl_agx %43, %7, %194, %11 (0x0)
                            64    %196 = @load_preamble (base=72)
                            32    %197 = @load_agx (%196, %195) (access=readonly|reorderable|speculatable, base=0, format=r32_uint, sign_extend=0)
                                         // succs: b38
                        } else {
                            block b37:  // preds: b35, succs: b38
                        }
                        block b38:   // preds: b36 b37
                        32    %198 = phi b36: %197, b37: %11 (0x0)
                        32    %199 = load_const (0x00000100 = 256)
                        32    %200 = imadshl_agx %15, %199 (0x100), %10, %11 (0x0)
                        32    %201 = load_const (0x0000000f = 15)
                        32    %202 = iand %198, %201 (0xf)
                        32    %203 = u2f32 %202
                        32    %204 = ffma %75, %203, %74
                        32    %205 = load_const (0x00000800 = 2048)
                        32    %206 = imadshl_agx %11 (0x0), %12 (0x1), %200, %13 (0x2)
                        32    %207 = iadd %205 (0x800), %206
                        16    %208 = u2u16 %207
                                     @store_shared (%204, %208) (base=0, access=speculatable, wrmask=x, align_mul=4, align_offset=0)
                        32    %209 = ubfe %198, %93 (0x4), %93 (0x4)
                        32    %210 = u2f32 %209
                        32    %211 = ffma %75, %210, %74
                        32    %212 = load_const (0x00000880 = 2176)
                        32    %213 = iadd %212 (0x880), %206
                        16    %214 = u2u16 %213
                                     @store_shared (%211, %214) (base=0, access=speculatable, wrmask=x, align_mul=4, align_offset=0)
                        32    %215 = ubfe %198, %19 (0x8), %93 (0x4)
                        32    %216 = u2f32 %215
                        32    %217 = ffma %75, %216, %74
                        32    %218 = load_const (0x00000900 = 2304)
                        32    %219 = iadd %218 (0x900), %206
                        16    %220 = u2u16 %219
                                     @store_shared (%217, %220) (base=0, access=speculatable, wrmask=x, align_mul=4, align_offset=0)
                        32    %221 = load_const (0x0000000c = 12)
                        32    %222 = ubfe %198, %221 (0xc), %93 (0x4)
                        32    %223 = u2f32 %222
                        32    %224 = ffma %75, %223, %74
                        32    %225 = load_const (0x00000980 = 2432)
                        32    %226 = iadd %225 (0x980), %206
                        16    %227 = u2u16 %226
                                     @store_shared (%224, %227) (base=0, access=speculatable, wrmask=x, align_mul=4, align_offset=0)
                        16    %228 = unpack_32_2x16_split_y %198
                        32    %229 = u2u32 %228
                        32    %230 = iand %229, %201 (0xf)
                        32    %231 = u2f32 %230
                        32    %232 = ffma %75, %231, %74
                        32    %233 = load_const (0x00000a00 = 2560)
                        32    %234 = iadd %233 (0xa00), %206
                        16    %235 = u2u16 %234
                                     @store_shared (%232, %235) (base=0, access=speculatable, wrmask=x, align_mul=4, align_offset=0)
                        32    %236 = load_const (0x00000014 = 20)
                        32    %237 = ubfe %198, %236 (0x14), %93 (0x4)
                        32    %238 = u2f32 %237
                        32    %239 = ffma %75, %238, %74
                        32    %240 = load_const (0x00000a80 = 2688)
                        32    %241 = iadd %240 (0xa80), %206
                        16    %242 = u2u16 %241
                                     @store_shared (%239, %242) (base=0, access=speculatable, wrmask=x, align_mul=4, align_offset=0)
                        32    %243 = load_const (0x00000018 = 24)
                        32    %244 = ubfe %198, %243 (0x18), %93 (0x4)
                        32    %245 = u2f32 %244
                        32    %246 = ffma %75, %245, %74
                        32    %247 = load_const (0x00000b00 = 2816)
                        32    %248 = iadd %247 (0xb00), %206
                        16    %249 = u2u16 %248
                                     @store_shared (%246, %249) (base=0, access=speculatable, wrmask=x, align_mul=4, align_offset=0)
                        32    %250 = load_const (0x0000001c = 28)
                        32    %251 = ushr %198, %250 (0x1c)
                        32    %252 = u2f32 %251
                        32    %253 = ffma %75, %252, %74
                        32    %254 = load_const (0x00000b80 = 2944)
                        32    %255 = iadd %254 (0xb80), %206
                        16    %256 = u2u16 %255
                                     @store_shared (%253, %256) (base=0, access=speculatable, wrmask=x, align_mul=4, align_offset=0)
                                     @barrier (execution_scope=WORKGROUP, memory_scope=WORKGROUP, mem_semantics=ACQ|REL, mem_modes=shared)
                        32    %257 = @load_subgroup_invocation
                        32    %258 = ubfe %257, %12 (0x1), %13 (0x2)
                        32    %259 = ubfe %257, %93 (0x4), %12 (0x1)
                        32    %260 = imadshl_agx %258, %12 (0x1), %259, %13 (0x2)
                        32    %261 = iand %257, %12 (0x1)
                        32    %262 = ubfe %257, %20 (0x3), %12 (0x1)
                        32    %263 = imadshl_agx %11 (0x0), %12 (0x1), %262, %13 (0x2)
                        32    %264 = imadshl_agx %263, %12 (0x1), %261, %12 (0x1)
                        32    %265 = imadshl_agx %1, %199 (0x100), %264, %11 (0x0)
                        32    %266 = imadshl_agx %11 (0x0), %12 (0x1), %260, %93 (0x4)
                        32    %267 = load_const (0x3fffffff = 1073741823)
                        32    %268 = iand %266, %267 (0x3fffffff)
                        32    %269 = iadd %268, %265
                        32    %270 = imadshl_agx %11 (0x0), %12 (0x1), %269, %13 (0x2)
                        16    %271 = u2u16 %270
                        32    %272 = @load_shared (%271) (base=0, access=speculatable, align_mul=4, align_offset=0)
                        32    %273 = iadd %270, %93 (0x4)
                        16    %274 = u2u16 %273
                        32    %275 = @load_shared (%274) (base=0, access=speculatable, align_mul=4, align_offset=0)
                        32    %276 = load_const (0x00000200 = 512)
                        32    %277 = iadd %270, %276 (0x200)
                        16    %278 = u2u16 %277
                        32    %279 = @load_shared (%278) (base=0, access=speculatable, align_mul=4, align_offset=0)
                        32    %280 = load_const (0x00000204 = 516)
                        32    %281 = iadd %280 (0x204), %270
                        16    %282 = u2u16 %281
                        32    %283 = @load_shared (%282) (base=0, access=speculatable, align_mul=4, align_offset=0)
                        32    %284 = ishl %260, %14 (0x5)
                        32    %285 = iand %284, %267 (0x3fffffff)
                        32    %286 = iadd %285, %264
                        32    %287 = imadshl_agx %11 (0x0), %12 (0x1), %286, %13 (0x2)
                        32    %288 = iadd %205 (0x800), %287
                        16    %289 = u2u16 %288
                        32    %290 = @load_shared (%289) (base=0, access=speculatable, align_mul=4, align_offset=0)
                        32    %291 = load_const (0x00000804 = 2052)
                        32    %292 = iadd %291 (0x804), %287
                        16    %293 = u2u16 %292
                        32    %294 = @load_shared (%293) (base=0, access=speculatable, align_mul=4, align_offset=0)
                        32    %295 = load_const (0x00000820 = 2080)
                        32    %296 = iadd %295 (0x820), %287
                        16    %297 = u2u16 %296
                        32    %298 = @load_shared (%297) (base=0, access=speculatable, align_mul=4, align_offset=0)
                        32    %299 = load_const (0x00000824 = 2084)
                        32    %300 = iadd %299 (0x824), %287
                        16    %301 = u2u16 %300
                        32    %302 = @load_shared (%301) (base=0, access=speculatable, align_mul=4, align_offset=0)
                        32    %303 = load_const (0x00000840 = 2112)
                        32    %304 = iadd %303 (0x840), %287
                        16    %305 = u2u16 %304
                        32    %306 = @load_shared (%305) (base=0, access=speculatable, align_mul=4, align_offset=0)
                        32    %307 = load_const (0x00000844 = 2116)
                        32    %308 = iadd %307 (0x844), %287
                        16    %309 = u2u16 %308
                        32    %310 = @load_shared (%309) (base=0, access=speculatable, align_mul=4, align_offset=0)
                        32    %311 = load_const (0x00000860 = 2144)
                        32    %312 = iadd %311 (0x860), %287
                        16    %313 = u2u16 %312
                        32    %314 = @load_shared (%313) (base=0, access=speculatable, align_mul=4, align_offset=0)
                        32    %315 = load_const (0x00000864 = 2148)
                        32    %316 = iadd %315 (0x864), %287
                        16    %317 = u2u16 %316
                        32    %318 = @load_shared (%317) (base=0, access=speculatable, align_mul=4, align_offset=0)
                        32x2  %319 = vec2 %272, %275
                        32x2  %320 = vec2 %290, %294
                        32x2  %321 = vec2 %90, %91
                        32x2  %322 = @simd_matrix_fmadd_agx (%319, %320, %321)
                        32x2  %323 = vec2 %88, %89
                        32x2  %324 = vec2 %298, %302
                        32x2  %325 = @simd_matrix_fmadd_agx (%319, %324, %323)
                        32x2  %326 = vec2 %86, %87
                        32x2  %327 = vec2 %306, %310
                        32x2  %328 = @simd_matrix_fmadd_agx (%319, %327, %326)
                        32x2  %329 = vec2 %84, %85
                        32x2  %330 = vec2 %314, %318
                        32x2  %331 = @simd_matrix_fmadd_agx (%319, %330, %329)
                        32x2  %332 = vec2 %82, %83
                        32x2  %333 = vec2 %279, %283
                        32x2  %334 = @simd_matrix_fmadd_agx (%333, %320, %332)
                        32x2  %335 = vec2 %80, %81
                        32x2  %336 = @simd_matrix_fmadd_agx (%333, %324, %335)
                        32x2  %337 = vec2 %78, %79
                        32x2  %338 = @simd_matrix_fmadd_agx (%333, %327, %337)
                        32x2  %339 = vec2 %76, %77
                        32x2  %340 = @simd_matrix_fmadd_agx (%333, %330, %339)
                        32    %341 = iadd %270, %30 (0x20)
                        16    %342 = u2u16 %341
                        32    %343 = @load_shared (%342) (base=0, access=speculatable, align_mul=4, align_offset=0)
                        32    %344 = load_const (0x00000024 = 36)
                        32    %345 = iadd %344 (0x24), %270
                        16    %346 = u2u16 %345
                        32    %347 = @load_shared (%346) (base=0, access=speculatable, align_mul=4, align_offset=0)
                        32    %348 = load_const (0x00000220 = 544)
                        32    %349 = iadd %270, %348 (0x220)
                        16    %350 = u2u16 %349
                        32    %351 = @load_shared (%350) (base=0, access=speculatable, align_mul=4, align_offset=0)
                        32    %352 = load_const (0x00000224 = 548)
                        32    %353 = iadd %352 (0x224), %270
                        16    %354 = u2u16 %353
                        32    %355 = @load_shared (%354) (base=0, access=speculatable, align_mul=4, align_offset=0)
                        32    %356 = load_const (0x00000c00 = 3072)
                        32    %357 = iadd %356 (0xc00), %287
                        16    %358 = u2u16 %357
                        32    %359 = @load_shared (%358) (base=0, access=speculatable, align_mul=4, align_offset=0)
                        32    %360 = load_const (0x00000c04 = 3076)
                        32    %361 = iadd %360 (0xc04), %287
                        16    %362 = u2u16 %361
                        32    %363 = @load_shared (%362) (base=0, access=speculatable, align_mul=4, align_offset=0)
                        32    %364 = load_const (0x00000c20 = 3104)
                        32    %365 = iadd %364 (0xc20), %287
                        16    %366 = u2u16 %365
                        32    %367 = @load_shared (%366) (base=0, access=speculatable, align_mul=4, align_offset=0)
                        32    %368 = load_const (0x00000c24 = 3108)
                        32    %369 = iadd %368 (0xc24), %287
                        16    %370 = u2u16 %369
                        32    %371 = @load_shared (%370) (base=0, access=speculatable, align_mul=4, align_offset=0)
                        32    %372 = load_const (0x00000c40 = 3136)
                        32    %373 = iadd %372 (0xc40), %287
                        16    %374 = u2u16 %373
                        32    %375 = @load_shared (%374) (base=0, access=speculatable, align_mul=4, align_offset=0)
                        32    %376 = load_const (0x00000c44 = 3140)
                        32    %377 = iadd %376 (0xc44), %287
                        16    %378 = u2u16 %377
                        32    %379 = @load_shared (%378) (base=0, access=speculatable, align_mul=4, align_offset=0)
                        32    %380 = load_const (0x00000c60 = 3168)
                        32    %381 = iadd %380 (0xc60), %287
                        16    %382 = u2u16 %381
                        32    %383 = @load_shared (%382) (base=0, access=speculatable, align_mul=4, align_offset=0)
                        32    %384 = load_const (0x00000c64 = 3172)
                        32    %385 = iadd %384 (0xc64), %287
                        16    %386 = u2u16 %385
                        32    %387 = @load_shared (%386) (base=0, access=speculatable, align_mul=4, align_offset=0)
                        32x2  %388 = vec2 %343, %347
                        32x2  %389 = vec2 %359, %363
                        32x2  %390 = @simd_matrix_fmadd_agx (%388, %389, %322)
                        32x2  %391 = vec2 %367, %371
                        32x2  %392 = @simd_matrix_fmadd_agx (%388, %391, %325)
                        32x2  %393 = vec2 %375, %379
                        32x2  %394 = @simd_matrix_fmadd_agx (%388, %393, %328)
                        32x2  %395 = vec2 %383, %387
                        32x2  %396 = @simd_matrix_fmadd_agx (%388, %395, %331)
                        32x2  %397 = vec2 %351, %355
                        32x2  %398 = @simd_matrix_fmadd_agx (%397, %389, %334)
                        32x2  %399 = @simd_matrix_fmadd_agx (%397, %391, %336)
                        32x2  %400 = @simd_matrix_fmadd_agx (%397, %393, %338)
                        32x2  %401 = @simd_matrix_fmadd_agx (%397, %395, %340)
                                     @barrier (execution_scope=WORKGROUP, memory_scope=WORKGROUP, mem_semantics=ACQ|REL, mem_modes=shared)
                        32    %402 = mov %392.y
                        32    %403 = mov %390.x
                        32    %404 = mov %390.y
                        32    %405 = iadd %92, %12 (0x1)
                        32    %406 = mov %401.x
                        32    %407 = mov %401.y
                        32    %408 = mov %400.x
                        32    %409 = mov %400.y
                        32    %410 = mov %399.x
                        32    %411 = mov %399.y
                        32    %412 = mov %398.x
                        32    %413 = mov %398.y
                        32    %414 = mov %396.x
                        32    %415 = mov %396.y
                        32    %416 = mov %394.x
                        32    %417 = mov %394.y
                        32    %418 = mov %392.x
                                     // succs: b20
                    }
                    block b39:   // preds: b21
                    32    %419 = iadd %62, %12 (0x1)
                                 // succs: b13
                }
                block b40:   // preds: b14
                1     %420 = ieq %16, %11 (0x0)
                             // succs: b41 b42
                if %420 {
                    block b41:   // preds: b40
                    32    %421 = @load_subgroup_invocation
                    32    %422 = ubfe %421, %12 (0x1), %13 (0x2)
                    32    %423 = load_const (0x00000004)
                    32    %424 = ubfe %421, %423 (0x4), %12 (0x1)
                    32    %425 = imadshl_agx %422, %12 (0x1), %424, %13 (0x2)
                    32    %426 = iand %421, %12 (0x1)
                    32    %427 = ubfe %421, %20 (0x3), %12 (0x1)
                    32    %428 = imadshl_agx %11 (0x0), %12 (0x1), %427, %13 (0x2)
                    32    %429 = imadshl_agx %428, %12 (0x1), %426, %12 (0x1)
                    32    %430 = load_const (0x3fffffff = 1073741823)
                    32    %431 = imadshl_agx %11 (0x0), %12 (0x1), %425, %20 (0x3)
                    32    %432 = iand %431, %430 (0x3fffffff)
                    32    %433 = iadd %432, %429
                    32    %434 = imadshl_agx %11 (0x0), %12 (0x1), %433, %13 (0x2)
                    16    %435 = u2u16 %434
                                 @store_shared (%60, %435) (base=0, access=speculatable, wrmask=x, align_mul=4, align_offset=0)
                    32    %436 = iadd %434, %423 (0x4)
                    16    %437 = u2u16 %436
                                 @store_shared (%61, %437) (base=0, access=speculatable, wrmask=x, align_mul=4, align_offset=0)
                    32    %438 = load_const (0x00000100 = 256)
                    32    %439 = iadd %438 (0x100), %434
                    16    %440 = u2u16 %439
                                 @store_shared (%58, %440) (base=0, access=speculatable, wrmask=x, align_mul=4, align_offset=0)
                    32    %441 = load_const (0x00000104 = 260)
                    32    %442 = iadd %441 (0x104), %434
                    16    %443 = u2u16 %442
                                 @store_shared (%59, %443) (base=0, access=speculatable, wrmask=x, align_mul=4, align_offset=0)
                    32    %444 = load_const (0x00000200 = 512)
                    32    %445 = iadd %444 (0x200), %434
                    16    %446 = u2u16 %445
                                 @store_shared (%56, %446) (base=0, access=speculatable, wrmask=x, align_mul=4, align_offset=0)
                    32    %447 = load_const (0x00000204 = 516)
                    32    %448 = iadd %447 (0x204), %434
                    16    %449 = u2u16 %448
                                 @store_shared (%57, %449) (base=0, access=speculatable, wrmask=x, align_mul=4, align_offset=0)
                    32    %450 = load_const (0x00000300 = 768)
                    32    %451 = iadd %450 (0x300), %434
                    16    %452 = u2u16 %451
                                 @store_shared (%54, %452) (base=0, access=speculatable, wrmask=x, align_mul=4, align_offset=0)
                    32    %453 = load_const (0x00000304 = 772)
                    32    %454 = iadd %453 (0x304), %434
                    16    %455 = u2u16 %454
                                 @store_shared (%55, %455) (base=0, access=speculatable, wrmask=x, align_mul=4, align_offset=0)
                                 // succs: b43
                } else {
                    block b42:  // preds: b40, succs: b43
                }
                block b43:// preds: b41 b42
                @barrier (execution_scope=WORKGROUP, memory_scope=WORKGROUP, mem_semantics=ACQ|REL, mem_modes=shared)
                // succs: b44 b57
                if %44 {
                    block b44:   // preds: b43
                    32    %456 = imadshl_agx %11 (0x0), %12 (0x1), %15, %13 (0x2)
                    32    %457 = iadd %39, %456
                    1     %458 = ult %457, %3.x
                                 // succs: b45 b46
                    if %458 {
                        block b45:   // preds: b44
                        32    %459 = iadd %35, %43
                        32    %460 = imadshl_agx %457, %3.y, %459, %11 (0x0)
                        32    %461 = load_const (0xffffffe0 = -32 = 4294967264)
                        32    %462 = iand %0.x, %461 (0xffffffe0)
                        32    %463 = ushr %10, %20 (0x3)
                        32    %464 = imadshl_agx %463, %18 (0x40), %462, %11 (0x0)
                        32    %465 = load_const (0x00000007)
                        32    %466 = iand %465 (0x7), %0.x
                        32    %467 = iadd %466, %464
                        32    %468 = imadshl_agx %11 (0x0), %12 (0x1), %467, %13 (0x2)
                        16    %469 = u2u16 %468
                        32    %470 = @load_shared (%469) (base=0, access=speculatable, align_mul=4, align_offset=0)
                        16    %471 = f2f16 %470
                        64    %472 = @load_preamble (base=76)
                                     @store_agx (%471, %472, %460) (access=writeonly|speculatable, base=0, format=r16_uint, sign_extend=0)
                                     // succs: b47
                    } else {
                        block b46:  // preds: b44, succs: b47
                    }
                    block b47:   // preds: b45 b46
                    32    %473 = iadd %39, %12 (0x1)
                    32    %474 = iadd %456, %473
                    1     %475 = ult %474, %3.x
                                 // succs: b48 b49
                    if %475 {
                        block b48:   // preds: b47
                        32    %476 = iadd %35, %43
                        32    %477 = imadshl_agx %474, %3.y, %476, %11 (0x0)
                        32    %478 = load_const (0xffffffe0 = -32 = 4294967264)
                        32    %479 = iand %0.x, %478 (0xffffffe0)
                        32    %480 = ushr %10, %20 (0x3)
                        32    %481 = imadshl_agx %480, %18 (0x40), %479, %11 (0x0)
                        32    %482 = load_const (0x00000007)
                        32    %483 = iand %482 (0x7), %0.x
                        32    %484 = iadd %483, %481
                        32    %485 = imadshl_agx %30 (0x20), %12 (0x1), %484, %13 (0x2)
                        16    %486 = u2u16 %485
                        32    %487 = @load_shared (%486) (base=0, access=speculatable, align_mul=4, align_offset=0)
                        16    %488 = f2f16 %487
                        64    %489 = @load_preamble (base=80)
                                     @store_agx (%488, %489, %477) (access=writeonly|speculatable, base=0, format=r16_uint, sign_extend=0)
                                     // succs: b50
                    } else {
                        block b49:  // preds: b47, succs: b50
                    }
                    block b50:   // preds: b48 b49
                    32    %490 = iadd %39, %13 (0x2)
                    32    %491 = iadd %456, %490
                    1     %492 = ult %491, %3.x
                                 // succs: b51 b52
                    if %492 {
                        block b51:   // preds: b50
                        32    %493 = iadd %35, %43
                        32    %494 = imadshl_agx %491, %3.y, %493, %11 (0x0)
                        32    %495 = load_const (0xffffffe0 = -32 = 4294967264)
                        32    %496 = iand %0.x, %495 (0xffffffe0)
                        32    %497 = ushr %10, %20 (0x3)
                        32    %498 = imadshl_agx %497, %18 (0x40), %496, %11 (0x0)
                        32    %499 = load_const (0x00000007)
                        32    %500 = iand %499 (0x7), %0.x
                        32    %501 = iadd %500, %498
                        32    %502 = imadshl_agx %18 (0x40), %12 (0x1), %501, %13 (0x2)
                        16    %503 = u2u16 %502
                        32    %504 = @load_shared (%503) (base=0, access=speculatable, align_mul=4, align_offset=0)
                        16    %505 = f2f16 %504
                        64    %506 = @load_preamble (base=84)
                                     @store_agx (%505, %506, %494) (access=writeonly|speculatable, base=0, format=r16_uint, sign_extend=0)
                                     // succs: b53
                    } else {
                        block b52:  // preds: b50, succs: b53
                    }
                    block b53:   // preds: b51 b52
                    32    %507 = iadd %39, %20 (0x3)
                    32    %508 = iadd %456, %507
                    1     %509 = ult %508, %3.x
                                 // succs: b54 b55
                    if %509 {
                        block b54:   // preds: b53
                        32    %510 = iadd %35, %43
                        32    %511 = imadshl_agx %508, %3.y, %510, %11 (0x0)
                        32    %512 = load_const (0xffffffe0 = -32 = 4294967264)
                        32    %513 = iand %0.x, %512 (0xffffffe0)
                        32    %514 = ushr %10, %20 (0x3)
                        32    %515 = imadshl_agx %514, %18 (0x40), %513, %11 (0x0)
                        32    %516 = load_const (0x00000007)
                        32    %517 = iand %516 (0x7), %0.x
                        32    %518 = iadd %517, %515
                        32    %519 = load_const (0x00000060 = 96)
                        32    %520 = imadshl_agx %519 (0x60), %12 (0x1), %518, %13 (0x2)
                        16    %521 = u2u16 %520
                        32    %522 = @load_shared (%521) (base=0, access=speculatable, align_mul=4, align_offset=0)
                        16    %523 = f2f16 %522
                        64    %524 = @load_preamble (base=88)
                                     @store_agx (%523, %524, %511) (access=writeonly|speculatable, base=0, format=r16_uint, sign_extend=0)
                                     // succs: b56
                    } else {
                        block b55:  // preds: b53, succs: b56
                    }
                    block b56:  // preds: b54 b55, succs: b58
                } else {
                    block b57:  // preds: b43, succs: b58
                }
                block b58:// preds: b56 b57
                @barrier (execution_scope=WORKGROUP, memory_scope=WORKGROUP, mem_semantics=ACQ|REL, mem_modes=shared)
                // succs: b59 b60
                if %420 {
                    block b59:   // preds: b58
                    32    %525 = @load_subgroup_invocation
                    32    %526 = ubfe %525, %12 (0x1), %13 (0x2)
                    32    %527 = load_const (0x00000004)
                    32    %528 = ubfe %525, %527 (0x4), %12 (0x1)
                    32    %529 = imadshl_agx %526, %12 (0x1), %528, %13 (0x2)
                    32    %530 = iand %525, %12 (0x1)
                    32    %531 = ubfe %525, %20 (0x3), %12 (0x1)
                    32    %532 = imadshl_agx %11 (0x0), %12 (0x1), %531, %13 (0x2)
                    32    %533 = imadshl_agx %532, %12 (0x1), %530, %12 (0x1)
                    32    %534 = load_const (0x3fffffff = 1073741823)
                    32    %535 = imadshl_agx %11 (0x0), %12 (0x1), %529, %20 (0x3)
                    32    %536 = iand %535, %534 (0x3fffffff)
                    32    %537 = iadd %536, %533
                    32    %538 = imadshl_agx %11 (0x0), %12 (0x1), %537, %13 (0x2)
                    16    %539 = u2u16 %538
                                 @store_shared (%52, %539) (base=0, access=speculatable, wrmask=x, align_mul=4, align_offset=0)
                    32    %540 = iadd %538, %527 (0x4)
                    16    %541 = u2u16 %540
                                 @store_shared (%53, %541) (base=0, access=speculatable, wrmask=x, align_mul=4, align_offset=0)
                    32    %542 = load_const (0x00000100 = 256)
                    32    %543 = iadd %542 (0x100), %538
                    16    %544 = u2u16 %543
                                 @store_shared (%50, %544) (base=0, access=speculatable, wrmask=x, align_mul=4, align_offset=0)
                    32    %545 = load_const (0x00000104 = 260)
                    32    %546 = iadd %545 (0x104), %538
                    16    %547 = u2u16 %546
                                 @store_shared (%51, %547) (base=0, access=speculatable, wrmask=x, align_mul=4, align_offset=0)
                    32    %548 = load_const (0x00000200 = 512)
                    32    %549 = iadd %548 (0x200), %538
                    16    %550 = u2u16 %549
                                 @store_shared (%48, %550) (base=0, access=speculatable, wrmask=x, align_mul=4, align_offset=0)
                    32    %551 = load_const (0x00000204 = 516)
                    32    %552 = iadd %551 (0x204), %538
                    16    %553 = u2u16 %552
                                 @store_shared (%49, %553) (base=0, access=speculatable, wrmask=x, align_mul=4, align_offset=0)
                    32    %554 = load_const (0x00000300 = 768)
                    32    %555 = iadd %554 (0x300), %538
                    16    %556 = u2u16 %555
                                 @store_shared (%46, %556) (base=0, access=speculatable, wrmask=x, align_mul=4, align_offset=0)
                    32    %557 = load_const (0x00000304 = 772)
                    32    %558 = iadd %557 (0x304), %538
                    16    %559 = u2u16 %558
                                 @store_shared (%47, %559) (base=0, access=speculatable, wrmask=x, align_mul=4, align_offset=0)
                                 // succs: b61
                } else {
                    block b60:  // preds: b58, succs: b61
                }
                block b61:// preds: b59 b60
                @barrier (execution_scope=WORKGROUP, memory_scope=WORKGROUP, mem_semantics=ACQ|REL, mem_modes=shared)
                // succs: b62 b75
                if %44 {
                    block b62:   // preds: b61
                    32    %560 = iadd %39, %19 (0x8)
                    32    %561 = imadshl_agx %11 (0x0), %12 (0x1), %15, %13 (0x2)
                    32    %562 = iadd %561, %560
                    1     %563 = ult %562, %3.x
                                 // succs: b63 b64
                    if %563 {
                        block b63:   // preds: b62
                        32    %564 = iadd %35, %43
                        32    %565 = imadshl_agx %562, %3.y, %564, %11 (0x0)
                        32    %566 = load_const (0xffffffe0 = -32 = 4294967264)
                        32    %567 = iand %0.x, %566 (0xffffffe0)
                        32    %568 = ushr %10, %20 (0x3)
                        32    %569 = imadshl_agx %568, %18 (0x40), %567, %11 (0x0)
                        32    %570 = load_const (0x00000007)
                        32    %571 = iand %570 (0x7), %0.x
                        32    %572 = iadd %571, %569
                        32    %573 = imadshl_agx %11 (0x0), %12 (0x1), %572, %13 (0x2)
                        16    %574 = u2u16 %573
                        32    %575 = @load_shared (%574) (base=0, access=speculatable, align_mul=4, align_offset=0)
                        16    %576 = f2f16 %575
                        64    %577 = @load_preamble (base=92)
                                     @store_agx (%576, %577, %565) (access=writeonly|speculatable, base=0, format=r16_uint, sign_extend=0)
                                     // succs: b65
                    } else {
                        block b64:  // preds: b62, succs: b65
                    }
                    block b65:   // preds: b63 b64
                    32    %578 = load_const (0x00000009)
                    32    %579 = iadd %578 (0x9), %39
                    32    %580 = iadd %561, %579
                    1     %581 = ult %580, %3.x
                                 // succs: b66 b67
                    if %581 {
                        block b66:   // preds: b65
                        32    %582 = iadd %35, %43
                        32    %583 = imadshl_agx %580, %3.y, %582, %11 (0x0)
                        32    %584 = load_const (0xffffffe0 = -32 = 4294967264)
                        32    %585 = iand %0.x, %584 (0xffffffe0)
                        32    %586 = ushr %10, %20 (0x3)
                        32    %587 = imadshl_agx %586, %18 (0x40), %585, %11 (0x0)
                        32    %588 = load_const (0x00000007)
                        32    %589 = iand %588 (0x7), %0.x
                        32    %590 = iadd %589, %587
                        32    %591 = imadshl_agx %30 (0x20), %12 (0x1), %590, %13 (0x2)
                        16    %592 = u2u16 %591
                        32    %593 = @load_shared (%592) (base=0, access=speculatable, align_mul=4, align_offset=0)
                        16    %594 = f2f16 %593
                        64    %595 = @load_preamble (base=96)
                                     @store_agx (%594, %595, %583) (access=writeonly|speculatable, base=0, format=r16_uint, sign_extend=0)
                                     // succs: b68
                    } else {
                        block b67:  // preds: b65, succs: b68
                    }
                    block b68:   // preds: b66 b67
                    32    %596 = load_const (0x0000000a = 10)
                    32    %597 = iadd %596 (0xa), %39
                    32    %598 = iadd %561, %597
                    1     %599 = ult %598, %3.x
                                 // succs: b69 b70
                    if %599 {
                        block b69:   // preds: b68
                        32    %600 = iadd %35, %43
                        32    %601 = imadshl_agx %598, %3.y, %600, %11 (0x0)
                        32    %602 = load_const (0xffffffe0 = -32 = 4294967264)
                        32    %603 = iand %0.x, %602 (0xffffffe0)
                        32    %604 = ushr %10, %20 (0x3)
                        32    %605 = imadshl_agx %604, %18 (0x40), %603, %11 (0x0)
                        32    %606 = load_const (0x00000007)
                        32    %607 = iand %606 (0x7), %0.x
                        32    %608 = iadd %607, %605
                        32    %609 = imadshl_agx %18 (0x40), %12 (0x1), %608, %13 (0x2)
                        16    %610 = u2u16 %609
                        32    %611 = @load_shared (%610) (base=0, access=speculatable, align_mul=4, align_offset=0)
                        16    %612 = f2f16 %611
                        64    %613 = @load_preamble (base=100)
                                     @store_agx (%612, %613, %601) (access=writeonly|speculatable, base=0, format=r16_uint, sign_extend=0)
                                     // succs: b71
                    } else {
                        block b70:  // preds: b68, succs: b71
                    }
                    block b71:   // preds: b69 b70
                    32    %614 = load_const (0x0000000b = 11)
                    32    %615 = iadd %614 (0xb), %39
                    32    %616 = iadd %561, %615
                    1     %617 = ult %616, %3.x
                                 // succs: b72 b73
                    if %617 {
                        block b72:   // preds: b71
                        32    %618 = iadd %35, %43
                        32    %619 = imadshl_agx %616, %3.y, %618, %11 (0x0)
                        32    %620 = load_const (0xffffffe0 = -32 = 4294967264)
                        32    %621 = iand %0.x, %620 (0xffffffe0)
                        32    %622 = ushr %10, %20 (0x3)
                        32    %623 = imadshl_agx %622, %18 (0x40), %621, %11 (0x0)
                        32    %624 = load_const (0x00000007)
                        32    %625 = iand %624 (0x7), %0.x
                        32    %626 = iadd %625, %623
                        32    %627 = load_const (0x00000060 = 96)
                        32    %628 = imadshl_agx %627 (0x60), %12 (0x1), %626, %13 (0x2)
                        16    %629 = u2u16 %628
                        32    %630 = @load_shared (%629) (base=0, access=speculatable, align_mul=4, align_offset=0)
                        16    %631 = f2f16 %630
                        64    %632 = @load_preamble (base=104)
                                     @store_agx (%631, %632, %619) (access=writeonly|speculatable, base=0, format=r16_uint, sign_extend=0)
                                     // succs: b74
                    } else {
                        block b73:  // preds: b71, succs: b74
                    }
                    block b74:  // preds: b72 b73, succs: b76
                } else {
                    block b75:  // preds: b61, succs: b76
                }
                block b76:   // preds: b74 b75
                             @barrier (execution_scope=WORKGROUP, memory_scope=WORKGROUP, mem_semantics=ACQ|REL, mem_modes=shared)
                1     %633 = ieq %16, %13 (0x2)
                             // succs: b77 b78
                if %633 {
                    block b77:   // preds: b76
                    32    %634 = @load_subgroup_invocation
                    32    %635 = ubfe %634, %12 (0x1), %13 (0x2)
                    32    %636 = load_const (0x00000004)
                    32    %637 = ubfe %634, %636 (0x4), %12 (0x1)
                    32    %638 = imadshl_agx %635, %12 (0x1), %637, %13 (0x2)
                    32    %639 = iand %634, %12 (0x1)
                    32    %640 = ubfe %634, %20 (0x3), %12 (0x1)
                    32    %641 = imadshl_agx %11 (0x0), %12 (0x1), %640, %13 (0x2)
                    32    %642 = imadshl_agx %641, %12 (0x1), %639, %12 (0x1)
                    32    %643 = load_const (0x3fffffff = 1073741823)
                    32    %644 = imadshl_agx %11 (0x0), %12 (0x1), %638, %20 (0x3)
                    32    %645 = iand %644, %643 (0x3fffffff)
                    32    %646 = iadd %645, %642
                    32    %647 = imadshl_agx %11 (0x0), %12 (0x1), %646, %13 (0x2)
                    16    %648 = u2u16 %647
                                 @store_shared (%60, %648) (base=0, access=speculatable, wrmask=x, align_mul=4, align_offset=0)
                    32    %649 = iadd %647, %636 (0x4)
                    16    %650 = u2u16 %649
                                 @store_shared (%61, %650) (base=0, access=speculatable, wrmask=x, align_mul=4, align_offset=0)
                    32    %651 = load_const (0x00000100 = 256)
                    32    %652 = iadd %651 (0x100), %647
                    16    %653 = u2u16 %652
                                 @store_shared (%58, %653) (base=0, access=speculatable, wrmask=x, align_mul=4, align_offset=0)
                    32    %654 = load_const (0x00000104 = 260)
                    32    %655 = iadd %654 (0x104), %647
                    16    %656 = u2u16 %655
                                 @store_shared (%59, %656) (base=0, access=speculatable, wrmask=x, align_mul=4, align_offset=0)
                    32    %657 = load_const (0x00000200 = 512)
                    32    %658 = iadd %657 (0x200), %647
                    16    %659 = u2u16 %658
                                 @store_shared (%56, %659) (base=0, access=speculatable, wrmask=x, align_mul=4, align_offset=0)
                    32    %660 = load_const (0x00000204 = 516)
                    32    %661 = iadd %660 (0x204), %647
                    16    %662 = u2u16 %661
                                 @store_shared (%57, %662) (base=0, access=speculatable, wrmask=x, align_mul=4, align_offset=0)
                    32    %663 = load_const (0x00000300 = 768)
                    32    %664 = iadd %663 (0x300), %647
                    16    %665 = u2u16 %664
                                 @store_shared (%54, %665) (base=0, access=speculatable, wrmask=x, align_mul=4, align_offset=0)
                    32    %666 = load_const (0x00000304 = 772)
                    32    %667 = iadd %666 (0x304), %647
                    16    %668 = u2u16 %667
                                 @store_shared (%55, %668) (base=0, access=speculatable, wrmask=x, align_mul=4, align_offset=0)
                                 // succs: b79
                } else {
                    block b78:  // preds: b76, succs: b79
                }
                block b79:// preds: b77 b78
                @barrier (execution_scope=WORKGROUP, memory_scope=WORKGROUP, mem_semantics=ACQ|REL, mem_modes=shared)
                // succs: b80 b93
                if %44 {
                    block b80:   // preds: b79
                    32    %669 = load_const (0x00000010 = 16)
                    32    %670 = iadd %39, %669 (0x10)
                    32    %671 = imadshl_agx %11 (0x0), %12 (0x1), %15, %13 (0x2)
                    32    %672 = iadd %671, %670
                    1     %673 = ult %672, %3.x
                                 // succs: b81 b82
                    if %673 {
                        block b81:   // preds: b80
                        32    %674 = iadd %35, %43
                        32    %675 = imadshl_agx %672, %3.y, %674, %11 (0x0)
                        32    %676 = load_const (0xffffffe0 = -32 = 4294967264)
                        32    %677 = iand %0.x, %676 (0xffffffe0)
                        32    %678 = ushr %10, %20 (0x3)
                        32    %679 = imadshl_agx %678, %18 (0x40), %677, %11 (0x0)
                        32    %680 = load_const (0x00000007)
                        32    %681 = iand %680 (0x7), %0.x
                        32    %682 = iadd %681, %679
                        32    %683 = imadshl_agx %11 (0x0), %12 (0x1), %682, %13 (0x2)
                        16    %684 = u2u16 %683
                        32    %685 = @load_shared (%684) (base=0, access=speculatable, align_mul=4, align_offset=0)
                        16    %686 = f2f16 %685
                        64    %687 = @load_preamble (base=108)
                                     @store_agx (%686, %687, %675) (access=writeonly|speculatable, base=0, format=r16_uint, sign_extend=0)
                                     // succs: b83
                    } else {
                        block b82:  // preds: b80, succs: b83
                    }
                    block b83:   // preds: b81 b82
                    32    %688 = load_const (0x00000011 = 17)
                    32    %689 = iadd %688 (0x11), %39
                    32    %690 = iadd %671, %689
                    1     %691 = ult %690, %3.x
                                 // succs: b84 b85
                    if %691 {
                        block b84:   // preds: b83
                        32    %692 = iadd %35, %43
                        32    %693 = imadshl_agx %690, %3.y, %692, %11 (0x0)
                        32    %694 = load_const (0xffffffe0 = -32 = 4294967264)
                        32    %695 = iand %0.x, %694 (0xffffffe0)
                        32    %696 = ushr %10, %20 (0x3)
                        32    %697 = imadshl_agx %696, %18 (0x40), %695, %11 (0x0)
                        32    %698 = load_const (0x00000007)
                        32    %699 = iand %698 (0x7), %0.x
                        32    %700 = iadd %699, %697
                        32    %701 = imadshl_agx %30 (0x20), %12 (0x1), %700, %13 (0x2)
                        16    %702 = u2u16 %701
                        32    %703 = @load_shared (%702) (base=0, access=speculatable, align_mul=4, align_offset=0)
                        16    %704 = f2f16 %703
                        64    %705 = @load_preamble (base=112)
                                     @store_agx (%704, %705, %693) (access=writeonly|speculatable, base=0, format=r16_uint, sign_extend=0)
                                     // succs: b86
                    } else {
                        block b85:  // preds: b83, succs: b86
                    }
                    block b86:   // preds: b84 b85
                    32    %706 = load_const (0x00000012 = 18)
                    32    %707 = iadd %706 (0x12), %39
                    32    %708 = iadd %671, %707
                    1     %709 = ult %708, %3.x
                                 // succs: b87 b88
                    if %709 {
                        block b87:   // preds: b86
                        32    %710 = iadd %35, %43
                        32    %711 = imadshl_agx %708, %3.y, %710, %11 (0x0)
                        32    %712 = load_const (0xffffffe0 = -32 = 4294967264)
                        32    %713 = iand %0.x, %712 (0xffffffe0)
                        32    %714 = ushr %10, %20 (0x3)
                        32    %715 = imadshl_agx %714, %18 (0x40), %713, %11 (0x0)
                        32    %716 = load_const (0x00000007)
                        32    %717 = iand %716 (0x7), %0.x
                        32    %718 = iadd %717, %715
                        32    %719 = imadshl_agx %18 (0x40), %12 (0x1), %718, %13 (0x2)
                        16    %720 = u2u16 %719
                        32    %721 = @load_shared (%720) (base=0, access=speculatable, align_mul=4, align_offset=0)
                        16    %722 = f2f16 %721
                        64    %723 = @load_preamble (base=116)
                                     @store_agx (%722, %723, %711) (access=writeonly|speculatable, base=0, format=r16_uint, sign_extend=0)
                                     // succs: b89
                    } else {
                        block b88:  // preds: b86, succs: b89
                    }
                    block b89:   // preds: b87 b88
                    32    %724 = load_const (0x00000013 = 19)
                    32    %725 = iadd %724 (0x13), %39
                    32    %726 = iadd %671, %725
                    1     %727 = ult %726, %3.x
                                 // succs: b90 b91
                    if %727 {
                        block b90:   // preds: b89
                        32    %728 = iadd %35, %43
                        32    %729 = imadshl_agx %726, %3.y, %728, %11 (0x0)
                        32    %730 = load_const (0xffffffe0 = -32 = 4294967264)
                        32    %731 = iand %0.x, %730 (0xffffffe0)
                        32    %732 = ushr %10, %20 (0x3)
                        32    %733 = imadshl_agx %732, %18 (0x40), %731, %11 (0x0)
                        32    %734 = load_const (0x00000007)
                        32    %735 = iand %734 (0x7), %0.x
                        32    %736 = iadd %735, %733
                        32    %737 = load_const (0x00000060 = 96)
                        32    %738 = imadshl_agx %737 (0x60), %12 (0x1), %736, %13 (0x2)
                        16    %739 = u2u16 %738
                        32    %740 = @load_shared (%739) (base=0, access=speculatable, align_mul=4, align_offset=0)
                        16    %741 = f2f16 %740
                        64    %742 = @load_preamble (base=120)
                                     @store_agx (%741, %742, %729) (access=writeonly|speculatable, base=0, format=r16_uint, sign_extend=0)
                                     // succs: b92
                    } else {
                        block b91:  // preds: b89, succs: b92
                    }
                    block b92:  // preds: b90 b91, succs: b94
                } else {
                    block b93:  // preds: b79, succs: b94
                }
                block b94:// preds: b92 b93
                @barrier (execution_scope=WORKGROUP, memory_scope=WORKGROUP, mem_semantics=ACQ|REL, mem_modes=shared)
                // succs: b95 b96
                if %633 {
                    block b95:   // preds: b94
                    32    %743 = @load_subgroup_invocation
                    32    %744 = ubfe %743, %12 (0x1), %13 (0x2)
                    32    %745 = load_const (0x00000004)
                    32    %746 = ubfe %743, %745 (0x4), %12 (0x1)
                    32    %747 = imadshl_agx %744, %12 (0x1), %746, %13 (0x2)
                    32    %748 = iand %743, %12 (0x1)
                    32    %749 = ubfe %743, %20 (0x3), %12 (0x1)
                    32    %750 = imadshl_agx %11 (0x0), %12 (0x1), %749, %13 (0x2)
                    32    %751 = imadshl_agx %750, %12 (0x1), %748, %12 (0x1)
                    32    %752 = load_const (0x3fffffff = 1073741823)
                    32    %753 = imadshl_agx %11 (0x0), %12 (0x1), %747, %20 (0x3)
                    32    %754 = iand %753, %752 (0x3fffffff)
                    32    %755 = iadd %754, %751
                    32    %756 = imadshl_agx %11 (0x0), %12 (0x1), %755, %13 (0x2)
                    16    %757 = u2u16 %756
                                 @store_shared (%52, %757) (base=0, access=speculatable, wrmask=x, align_mul=4, align_offset=0)
                    32    %758 = iadd %756, %745 (0x4)
                    16    %759 = u2u16 %758
                                 @store_shared (%53, %759) (base=0, access=speculatable, wrmask=x, align_mul=4, align_offset=0)
                    32    %760 = load_const (0x00000100 = 256)
                    32    %761 = iadd %760 (0x100), %756
                    16    %762 = u2u16 %761
                                 @store_shared (%50, %762) (base=0, access=speculatable, wrmask=x, align_mul=4, align_offset=0)
                    32    %763 = load_const (0x00000104 = 260)
                    32    %764 = iadd %763 (0x104), %756
                    16    %765 = u2u16 %764
                                 @store_shared (%51, %765) (base=0, access=speculatable, wrmask=x, align_mul=4, align_offset=0)
                    32    %766 = load_const (0x00000200 = 512)
                    32    %767 = iadd %766 (0x200), %756
                    16    %768 = u2u16 %767
                                 @store_shared (%48, %768) (base=0, access=speculatable, wrmask=x, align_mul=4, align_offset=0)
                    32    %769 = load_const (0x00000204 = 516)
                    32    %770 = iadd %769 (0x204), %756
                    16    %771 = u2u16 %770
                                 @store_shared (%49, %771) (base=0, access=speculatable, wrmask=x, align_mul=4, align_offset=0)
                    32    %772 = load_const (0x00000300 = 768)
                    32    %773 = iadd %772 (0x300), %756
                    16    %774 = u2u16 %773
                                 @store_shared (%46, %774) (base=0, access=speculatable, wrmask=x, align_mul=4, align_offset=0)
                    32    %775 = load_const (0x00000304 = 772)
                    32    %776 = iadd %775 (0x304), %756
                    16    %777 = u2u16 %776
                                 @store_shared (%47, %777) (base=0, access=speculatable, wrmask=x, align_mul=4, align_offset=0)
                                 // succs: b97
                } else {
                    block b96:  // preds: b94, succs: b97
                }
                block b97:// preds: b95 b96
                @barrier (execution_scope=WORKGROUP, memory_scope=WORKGROUP, mem_semantics=ACQ|REL, mem_modes=shared)
                // succs: b98 b111
                if %44 {
                    block b98:   // preds: b97
                    32    %778 = load_const (0x00000018 = 24)
                    32    %779 = iadd %39, %778 (0x18)
                    32    %780 = imadshl_agx %11 (0x0), %12 (0x1), %15, %13 (0x2)
                    32    %781 = iadd %780, %779
                    1     %782 = ult %781, %3.x
                                 // succs: b99 b100
                    if %782 {
                        block b99:   // preds: b98
                        32    %783 = iadd %35, %43
                        32    %784 = imadshl_agx %781, %3.y, %783, %11 (0x0)
                        32    %785 = load_const (0xffffffe0 = -32 = 4294967264)
                        32    %786 = iand %0.x, %785 (0xffffffe0)
                        32    %787 = ushr %10, %20 (0x3)
                        32    %788 = imadshl_agx %787, %18 (0x40), %786, %11 (0x0)
                        32    %789 = load_const (0x00000007)
                        32    %790 = iand %789 (0x7), %0.x
                        32    %791 = iadd %790, %788
                        32    %792 = imadshl_agx %11 (0x0), %12 (0x1), %791, %13 (0x2)
                        16    %793 = u2u16 %792
                        32    %794 = @load_shared (%793) (base=0, access=speculatable, align_mul=4, align_offset=0)
                        16    %795 = f2f16 %794
                        64    %796 = @load_preamble (base=124)
                                     @store_agx (%795, %796, %784) (access=writeonly|speculatable, base=0, format=r16_uint, sign_extend=0)
                                     // succs: b101
                    } else {
                        block b100:  // preds: b98, succs: b101
                    }
                    block b101:  // preds: b99 b100
                    32    %797 = load_const (0x00000019 = 25)
                    32    %798 = iadd %797 (0x19), %39
                    32    %799 = iadd %780, %798
                    1     %800 = ult %799, %3.x
                                 // succs: b102 b103
                    if %800 {
                        block b102:  // preds: b101
                        32    %801 = iadd %35, %43
                        32    %802 = imadshl_agx %799, %3.y, %801, %11 (0x0)
                        32    %803 = load_const (0xffffffe0 = -32 = 4294967264)
                        32    %804 = iand %0.x, %803 (0xffffffe0)
                        32    %805 = ushr %10, %20 (0x3)
                        32    %806 = imadshl_agx %805, %18 (0x40), %804, %11 (0x0)
                        32    %807 = load_const (0x00000007)
                        32    %808 = iand %807 (0x7), %0.x
                        32    %809 = iadd %808, %806
                        32    %810 = imadshl_agx %30 (0x20), %12 (0x1), %809, %13 (0x2)
                        16    %811 = u2u16 %810
                        32    %812 = @load_shared (%811) (base=0, access=speculatable, align_mul=4, align_offset=0)
                        16    %813 = f2f16 %812
                        64    %814 = @load_preamble (base=128)
                                     @store_agx (%813, %814, %802) (access=writeonly|speculatable, base=0, format=r16_uint, sign_extend=0)
                                     // succs: b104
                    } else {
                        block b103:  // preds: b101, succs: b104
                    }
                    block b104:  // preds: b102 b103
                    32    %815 = load_const (0x0000001a = 26)
                    32    %816 = iadd %815 (0x1a), %39
                    32    %817 = iadd %780, %816
                    1     %818 = ult %817, %3.x
                                 // succs: b105 b106
                    if %818 {
                        block b105:  // preds: b104
                        32    %819 = iadd %35, %43
                        32    %820 = imadshl_agx %817, %3.y, %819, %11 (0x0)
                        32    %821 = load_const (0xffffffe0 = -32 = 4294967264)
                        32    %822 = iand %0.x, %821 (0xffffffe0)
                        32    %823 = ushr %10, %20 (0x3)
                        32    %824 = imadshl_agx %823, %18 (0x40), %822, %11 (0x0)
                        32    %825 = load_const (0x00000007)
                        32    %826 = iand %825 (0x7), %0.x
                        32    %827 = iadd %826, %824
                        32    %828 = imadshl_agx %18 (0x40), %12 (0x1), %827, %13 (0x2)
                        16    %829 = u2u16 %828
                        32    %830 = @load_shared (%829) (base=0, access=speculatable, align_mul=4, align_offset=0)
                        16    %831 = f2f16 %830
                        64    %832 = @load_preamble (base=132)
                                     @store_agx (%831, %832, %820) (access=writeonly|speculatable, base=0, format=r16_uint, sign_extend=0)
                                     // succs: b107
                    } else {
                        block b106:  // preds: b104, succs: b107
                    }
                    block b107:  // preds: b105 b106
                    32    %833 = load_const (0x0000001b = 27)
                    32    %834 = iadd %833 (0x1b), %39
                    32    %835 = iadd %780, %834
                    1     %836 = ult %835, %3.x
                                 // succs: b108 b109
                    if %836 {
                        block b108:  // preds: b107
                        32    %837 = iadd %35, %43
                        32    %838 = imadshl_agx %835, %3.y, %837, %11 (0x0)
                        32    %839 = load_const (0xffffffe0 = -32 = 4294967264)
                        32    %840 = iand %0.x, %839 (0xffffffe0)
                        32    %841 = ushr %10, %20 (0x3)
                        32    %842 = imadshl_agx %841, %18 (0x40), %840, %11 (0x0)
                        32    %843 = load_const (0x00000007)
                        32    %844 = iand %843 (0x7), %0.x
                        32    %845 = iadd %844, %842
                        32    %846 = load_const (0x00000060 = 96)
                        32    %847 = imadshl_agx %846 (0x60), %12 (0x1), %845, %13 (0x2)
                        16    %848 = u2u16 %847
                        32    %849 = @load_shared (%848) (base=0, access=speculatable, align_mul=4, align_offset=0)
                        16    %850 = f2f16 %849
                        64    %851 = @load_preamble (base=136)
                                     @store_agx (%850, %851, %838) (access=writeonly|speculatable, base=0, format=r16_uint, sign_extend=0)
                                     // succs: b110
                    } else {
                        block b109:  // preds: b107, succs: b110
                    }
                    block b110:  // preds: b108 b109, succs: b112
                } else {
                    block b111:  // preds: b97, succs: b112
                }
                block b112:  // preds: b110 b111
                             @barrier (execution_scope=WORKGROUP, memory_scope=WORKGROUP, mem_semantics=ACQ|REL, mem_modes=shared)
                32x3  %852 = @load_preamble (base=140)
                32    %853 = iadd %41, %852.x
                             // succs: b9
            }
            block b113:  // preds: b10
            32x3  %854 = @load_preamble (base=146)
            32    %855 = iadd %37, %854.y
                         // succs: b5
        }
        block b114:  // preds: b6
        32    %856 = iadd %21, %12 (0x1)
                     // succs: b1
    }
    block b115:  // preds: b2, succs: b116
    block b116:
}

decl_function @preamble ()

impl @preamble {
    block b0:   // preds:
    64     %0 = @load_preamble (base=0)
    32     %1 = load_const (0x00000023 = 0.000000 = 35)
    32x3   %2 = @load_constant_agx (%0, %1 (0x23)) (access=speculatable, base=2, format=r32_uint, sign_extend=1)
                @store_preamble (%2) (base=8)
    32     %3 = load_const (0x00000085 = 0.000000 = 133)
    32x3   %4 = @load_constant_agx (%0, %3 (0x85)) (access=speculatable, base=0, format=r32_uint, sign_extend=1)
                @store_preamble (%4) (base=14)
    32     %5 = load_const (0x0000001f = 31)
    32     %6 = iadd %4.x, %5 (0x1f)
    32     %7 = load_const (0x00000005)
    32     %8 = ushr %6, %7 (0x5)
                @store_preamble (%8) (base=20)
    32     %9 = iadd %4.y, %5 (0x1f)
    32    %10 = ushr %9, %7 (0x5)
                @store_preamble (%10) (base=22)
    32    %11 = load_const (0x00000006)
    32    %12 = ushr %4.z, %11 (0x6)
                @store_preamble (%12) (base=24)
    32    %13 = load_const (0x00000003)
    32    %14 = ushr %4.z, %13 (0x3)
                @store_preamble (%14) (base=26)
    32    %15 = load_const (0x00000001)
    32    %16 = ushr %4.z, %15 (0x1)
                @store_preamble (%16) (base=28)
    32    %17 = load_const (0x00000020 = 0.000000 = 32)
    32x4  %18 = @load_constant_agx (%0, %17 (0x20)) (access=speculatable, base=2, format=r32_uint, sign_extend=1)
                @store_preamble (%18) (base=30)
    32    %19 = load_const (0x00000021 = 0.000000 = 33)
    32    %20 = @load_constant_agx (%0, %19 (0x21)) (access=speculatable, base=2, format=r32_uint, sign_extend=1)
                @store_preamble (%20) (base=38)
    32x3  %21 = @load_constant_agx (%0, %7 (0x5)) (access=speculatable, base=2, format=r32_uint, sign_extend=1)
                @store_preamble (%21) (base=40)
    64    %22 = @load_preamble (base=4)
    32    %23 = load_const (0x00000002 = 0.000000)
    32x4  %24 = @load_constant_agx (%22, %23 (0x2)) (access=speculatable, base=2, format=r32_uint, sign_extend=1)
    64    %25 = pack_64_2x32_split %24.x, %24.y
                @store_preamble (%25) (base=48)
    32x4  %26 = @load_constant_agx (%22, %13 (0x3)) (access=speculatable, base=2, format=r32_uint, sign_extend=1)
    64    %27 = pack_64_2x32_split %26.x, %26.y
                @store_preamble (%27) (base=52)
    32    %28 = load_const (0x00000000 = 0.000000)
    32x4  %29 = @load_constant_agx (%22, %28 (0x0)) (access=speculatable, base=0, format=r32_uint, sign_extend=0)
    64    %30 = pack_64_2x32_split %29.x, %29.y
                @store_preamble (%30) (base=56)
                @store_preamble (%30) (base=60)
                @store_preamble (%30) (base=64)
                @store_preamble (%30) (base=68)
    32x4  %31 = @load_constant_agx (%22, %15 (0x1)) (access=speculatable, base=2, format=r32_uint, sign_extend=1)
    64    %32 = pack_64_2x32_split %31.x, %31.y
                @store_preamble (%32) (base=72)
    32    %33 = load_const (0x00000004 = 0.000000)
    32x4  %34 = @load_constant_agx (%22, %33 (0x4)) (access=speculatable, base=2, format=r32_uint, sign_extend=1)
    64    %35 = pack_64_2x32_split %34.x, %34.y
                @store_preamble (%35) (base=76)
                @store_preamble (%35) (base=80)
                @store_preamble (%35) (base=84)
                @store_preamble (%35) (base=88)
                @store_preamble (%35) (base=92)
                @store_preamble (%35) (base=96)
                @store_preamble (%35) (base=100)
                @store_preamble (%35) (base=104)
                @store_preamble (%35) (base=108)
                @store_preamble (%35) (base=112)
                @store_preamble (%35) (base=116)
                @store_preamble (%35) (base=120)
                @store_preamble (%35) (base=124)
                @store_preamble (%35) (base=128)
                @store_preamble (%35) (base=132)
                @store_preamble (%35) (base=136)
    32    %36 = load_const (0x00000009 = 0.000000)
    32x2  %37 = @load_constant_agx (%0, %36 (0x9)) (access=speculatable, base=1, format=r32_uint, sign_extend=1)
    64    %38 = pack_64_2x32_split %37.x, %37.y
    32x3  %39 = @load_constant_agx (%38, %28 (0x0)) (access=speculatable, base=0, format=r32_uint, sign_extend=0)
                @store_preamble (%39) (base=140)
                @store_preamble (%39) (base=146)
                // succs: b1
    block b1:
}

block0 {
   857 = get_sr #0x30
   1 = get_sr #0x35
   10 = and 857, #31
   15 = bfeil #0, 857, #5, #0x0
   16 = iadd #0, 1, #0x0
   begin_cf 
} -> block1 

block1 {
   21 = phi #0, 856
   if_icmp 21, u4, #0xaaab54bc7e50, n=1, inv
} -> block2 block3  from block0 block114

block2 {
   break #0xaaab54c00500, n=2
} -> block115  from block1

block3 {
   else_fcmp #0.000000, #0.000000, #0xaaab54bc7e50, n=1
   pop_exec #0x0, n=1
} -> block4  from block1

block4 {
   860 = get_sr #0x0
   861 = get_sr #0x1
   27 = imad 21, u7, #0, #0x0
   28 = imad u9, 27, u15, #0x0
   29 = bfeil #0, 28, #1, #0x0
   31 = imad 21, u5, u16, #0x0
   32 = imad 21, u6, #0, #0x0
   33 = iadd u19, 32, #0x0
   34 = iadd u18, 32, #0x0
   35 = imad u8, 27, u17, #0x0
   36 = iadd 861, u21, #0x0
   if_fcmp #0.000000, #0.000000, #0x0, n=1
} -> block5  from block3

block5 {
   37 = phi 36, 855
   if_icmp 37, u10, #0xaaab54acb810, n=1, inv
} -> block6 block7  from block4 block113

block6 {
   break #0xaaab555e89b0, n=2
} -> block114  from block5

block7 {
   else_fcmp #0.000000, #0.000000, #0xaaab54acb810, n=1
   pop_exec #0x0, n=1
} -> block8  from block5

block8 {
   39 = bfi #0, 37, #5, #0x0
   40 = iadd 860, u20, #0x0
   if_fcmp #0.000000, #0.000000, #0x0, n=1
} -> block9  from block7

block9 {
   41 = phi 40, 853
   if_icmp 41, u11, #0xaaab53ee9880, n=1, inv
} -> block10 block11  from block8 block112

block10 {
   break #0xaaab53dee250, n=2
} -> block113  from block9

block11 {
   else_fcmp #0.000000, #0.000000, #0xaaab53ee9880, n=1
   pop_exec #0x0, n=1
} -> block12  from block9

block12 {
   43 = imad 41, #32, 10, #0x0
   45 = imad 43, u12, #0, #0x0
   if_fcmp #0.000000, #0.000000, #0x0, n=1
} -> block13  from block11

block13 {
   46 = phi #0, 76
   47 = phi #0, 77
   48 = phi #0, 78
   49 = phi #0, 79
   50 = phi #0, 80
   51 = phi #0, 81
   52 = phi #0, 82
   53 = phi #0, 83
   54 = phi #0, 84
   55 = phi #0, 85
   56 = phi #0, 86
   57 = phi #0, 87
   58 = phi #0, 88
   59 = phi #0, 89
   60 = phi #0, 90
   61 = phi #0, 91
   62 = phi #0, 419
   if_icmp 62, u12, #0xaaab54bf01c0, n=1, inv
} -> block14 block15  from block12 block39

block14 {
   break #0xaaab54c14f00, n=2
} -> block40  from block13

block15 {
   else_fcmp #0.000000, #0.000000, #0xaaab54bf01c0, n=1
   pop_exec #0x0, n=1
} -> block16  from block13

block16 {
   if_icmp 43, u8, #0xaaab54a44e40, n=1
} -> block17 block18  from block15

block17 {
   64 = iadd 33, 62, #0x0
   65 = iadd 45, 64, #0x0
   67h = device_load u24:u25, 65.abs, x, #0x0, slot 0
   68 = iadd 34, 62, #0x0
   69 = iadd 45, 68, #0x0
   71h = device_load u26:u27, 69.abs, x, #0x0, slot 0
} -> block19  from block16

block18 {
   else_fcmp #0.000000, #0.000000, #0xaaab54a44e40, n=1
   pop_exec #0x0, n=1
} -> block19  from block16

block19 {
   72h = phi 71h, #0
   73h = phi 67h, #0
   if_fcmp #0.000000, #0.000000, #0x0, n=1
} -> block20  from block17 block18

block20 {
   76 = phi 46, 406
   77 = phi 47, 407
   78 = phi 48, 408
   79 = phi 49, 409
   80 = phi 50, 410
   81 = phi 51, 411
   82 = phi 52, 412
   83 = phi 53, 413
   84 = phi 54, 414
   85 = phi 55, 415
   86 = phi 56, 416
   87 = phi 57, 417
   88 = phi 58, 418
   89 = phi 59, 402
   90 = phi 60, 403
   91 = phi 61, 404
   92 = phi #0, 405
   if_icmp 92, #4, #0xaaab54ae9ca0, n=1, inv
} -> block21 block22  from block19 block38

block21 {
   break #0xaaab54bd03e0, n=2
} -> block39  from block20

block22 {
   else_fcmp #0.000000, #0.000000, #0xaaab54ae9ca0, n=1
   pop_exec #0x0, n=1
} -> block23  from block20

block23 {
   96 = bfi #0, 62, #6, #0x0
   97 = iadd 96, 92, #0x0
   98 = bfeil #0, 857, #3, #0x0
   99 = iadd 39, 98, #0x0
   if_icmp 99, u7, #0xaaab54aa7480, n=1
} -> block24 block25  from block22

block24 {
   101 = bfeil #0, 97, #1, #0x0
   102 = iadd 29, 101, #0x0
   103 = imad 99, u14, 102, #0x0
   105 = and 857, #7
   106 = iadd 105, 103, #0x0
   108 = device_load u28:u29, 106.abs, x, #0x0, slot 0
} -> block26  from block23

block25 {
   else_fcmp #0.000000, #0.000000, #0xaaab54aa7480, n=1
   pop_exec #0x0, n=1
} -> block26  from block23

block26 {
   109 = phi 108, #0
   110 = iadd 857, #64, #0x0
   111 = bfeil #0, 110, #3, #0x0
   112 = iadd 39, 111, #0x0
   if_icmp 112, u7, #0xaaab54c31bc0, n=1
} -> block27 block28  from block24 block25

block27 {
   114 = bfeil #0, 97, #1, #0x0
   115 = iadd 29, 114, #0x0
   116 = imad 112, u14, 115, #0x0
   118 = and 110, #7
   119 = iadd 118, 116, #0x0
   121 = device_load u30:u31, 119.abs, x, #0x0, slot 0
} -> block29  from block26

block28 {
   else_fcmp #0.000000, #0.000000, #0xaaab54c31bc0, n=1
   pop_exec #0x0, n=1
} -> block29  from block26

block29 {
   122 = phi 121, #0
   124 = iadd 857, #128, #0x0
   125 = bfeil #0, 124, #3, #0x0
   126 = iadd 39, 125, #0x0
   if_icmp 126, u7, #0xaaab54bc5ec0, n=1
} -> block30 block31  from block27 block28

block30 {
   128 = bfeil #0, 97, #1, #0x0
   129 = iadd 29, 128, #0x0
   130 = imad 126, u14, 129, #0x0
   132 = and 124, #7
   133 = iadd 132, 130, #0x0
   135 = device_load u32:u33, 133.abs, x, #0x0, slot 0
} -> block32  from block29

block31 {
   else_fcmp #0.000000, #0.000000, #0xaaab54bc5ec0, n=1
   pop_exec #0x0, n=1
} -> block32  from block29

block32 {
   136 = phi 135, #0
   138 = iadd 857, #192, #0x0
   139 = bfeil #0, 138, #3, #0x0
   140 = iadd 39, 139, #0x0
   if_icmp 140, u7, #0xaaab54939150, n=1
} -> block33 block34  from block30 block31

block33 {
   142 = bfeil #0, 97, #1, #0x0
   143 = iadd 29, 142, #0x0
   144 = imad 140, u14, 143, #0x0
   146 = and 138, #7
   147 = iadd 146, 144, #0x0
   149 = device_load u34:u35, 147.abs, x, #0x0, slot 0
} -> block35  from block32

block34 {
   else_fcmp #0.000000, #0.000000, #0xaaab54939150, n=1
   pop_exec #0x0, n=1
} -> block35  from block32

block35 {
   150 = phi 149, #0
   151h, 869h = split 109
   153 = bfi #0, 98, #6, #0x0
   155 = and 857, #7
   156 = iadd 153, 155, #0x0
   157h, _ = split 156
   158 = fadd 151h, #-0.000000
   local_store 158, 157h, #0, x, #0x0
   159 = iadd 156, #4, #0x0
   160h, _ = split 159
   161 = fadd 869h, #-0.000000
   local_store 161, 160h, #0, x, #0x0
   162h, 873h = split 122
   164 = bfi #0, 111, #6, #0x0
   165 = and 110, #7
   166 = iadd 164, 165, #0x0
   167h, _ = split 166
   168 = fadd 162h, #-0.000000
   local_store 168, 167h, #0, x, #0x0
   169 = iadd 166, #4, #0x0
   170h, _ = split 169
   171 = fadd 873h, #-0.000000
   local_store 171, 170h, #0, x, #0x0
   172h, 877h = split 136
   174 = bfi #0, 125, #6, #0x0
   175 = and 124, #7
   176 = iadd 174, 175, #0x0
   177h, _ = split 176
   178 = fadd 172h, #-0.000000
   local_store 178, 177h, #0, x, #0x0
   179 = iadd 176, #4, #0x0
   180h, _ = split 179
   181 = fadd 877h, #-0.000000
   local_store 181, 180h, #0, x, #0x0
   182h, 881h = split 150
   184 = bfi #0, 139, #6, #0x0
   185 = and 138, #7
   186 = iadd 184, 185, #0x0
   187h, _ = split 186
   188 = fadd 182h, #-0.000000
   local_store 188, 187h, #0, x, #0x0
   189 = iadd 186, #4, #0x0
   190h, _ = split 189
   191 = fadd 881h, #-0.000000
   local_store 191, 190h, #0, x, #0x0
   if_icmp 43, u8, #0xaaab54be61e0, n=1
} -> block36 block37  from block33 block34

block36 {
   192 = bfeil #0, 97, #3, #0x0
   193 = iadd 31, 192, #0x0
   194 = iadd 193, 15, #0x0
   195 = imad 43, u13, 194, #0x0
   197 = device_load u36:u37, 195.abs, x, #0x0, slot 0
} -> block38  from block35

block37 {
   else_fcmp #0.000000, #0.000000, #0xaaab54be61e0, n=1
   pop_exec #0x0, n=1
} -> block38  from block35

block38 {
   198 = phi 197, #0
   200 = imad 15, u78, 10, #0x0
   202 = and 198, #15
   203 = convert #10, 202, #0x1
   204 = ffma 73h, 203, 72h
   206 = iadd #0, 200, #0x0
   207 = iadd u84, 206, #0x0
   208h, _ = split 207
   local_store 204, 208h, #0, x, #0x0
   209 = bfeil #0, 198, #4, #0x4
   210 = convert #10, 209, #0x1
   211 = ffma 73h, 210, 72h
   213 = iadd u86, 206, #0x0
   214h, _ = split 213
   local_store 211, 214h, #0, x, #0x0
   215 = bfeil #0, 198, #8, #0x4
   216 = convert #10, 215, #0x1
   217 = ffma 73h, 216, 72h
   219 = iadd u95, 206, #0x0
   220h, _ = split 219
   local_store 217, 220h, #0, x, #0x0
   222 = bfeil #0, 198, #12, #0x4
   223 = convert #10, 222, #0x1
   224 = ffma 73h, 223, 72h
   226 = iadd u107, 206, #0x0
   227h, _ = split 226
   local_store 224, 227h, #0, x, #0x0
   _, 228h = split 198
   230 = and 228h, #15
   231 = convert #10, 230, #0x1
   232 = ffma 73h, 231, 72h
   234 = iadd u94, 206, #0x0
   235h, _ = split 234
   local_store 232, 235h, #0, x, #0x0
   237 = bfeil #0, 198, #20, #0x4
   238 = convert #10, 237, #0x1
   239 = ffma 73h, 238, 72h
   241 = iadd u105, 206, #0x0
   242h, _ = split 241
   local_store 239, 242h, #0, x, #0x0
   244 = bfeil #0, 198, #24, #0x4
   245 = convert #10, 244, #0x1
   246 = ffma 73h, 245, 72h
   248 = iadd u91, 206, #0x0
   249h, _ = split 248
   local_store 246, 249h, #0, x, #0x0
   251 = bfeil #0, 198, #28, #0x0
   252 = convert #10, 251, #0x1
   253 = ffma 73h, 252, 72h
   255 = iadd u106, 206, #0x0
   256h, _ = split 255
   local_store 253, 256h, #0, x, #0x0
   threadgroup_barrier 
   257 = get_sr #0x34
   258 = bfeil #0, 257, #1, #0x2
   259 = bfeil #0, 257, #4, #0x1
   260 = iadd 258, 259, #0x0
   261 = and 257, #1
   262 = bfeil #0, 257, #3, #0x1
   263 = iadd #0, 262, #0x0
   264 = iadd 263, 261, #0x0
   265 = imad 1, u78, 264, #0x0
   266 = iadd #0, 260, #0x0
   268 = and 266, u77
   269 = iadd 268, 265, #0x0
   270 = iadd #0, 269, #0x0
   271h, _ = split 270
   272 = local_load 271h, #0, x, #0x0
   273 = iadd 270, #4, #0x0
   274h, _ = split 273
   275 = local_load 274h, #0, x, #0x0
   277 = iadd 270, u80, #0x0
   278h, _ = split 277
   279 = local_load 278h, #0, x, #0x0
   281 = iadd u79, 270, #0x0
   282h, _ = split 281
   283 = local_load 282h, #0, x, #0x0
   284 = bfi #0, 260, #5, #0x0
   285 = and 284, u77
   286 = iadd 285, 264, #0x0
   287 = iadd #0, 286, #0x0
   288 = iadd u84, 287, #0x0
   289h, _ = split 288
   290 = local_load 289h, #0, x, #0x0
   292 = iadd u96, 287, #0x0
   293h, _ = split 292
   294 = local_load 293h, #0, x, #0x0
   296 = iadd u97, 287, #0x0
   297h, _ = split 296
   298 = local_load 297h, #0, x, #0x0
   300 = iadd u98, 287, #0x0
   301h, _ = split 300
   302 = local_load 301h, #0, x, #0x0
   304 = iadd u100, 287, #0x0
   305h, _ = split 304
   306 = local_load 305h, #0, x, #0x0
   308 = iadd u99, 287, #0x0
   309h, _ = split 308
   310 = local_load 309h, #0, x, #0x0
   312 = iadd u104, 287, #0x0
   313h, _ = split 312
   314 = local_load 313h, #0, x, #0x0
   316 = iadd u103, 287, #0x0
   317h, _ = split 316
   318 = local_load 317h, #0, x, #0x0
   319 = collect 272, 275
   320 = collect 290, 294
   321 = collect 90, 91
   322 = simd_matrix_fmadd32 319, 320, 321
   323 = collect 88, 89
   324 = collect 298, 302
   325 = simd_matrix_fmadd32 319, 324, 323
   326 = collect 86, 87
   327 = collect 306, 310
   328 = simd_matrix_fmadd32 319, 327, 326
   329 = collect 84, 85
   330 = collect 314, 318
   331 = simd_matrix_fmadd32 319, 330, 329
   332 = collect 82, 83
   333 = collect 279, 283
   334 = simd_matrix_fmadd32 333, 320, 332
   335 = collect 80, 81
   336 = simd_matrix_fmadd32 333, 324, 335
   337 = collect 78, 79
   338 = simd_matrix_fmadd32 333, 327, 337
   339 = collect 76, 77
   340 = simd_matrix_fmadd32 333, 330, 339
   341 = iadd 270, #32, #0x0
   342h, _ = split 341
   343 = local_load 342h, #0, x, #0x0
   345 = iadd #36, 270, #0x0
   346h, _ = split 345
   347 = local_load 346h, #0, x, #0x0
   349 = iadd 270, u101, #0x0
   350h, _ = split 349
   351 = local_load 350h, #0, x, #0x0
   353 = iadd u102, 270, #0x0
   354h, _ = split 353
   355 = local_load 354h, #0, x, #0x0
   357 = iadd u90, 287, #0x0
   358h, _ = split 357
   359 = local_load 358h, #0, x, #0x0
   361 = iadd u89, 287, #0x0
   362h, _ = split 361
   363 = local_load 362h, #0, x, #0x0
   365 = iadd u93, 287, #0x0
   366h, _ = split 365
   367 = local_load 366h, #0, x, #0x0
   369 = iadd u92, 287, #0x0
   370h, _ = split 369
   371 = local_load 370h, #0, x, #0x0
   373 = iadd u108, 287, #0x0
   374h, _ = split 373
   375 = local_load 374h, #0, x, #0x0
   377 = iadd u85, 287, #0x0
   378h, _ = split 377
   379 = local_load 378h, #0, x, #0x0
   381 = iadd u87, 287, #0x0
   382h, _ = split 381
   383 = local_load 382h, #0, x, #0x0
   385 = iadd u88, 287, #0x0
   386h, _ = split 385
   387 = local_load 386h, #0, x, #0x0
   388 = collect 343, 347
   389 = collect 359, 363
   390 = simd_matrix_fmadd32 388, 389, 322
   959, 960 = split 390
   391 = collect 367, 371
   392 = simd_matrix_fmadd32 388, 391, 325
   961, 962 = split 392
   393 = collect 375, 379
   394 = simd_matrix_fmadd32 388, 393, 328
   963, 964 = split 394
   395 = collect 383, 387
   396 = simd_matrix_fmadd32 388, 395, 331
   965, 966 = split 396
   397 = collect 351, 355
   398 = simd_matrix_fmadd32 397, 389, 334
   967, 968 = split 398
   399 = simd_matrix_fmadd32 397, 391, 336
   969, 970 = split 399
   400 = simd_matrix_fmadd32 397, 393, 338
   971, 972 = split 400
   401 = simd_matrix_fmadd32 397, 395, 340
   973, 974 = split 401
   threadgroup_barrier 
   402 = mov 962
   403 = mov 959
   404 = mov 960
   405 = iadd 92, #1, #0x0
   406 = mov 973
   407 = mov 974
   408 = mov 971
   409 = mov 972
   410 = mov 969
   411 = mov 970
   412 = mov 967
   413 = mov 968
   414 = mov 965
   415 = mov 966
   416 = mov 963
   417 = mov 964
   418 = mov 961
   jmp_exec_any #0xaaab549892e0
   pop_exec #0x0, n=1
} -> block20  from block36 block37

block39 {
   419 = iadd 62, #1, #0x0
   jmp_exec_any #0xaaab54b672b0
   pop_exec #0x0, n=1
} -> block13  from block21

block40 {
   if_icmp 16, #0, #0xaaab54859180, n=1
} -> block41 block42  from block14

block41 {
   421 = get_sr #0x34
   422 = bfeil #0, 421, #1, #0x2
   424 = bfeil #0, 421, #4, #0x1
   425 = iadd 422, 424, #0x0
   426 = and 421, #1
   427 = bfeil #0, 421, #3, #0x1
   428 = iadd #0, 427, #0x0
   429 = iadd 428, 426, #0x0
   431 = iadd #0, 425, #0x0
   432 = and 431, u77
   433 = iadd 432, 429, #0x0
   434 = iadd #0, 433, #0x0
   435h, _ = split 434
   local_store 60, 435h, #0, x, #0x0
   436 = iadd 434, #4, #0x0
   437h, _ = split 436
   local_store 61, 437h, #0, x, #0x0
   439 = iadd u78, 434, #0x0
   440h, _ = split 439
   local_store 58, 440h, #0, x, #0x0
   442 = iadd u83, 434, #0x0
   443h, _ = split 442
   local_store 59, 443h, #0, x, #0x0
   445 = iadd u80, 434, #0x0
   446h, _ = split 445
   local_store 56, 446h, #0, x, #0x0
   448 = iadd u79, 434, #0x0
   449h, _ = split 448
   local_store 57, 449h, #0, x, #0x0
   451 = iadd u81, 434, #0x0
   452h, _ = split 451
   local_store 54, 452h, #0, x, #0x0
   454 = iadd u82, 434, #0x0
   455h, _ = split 454
   local_store 55, 455h, #0, x, #0x0
} -> block43  from block40

block42 {
   else_fcmp #0.000000, #0.000000, #0xaaab54859180, n=1
   pop_exec #0x0, n=1
} -> block43  from block40

block43 {
   threadgroup_barrier 
   if_icmp 43, u8, #0xaaab56bb55e0, n=1
} -> block44 block57  from block41 block42

block44 {
   456 = iadd #0, 15, #0x0
   457 = iadd 39, 456, #0x0
   if_icmp 457, u7, #0xaaab54850f40, n=1
} -> block45 block46  from block43

block45 {
   459 = iadd 35, 43, #0x0
   460 = imad 457, u8, 459, #0x0
   462 = and 857, u76
   463 = bfeil #0, 10, #3, #0x0
   464 = imad 463, #64, 462, #0x0
   466 = and #7, 857
   467 = iadd 466, 464, #0x0
   468 = iadd #0, 467, #0x0
   469h, _ = split 468
   470 = local_load 469h, #0, x, #0x0
   471h = fadd 470, #-0.000000
   device_store 471h, u38:u39, 460.abs, x, #0x0, slot 0
} -> block47  from block44

block46 {
   else_fcmp #0.000000, #0.000000, #0xaaab54850f40, n=1
   pop_exec #0x0, n=1
} -> block47  from block44

block47 {
   473 = iadd 39, #1, #0x0
   474 = iadd 456, 473, #0x0
   if_icmp 474, u7, #0xaaab54857ba0, n=1
} -> block48 block49  from block45 block46

block48 {
   476 = iadd 35, 43, #0x0
   477 = imad 474, u8, 476, #0x0
   479 = and 857, u76
   480 = bfeil #0, 10, #3, #0x0
   481 = imad 480, #64, 479, #0x0
   483 = and #7, 857
   484 = iadd 483, 481, #0x0
   485 = iadd #32, 484, #0x0
   486h, _ = split 485
   487 = local_load 486h, #0, x, #0x0
   488h = fadd 487, #-0.000000
   device_store 488h, u40:u41, 477.abs, x, #0x0, slot 0
} -> block50  from block47

block49 {
   else_fcmp #0.000000, #0.000000, #0xaaab54857ba0, n=1
   pop_exec #0x0, n=1
} -> block50  from block47

block50 {
   490 = iadd 39, #2, #0x0
   491 = iadd 456, 490, #0x0
   if_icmp 491, u7, #0xaaab55810690, n=1
} -> block51 block52  from block48 block49

block51 {
   493 = iadd 35, 43, #0x0
   494 = imad 491, u8, 493, #0x0
   496 = and 857, u76
   497 = bfeil #0, 10, #3, #0x0
   498 = imad 497, #64, 496, #0x0
   500 = and #7, 857
   501 = iadd 500, 498, #0x0
   502 = iadd #64, 501, #0x0
   503h, _ = split 502
   504 = local_load 503h, #0, x, #0x0
   505h = fadd 504, #-0.000000
   device_store 505h, u42:u43, 494.abs, x, #0x0, slot 0
} -> block53  from block50

block52 {
   else_fcmp #0.000000, #0.000000, #0xaaab55810690, n=1
   pop_exec #0x0, n=1
} -> block53  from block50

block53 {
   507 = iadd 39, #3, #0x0
   508 = iadd 456, 507, #0x0
   if_icmp 508, u7, #0xaaab56bb5230, n=1
} -> block54 block55  from block51 block52

block54 {
   510 = iadd 35, 43, #0x0
   511 = imad 508, u8, 510, #0x0
   513 = and 857, u76
   514 = bfeil #0, 10, #3, #0x0
   515 = imad 514, #64, 513, #0x0
   517 = and #7, 857
   518 = iadd 517, 515, #0x0
   520 = iadd #96, 518, #0x0
   521h, _ = split 520
   522 = local_load 521h, #0, x, #0x0
   523h = fadd 522, #-0.000000
   device_store 523h, u44:u45, 511.abs, x, #0x0, slot 0
} -> block56  from block53

block55 {
   else_fcmp #0.000000, #0.000000, #0xaaab56bb5230, n=1
   pop_exec #0x0, n=1
} -> block56  from block53

block56 {
} -> block58  from block54 block55

block57 {
   else_fcmp #0.000000, #0.000000, #0xaaab56bb55e0, n=1
   pop_exec #0x0, n=1
} -> block58  from block43

block58 {
   threadgroup_barrier 
   if_icmp 16, #0, #0xaaab55602410, n=1
} -> block59 block60  from block56 block57

block59 {
   525 = get_sr #0x34
   526 = bfeil #0, 525, #1, #0x2
   528 = bfeil #0, 525, #4, #0x1
   529 = iadd 526, 528, #0x0
   530 = and 525, #1
   531 = bfeil #0, 525, #3, #0x1
   532 = iadd #0, 531, #0x0
   533 = iadd 532, 530, #0x0
   535 = iadd #0, 529, #0x0
   536 = and 535, u77
   537 = iadd 536, 533, #0x0
   538 = iadd #0, 537, #0x0
   539h, _ = split 538
   local_store 52, 539h, #0, x, #0x0
   540 = iadd 538, #4, #0x0
   541h, _ = split 540
   local_store 53, 541h, #0, x, #0x0
   543 = iadd u78, 538, #0x0
   544h, _ = split 543
   local_store 50, 544h, #0, x, #0x0
   546 = iadd u83, 538, #0x0
   547h, _ = split 546
   local_store 51, 547h, #0, x, #0x0
   549 = iadd u80, 538, #0x0
   550h, _ = split 549
   local_store 48, 550h, #0, x, #0x0
   552 = iadd u79, 538, #0x0
   553h, _ = split 552
   local_store 49, 553h, #0, x, #0x0
   555 = iadd u81, 538, #0x0
   556h, _ = split 555
   local_store 46, 556h, #0, x, #0x0
   558 = iadd u82, 538, #0x0
   559h, _ = split 558
   local_store 47, 559h, #0, x, #0x0
} -> block61  from block58

block60 {
   else_fcmp #0.000000, #0.000000, #0xaaab55602410, n=1
   pop_exec #0x0, n=1
} -> block61  from block58

block61 {
   threadgroup_barrier 
   if_icmp 43, u8, #0xaaab556136e0, n=1
} -> block62 block75  from block59 block60

block62 {
   560 = iadd 39, #8, #0x0
   561 = iadd #0, 15, #0x0
   562 = iadd 561, 560, #0x0
   if_icmp 562, u7, #0xaaab554d91c0, n=1
} -> block63 block64  from block61

block63 {
   564 = iadd 35, 43, #0x0
   565 = imad 562, u8, 564, #0x0
   567 = and 857, u76
   568 = bfeil #0, 10, #3, #0x0
   569 = imad 568, #64, 567, #0x0
   571 = and #7, 857
   572 = iadd 571, 569, #0x0
   573 = iadd #0, 572, #0x0
   574h, _ = split 573
   575 = local_load 574h, #0, x, #0x0
   576h = fadd 575, #-0.000000
   device_store 576h, u46:u47, 565.abs, x, #0x0, slot 0
} -> block65  from block62

block64 {
   else_fcmp #0.000000, #0.000000, #0xaaab554d91c0, n=1
   pop_exec #0x0, n=1
} -> block65  from block62

block65 {
   579 = iadd #9, 39, #0x0
   580 = iadd 561, 579, #0x0
   if_icmp 580, u7, #0xaaab56c81200, n=1
} -> block66 block67  from block63 block64

block66 {
   582 = iadd 35, 43, #0x0
   583 = imad 580, u8, 582, #0x0
   585 = and 857, u76
   586 = bfeil #0, 10, #3, #0x0
   587 = imad 586, #64, 585, #0x0
   589 = and #7, 857
   590 = iadd 589, 587, #0x0
   591 = iadd #32, 590, #0x0
   592h, _ = split 591
   593 = local_load 592h, #0, x, #0x0
   594h = fadd 593, #-0.000000
   device_store 594h, u48:u49, 583.abs, x, #0x0, slot 0
} -> block68  from block65

block67 {
   else_fcmp #0.000000, #0.000000, #0xaaab56c81200, n=1
   pop_exec #0x0, n=1
} -> block68  from block65

block68 {
   597 = iadd #10, 39, #0x0
   598 = iadd 561, 597, #0x0
   if_icmp 598, u7, #0xaaab5577b070, n=1
} -> block69 block70  from block66 block67

block69 {
   600 = iadd 35, 43, #0x0
   601 = imad 598, u8, 600, #0x0
   603 = and 857, u76
   604 = bfeil #0, 10, #3, #0x0
   605 = imad 604, #64, 603, #0x0
   607 = and #7, 857
   608 = iadd 607, 605, #0x0
   609 = iadd #64, 608, #0x0
   610h, _ = split 609
   611 = local_load 610h, #0, x, #0x0
   612h = fadd 611, #-0.000000
   device_store 612h, u50:u51, 601.abs, x, #0x0, slot 0
} -> block71  from block68

block70 {
   else_fcmp #0.000000, #0.000000, #0xaaab5577b070, n=1
   pop_exec #0x0, n=1
} -> block71  from block68

block71 {
   615 = iadd #11, 39, #0x0
   616 = iadd 561, 615, #0x0
   if_icmp 616, u7, #0xaaab556132b0, n=1
} -> block72 block73  from block69 block70

block72 {
   618 = iadd 35, 43, #0x0
   619 = imad 616, u8, 618, #0x0
   621 = and 857, u76
   622 = bfeil #0, 10, #3, #0x0
   623 = imad 622, #64, 621, #0x0
   625 = and #7, 857
   626 = iadd 625, 623, #0x0
   628 = iadd #96, 626, #0x0
   629h, _ = split 628
   630 = local_load 629h, #0, x, #0x0
   631h = fadd 630, #-0.000000
   device_store 631h, u52:u53, 619.abs, x, #0x0, slot 0
} -> block74  from block71

block73 {
   else_fcmp #0.000000, #0.000000, #0xaaab556132b0, n=1
   pop_exec #0x0, n=1
} -> block74  from block71

block74 {
} -> block76  from block72 block73

block75 {
   else_fcmp #0.000000, #0.000000, #0xaaab556136e0, n=1
   pop_exec #0x0, n=1
} -> block76  from block61

block76 {
   threadgroup_barrier 
   if_icmp 16, #2, #0xaaab554c8470, n=1
} -> block77 block78  from block74 block75

block77 {
   634 = get_sr #0x34
   635 = bfeil #0, 634, #1, #0x2
   637 = bfeil #0, 634, #4, #0x1
   638 = iadd 635, 637, #0x0
   639 = and 634, #1
   640 = bfeil #0, 634, #3, #0x1
   641 = iadd #0, 640, #0x0
   642 = iadd 641, 639, #0x0
   644 = iadd #0, 638, #0x0
   645 = and 644, u77
   646 = iadd 645, 642, #0x0
   647 = iadd #0, 646, #0x0
   648h, _ = split 647
   local_store 60, 648h, #0, x, #0x0
   649 = iadd 647, #4, #0x0
   650h, _ = split 649
   local_store 61, 650h, #0, x, #0x0
   652 = iadd u78, 647, #0x0
   653h, _ = split 652
   local_store 58, 653h, #0, x, #0x0
   655 = iadd u83, 647, #0x0
   656h, _ = split 655
   local_store 59, 656h, #0, x, #0x0
   658 = iadd u80, 647, #0x0
   659h, _ = split 658
   local_store 56, 659h, #0, x, #0x0
   661 = iadd u79, 647, #0x0
   662h, _ = split 661
   local_store 57, 662h, #0, x, #0x0
   664 = iadd u81, 647, #0x0
   665h, _ = split 664
   local_store 54, 665h, #0, x, #0x0
   667 = iadd u82, 647, #0x0
   668h, _ = split 667
   local_store 55, 668h, #0, x, #0x0
} -> block79  from block76

block78 {
   else_fcmp #0.000000, #0.000000, #0xaaab554c8470, n=1
   pop_exec #0x0, n=1
} -> block79  from block76

block79 {
   threadgroup_barrier 
   if_icmp 43, u8, #0xaaab56c22ad0, n=1
} -> block80 block93  from block77 block78

block80 {
   670 = iadd 39, #16, #0x0
   671 = iadd #0, 15, #0x0
   672 = iadd 671, 670, #0x0
   if_icmp 672, u7, #0xaaab555e52b0, n=1
} -> block81 block82  from block79

block81 {
   674 = iadd 35, 43, #0x0
   675 = imad 672, u8, 674, #0x0
   677 = and 857, u76
   678 = bfeil #0, 10, #3, #0x0
   679 = imad 678, #64, 677, #0x0
   681 = and #7, 857
   682 = iadd 681, 679, #0x0
   683 = iadd #0, 682, #0x0
   684h, _ = split 683
   685 = local_load 684h, #0, x, #0x0
   686h = fadd 685, #-0.000000
   device_store 686h, u54:u55, 675.abs, x, #0x0, slot 0
} -> block83  from block80

block82 {
   else_fcmp #0.000000, #0.000000, #0xaaab555e52b0, n=1
   pop_exec #0x0, n=1
} -> block83  from block80

block83 {
   689 = iadd #17, 39, #0x0
   690 = iadd 671, 689, #0x0
   if_icmp 690, u7, #0xaaab554fb620, n=1
} -> block84 block85  from block81 block82

block84 {
   692 = iadd 35, 43, #0x0
   693 = imad 690, u8, 692, #0x0
   695 = and 857, u76
   696 = bfeil #0, 10, #3, #0x0
   697 = imad 696, #64, 695, #0x0
   699 = and #7, 857
   700 = iadd 699, 697, #0x0
   701 = iadd #32, 700, #0x0
   702h, _ = split 701
   703 = local_load 702h, #0, x, #0x0
   704h = fadd 703, #-0.000000
   device_store 704h, u56:u57, 693.abs, x, #0x0, slot 0
} -> block86  from block83

block85 {
   else_fcmp #0.000000, #0.000000, #0xaaab554fb620, n=1
   pop_exec #0x0, n=1
} -> block86  from block83

block86 {
   707 = iadd #18, 39, #0x0
   708 = iadd 671, 707, #0x0
   if_icmp 708, u7, #0xaaab555a4490, n=1
} -> block87 block88  from block84 block85

block87 {
   710 = iadd 35, 43, #0x0
   711 = imad 708, u8, 710, #0x0
   713 = and 857, u76
   714 = bfeil #0, 10, #3, #0x0
   715 = imad 714, #64, 713, #0x0
   717 = and #7, 857
   718 = iadd 717, 715, #0x0
   719 = iadd #64, 718, #0x0
   720h, _ = split 719
   721 = local_load 720h, #0, x, #0x0
   722h = fadd 721, #-0.000000
   device_store 722h, u58:u59, 711.abs, x, #0x0, slot 0
} -> block89  from block86

block88 {
   else_fcmp #0.000000, #0.000000, #0xaaab555a4490, n=1
   pop_exec #0x0, n=1
} -> block89  from block86

block89 {
   725 = iadd #19, 39, #0x0
   726 = iadd 671, 725, #0x0
   if_icmp 726, u7, #0xaaab555a5a40, n=1
} -> block90 block91  from block87 block88

block90 {
   728 = iadd 35, 43, #0x0
   729 = imad 726, u8, 728, #0x0
   731 = and 857, u76
   732 = bfeil #0, 10, #3, #0x0
   733 = imad 732, #64, 731, #0x0
   735 = and #7, 857
   736 = iadd 735, 733, #0x0
   738 = iadd #96, 736, #0x0
   739h, _ = split 738
   740 = local_load 739h, #0, x, #0x0
   741h = fadd 740, #-0.000000
   device_store 741h, u60:u61, 729.abs, x, #0x0, slot 0
} -> block92  from block89

block91 {
   else_fcmp #0.000000, #0.000000, #0xaaab555a5a40, n=1
   pop_exec #0x0, n=1
} -> block92  from block89

block92 {
} -> block94  from block90 block91

block93 {
   else_fcmp #0.000000, #0.000000, #0xaaab56c22ad0, n=1
   pop_exec #0x0, n=1
} -> block94  from block79

block94 {
   threadgroup_barrier 
   if_icmp 16, #2, #0xaaab5576e400, n=1
} -> block95 block96  from block92 block93

block95 {
   743 = get_sr #0x34
   744 = bfeil #0, 743, #1, #0x2
   746 = bfeil #0, 743, #4, #0x1
   747 = iadd 744, 746, #0x0
   748 = and 743, #1
   749 = bfeil #0, 743, #3, #0x1
   750 = iadd #0, 749, #0x0
   751 = iadd 750, 748, #0x0
   753 = iadd #0, 747, #0x0
   754 = and 753, u77
   755 = iadd 754, 751, #0x0
   756 = iadd #0, 755, #0x0
   757h, _ = split 756
   local_store 52, 757h, #0, x, #0x0
   758 = iadd 756, #4, #0x0
   759h, _ = split 758
   local_store 53, 759h, #0, x, #0x0
   761 = iadd u78, 756, #0x0
   762h, _ = split 761
   local_store 50, 762h, #0, x, #0x0
   764 = iadd u83, 756, #0x0
   765h, _ = split 764
   local_store 51, 765h, #0, x, #0x0
   767 = iadd u80, 756, #0x0
   768h, _ = split 767
   local_store 48, 768h, #0, x, #0x0
   770 = iadd u79, 756, #0x0
   771h, _ = split 770
   local_store 49, 771h, #0, x, #0x0
   773 = iadd u81, 756, #0x0
   774h, _ = split 773
   local_store 46, 774h, #0, x, #0x0
   776 = iadd u82, 756, #0x0
   777h, _ = split 776
   local_store 47, 777h, #0, x, #0x0
} -> block97  from block94

block96 {
   else_fcmp #0.000000, #0.000000, #0xaaab5576e400, n=1
   pop_exec #0x0, n=1
} -> block97  from block94

block97 {
   threadgroup_barrier 
   if_icmp 43, u8, #0xaaab557058f0, n=1
} -> block98 block111  from block95 block96

block98 {
   779 = iadd 39, #24, #0x0
   780 = iadd #0, 15, #0x0
   781 = iadd 780, 779, #0x0
   if_icmp 781, u7, #0xaaab5576fb60, n=1
} -> block99 block100  from block97

block99 {
   783 = iadd 35, 43, #0x0
   784 = imad 781, u8, 783, #0x0
   786 = and 857, u76
   787 = bfeil #0, 10, #3, #0x0
   788 = imad 787, #64, 786, #0x0
   790 = and #7, 857
   791 = iadd 790, 788, #0x0
   792 = iadd #0, 791, #0x0
   793h, _ = split 792
   794 = local_load 793h, #0, x, #0x0
   795h = fadd 794, #-0.000000
   device_store 795h, u62:u63, 784.abs, x, #0x0, slot 0
} -> block101  from block98

block100 {
   else_fcmp #0.000000, #0.000000, #0xaaab5576fb60, n=1
   pop_exec #0x0, n=1
} -> block101  from block98

block101 {
   798 = iadd #25, 39, #0x0
   799 = iadd 780, 798, #0x0
   if_icmp 799, u7, #0xaaab55566fe0, n=1
} -> block102 block103  from block99 block100

block102 {
   801 = iadd 35, 43, #0x0
   802 = imad 799, u8, 801, #0x0
   804 = and 857, u76
   805 = bfeil #0, 10, #3, #0x0
   806 = imad 805, #64, 804, #0x0
   808 = and #7, 857
   809 = iadd 808, 806, #0x0
   810 = iadd #32, 809, #0x0
   811h, _ = split 810
   812 = local_load 811h, #0, x, #0x0
   813h = fadd 812, #-0.000000
   device_store 813h, u64:u65, 802.abs, x, #0x0, slot 0
} -> block104  from block101

block103 {
   else_fcmp #0.000000, #0.000000, #0xaaab55566fe0, n=1
   pop_exec #0x0, n=1
} -> block104  from block101

block104 {
   816 = iadd #26, 39, #0x0
   817 = iadd 780, 816, #0x0
   if_icmp 817, u7, #0xaaab554c6b80, n=1
} -> block105 block106  from block102 block103

block105 {
   819 = iadd 35, 43, #0x0
   820 = imad 817, u8, 819, #0x0
   822 = and 857, u76
   823 = bfeil #0, 10, #3, #0x0
   824 = imad 823, #64, 822, #0x0
   826 = and #7, 857
   827 = iadd 826, 824, #0x0
   828 = iadd #64, 827, #0x0
   829h, _ = split 828
   830 = local_load 829h, #0, x, #0x0
   831h = fadd 830, #-0.000000
   device_store 831h, u66:u67, 820.abs, x, #0x0, slot 0
} -> block107  from block104

block106 {
   else_fcmp #0.000000, #0.000000, #0xaaab554c6b80, n=1
   pop_exec #0x0, n=1
} -> block107  from block104

block107 {
   834 = iadd #27, 39, #0x0
   835 = iadd 780, 834, #0x0
   if_icmp 835, u7, #0xaaab55705450, n=1
} -> block108 block109  from block105 block106

block108 {
   837 = iadd 35, 43, #0x0
   838 = imad 835, u8, 837, #0x0
   840 = and 857, u76
   841 = bfeil #0, 10, #3, #0x0
   842 = imad 841, #64, 840, #0x0
   844 = and #7, 857
   845 = iadd 844, 842, #0x0
   847 = iadd #96, 845, #0x0
   848h, _ = split 847
   849 = local_load 848h, #0, x, #0x0
   850h = fadd 849, #-0.000000
   device_store 850h, u68:u69, 838.abs, x, #0x0, slot 0
} -> block110  from block107

block109 {
   else_fcmp #0.000000, #0.000000, #0xaaab55705450, n=1
   pop_exec #0x0, n=1
} -> block110  from block107

block110 {
} -> block112  from block108 block109

block111 {
   else_fcmp #0.000000, #0.000000, #0xaaab557058f0, n=1
   pop_exec #0x0, n=1
} -> block112  from block97

block112 {
   threadgroup_barrier 
   853 = iadd 41, u70, #0x0
   jmp_exec_any #0xaaab53ee1500
   pop_exec #0x0, n=1
} -> block9  from block110 block111

block113 {
   855 = iadd 37, u74, #0x0
   jmp_exec_any #0xaaab54c2e520
   pop_exec #0x0, n=1
} -> block5  from block10

block114 {
   856 = iadd 21, #1, #0x0
   jmp_exec_any #0xaaab54c15e00
   pop_exec #0x0, n=1
} -> block1  from block6

block115 {
   stop 
} from block2

block0 {
   857 = get_sr #0x30
   1 = get_sr #0x35
   10 = and 857, #31
   15 = bfeil #0, 857, #5, #0x0
   16 = iadd #0, 1, #0x0
   begin_cf 
} -> block1 

block1 {
   21 = phi #0, 856
   if_icmp 21, u4, #0xaaab54bc7e50, n=1, inv
} -> block2 block3  from block0 block114

block2 {
   break #0xaaab54c00500, n=2
} -> block115  from block1

block3 {
   else_fcmp #0.000000, #0.000000, #0xaaab54bc7e50, n=1
   pop_exec #0x0, n=1
} -> block4  from block1

block4 {
   860 = get_sr #0x0
   861 = get_sr #0x1
   27 = imad 21, u7, #0, #0x0
   28 = imad u9, 27, u15, #0x0
   29 = bfeil #0, 28, #1, #0x0
   31 = imad 21, u5, u16, #0x0
   32 = imad 21, u6, #0, #0x0
   33 = iadd u19, 32, #0x0
   34 = iadd u18, 32, #0x0
   35 = imad u8, 27, u17, #0x0
   36 = iadd 861, u21, #0x0
   if_fcmp #0.000000, #0.000000, #0x0, n=1
} -> block5  from block3

block5 {
   37 = phi 36, 855
   if_icmp 37, u10, #0xaaab54acb810, n=1, inv
} -> block6 block7  from block4 block113

block6 {
   break #0xaaab555e89b0, n=2
} -> block114  from block5

block7 {
   else_fcmp #0.000000, #0.000000, #0xaaab54acb810, n=1
   pop_exec #0x0, n=1
} -> block8  from block5

block8 {
   39 = bfi #0, 37, #5, #0x0
   40 = iadd 860, u20, #0x0
   if_fcmp #0.000000, #0.000000, #0x0, n=1
} -> block9  from block7

block9 {
   41 = phi 40, 853
   if_icmp 41, u11, #0xaaab53ee9880, n=1, inv
} -> block10 block11  from block8 block112

block10 {
   break #0xaaab53dee250, n=2
} -> block113  from block9

block11 {
   else_fcmp #0.000000, #0.000000, #0xaaab53ee9880, n=1
   pop_exec #0x0, n=1
} -> block12  from block9

block12 {
   43 = imad 41, #32, 10, #0x0
   45 = imad 43, u12, #0, #0x0
   if_fcmp #0.000000, #0.000000, #0x0, n=1
} -> block13  from block11

block13 {
   46 = phi #0, 76
   47 = phi #0, 77
   48 = phi #0, 78
   49 = phi #0, 79
   50 = phi #0, 80
   51 = phi #0, 81
   52 = phi #0, 82
   53 = phi #0, 83
   54 = phi #0, 84
   55 = phi #0, 85
   56 = phi #0, 86
   57 = phi #0, 87
   58 = phi #0, 88
   59 = phi #0, 89
   60 = phi #0, 90
   61 = phi #0, 91
   62 = phi #0, 419
   if_icmp 62, u12, #0xaaab54bf01c0, n=1, inv
} -> block14 block15  from block12 block39

block14 {
   break #0xaaab54c14f00, n=2
} -> block40  from block13

block15 {
   else_fcmp #0.000000, #0.000000, #0xaaab54bf01c0, n=1
   pop_exec #0x0, n=1
} -> block16  from block13

block16 {
   if_icmp 43, u8, #0xaaab54a44e40, n=1
} -> block17 block18  from block15

block17 {
   64 = iadd 33, 62, #0x0
   65 = iadd 45, 64, #0x0
   67h = device_load u24:u25, 65.abs, x, #0x0, slot 0
   68 = iadd 34, 62, #0x0
   69 = iadd 45, 68, #0x0
   71h = device_load u26:u27, 69.abs, x, #0x0, slot 0
} -> block19  from block16

block18 {
   else_fcmp #0.000000, #0.000000, #0xaaab54a44e40, n=1
   pop_exec #0x0, n=1
} -> block19  from block16

block19 {
   72h = phi 71h, #0
   73h = phi 67h, #0
   if_fcmp #0.000000, #0.000000, #0x0, n=1
} -> block20  from block17 block18

block20 {
   76 = phi 46, 406
   77 = phi 47, 407
   78 = phi 48, 408
   79 = phi 49, 409
   80 = phi 50, 410
   81 = phi 51, 411
   82 = phi 52, 412
   83 = phi 53, 413
   84 = phi 54, 414
   85 = phi 55, 415
   86 = phi 56, 416
   87 = phi 57, 417
   88 = phi 58, 418
   89 = phi 59, 402
   90 = phi 60, 403
   91 = phi 61, 404
   92 = phi #0, 405
   if_icmp 92, #4, #0xaaab54ae9ca0, n=1, inv
} -> block21 block22  from block19 block38

block21 {
   break #0xaaab54bd03e0, n=2
} -> block39  from block20

block22 {
   else_fcmp #0.000000, #0.000000, #0xaaab54ae9ca0, n=1
   pop_exec #0x0, n=1
} -> block23  from block20

block23 {
   96 = bfi #0, 62, #6, #0x0
   97 = iadd 96, 92, #0x0
   98 = bfeil #0, 857, #3, #0x0
   99 = iadd 39, 98, #0x0
   if_icmp 99, u7, #0xaaab54aa7480, n=1
} -> block24 block25  from block22

block24 {
   101 = bfeil #0, 97, #1, #0x0
   102 = iadd 29, 101, #0x0
   103 = imad 99, u14, 102, #0x0
   105 = and 857, #7
   106 = iadd 105, 103, #0x0
   108 = device_load u28:u29, 106.abs, x, #0x0, slot 0
} -> block26  from block23

block25 {
   else_fcmp #0.000000, #0.000000, #0xaaab54aa7480, n=1
   pop_exec #0x0, n=1
} -> block26  from block23

block26 {
   109 = phi 108, #0
   110 = iadd 857, #64, #0x0
   111 = bfeil #0, 110, #3, #0x0
   112 = iadd 39, 111, #0x0
   if_icmp 112, u7, #0xaaab54c31bc0, n=1
} -> block27 block28  from block24 block25

block27 {
   114 = bfeil #0, 97, #1, #0x0
   115 = iadd 29, 114, #0x0
   116 = imad 112, u14, 115, #0x0
   118 = and 110, #7
   119 = iadd 118, 116, #0x0
   121 = device_load u30:u31, 119.abs, x, #0x0, slot 0
} -> block29  from block26

block28 {
   else_fcmp #0.000000, #0.000000, #0xaaab54c31bc0, n=1
   pop_exec #0x0, n=1
} -> block29  from block26

block29 {
   122 = phi 121, #0
   124 = iadd 857, #128, #0x0
   125 = bfeil #0, 124, #3, #0x0
   126 = iadd 39, 125, #0x0
   if_icmp 126, u7, #0xaaab54bc5ec0, n=1
} -> block30 block31  from block27 block28

block30 {
   128 = bfeil #0, 97, #1, #0x0
   129 = iadd 29, 128, #0x0
   130 = imad 126, u14, 129, #0x0
   132 = and 124, #7
   133 = iadd 132, 130, #0x0
   135 = device_load u32:u33, 133.abs, x, #0x0, slot 0
} -> block32  from block29

block31 {
   else_fcmp #0.000000, #0.000000, #0xaaab54bc5ec0, n=1
   pop_exec #0x0, n=1
} -> block32  from block29

block32 {
   136 = phi 135, #0
   138 = iadd 857, #192, #0x0
   139 = bfeil #0, 138, #3, #0x0
   140 = iadd 39, 139, #0x0
   if_icmp 140, u7, #0xaaab54939150, n=1
} -> block33 block34  from block30 block31

block33 {
   142 = bfeil #0, 97, #1, #0x0
   143 = iadd 29, 142, #0x0
   144 = imad 140, u14, 143, #0x0
   146 = and 138, #7
   147 = iadd 146, 144, #0x0
   149 = device_load u34:u35, 147.abs, x, #0x0, slot 0
} -> block35  from block32

block34 {
   else_fcmp #0.000000, #0.000000, #0xaaab54939150, n=1
   pop_exec #0x0, n=1
} -> block35  from block32

block35 {
   150 = phi 149, #0
   151h, 869h = split 109
   153 = bfi #0, 98, #6, #0x0
   155 = and 857, #7
   156 = iadd 153, 155, #0x0
   157h, _ = split 156
   158 = fadd 151h, #-0.000000
   local_store 158, 157h, #0, x, #0x0
   159 = iadd 156, #4, #0x0
   160h, _ = split 159
   161 = fadd 869h, #-0.000000
   local_store 161, 160h, #0, x, #0x0
   162h, 873h = split 122
   164 = bfi #0, 111, #6, #0x0
   165 = and 110, #7
   166 = iadd 164, 165, #0x0
   167h, _ = split 166
   168 = fadd 162h, #-0.000000
   local_store 168, 167h, #0, x, #0x0
   169 = iadd 166, #4, #0x0
   170h, _ = split 169
   171 = fadd 873h, #-0.000000
   local_store 171, 170h, #0, x, #0x0
   172h, 877h = split 136
   174 = bfi #0, 125, #6, #0x0
   175 = and 124, #7
   176 = iadd 174, 175, #0x0
   177h, _ = split 176
   178 = fadd 172h, #-0.000000
   local_store 178, 177h, #0, x, #0x0
   179 = iadd 176, #4, #0x0
   180h, _ = split 179
   181 = fadd 877h, #-0.000000
   local_store 181, 180h, #0, x, #0x0
   182h, 881h = split 150
   184 = bfi #0, 139, #6, #0x0
   185 = and 138, #7
   186 = iadd 184, 185, #0x0
   187h, _ = split 186
   188 = fadd 182h, #-0.000000
   local_store 188, 187h, #0, x, #0x0
   189 = iadd 186, #4, #0x0
   190h, _ = split 189
   191 = fadd 881h, #-0.000000
   local_store 191, 190h, #0, x, #0x0
   if_icmp 43, u8, #0xaaab54be61e0, n=1
} -> block36 block37  from block33 block34

block36 {
   192 = bfeil #0, 97, #3, #0x0
   193 = iadd 31, 192, #0x0
   194 = iadd 193, 15, #0x0
   195 = imad 43, u13, 194, #0x0
   197 = device_load u36:u37, 195.abs, x, #0x0, slot 0
} -> block38  from block35

block37 {
   else_fcmp #0.000000, #0.000000, #0xaaab54be61e0, n=1
   pop_exec #0x0, n=1
} -> block38  from block35

block38 {
   198 = phi 197, #0
   200 = imad 15, u78, 10, #0x0
   206 = iadd #0, 200, #0x0
   207 = iadd u84, 206, #0x0
   208h, _ = split 207
   202 = and 198, #15
   203 = convert #10, 202, #0x1
   204 = ffma 73h, 203, 72h
   local_store 204, 208h, #0, x, #0x0
   213 = iadd u86, 206, #0x0
   214h, _ = split 213
   209 = bfeil #0, 198, #4, #0x4
   210 = convert #10, 209, #0x1
   211 = ffma 73h, 210, 72h
   local_store 211, 214h, #0, x, #0x0
   219 = iadd u95, 206, #0x0
   220h, _ = split 219
   215 = bfeil #0, 198, #8, #0x4
   216 = convert #10, 215, #0x1
   217 = ffma 73h, 216, 72h
   local_store 217, 220h, #0, x, #0x0
   226 = iadd u107, 206, #0x0
   227h, _ = split 226
   222 = bfeil #0, 198, #12, #0x4
   223 = convert #10, 222, #0x1
   224 = ffma 73h, 223, 72h
   local_store 224, 227h, #0, x, #0x0
   234 = iadd u94, 206, #0x0
   235h, _ = split 234
   _, 228h = split 198
   230 = and 228h, #15
   231 = convert #10, 230, #0x1
   232 = ffma 73h, 231, 72h
   local_store 232, 235h, #0, x, #0x0
   241 = iadd u105, 206, #0x0
   242h, _ = split 241
   237 = bfeil #0, 198, #20, #0x4
   238 = convert #10, 237, #0x1
   239 = ffma 73h, 238, 72h
   local_store 239, 242h, #0, x, #0x0
   248 = iadd u91, 206, #0x0
   249h, _ = split 248
   244 = bfeil #0, 198, #24, #0x4
   245 = convert #10, 244, #0x1
   246 = ffma 73h, 245, 72h
   local_store 246, 249h, #0, x, #0x0
   255 = iadd u106, 206, #0x0
   256h, _ = split 255
   251 = bfeil #0, 198, #28, #0x0
   252 = convert #10, 251, #0x1
   253 = ffma 73h, 252, 72h
   local_store 253, 256h, #0, x, #0x0
   257 = get_sr #0x34
   259 = bfeil #0, 257, #4, #0x1
   258 = bfeil #0, 257, #1, #0x2
   260 = iadd 258, 259, #0x0
   262 = bfeil #0, 257, #3, #0x1
   261 = and 257, #1
   263 = iadd #0, 262, #0x0
   264 = iadd 263, 261, #0x0
   266 = iadd #0, 260, #0x0
   268 = and 266, u77
   265 = imad 1, u78, 264, #0x0
   269 = iadd 268, 265, #0x0
   284 = bfi #0, 260, #5, #0x0
   285 = and 284, u77
   286 = iadd 285, 264, #0x0
   270 = iadd #0, 269, #0x0
   273 = iadd 270, #4, #0x0
   274h, _ = split 273
   277 = iadd 270, u80, #0x0
   278h, _ = split 277
   281 = iadd u79, 270, #0x0
   282h, _ = split 281
   287 = iadd #0, 286, #0x0
   288 = iadd u84, 287, #0x0
   289h, _ = split 288
   292 = iadd u96, 287, #0x0
   293h, _ = split 292
   296 = iadd u97, 287, #0x0
   297h, _ = split 296
   300 = iadd u98, 287, #0x0
   301h, _ = split 300
   threadgroup_barrier 
   323 = collect 88, 89
   271h, _ = split 270
   272 = local_load 271h, #0, x, #0x0
   275 = local_load 274h, #0, x, #0x0
   279 = local_load 278h, #0, x, #0x0
   283 = local_load 282h, #0, x, #0x0
   290 = local_load 289h, #0, x, #0x0
   294 = local_load 293h, #0, x, #0x0
   298 = local_load 297h, #0, x, #0x0
   302 = local_load 301h, #0, x, #0x0
   324 = collect 298, 302
   319 = collect 272, 275
   335 = collect 80, 81
   333 = collect 279, 283
   325 = simd_matrix_fmadd32 319, 324, 323
   336 = simd_matrix_fmadd32 333, 324, 335
   304 = iadd u100, 287, #0x0
   305h, _ = split 304
   308 = iadd u99, 287, #0x0
   309h, _ = split 308
   326 = collect 86, 87
   306 = local_load 305h, #0, x, #0x0
   310 = local_load 309h, #0, x, #0x0
   327 = collect 306, 310
   337 = collect 78, 79
   328 = simd_matrix_fmadd32 319, 327, 326
   338 = simd_matrix_fmadd32 333, 327, 337
   312 = iadd u104, 287, #0x0
   313h, _ = split 312
   316 = iadd u103, 287, #0x0
   317h, _ = split 316
   329 = collect 84, 85
   314 = local_load 313h, #0, x, #0x0
   318 = local_load 317h, #0, x, #0x0
   330 = collect 314, 318
   339 = collect 76, 77
   331 = simd_matrix_fmadd32 319, 330, 329
   340 = simd_matrix_fmadd32 333, 330, 339
   332 = collect 82, 83
   320 = collect 290, 294
   334 = simd_matrix_fmadd32 333, 320, 332
   321 = collect 90, 91
   322 = simd_matrix_fmadd32 319, 320, 321
   341 = iadd 270, #32, #0x0
   342h, _ = split 341
   345 = iadd #36, 270, #0x0
   346h, _ = split 345
   349 = iadd 270, u101, #0x0
   350h, _ = split 349
   353 = iadd u102, 270, #0x0
   354h, _ = split 353
   357 = iadd u90, 287, #0x0
   358h, _ = split 357
   361 = iadd u89, 287, #0x0
   362h, _ = split 361
   365 = iadd u93, 287, #0x0
   366h, _ = split 365
   369 = iadd u92, 287, #0x0
   370h, _ = split 369
   343 = local_load 342h, #0, x, #0x0
   347 = local_load 346h, #0, x, #0x0
   351 = local_load 350h, #0, x, #0x0
   355 = local_load 354h, #0, x, #0x0
   359 = local_load 358h, #0, x, #0x0
   363 = local_load 362h, #0, x, #0x0
   367 = local_load 366h, #0, x, #0x0
   371 = local_load 370h, #0, x, #0x0
   391 = collect 367, 371
   388 = collect 343, 347
   397 = collect 351, 355
   392 = simd_matrix_fmadd32 388, 391, 325
   399 = simd_matrix_fmadd32 397, 391, 336
   373 = iadd u108, 287, #0x0
   374h, _ = split 373
   377 = iadd u85, 287, #0x0
   378h, _ = split 377
   375 = local_load 374h, #0, x, #0x0
   379 = local_load 378h, #0, x, #0x0
   393 = collect 375, 379
   394 = simd_matrix_fmadd32 388, 393, 328
   400 = simd_matrix_fmadd32 397, 393, 338
   381 = iadd u87, 287, #0x0
   382h, _ = split 381
   385 = iadd u88, 287, #0x0
   386h, _ = split 385
   383 = local_load 382h, #0, x, #0x0
   387 = local_load 386h, #0, x, #0x0
   395 = collect 383, 387
   396 = simd_matrix_fmadd32 388, 395, 331
   401 = simd_matrix_fmadd32 397, 395, 340
   389 = collect 359, 363
   398 = simd_matrix_fmadd32 397, 389, 334
   390 = simd_matrix_fmadd32 388, 389, 322
   961, 962 = split 392
   963, 964 = split 394
   965, 966 = split 396
   967, 968 = split 398
   969, 970 = split 399
   971, 972 = split 400
   973, 974 = split 401
   959, 960 = split 390
   418 = mov 961
   417 = mov 964
   416 = mov 963
   415 = mov 966
   414 = mov 965
   413 = mov 968
   412 = mov 967
   411 = mov 970
   410 = mov 969
   409 = mov 972
   408 = mov 971
   407 = mov 974
   406 = mov 973
   405 = iadd 92, #1, #0x0
   404 = mov 960
   403 = mov 959
   402 = mov 962
   threadgroup_barrier 
   jmp_exec_any #0xaaab549892e0
   pop_exec #0x0, n=1
} -> block20  from block36 block37

block39 {
   419 = iadd 62, #1, #0x0
   jmp_exec_any #0xaaab54b672b0
   pop_exec #0x0, n=1
} -> block13  from block21

block40 {
   if_icmp 16, #0, #0xaaab54859180, n=1
} -> block41 block42  from block14

block41 {
   421 = get_sr #0x34
   422 = bfeil #0, 421, #1, #0x2
   424 = bfeil #0, 421, #4, #0x1
   425 = iadd 422, 424, #0x0
   426 = and 421, #1
   427 = bfeil #0, 421, #3, #0x1
   428 = iadd #0, 427, #0x0
   429 = iadd 428, 426, #0x0
   431 = iadd #0, 425, #0x0
   432 = and 431, u77
   433 = iadd 432, 429, #0x0
   434 = iadd #0, 433, #0x0
   435h, _ = split 434
   local_store 60, 435h, #0, x, #0x0
   436 = iadd 434, #4, #0x0
   437h, _ = split 436
   local_store 61, 437h, #0, x, #0x0
   439 = iadd u78, 434, #0x0
   440h, _ = split 439
   local_store 58, 440h, #0, x, #0x0
   442 = iadd u83, 434, #0x0
   443h, _ = split 442
   local_store 59, 443h, #0, x, #0x0
   445 = iadd u80, 434, #0x0
   446h, _ = split 445
   local_store 56, 446h, #0, x, #0x0
   448 = iadd u79, 434, #0x0
   449h, _ = split 448
   local_store 57, 449h, #0, x, #0x0
   451 = iadd u81, 434, #0x0
   452h, _ = split 451
   local_store 54, 452h, #0, x, #0x0
   454 = iadd u82, 434, #0x0
   455h, _ = split 454
   local_store 55, 455h, #0, x, #0x0
} -> block43  from block40

block42 {
   else_fcmp #0.000000, #0.000000, #0xaaab54859180, n=1
   pop_exec #0x0, n=1
} -> block43  from block40

block43 {
   threadgroup_barrier 
   if_icmp 43, u8, #0xaaab56bb55e0, n=1
} -> block44 block57  from block41 block42

block44 {
   456 = iadd #0, 15, #0x0
   457 = iadd 39, 456, #0x0
   if_icmp 457, u7, #0xaaab54850f40, n=1
} -> block45 block46  from block43

block45 {
   459 = iadd 35, 43, #0x0
   460 = imad 457, u8, 459, #0x0
   462 = and 857, u76
   463 = bfeil #0, 10, #3, #0x0
   464 = imad 463, #64, 462, #0x0
   466 = and #7, 857
   467 = iadd 466, 464, #0x0
   468 = iadd #0, 467, #0x0
   469h, _ = split 468
   470 = local_load 469h, #0, x, #0x0
   471h = fadd 470, #-0.000000
   device_store 471h, u38:u39, 460.abs, x, #0x0, slot 0
} -> block47  from block44

block46 {
   else_fcmp #0.000000, #0.000000, #0xaaab54850f40, n=1
   pop_exec #0x0, n=1
} -> block47  from block44

block47 {
   473 = iadd 39, #1, #0x0
   474 = iadd 456, 473, #0x0
   if_icmp 474, u7, #0xaaab54857ba0, n=1
} -> block48 block49  from block45 block46

block48 {
   476 = iadd 35, 43, #0x0
   477 = imad 474, u8, 476, #0x0
   479 = and 857, u76
   480 = bfeil #0, 10, #3, #0x0
   481 = imad 480, #64, 479, #0x0
   483 = and #7, 857
   484 = iadd 483, 481, #0x0
   485 = iadd #32, 484, #0x0
   486h, _ = split 485
   487 = local_load 486h, #0, x, #0x0
   488h = fadd 487, #-0.000000
   device_store 488h, u40:u41, 477.abs, x, #0x0, slot 0
} -> block50  from block47

block49 {
   else_fcmp #0.000000, #0.000000, #0xaaab54857ba0, n=1
   pop_exec #0x0, n=1
} -> block50  from block47

block50 {
   490 = iadd 39, #2, #0x0
   491 = iadd 456, 490, #0x0
   if_icmp 491, u7, #0xaaab55810690, n=1
} -> block51 block52  from block48 block49

block51 {
   493 = iadd 35, 43, #0x0
   494 = imad 491, u8, 493, #0x0
   496 = and 857, u76
   497 = bfeil #0, 10, #3, #0x0
   498 = imad 497, #64, 496, #0x0
   500 = and #7, 857
   501 = iadd 500, 498, #0x0
   502 = iadd #64, 501, #0x0
   503h, _ = split 502
   504 = local_load 503h, #0, x, #0x0
   505h = fadd 504, #-0.000000
   device_store 505h, u42:u43, 494.abs, x, #0x0, slot 0
} -> block53  from block50

block52 {
   else_fcmp #0.000000, #0.000000, #0xaaab55810690, n=1
   pop_exec #0x0, n=1
} -> block53  from block50

block53 {
   507 = iadd 39, #3, #0x0
   508 = iadd 456, 507, #0x0
   if_icmp 508, u7, #0xaaab56bb5230, n=1
} -> block54 block55  from block51 block52

block54 {
   510 = iadd 35, 43, #0x0
   511 = imad 508, u8, 510, #0x0
   513 = and 857, u76
   514 = bfeil #0, 10, #3, #0x0
   515 = imad 514, #64, 513, #0x0
   517 = and #7, 857
   518 = iadd 517, 515, #0x0
   520 = iadd #96, 518, #0x0
   521h, _ = split 520
   522 = local_load 521h, #0, x, #0x0
   523h = fadd 522, #-0.000000
   device_store 523h, u44:u45, 511.abs, x, #0x0, slot 0
} -> block56  from block53

block55 {
   else_fcmp #0.000000, #0.000000, #0xaaab56bb5230, n=1
   pop_exec #0x0, n=1
} -> block56  from block53

block56 {
} -> block58  from block54 block55

block57 {
   else_fcmp #0.000000, #0.000000, #0xaaab56bb55e0, n=1
   pop_exec #0x0, n=1
} -> block58  from block43

block58 {
   threadgroup_barrier 
   if_icmp 16, #0, #0xaaab55602410, n=1
} -> block59 block60  from block56 block57

block59 {
   525 = get_sr #0x34
   526 = bfeil #0, 525, #1, #0x2
   528 = bfeil #0, 525, #4, #0x1
   529 = iadd 526, 528, #0x0
   530 = and 525, #1
   531 = bfeil #0, 525, #3, #0x1
   532 = iadd #0, 531, #0x0
   533 = iadd 532, 530, #0x0
   535 = iadd #0, 529, #0x0
   536 = and 535, u77
   537 = iadd 536, 533, #0x0
   538 = iadd #0, 537, #0x0
   539h, _ = split 538
   local_store 52, 539h, #0, x, #0x0
   540 = iadd 538, #4, #0x0
   541h, _ = split 540
   local_store 53, 541h, #0, x, #0x0
   543 = iadd u78, 538, #0x0
   544h, _ = split 543
   local_store 50, 544h, #0, x, #0x0
   546 = iadd u83, 538, #0x0
   547h, _ = split 546
   local_store 51, 547h, #0, x, #0x0
   549 = iadd u80, 538, #0x0
   550h, _ = split 549
   local_store 48, 550h, #0, x, #0x0
   552 = iadd u79, 538, #0x0
   553h, _ = split 552
   local_store 49, 553h, #0, x, #0x0
   555 = iadd u81, 538, #0x0
   556h, _ = split 555
   local_store 46, 556h, #0, x, #0x0
   558 = iadd u82, 538, #0x0
   559h, _ = split 558
   local_store 47, 559h, #0, x, #0x0
} -> block61  from block58

block60 {
   else_fcmp #0.000000, #0.000000, #0xaaab55602410, n=1
   pop_exec #0x0, n=1
} -> block61  from block58

block61 {
   threadgroup_barrier 
   if_icmp 43, u8, #0xaaab556136e0, n=1
} -> block62 block75  from block59 block60

block62 {
   560 = iadd 39, #8, #0x0
   561 = iadd #0, 15, #0x0
   562 = iadd 561, 560, #0x0
   if_icmp 562, u7, #0xaaab554d91c0, n=1
} -> block63 block64  from block61

block63 {
   564 = iadd 35, 43, #0x0
   565 = imad 562, u8, 564, #0x0
   567 = and 857, u76
   568 = bfeil #0, 10, #3, #0x0
   569 = imad 568, #64, 567, #0x0
   571 = and #7, 857
   572 = iadd 571, 569, #0x0
   573 = iadd #0, 572, #0x0
   574h, _ = split 573
   575 = local_load 574h, #0, x, #0x0
   576h = fadd 575, #-0.000000
   device_store 576h, u46:u47, 565.abs, x, #0x0, slot 0
} -> block65  from block62

block64 {
   else_fcmp #0.000000, #0.000000, #0xaaab554d91c0, n=1
   pop_exec #0x0, n=1
} -> block65  from block62

block65 {
   579 = iadd #9, 39, #0x0
   580 = iadd 561, 579, #0x0
   if_icmp 580, u7, #0xaaab56c81200, n=1
} -> block66 block67  from block63 block64

block66 {
   582 = iadd 35, 43, #0x0
   583 = imad 580, u8, 582, #0x0
   585 = and 857, u76
   586 = bfeil #0, 10, #3, #0x0
   587 = imad 586, #64, 585, #0x0
   589 = and #7, 857
   590 = iadd 589, 587, #0x0
   591 = iadd #32, 590, #0x0
   592h, _ = split 591
   593 = local_load 592h, #0, x, #0x0
   594h = fadd 593, #-0.000000
   device_store 594h, u48:u49, 583.abs, x, #0x0, slot 0
} -> block68  from block65

block67 {
   else_fcmp #0.000000, #0.000000, #0xaaab56c81200, n=1
   pop_exec #0x0, n=1
} -> block68  from block65

block68 {
   597 = iadd #10, 39, #0x0
   598 = iadd 561, 597, #0x0
   if_icmp 598, u7, #0xaaab5577b070, n=1
} -> block69 block70  from block66 block67

block69 {
   600 = iadd 35, 43, #0x0
   601 = imad 598, u8, 600, #0x0
   603 = and 857, u76
   604 = bfeil #0, 10, #3, #0x0
   605 = imad 604, #64, 603, #0x0
   607 = and #7, 857
   608 = iadd 607, 605, #0x0
   609 = iadd #64, 608, #0x0
   610h, _ = split 609
   611 = local_load 610h, #0, x, #0x0
   612h = fadd 611, #-0.000000
   device_store 612h, u50:u51, 601.abs, x, #0x0, slot 0
} -> block71  from block68

block70 {
   else_fcmp #0.000000, #0.000000, #0xaaab5577b070, n=1
   pop_exec #0x0, n=1
} -> block71  from block68

block71 {
   615 = iadd #11, 39, #0x0
   616 = iadd 561, 615, #0x0
   if_icmp 616, u7, #0xaaab556132b0, n=1
} -> block72 block73  from block69 block70

block72 {
   618 = iadd 35, 43, #0x0
   619 = imad 616, u8, 618, #0x0
   621 = and 857, u76
   622 = bfeil #0, 10, #3, #0x0
   623 = imad 622, #64, 621, #0x0
   625 = and #7, 857
   626 = iadd 625, 623, #0x0
   628 = iadd #96, 626, #0x0
   629h, _ = split 628
   630 = local_load 629h, #0, x, #0x0
   631h = fadd 630, #-0.000000
   device_store 631h, u52:u53, 619.abs, x, #0x0, slot 0
} -> block74  from block71

block73 {
   else_fcmp #0.000000, #0.000000, #0xaaab556132b0, n=1
   pop_exec #0x0, n=1
} -> block74  from block71

block74 {
} -> block76  from block72 block73

block75 {
   else_fcmp #0.000000, #0.000000, #0xaaab556136e0, n=1
   pop_exec #0x0, n=1
} -> block76  from block61

block76 {
   threadgroup_barrier 
   if_icmp 16, #2, #0xaaab554c8470, n=1
} -> block77 block78  from block74 block75

block77 {
   634 = get_sr #0x34
   635 = bfeil #0, 634, #1, #0x2
   637 = bfeil #0, 634, #4, #0x1
   638 = iadd 635, 637, #0x0
   639 = and 634, #1
   640 = bfeil #0, 634, #3, #0x1
   641 = iadd #0, 640, #0x0
   642 = iadd 641, 639, #0x0
   644 = iadd #0, 638, #0x0
   645 = and 644, u77
   646 = iadd 645, 642, #0x0
   647 = iadd #0, 646, #0x0
   648h, _ = split 647
   local_store 60, 648h, #0, x, #0x0
   649 = iadd 647, #4, #0x0
   650h, _ = split 649
   local_store 61, 650h, #0, x, #0x0
   652 = iadd u78, 647, #0x0
   653h, _ = split 652
   local_store 58, 653h, #0, x, #0x0
   655 = iadd u83, 647, #0x0
   656h, _ = split 655
   local_store 59, 656h, #0, x, #0x0
   658 = iadd u80, 647, #0x0
   659h, _ = split 658
   local_store 56, 659h, #0, x, #0x0
   661 = iadd u79, 647, #0x0
   662h, _ = split 661
   local_store 57, 662h, #0, x, #0x0
   664 = iadd u81, 647, #0x0
   665h, _ = split 664
   local_store 54, 665h, #0, x, #0x0
   667 = iadd u82, 647, #0x0
   668h, _ = split 667
   local_store 55, 668h, #0, x, #0x0
} -> block79  from block76

block78 {
   else_fcmp #0.000000, #0.000000, #0xaaab554c8470, n=1
   pop_exec #0x0, n=1
} -> block79  from block76

block79 {
   threadgroup_barrier 
   if_icmp 43, u8, #0xaaab56c22ad0, n=1
} -> block80 block93  from block77 block78

block80 {
   670 = iadd 39, #16, #0x0
   671 = iadd #0, 15, #0x0
   672 = iadd 671, 670, #0x0
   if_icmp 672, u7, #0xaaab555e52b0, n=1
} -> block81 block82  from block79

block81 {
   674 = iadd 35, 43, #0x0
   675 = imad 672, u8, 674, #0x0
   677 = and 857, u76
   678 = bfeil #0, 10, #3, #0x0
   679 = imad 678, #64, 677, #0x0
   681 = and #7, 857
   682 = iadd 681, 679, #0x0
   683 = iadd #0, 682, #0x0
   684h, _ = split 683
   685 = local_load 684h, #0, x, #0x0
   686h = fadd 685, #-0.000000
   device_store 686h, u54:u55, 675.abs, x, #0x0, slot 0
} -> block83  from block80

block82 {
   else_fcmp #0.000000, #0.000000, #0xaaab555e52b0, n=1
   pop_exec #0x0, n=1
} -> block83  from block80

block83 {
   689 = iadd #17, 39, #0x0
   690 = iadd 671, 689, #0x0
   if_icmp 690, u7, #0xaaab554fb620, n=1
} -> block84 block85  from block81 block82

block84 {
   692 = iadd 35, 43, #0x0
   693 = imad 690, u8, 692, #0x0
   695 = and 857, u76
   696 = bfeil #0, 10, #3, #0x0
   697 = imad 696, #64, 695, #0x0
   699 = and #7, 857
   700 = iadd 699, 697, #0x0
   701 = iadd #32, 700, #0x0
   702h, _ = split 701
   703 = local_load 702h, #0, x, #0x0
   704h = fadd 703, #-0.000000
   device_store 704h, u56:u57, 693.abs, x, #0x0, slot 0
} -> block86  from block83

block85 {
   else_fcmp #0.000000, #0.000000, #0xaaab554fb620, n=1
   pop_exec #0x0, n=1
} -> block86  from block83

block86 {
   707 = iadd #18, 39, #0x0
   708 = iadd 671, 707, #0x0
   if_icmp 708, u7, #0xaaab555a4490, n=1
} -> block87 block88  from block84 block85

block87 {
   710 = iadd 35, 43, #0x0
   711 = imad 708, u8, 710, #0x0
   713 = and 857, u76
   714 = bfeil #0, 10, #3, #0x0
   715 = imad 714, #64, 713, #0x0
   717 = and #7, 857
   718 = iadd 717, 715, #0x0
   719 = iadd #64, 718, #0x0
   720h, _ = split 719
   721 = local_load 720h, #0, x, #0x0
   722h = fadd 721, #-0.000000
   device_store 722h, u58:u59, 711.abs, x, #0x0, slot 0
} -> block89  from block86

block88 {
   else_fcmp #0.000000, #0.000000, #0xaaab555a4490, n=1
   pop_exec #0x0, n=1
} -> block89  from block86

block89 {
   725 = iadd #19, 39, #0x0
   726 = iadd 671, 725, #0x0
   if_icmp 726, u7, #0xaaab555a5a40, n=1
} -> block90 block91  from block87 block88

block90 {
   728 = iadd 35, 43, #0x0
   729 = imad 726, u8, 728, #0x0
   731 = and 857, u76
   732 = bfeil #0, 10, #3, #0x0
   733 = imad 732, #64, 731, #0x0
   735 = and #7, 857
   736 = iadd 735, 733, #0x0
   738 = iadd #96, 736, #0x0
   739h, _ = split 738
   740 = local_load 739h, #0, x, #0x0
   741h = fadd 740, #-0.000000
   device_store 741h, u60:u61, 729.abs, x, #0x0, slot 0
} -> block92  from block89

block91 {
   else_fcmp #0.000000, #0.000000, #0xaaab555a5a40, n=1
   pop_exec #0x0, n=1
} -> block92  from block89

block92 {
} -> block94  from block90 block91

block93 {
   else_fcmp #0.000000, #0.000000, #0xaaab56c22ad0, n=1
   pop_exec #0x0, n=1
} -> block94  from block79

block94 {
   threadgroup_barrier 
   if_icmp 16, #2, #0xaaab5576e400, n=1
} -> block95 block96  from block92 block93

block95 {
   743 = get_sr #0x34
   744 = bfeil #0, 743, #1, #0x2
   746 = bfeil #0, 743, #4, #0x1
   747 = iadd 744, 746, #0x0
   748 = and 743, #1
   749 = bfeil #0, 743, #3, #0x1
   750 = iadd #0, 749, #0x0
   751 = iadd 750, 748, #0x0
   753 = iadd #0, 747, #0x0
   754 = and 753, u77
   755 = iadd 754, 751, #0x0
   756 = iadd #0, 755, #0x0
   757h, _ = split 756
   local_store 52, 757h, #0, x, #0x0
   758 = iadd 756, #4, #0x0
   759h, _ = split 758
   local_store 53, 759h, #0, x, #0x0
   761 = iadd u78, 756, #0x0
   762h, _ = split 761
   local_store 50, 762h, #0, x, #0x0
   764 = iadd u83, 756, #0x0
   765h, _ = split 764
   local_store 51, 765h, #0, x, #0x0
   767 = iadd u80, 756, #0x0
   768h, _ = split 767
   local_store 48, 768h, #0, x, #0x0
   770 = iadd u79, 756, #0x0
   771h, _ = split 770
   local_store 49, 771h, #0, x, #0x0
   773 = iadd u81, 756, #0x0
   774h, _ = split 773
   local_store 46, 774h, #0, x, #0x0
   776 = iadd u82, 756, #0x0
   777h, _ = split 776
   local_store 47, 777h, #0, x, #0x0
} -> block97  from block94

block96 {
   else_fcmp #0.000000, #0.000000, #0xaaab5576e400, n=1
   pop_exec #0x0, n=1
} -> block97  from block94

block97 {
   threadgroup_barrier 
   if_icmp 43, u8, #0xaaab557058f0, n=1
} -> block98 block111  from block95 block96

block98 {
   779 = iadd 39, #24, #0x0
   780 = iadd #0, 15, #0x0
   781 = iadd 780, 779, #0x0
   if_icmp 781, u7, #0xaaab5576fb60, n=1
} -> block99 block100  from block97

block99 {
   783 = iadd 35, 43, #0x0
   784 = imad 781, u8, 783, #0x0
   786 = and 857, u76
   787 = bfeil #0, 10, #3, #0x0
   788 = imad 787, #64, 786, #0x0
   790 = and #7, 857
   791 = iadd 790, 788, #0x0
   792 = iadd #0, 791, #0x0
   793h, _ = split 792
   794 = local_load 793h, #0, x, #0x0
   795h = fadd 794, #-0.000000
   device_store 795h, u62:u63, 784.abs, x, #0x0, slot 0
} -> block101  from block98

block100 {
   else_fcmp #0.000000, #0.000000, #0xaaab5576fb60, n=1
   pop_exec #0x0, n=1
} -> block101  from block98

block101 {
   798 = iadd #25, 39, #0x0
   799 = iadd 780, 798, #0x0
   if_icmp 799, u7, #0xaaab55566fe0, n=1
} -> block102 block103  from block99 block100

block102 {
   801 = iadd 35, 43, #0x0
   802 = imad 799, u8, 801, #0x0
   804 = and 857, u76
   805 = bfeil #0, 10, #3, #0x0
   806 = imad 805, #64, 804, #0x0
   808 = and #7, 857
   809 = iadd 808, 806, #0x0
   810 = iadd #32, 809, #0x0
   811h, _ = split 810
   812 = local_load 811h, #0, x, #0x0
   813h = fadd 812, #-0.000000
   device_store 813h, u64:u65, 802.abs, x, #0x0, slot 0
} -> block104  from block101

block103 {
   else_fcmp #0.000000, #0.000000, #0xaaab55566fe0, n=1
   pop_exec #0x0, n=1
} -> block104  from block101

block104 {
   816 = iadd #26, 39, #0x0
   817 = iadd 780, 816, #0x0
   if_icmp 817, u7, #0xaaab554c6b80, n=1
} -> block105 block106  from block102 block103

block105 {
   819 = iadd 35, 43, #0x0
   820 = imad 817, u8, 819, #0x0
   822 = and 857, u76
   823 = bfeil #0, 10, #3, #0x0
   824 = imad 823, #64, 822, #0x0
   826 = and #7, 857
   827 = iadd 826, 824, #0x0
   828 = iadd #64, 827, #0x0
   829h, _ = split 828
   830 = local_load 829h, #0, x, #0x0
   831h = fadd 830, #-0.000000
   device_store 831h, u66:u67, 820.abs, x, #0x0, slot 0
} -> block107  from block104

block106 {
   else_fcmp #0.000000, #0.000000, #0xaaab554c6b80, n=1
   pop_exec #0x0, n=1
} -> block107  from block104

block107 {
   834 = iadd #27, 39, #0x0
   835 = iadd 780, 834, #0x0
   if_icmp 835, u7, #0xaaab55705450, n=1
} -> block108 block109  from block105 block106

block108 {
   837 = iadd 35, 43, #0x0
   838 = imad 835, u8, 837, #0x0
   840 = and 857, u76
   841 = bfeil #0, 10, #3, #0x0
   842 = imad 841, #64, 840, #0x0
   844 = and #7, 857
   845 = iadd 844, 842, #0x0
   847 = iadd #96, 845, #0x0
   848h, _ = split 847
   849 = local_load 848h, #0, x, #0x0
   850h = fadd 849, #-0.000000
   device_store 850h, u68:u69, 838.abs, x, #0x0, slot 0
} -> block110  from block107

block109 {
   else_fcmp #0.000000, #0.000000, #0xaaab55705450, n=1
   pop_exec #0x0, n=1
} -> block110  from block107

block110 {
} -> block112  from block108 block109

block111 {
   else_fcmp #0.000000, #0.000000, #0xaaab557058f0, n=1
   pop_exec #0x0, n=1
} -> block112  from block97

block112 {
   threadgroup_barrier 
   853 = iadd 41, u70, #0x0
   jmp_exec_any #0xaaab53ee1500
   pop_exec #0x0, n=1
} -> block9  from block110 block111

block113 {
   855 = iadd 37, u74, #0x0
   jmp_exec_any #0xaaab54c2e520
   pop_exec #0x0, n=1
} -> block5  from block10

block114 {
   856 = iadd 21, #1, #0x0
   jmp_exec_any #0xaaab54c15e00
   pop_exec #0x0, n=1
} -> block1  from block6

block115 {
   stop 
} from block2

block0 {
   $r1 = get_sr #0x30
   $r2 = get_sr #0x35
   r3 = and $r1, #31
   r4 = bfeil #0, r1, #5, #0x0
   r5 = iadd #0, r2, #0x0
   r0l = mov_imm #0x0
   r6 = mov_imm #0x0
} -> block1 

block1 {
} -> block2 block3  from block0 block114

block2 {
} -> block115  from block1

block3 {
} -> block4  from block1

block4 {
   while_icmp $r6, u4, #0x0, n=1
   jmp_exec_none_after #0xaaab555e89b0
   r7 = get_sr #0x0
   $r8 = get_sr #0x1
   $r9 = imad $r6, u7, #0, #0x0
   $r10 = imad u9, $r9, u15, #0x0
   r10 = bfeil #0, r10, #1, #0x0
   r11 = imad $r6, u5, u16, #0x0
   $r12 = imad r6, u6, #0, #0x0
   r13 = iadd u19, $r12, #0x0
   r12 = iadd u18, r12, #0x0
   r9 = imad u8, r9, u17, #0x0
   r8 = iadd r8, u21, #0x0
   if_fcmp #0.000000, #0.000000, #0x0, n=1
} -> block5  from block3

block5 {
} -> block6 block7  from block4 block113

block6 {
} -> block114  from block5

block7 {
} -> block8  from block5

block8 {
   while_icmp $r8, u10, #0x0, n=1
   jmp_exec_none_after #0xaaab53dee250
   r14 = bfi #0, r8, #5, #0x0
   r15 = iadd r7, u20, #0x0
   if_fcmp #0.000000, #0.000000, #0x0, n=1
} -> block9  from block7

block9 {
} -> block10 block11  from block8 block112

block10 {
} -> block113  from block9

block11 {
} -> block12  from block9

block12 {
   while_icmp $r15, u11, #0x0, n=1
   jmp_exec_none_after #0xaaab55705ad0
   $r16 = imad r15, #32, r3, #0x0
   r17 = imad r16, u12, #0, #0x0
   r18 = mov_imm #0x0
   r19 = mov_imm #0x0
   r20 = mov_imm #0x0
   r21 = mov_imm #0x0
   r22 = mov_imm #0x0
   r23 = mov_imm #0x0
   r24 = mov_imm #0x0
   r25 = mov_imm #0x0
   r26 = mov_imm #0x0
   r27 = mov_imm #0x0
   r28 = mov_imm #0x0
   r29 = mov_imm #0x0
   r30 = mov_imm #0x0
   r31 = mov_imm #0x0
   r32 = mov_imm #0x0
   r33 = mov_imm #0x0
   r34 = mov_imm #0x0
   if_fcmp #0.000000, #0.000000, #0x0, n=1
} -> block13  from block11

block13 {
} -> block14 block15  from block12 block39

block14 {
} -> block40  from block13

block15 {
} -> block16  from block13

block16 {
   while_icmp r34, u12, #0x0, n=1
   jmp_exec_none_after #0xaaab54bd03e0
   if_icmp r16, u8, #0xaaab54a44e40, n=1
} -> block17 block18  from block15

block17 {
   $r35 = iadd r13, $r34, #0x0
   r35 = iadd $r17, r35, #0x0
   r0h = device_load u24:u25, r35.abs, x, #0x0, slot 0
   $r35 = iadd r12, r34, #0x0
   r35 = iadd r17, r35, #0x0
   r35l = device_load u26:u27, r35.abs, x, #0x0, slot 1
   wait #0x0, slot 0
   wait #0x0, slot 1
} -> block19  from block16

block18 {
   else_fcmp #0.000000, #0.000000, #0xaaab54a44e40, n=1
   r35l = mov_imm #0x0
   r0h = mov_imm #0x0
   pop_exec #0x0, n=1
} -> block19  from block16

block19 {
   r36 = mov_imm #0x0
   if_fcmp #0.000000, #0.000000, #0x0, n=1
} -> block20  from block17 block18

block20 {
} -> block21 block22  from block19 block38

block21 {
} -> block39  from block20

block22 {
} -> block23  from block20

block23 {
   while_icmp $r36, #4, #0x0, n=1
   jmp_exec_none_after #0xaaab54998930
   $r37 = bfi #0, r34, #6, #0x0
   r37 = iadd r37, r36, #0x0
   $r38 = bfeil #0, r1, #3, #0x0
   r39 = iadd r14, r38, #0x0
   if_icmp r39, u7, #0xaaab54aa7480, n=1
} -> block24 block25  from block22

block24 {
   $r40 = bfeil #0, r37, #1, #0x0
   $r40 = iadd r10, r40, #0x0
   $r39 = imad r39, u14, r40, #0x0
   $r40 = and r1, #7
   r39 = iadd r40, r39, #0x0
   r39 = device_load u28:u29, r39.abs, x, #0x0, slot 0
   wait #0x0, slot 0
} -> block26  from block23

block25 {
   else_fcmp #0.000000, #0.000000, #0xaaab54aa7480, n=1
   r39 = mov_imm #0x0
   pop_exec #0x0, n=1
} -> block26  from block23

block26 {
   $r40 = iadd r1, #64, #0x0
   $r41 = bfeil #0, r40, #3, #0x0
   r42 = iadd r14, r41, #0x0
   if_icmp r42, u7, #0xaaab54c31bc0, n=1
} -> block27 block28  from block24 block25

block27 {
   $r43 = bfeil #0, r37, #1, #0x0
   $r43 = iadd r10, r43, #0x0
   $r42 = imad r42, u14, r43, #0x0
   $r43 = and r40, #7
   r42 = iadd r43, r42, #0x0
   r42 = device_load u30:u31, r42.abs, x, #0x0, slot 0
   wait #0x0, slot 0
} -> block29  from block26

block28 {
   else_fcmp #0.000000, #0.000000, #0xaaab54c31bc0, n=1
   r42 = mov_imm #0x0
   pop_exec #0x0, n=1
} -> block29  from block26

block29 {
   $r43 = iadd r1, #128, #0x0
   $r44 = bfeil #0, r43, #3, #0x0
   r45 = iadd r14, r44, #0x0
   if_icmp r45, u7, #0xaaab54bc5ec0, n=1
} -> block30 block31  from block27 block28

block30 {
   $r46 = bfeil #0, r37, #1, #0x0
   $r46 = iadd r10, r46, #0x0
   $r45 = imad r45, u14, r46, #0x0
   $r46 = and r43, #7
   r45 = iadd r46, r45, #0x0
   r45 = device_load u32:u33, r45.abs, x, #0x0, slot 0
   wait #0x0, slot 0
} -> block32  from block29

block31 {
   else_fcmp #0.000000, #0.000000, #0xaaab54bc5ec0, n=1
   r45 = mov_imm #0x0
   pop_exec #0x0, n=1
} -> block32  from block29

block32 {
   $r46 = iadd r1, #192, #0x0
   $r47 = bfeil #0, r46, #3, #0x0
   r48 = iadd r14, r47, #0x0
   if_icmp r48, u7, #0xaaab54939150, n=1
} -> block33 block34  from block30 block31

block33 {
   $r49 = bfeil #0, r37, #1, #0x0
   $r49 = iadd r10, r49, #0x0
   $r48 = imad r48, u14, r49, #0x0
   $r49 = and r46, #7
   r48 = iadd r49, r48, #0x0
   r48 = device_load u34:u35, r48.abs, x, #0x0, slot 0
   wait #0x0, slot 0
} -> block35  from block32

block34 {
   else_fcmp #0.000000, #0.000000, #0xaaab54939150, n=1
   r48 = mov_imm #0x0
   pop_exec #0x0, n=1
} -> block35  from block32

block35 {
   $r38 = bfi #0, r38, #6, #0x0
   $r49 = and r1, #7
   $r38 = iadd r38, r49, #0x0
   r35h = mov1 $r38l, #0
   r49 = fadd r39l, #-0.000000
   local_store r49, r35h, #0, x, #0x0
   r38 = iadd r38, #4, #0x0
   r49 = fadd r39h, #-0.000000
   local_store r49, r38l, #0, x, #0x0
   $r38 = bfi #0, r41, #6, #0x0
   $r39 = and r40, #7
   $r38 = iadd r38, r39, #0x0
   r35h = mov1 $r38l, #0
   r39 = fadd r42l, #-0.000000
   local_store r39, r35h, #0, x, #0x0
   r38 = iadd r38, #4, #0x0
   r39 = fadd r42h, #-0.000000
   local_store r39, r38l, #0, x, #0x0
   $r38 = bfi #0, r44, #6, #0x0
   $r39 = and r43, #7
   $r38 = iadd r38, r39, #0x0
   r35h = mov1 $r38l, #0
   r39 = fadd r45l, #-0.000000
   local_store r39, r35h, #0, x, #0x0
   r38 = iadd r38, #4, #0x0
   r39 = fadd r45h, #-0.000000
   local_store r39, r38l, #0, x, #0x0
   $r38 = bfi #0, r47, #6, #0x0
   $r39 = and r46, #7
   $r38 = iadd r38, r39, #0x0
   r35h = mov1 $r38l, #0
   r39 = fadd r48l, #-0.000000
   local_store r39, r35h, #0, x, #0x0
   r38 = iadd r38, #4, #0x0
   r39 = fadd r48h, #-0.000000
   local_store r39, r38l, #0, x, #0x0
   if_icmp r16, u8, #0xaaab54be61e0, n=1
} -> block36 block37  from block33 block34

block36 {
   $r37 = bfeil #0, r37, #3, #0x0
   $r37 = iadd r11, r37, #0x0
   $r37 = iadd r37, r4, #0x0
   r37 = imad r16, u13, r37, #0x0
   r37 = device_load u36:u37, r37.abs, x, #0x0, slot 0
   wait #0x0, slot 0
} -> block38  from block35

block37 {
   else_fcmp #0.000000, #0.000000, #0xaaab54be61e0, n=1
   r37 = mov_imm #0x0
   pop_exec #0x0, n=1
} -> block38  from block35

block38 {
   $r38 = imad r4, u78, r3, #0x0
   $r38 = iadd #0, r38, #0x0
   r39 = iadd u84, $r38, #0x0
   r40 = and $r37, #15
   $r40 = convert #10, r40, #0x1
   r40 = ffma $r0h, r40, $r35l
   local_store r40, r39l, #0, x, #0x0
   r39 = iadd u86, $r38, #0x0
   r40 = bfeil #0, $r37, #4, #0x4
   $r40 = convert #10, r40, #0x1
   r40 = ffma $r0h, r40, $r35l
   local_store r40, r39l, #0, x, #0x0
   r39 = iadd u95, $r38, #0x0
   r40 = bfeil #0, $r37, #8, #0x4
   $r40 = convert #10, r40, #0x1
   r40 = ffma $r0h, r40, $r35l
   local_store r40, r39l, #0, x, #0x0
   r39 = iadd u107, $r38, #0x0
   r40 = bfeil #0, $r37, #12, #0x4
   $r40 = convert #10, r40, #0x1
   r40 = ffma $r0h, r40, $r35l
   local_store r40, r39l, #0, x, #0x0
   r39 = iadd u94, $r38, #0x0
   $r35h = mov1 $r37h, #0
   r40 = and r35h, #15
   $r40 = convert #10, r40, #0x1
   r40 = ffma $r0h, r40, $r35l
   local_store r40, r39l, #0, x, #0x0
   r39 = iadd u105, $r38, #0x0
   r40 = bfeil #0, $r37, #20, #0x4
   $r40 = convert #10, r40, #0x1
   r40 = ffma $r0h, r40, $r35l
   local_store r40, r39l, #0, x, #0x0
   r39 = iadd u91, $r38, #0x0
   r40 = bfeil #0, $r37, #24, #0x4
   $r40 = convert #10, r40, #0x1
   r40 = ffma $r0h, r40, $r35l
   local_store r40, r39l, #0, x, #0x0
   r38 = iadd u106, r38, #0x0
   r37 = bfeil #0, r37, #28, #0x0
   $r37 = convert #10, r37, #0x1
   r37 = ffma r0h, r37, r35l
   local_store r37, r38l, #0, x, #0x0
   $r37 = get_sr #0x34
   $r38 = bfeil #0, $r37, #4, #0x1
   $r39 = bfeil #0, $r37, #1, #0x2
   $r38 = iadd r39, r38, #0x0
   $r39 = bfeil #0, $r37, #3, #0x1
   $r37 = and r37, #1
   $r39 = iadd #0, r39, #0x0
   $r37 = iadd r39, r37, #0x0
   $r39 = iadd #0, $r38, #0x0
   $r39 = and r39, u77
   $r40 = imad r2, u78, $r37, #0x0
   $r39 = iadd r39, r40, #0x0
   $r38 = bfi #0, r38, #5, #0x0
   $r38 = and r38, u77
   $r37 = iadd r38, r37, #0x0
   $r38 = iadd #0, r39, #0x0
   r39 = iadd $r38, #4, #0x0
   r40 = iadd $r38, u80, #0x0
   r41 = iadd u79, $r38, #0x0
   $r37 = iadd #0, r37, #0x0
   r42 = iadd u84, $r37, #0x0
   r43 = iadd u96, $r37, #0x0
   r44 = iadd u97, $r37, #0x0
   r45 = iadd u98, $r37, #0x0
   threadgroup_barrier 
   r35h = mov1 $r38l, #0
   r46 = local_load r35h, #0, x, #0x0
   r47 = local_load r39l, #0, x, #0x0
   r48 = local_load r40l, #0, x, #0x0
   r49 = local_load r41l, #0, x, #0x0
   r40 = local_load r42l, #0, x, #0x0
   r41 = local_load r43l, #0, x, #0x0
   r42 = local_load r44l, #0, x, #0x0
   r43 = local_load r45l, #0, x, #0x0
   r30...r31 = simd_matrix_fmadd32 r46...r47, r42...r43, r30...r31
   r22...r23 = simd_matrix_fmadd32 r48...r49, r42...r43, r22...r23
   r39 = iadd u100, $r37, #0x0
   r42 = iadd u99, $r37, #0x0
   r44 = local_load r39l, #0, x, #0x0
   r45 = local_load r42l, #0, x, #0x0
   r28...r29 = simd_matrix_fmadd32 r46...r47, r44...r45, r28...r29
   r20...r21 = simd_matrix_fmadd32 r48...r49, r44...r45, r20...r21
   r39 = iadd u104, $r37, #0x0
   r42 = iadd u103, $r37, #0x0
   r44 = local_load r39l, #0, x, #0x0
   r45 = local_load r42l, #0, x, #0x0
   r26...r27 = simd_matrix_fmadd32 r46...r47, r44...r45, r26...r27
   r18...r19 = simd_matrix_fmadd32 r48...r49, r44...r45, r18...r19
   r24...r25 = simd_matrix_fmadd32 r48...r49, r40...r41, r24...r25
   r32...r33 = simd_matrix_fmadd32 r46...r47, r40...r41, r32...r33
   r39 = iadd $r38, #32, #0x0
   r40 = iadd #36, $r38, #0x0
   r41 = iadd $r38, u101, #0x0
   r38 = iadd u102, r38, #0x0
   r42 = iadd u90, $r37, #0x0
   r43 = iadd u89, $r37, #0x0
   r44 = iadd u93, $r37, #0x0
   r45 = iadd u92, $r37, #0x0
   r46 = local_load r39l, #0, x, #0x0
   r47 = local_load r40l, #0, x, #0x0
   r48 = local_load r41l, #0, x, #0x0
   r49 = local_load r38l, #0, x, #0x0
   r38 = local_load r42l, #0, x, #0x0
   r39 = local_load r43l, #0, x, #0x0
   r40 = local_load r44l, #0, x, #0x0
   r41 = local_load r45l, #0, x, #0x0
   r30...r31 = simd_matrix_fmadd32 r46...r47, r40...r41, r30...r31
   r22...r23 = simd_matrix_fmadd32 r48...r49, r40...r41, r22...r23
   r40 = iadd u108, $r37, #0x0
   r41 = iadd u85, $r37, #0x0
   r42 = local_load r40l, #0, x, #0x0
   r43 = local_load r41l, #0, x, #0x0
   r28...r29 = simd_matrix_fmadd32 r46...r47, r42...r43, r28...r29
   r20...r21 = simd_matrix_fmadd32 r48...r49, r42...r43, r20...r21
   r40 = iadd u87, $r37, #0x0
   r37 = iadd u88, r37, #0x0
   r40 = local_load r40l, #0, x, #0x0
   r41 = local_load r37l, #0, x, #0x0
   r26...r27 = simd_matrix_fmadd32 r46...r47, r40...r41, r26...r27
   r18...r19 = simd_matrix_fmadd32 r48...r49, r40...r41, r18...r19
   r24...r25 = simd_matrix_fmadd32 r48...r49, r38...r39, r24...r25
   r32...r33 = simd_matrix_fmadd32 r46...r47, r38...r39, r32...r33
   r36 = iadd r36, #1, #0x0
   threadgroup_barrier 
   jmp_exec_any #0xaaab549892e0
   pop_exec #0x0, n=1
} -> block20  from block36 block37

block39 {
   r34 = iadd r34, #1, #0x0
   jmp_exec_any #0xaaab54b672b0
   pop_exec #0x0, n=1
} -> block13  from block21

block40 {
   if_icmp r5, #0, #0xaaab54859180, n=1
} -> block41 block42  from block14

block41 {
   $r17 = get_sr #0x34
   $r34 = bfeil #0, $r17, #1, #0x2
   $r35 = bfeil #0, $r17, #4, #0x1
   $r34 = iadd r34, r35, #0x0
   $r35 = and $r17, #1
   $r17 = bfeil #0, r17, #3, #0x1
   $r17 = iadd #0, r17, #0x0
   $r17 = iadd r17, r35, #0x0
   $r34 = iadd #0, r34, #0x0
   $r34 = and r34, u77
   $r17 = iadd r34, r17, #0x0
   $r17 = iadd #0, r17, #0x0
   r0h = mov1 $r17l, #0
   local_store r32, r0h, #0, x, #0x0
   r34 = iadd $r17, #4, #0x0
   local_store r33, r34l, #0, x, #0x0
   r34 = iadd u78, $r17, #0x0
   local_store r30, r34l, #0, x, #0x0
   r34 = iadd u83, $r17, #0x0
   local_store r31, r34l, #0, x, #0x0
   r34 = iadd u80, $r17, #0x0
   local_store r28, r34l, #0, x, #0x0
   r34 = iadd u79, $r17, #0x0
   local_store r29, r34l, #0, x, #0x0
   r34 = iadd u81, $r17, #0x0
   local_store r26, r34l, #0, x, #0x0
   r17 = iadd u82, r17, #0x0
   local_store r27, r17l, #0, x, #0x0
} -> block43  from block40

block42 {
   pop_exec #0x0, n=1
} -> block43  from block40

block43 {
   threadgroup_barrier 
   if_icmp r16, u8, #0xaaab56bb55e0, n=1
   jmp_exec_none #0xaaab56bb55e0
} -> block44 block57  from block41 block42

block44 {
   $r17 = iadd #0, r4, #0x0
   r34 = iadd r14, r17, #0x0
   if_icmp r34, u7, #0xaaab54850f40, n=1
} -> block45 block46  from block43

block45 {
   $r35 = iadd r9, r16, #0x0
   r34 = imad r34, u8, r35, #0x0
   $r35 = and $r1, u76
   $r36 = bfeil #0, r3, #3, #0x0
   $r35 = imad r36, #64, r35, #0x0
   $r36 = and #7, r1
   $r35 = iadd r36, r35, #0x0
   r35 = iadd #0, r35, #0x0
   $r35 = local_load r35l, #0, x, #0x0
   r0h = fadd r35, #-0.000000
   device_store r0h, u38:u39, r34.abs, x, #0x0, slot 0
   wait #0x0, slot 0
} -> block47  from block44

block46 {
   pop_exec #0x0, n=1
} -> block47  from block44

block47 {
   $r34 = iadd r14, #1, #0x0
   r34 = iadd r17, r34, #0x0
   if_icmp r34, u7, #0xaaab54857ba0, n=1
} -> block48 block49  from block45 block46

block48 {
   $r35 = iadd r9, r16, #0x0
   r34 = imad r34, u8, r35, #0x0
   $r35 = and $r1, u76
   $r36 = bfeil #0, r3, #3, #0x0
   $r35 = imad r36, #64, r35, #0x0
   $r36 = and #7, r1
   $r35 = iadd r36, r35, #0x0
   r35 = iadd #32, r35, #0x0
   $r35 = local_load r35l, #0, x, #0x0
   r0h = fadd r35, #-0.000000
   device_store r0h, u40:u41, r34.abs, x, #0x0, slot 0
   wait #0x0, slot 0
} -> block50  from block47

block49 {
   pop_exec #0x0, n=1
} -> block50  from block47

block50 {
   $r34 = iadd r14, #2, #0x0
   r34 = iadd r17, r34, #0x0
   if_icmp r34, u7, #0xaaab55810690, n=1
} -> block51 block52  from block48 block49

block51 {
   $r35 = iadd r9, r16, #0x0
   r34 = imad r34, u8, r35, #0x0
   $r35 = and $r1, u76
   $r36 = bfeil #0, r3, #3, #0x0
   $r35 = imad r36, #64, r35, #0x0
   $r36 = and #7, r1
   $r35 = iadd r36, r35, #0x0
   r35 = iadd #64, r35, #0x0
   $r35 = local_load r35l, #0, x, #0x0
   r0h = fadd r35, #-0.000000
   device_store r0h, u42:u43, r34.abs, x, #0x0, slot 0
   wait #0x0, slot 0
} -> block53  from block50

block52 {
   pop_exec #0x0, n=1
} -> block53  from block50

block53 {
   $r34 = iadd r14, #3, #0x0
   r17 = iadd r17, r34, #0x0
   if_icmp r17, u7, #0xaaab56bb5230, n=1
} -> block54 block55  from block51 block52

block54 {
   $r34 = iadd r9, r16, #0x0
   r17 = imad r17, u8, r34, #0x0
   $r34 = and $r1, u76
   $r35 = bfeil #0, r3, #3, #0x0
   $r34 = imad r35, #64, r34, #0x0
   $r35 = and #7, r1
   $r34 = iadd r35, r34, #0x0
   r34 = iadd #96, r34, #0x0
   $r34 = local_load r34l, #0, x, #0x0
   r0h = fadd r34, #-0.000000
   device_store r0h, u44:u45, r17.abs, x, #0x0, slot 0
   wait #0x0, slot 0
} -> block56  from block53

block55 {
   pop_exec #0x0, n=1
} -> block56  from block53

block56 {
} -> block58  from block54 block55

block57 {
   pop_exec #0x0, n=1
} -> block58  from block43

block58 {
   threadgroup_barrier 
   if_icmp r5, #0, #0xaaab55602410, n=1
} -> block59 block60  from block56 block57

block59 {
   $r17 = get_sr #0x34
   $r34 = bfeil #0, $r17, #1, #0x2
   $r35 = bfeil #0, $r17, #4, #0x1
   $r34 = iadd r34, r35, #0x0
   $r35 = and $r17, #1
   $r17 = bfeil #0, r17, #3, #0x1
   $r17 = iadd #0, r17, #0x0
   $r17 = iadd r17, r35, #0x0
   $r34 = iadd #0, r34, #0x0
   $r34 = and r34, u77
   $r17 = iadd r34, r17, #0x0
   $r17 = iadd #0, r17, #0x0
   r0h = mov1 $r17l, #0
   local_store r24, r0h, #0, x, #0x0
   r34 = iadd $r17, #4, #0x0
   local_store r25, r34l, #0, x, #0x0
   r34 = iadd u78, $r17, #0x0
   local_store r22, r34l, #0, x, #0x0
   r34 = iadd u83, $r17, #0x0
   local_store r23, r34l, #0, x, #0x0
   r34 = iadd u80, $r17, #0x0
   local_store r20, r34l, #0, x, #0x0
   r34 = iadd u79, $r17, #0x0
   local_store r21, r34l, #0, x, #0x0
   r34 = iadd u81, $r17, #0x0
   local_store r18, r34l, #0, x, #0x0
   r17 = iadd u82, r17, #0x0
   local_store r19, r17l, #0, x, #0x0
} -> block61  from block58

block60 {
   pop_exec #0x0, n=1
} -> block61  from block58

block61 {
   threadgroup_barrier 
   if_icmp r16, u8, #0xaaab556136e0, n=1
   jmp_exec_none #0xaaab556136e0
} -> block62 block75  from block59 block60

block62 {
   $r17 = iadd r14, #8, #0x0
   $r34 = iadd #0, r4, #0x0
   r17 = iadd r34, r17, #0x0
   if_icmp r17, u7, #0xaaab554d91c0, n=1
} -> block63 block64  from block61

block63 {
   $r35 = iadd r9, r16, #0x0
   r17 = imad r17, u8, r35, #0x0
   $r35 = and $r1, u76
   $r36 = bfeil #0, r3, #3, #0x0
   $r35 = imad r36, #64, r35, #0x0
   $r36 = and #7, r1
   $r35 = iadd r36, r35, #0x0
   r35 = iadd #0, r35, #0x0
   $r35 = local_load r35l, #0, x, #0x0
   r0h = fadd r35, #-0.000000
   device_store r0h, u46:u47, r17.abs, x, #0x0, slot 0
   wait #0x0, slot 0
} -> block65  from block62

block64 {
   pop_exec #0x0, n=1
} -> block65  from block62

block65 {
   $r17 = iadd #9, r14, #0x0
   r17 = iadd r34, r17, #0x0
   if_icmp r17, u7, #0xaaab56c81200, n=1
} -> block66 block67  from block63 block64

block66 {
   $r35 = iadd r9, r16, #0x0
   r17 = imad r17, u8, r35, #0x0
   $r35 = and $r1, u76
   $r36 = bfeil #0, r3, #3, #0x0
   $r35 = imad r36, #64, r35, #0x0
   $r36 = and #7, r1
   $r35 = iadd r36, r35, #0x0
   r35 = iadd #32, r35, #0x0
   $r35 = local_load r35l, #0, x, #0x0
   r0h = fadd r35, #-0.000000
   device_store r0h, u48:u49, r17.abs, x, #0x0, slot 0
   wait #0x0, slot 0
} -> block68  from block65

block67 {
   pop_exec #0x0, n=1
} -> block68  from block65

block68 {
   $r17 = iadd #10, r14, #0x0
   r17 = iadd r34, r17, #0x0
   if_icmp r17, u7, #0xaaab5577b070, n=1
} -> block69 block70  from block66 block67

block69 {
   $r35 = iadd r9, r16, #0x0
   r17 = imad r17, u8, r35, #0x0
   $r35 = and $r1, u76
   $r36 = bfeil #0, r3, #3, #0x0
   $r35 = imad r36, #64, r35, #0x0
   $r36 = and #7, r1
   $r35 = iadd r36, r35, #0x0
   r35 = iadd #64, r35, #0x0
   $r35 = local_load r35l, #0, x, #0x0
   r0h = fadd r35, #-0.000000
   device_store r0h, u50:u51, r17.abs, x, #0x0, slot 0
   wait #0x0, slot 0
} -> block71  from block68

block70 {
   pop_exec #0x0, n=1
} -> block71  from block68

block71 {
   $r17 = iadd #11, r14, #0x0
   r17 = iadd r34, r17, #0x0
   if_icmp r17, u7, #0xaaab556132b0, n=1
} -> block72 block73  from block69 block70

block72 {
   $r34 = iadd r9, r16, #0x0
   r17 = imad r17, u8, r34, #0x0
   $r34 = and $r1, u76
   $r35 = bfeil #0, r3, #3, #0x0
   $r34 = imad r35, #64, r34, #0x0
   $r35 = and #7, r1
   $r34 = iadd r35, r34, #0x0
   r34 = iadd #96, r34, #0x0
   $r34 = local_load r34l, #0, x, #0x0
   r0h = fadd r34, #-0.000000
   device_store r0h, u52:u53, r17.abs, x, #0x0, slot 0
   wait #0x0, slot 0
} -> block74  from block71

block73 {
   pop_exec #0x0, n=1
} -> block74  from block71

block74 {
} -> block76  from block72 block73

block75 {
   pop_exec #0x0, n=1
} -> block76  from block61

block76 {
   threadgroup_barrier 
   if_icmp r5, #2, #0xaaab554c8470, n=1
} -> block77 block78  from block74 block75

block77 {
   $r17 = get_sr #0x34
   $r34 = bfeil #0, $r17, #1, #0x2
   $r35 = bfeil #0, $r17, #4, #0x1
   $r34 = iadd r34, r35, #0x0
   $r35 = and $r17, #1
   $r17 = bfeil #0, r17, #3, #0x1
   $r17 = iadd #0, r17, #0x0
   $r17 = iadd r17, r35, #0x0
   $r34 = iadd #0, r34, #0x0
   $r34 = and r34, u77
   $r17 = iadd r34, r17, #0x0
   $r17 = iadd #0, r17, #0x0
   r0h = mov1 $r17l, #0
   local_store r32, r0h, #0, x, #0x0
   r32 = iadd $r17, #4, #0x0
   local_store r33, r32l, #0, x, #0x0
   r32 = iadd u78, $r17, #0x0
   local_store r30, r32l, #0, x, #0x0
   r30 = iadd u83, $r17, #0x0
   local_store r31, r30l, #0, x, #0x0
   r30 = iadd u80, $r17, #0x0
   local_store r28, r30l, #0, x, #0x0
   r28 = iadd u79, $r17, #0x0
   local_store r29, r28l, #0, x, #0x0
   r28 = iadd u81, $r17, #0x0
   local_store r26, r28l, #0, x, #0x0
   r17 = iadd u82, r17, #0x0
   local_store r27, r17l, #0, x, #0x0
} -> block79  from block76

block78 {
   pop_exec #0x0, n=1
} -> block79  from block76

block79 {
   threadgroup_barrier 
   if_icmp r16, u8, #0xaaab56c22ad0, n=1
   jmp_exec_none #0xaaab56c22ad0
} -> block80 block93  from block77 block78

block80 {
   $r17 = iadd r14, #16, #0x0
   $r26 = iadd #0, r4, #0x0
   r17 = iadd r26, r17, #0x0
   if_icmp r17, u7, #0xaaab555e52b0, n=1
} -> block81 block82  from block79

block81 {
   $r27 = iadd r9, r16, #0x0
   r17 = imad r17, u8, r27, #0x0
   $r27 = and $r1, u76
   $r28 = bfeil #0, r3, #3, #0x0
   $r27 = imad r28, #64, r27, #0x0
   $r28 = and #7, r1
   $r27 = iadd r28, r27, #0x0
   r27 = iadd #0, r27, #0x0
   $r27 = local_load r27l, #0, x, #0x0
   r0h = fadd r27, #-0.000000
   device_store r0h, u54:u55, r17.abs, x, #0x0, slot 0
   wait #0x0, slot 0
} -> block83  from block80

block82 {
   pop_exec #0x0, n=1
} -> block83  from block80

block83 {
   $r17 = iadd #17, r14, #0x0
   r17 = iadd r26, r17, #0x0
   if_icmp r17, u7, #0xaaab554fb620, n=1
} -> block84 block85  from block81 block82

block84 {
   $r27 = iadd r9, r16, #0x0
   r17 = imad r17, u8, r27, #0x0
   $r27 = and $r1, u76
   $r28 = bfeil #0, r3, #3, #0x0
   $r27 = imad r28, #64, r27, #0x0
   $r28 = and #7, r1
   $r27 = iadd r28, r27, #0x0
   r27 = iadd #32, r27, #0x0
   $r27 = local_load r27l, #0, x, #0x0
   r0h = fadd r27, #-0.000000
   device_store r0h, u56:u57, r17.abs, x, #0x0, slot 0
   wait #0x0, slot 0
} -> block86  from block83

block85 {
   pop_exec #0x0, n=1
} -> block86  from block83

block86 {
   $r17 = iadd #18, r14, #0x0
   r17 = iadd r26, r17, #0x0
   if_icmp r17, u7, #0xaaab555a4490, n=1
} -> block87 block88  from block84 block85

block87 {
   $r27 = iadd r9, r16, #0x0
   r17 = imad r17, u8, r27, #0x0
   $r27 = and $r1, u76
   $r28 = bfeil #0, r3, #3, #0x0
   $r27 = imad r28, #64, r27, #0x0
   $r28 = and #7, r1
   $r27 = iadd r28, r27, #0x0
   r27 = iadd #64, r27, #0x0
   $r27 = local_load r27l, #0, x, #0x0
   r0h = fadd r27, #-0.000000
   device_store r0h, u58:u59, r17.abs, x, #0x0, slot 0
   wait #0x0, slot 0
} -> block89  from block86

block88 {
   pop_exec #0x0, n=1
} -> block89  from block86

block89 {
   $r17 = iadd #19, r14, #0x0
   r17 = iadd r26, r17, #0x0
   if_icmp r17, u7, #0xaaab555a5a40, n=1
} -> block90 block91  from block87 block88

block90 {
   $r26 = iadd r9, r16, #0x0
   r17 = imad r17, u8, r26, #0x0
   $r26 = and $r1, u76
   $r27 = bfeil #0, r3, #3, #0x0
   $r26 = imad r27, #64, r26, #0x0
   $r27 = and #7, r1
   $r26 = iadd r27, r26, #0x0
   r26 = iadd #96, r26, #0x0
   $r26 = local_load r26l, #0, x, #0x0
   r0h = fadd r26, #-0.000000
   device_store r0h, u60:u61, r17.abs, x, #0x0, slot 0
   wait #0x0, slot 0
} -> block92  from block89

block91 {
   pop_exec #0x0, n=1
} -> block92  from block89

block92 {
} -> block94  from block90 block91

block93 {
   pop_exec #0x0, n=1
} -> block94  from block79

block94 {
   threadgroup_barrier 
   if_icmp r5, #2, #0xaaab5576e400, n=1
} -> block95 block96  from block92 block93

block95 {
   $r17 = get_sr #0x34
   $r26 = bfeil #0, $r17, #1, #0x2
   $r27 = bfeil #0, $r17, #4, #0x1
   $r26 = iadd r26, r27, #0x0
   $r27 = and $r17, #1
   $r17 = bfeil #0, r17, #3, #0x1
   $r17 = iadd #0, r17, #0x0
   $r17 = iadd r17, r27, #0x0
   $r26 = iadd #0, r26, #0x0
   $r26 = and r26, u77
   $r17 = iadd r26, r17, #0x0
   $r17 = iadd #0, r17, #0x0
   r0h = mov1 $r17l, #0
   local_store r24, r0h, #0, x, #0x0
   r24 = iadd $r17, #4, #0x0
   local_store r25, r24l, #0, x, #0x0
   r24 = iadd u78, $r17, #0x0
   local_store r22, r24l, #0, x, #0x0
   r22 = iadd u83, $r17, #0x0
   local_store r23, r22l, #0, x, #0x0
   r22 = iadd u80, $r17, #0x0
   local_store r20, r22l, #0, x, #0x0
   r20 = iadd u79, $r17, #0x0
   local_store r21, r20l, #0, x, #0x0
   r20 = iadd u81, $r17, #0x0
   local_store r18, r20l, #0, x, #0x0
   r17 = iadd u82, r17, #0x0
   local_store r19, r17l, #0, x, #0x0
} -> block97  from block94

block96 {
   pop_exec #0x0, n=1
} -> block97  from block94

block97 {
   threadgroup_barrier 
   if_icmp r16, u8, #0xaaab557058f0, n=1
   jmp_exec_none #0xaaab557058f0
} -> block98 block111  from block95 block96

block98 {
   $r17 = iadd r14, #24, #0x0
   $r18 = iadd #0, r4, #0x0
   r17 = iadd r18, r17, #0x0
   if_icmp r17, u7, #0xaaab5576fb60, n=1
} -> block99 block100  from block97

block99 {
   $r19 = iadd r9, r16, #0x0
   r17 = imad r17, u8, r19, #0x0
   $r19 = and $r1, u76
   $r20 = bfeil #0, r3, #3, #0x0
   $r19 = imad r20, #64, r19, #0x0
   $r20 = and #7, r1
   $r19 = iadd r20, r19, #0x0
   r19 = iadd #0, r19, #0x0
   $r19 = local_load r19l, #0, x, #0x0
   r0h = fadd r19, #-0.000000
   device_store r0h, u62:u63, r17.abs, x, #0x0, slot 0
   wait #0x0, slot 0
} -> block101  from block98

block100 {
   pop_exec #0x0, n=1
} -> block101  from block98

block101 {
   $r17 = iadd #25, r14, #0x0
   r17 = iadd r18, r17, #0x0
   if_icmp r17, u7, #0xaaab55566fe0, n=1
} -> block102 block103  from block99 block100

block102 {
   $r19 = iadd r9, r16, #0x0
   r17 = imad r17, u8, r19, #0x0
   $r19 = and $r1, u76
   $r20 = bfeil #0, r3, #3, #0x0
   $r19 = imad r20, #64, r19, #0x0
   $r20 = and #7, r1
   $r19 = iadd r20, r19, #0x0
   r19 = iadd #32, r19, #0x0
   $r19 = local_load r19l, #0, x, #0x0
   r0h = fadd r19, #-0.000000
   device_store r0h, u64:u65, r17.abs, x, #0x0, slot 0
   wait #0x0, slot 0
} -> block104  from block101

block103 {
   pop_exec #0x0, n=1
} -> block104  from block101

block104 {
   $r17 = iadd #26, r14, #0x0
   r17 = iadd r18, r17, #0x0
   if_icmp r17, u7, #0xaaab554c6b80, n=1
} -> block105 block106  from block102 block103

block105 {
   $r19 = iadd r9, r16, #0x0
   r17 = imad r17, u8, r19, #0x0
   $r19 = and $r1, u76
   $r20 = bfeil #0, r3, #3, #0x0
   $r19 = imad r20, #64, r19, #0x0
   $r20 = and #7, r1
   $r19 = iadd r20, r19, #0x0
   r19 = iadd #64, r19, #0x0
   $r19 = local_load r19l, #0, x, #0x0
   r0h = fadd r19, #-0.000000
   device_store r0h, u66:u67, r17.abs, x, #0x0, slot 0
   wait #0x0, slot 0
} -> block107  from block104

block106 {
   pop_exec #0x0, n=1
} -> block107  from block104

block107 {
   $r17 = iadd #27, r14, #0x0
   r17 = iadd r18, r17, #0x0
   if_icmp r17, u7, #0xaaab55705450, n=1
} -> block108 block109  from block105 block106

block108 {
   $r16 = iadd r9, r16, #0x0
   r16 = imad r17, u8, r16, #0x0
   $r17 = and $r1, u76
   $r18 = bfeil #0, r3, #3, #0x0
   $r17 = imad r18, #64, r17, #0x0
   $r18 = and #7, r1
   $r17 = iadd r18, r17, #0x0
   r17 = iadd #96, r17, #0x0
   $r17 = local_load r17l, #0, x, #0x0
   r0h = fadd r17, #-0.000000
   device_store r0h, u68:u69, r16.abs, x, #0x0, slot 0
   wait #0x0, slot 0
} -> block110  from block107

block109 {
   pop_exec #0x0, n=1
} -> block110  from block107

block110 {
} -> block112  from block108 block109

block111 {
   pop_exec #0x0, n=1
} -> block112  from block97

block112 {
   threadgroup_barrier 
   r15 = iadd r15, u70, #0x0
   jmp_exec_any #0xaaab53ee1500
   pop_exec #0x0, n=1
} -> block9  from block110 block111

block113 {
   r8 = iadd r8, u74, #0x0
   jmp_exec_any #0xaaab54c2e520
   pop_exec #0x0, n=1
} -> block5  from block10

block114 {
   r6 = iadd r6, #1, #0x0
   jmp_exec_any #0xaaab54c15e00
   pop_exec #0x0, n=1
} -> block1  from block6

block115 {
   stop 
} from block2

   0: f2053000               mov      $r1, thread_in_threadgroup_x
   4: f2093500               mov      $r2, simdgroup_index_in_threadgroup
   8: 7e0d82f28100           and      r3, $r1, 31
   e: 2e91002024050000       shr      r4, r1, 5
  16: 0e150040e4000000       iadd     r5, 0, r2.sx, lsl 1
  1e: 62000000               ldimm    r0l, 0
  22: 621900000000           ldimm    r6, 0
  28: 522c8c821800           while    $r6, u4, 1, ult
  2e: 20c06e130000           jmp_none 4974
  34: 721d0000               mov      r7, threadgroup_in_grid_x
  38: f2210100               mov      $r8, threadgroup_in_grid_y
  3c: 9e258ce658000000       imul     $r9, $r6.sx, u7.sx
  44: 9e299225699e0500       imadd    $r10, u9.sx, $r9.sx, u15.sx
  4c: 2ea9004025010000       shr      r10, r10, 1
  54: 1e2d8ca658a00500       imadd    r11, $r6.sx, u5.sx, u16.sx
  5c: 9e314cc658000000       imul     $r12, r6.sx, u6.sx
  64: 0e35a68569000000       iadd     r13, u19.sx, $r12.sx
  6c: 0e31a48565000000       iadd     r12, u18.sx, r12.sx
  74: 1e25902565a20500       imadd    r9, u8.sx, r9.sx, u17.sx
  7c: 0e2150a65a000000       iadd     r8, r8.sx, u21.sx
  84: 420800000000           if       0.0, 0.0, 1, feq
  8a: 522c90421900           while    $r8, u10, 1, ult
  90: 20c0f8120000           jmp_none 4856
  96: 2e39000025050000       shl      r14, r8, 5
  9e: 0e3d4e865a000000       iadd     r15, r7.sx, u20.sx
  a6: 420800000000           if       0.0, 0.0, 1, feq
  ac: 522c9e621900           while    $r15, u11, 1, ult
  b2: 20c0c2120000           jmp_none 4802
  b8: 9e415e0602460600       imadd    $r16, r15.sx, 32, r3.sx
  c0: 1e45608659000000       imul     r17, r16.sx, u12.sx
  c8: 624900000000           ldimm    r18, 0
  ce: 624d00000000           ldimm    r19, 0
  d4: 625100000000           ldimm    r20, 0
  da: 625500000000           ldimm    r21, 0
  e0: 625900000000           ldimm    r22, 0
  e6: 625d00000000           ldimm    r23, 0
  ec: 626100000000           ldimm    r24, 0
  f2: 626500000000           ldimm    r25, 0
  f8: 626900000000           ldimm    r26, 0
  fe: 626d00000000           ldimm    r27, 0
 104: 627100000000           ldimm    r28, 0
 10a: 627500000000           ldimm    r29, 0
 110: 627900000000           ldimm    r30, 0
 116: 627d00000000           ldimm    r31, 0
 11c: 6281000000000010       ldimm    r32, 0
 124: 6285000000000010       ldimm    r33, 0
 12c: 6289000000000010       ldimm    r34, 0
 134: 420800000000           if       0.0, 0.0, 1, feq
 13a: 522c44821904           while    r34, u12, 1, ult
 140: 20c028070000           jmp_none 1832
 146: 522860021900           if       r16, u8, 1, ult
 14c: 8e0d5a4668110000       iadd     $r35, r13.sx, $r34.sx
 154: 0e0da26664110000       iadd     r35, $r17.sx, r35.sx
 15c: 8504600e34c01000       load     r0h, du24, r35, i16, x, a
 164: 8e0d584664110000       iadd     $r35, r12.sx, r34.sx
 16c: 0e0d626664110000       iadd     r35, r17.sx, r35.sx
 174: 8518644e34c11000       load     r35l, du26, r35, i16, x, b
 17c: 3800                   wait     a
 17e: 3801                   wait     b
 180: 420a00000000           else     0.0, 0.0, 1, feq
 186: 628c00000010           ldimm    r35l, 0
 18c: 62020000               ldimm    r0h, 0
 190: 520e00000000           pop_exec 1
 196: 6291000000000010       ldimm    r36, 0
 19e: 420800000000           if       0.0, 0.0, 1, feq
 1a4: 522c88420004           while    $r36, 4, 1, ult
 1aa: 20c0aa060000           jmp_none 1706
 1b0: ae15004024060011       shl      $r37, r34, 6
 1b8: 0e154a8664152000       iadd     r37, r37.sx, r36.sx, lsl 4
 1c0: ae99002024030010       shr      $r38, r1, 3
 1c8: 0e1d5cc664110000       iadd     r39, r14.sx, r38.sx
 1d0: 52284ee21804           if       r39, u7, 1, ult
 1d6: aea100a024010011       shr      $r40, r37, 1
 1de: 8e21540665110000       iadd     $r40, r10.sx, r40.sx
 1e6: 9e1d4ec659504614       imadd    $r39, r39.sx, u14.sx, r40.sx
 1ee: fe2142728010           and      $r40, r1, 7
 1f4: 0e1d50e664150000       iadd     r39, r40.sx, r39.sx
 1fc: 0539e80e34c11200       load     r39, du28, r39, i32, x, a
 204: 3800                   wait     a
 206: 420a00000000           else     0.0, 0.0, 1, feq
 20c: 629d000000000010       ldimm    r39, 0
 214: 520e00000000           pop_exec 1
 21a: 8e21420600110000       iadd     $r40, r1.sx, 64
 222: aea5000025030011       shr      $r41, r40, 3
 22a: 0e295c2665110000       iadd     r42, r14.sx, r41.sx
 232: 522854e21804           if       r42, u7, 1, ult
 238: aead00a024010011       shr      $r43, r37, 1
 240: 8e2d546665110000       iadd     $r43, r10.sx, r43.sx
 248: 9e2954c659564614       imadd    $r42, r42.sx, u14.sx, r43.sx
 250: fe2d50728014           and      $r43, r40, 7
 256: 0e29564665150000       iadd     r42, r43.sx, r42.sx
 25e: 05514c0e35c11200       load     r42, du30, r42, i32, x, a
 266: 3800                   wait     a
 268: 420a00000000           else     0.0, 0.0, 1, feq
 26e: 62a9000000000010       ldimm    r42, 0
 276: 520e00000000           pop_exec 1
 27c: 8e2d420600120000       iadd     $r43, r1.sx, 128
 284: aeb1006025030011       shr      $r44, r43, 3
 28c: 0e355c8665110000       iadd     r45, r14.sx, r44.sx
 294: 52285ae21804           if       r45, u7, 1, ult
 29a: aeb900a024010011       shr      $r46, r37, 1
 2a2: 8e3954c665110000       iadd     $r46, r10.sx, r46.sx
 2aa: 9e355ac6595c4614       imadd    $r45, r45.sx, u14.sx, r46.sx
 2b2: fe3956728014           and      $r46, r43, 7
 2b8: 0e355ca665150000       iadd     r45, r46.sx, r45.sx
 2c0: 0569a00e45c11200       load     r45, du32, r45, i32, x, a
 2c8: 3800                   wait     a
 2ca: 420a00000000           else     0.0, 0.0, 1, feq
 2d0: 62b5000000000010       ldimm    r45, 0
 2d8: 520e00000000           pop_exec 1
 2de: 8e39420600130000       iadd     $r46, r1.sx, 192
 2e6: aebd00c025030011       shr      $r47, r46, 3
 2ee: 0e415ce665110000       iadd     r48, r14.sx, r47.sx
 2f6: 522860e21804           if       r48, u7, 1, ult
 2fc: aec500a024010011       shr      $r49, r37, 1
 304: 8e45542666110000       iadd     $r49, r10.sx, r49.sx
 30c: 9e4160c659624614       imadd    $r48, r48.sx, u14.sx, r49.sx
 314: fe455c728014           and      $r49, r46, 7
 31a: 0e41620666150000       iadd     r48, r49.sx, r48.sx
 322: 0581040e46c11200       load     r48, du34, r48, i32, x, a
 32a: 3800                   wait     a
 32c: 420a00000000           else     0.0, 0.0, 1, feq
 332: 62c1000000000010       ldimm    r48, 0
 33a: 520e00000000           pop_exec 1
 340: ae1900c024060011       shl      $r38, r38, 6
 348: fe4542728010           and      $r49, r1, 7
 34e: 8e194c26e6151000       iadd     $r38, r38.sx, r49.sx, lsl 3
 356: 7e0e8c088014           mov      r35h, $r38l
 35c: 2ac54e000016           fadd     r49, r39l, -0.0
 362: 29c5070214000014       lstore   r49, r35h, 0, i32, x
 36a: 0e194c4600140000       iadd     r38, r38.sx, 4
 372: 2ac54f000016           fadd     r49, r39h, -0.0
 378: 29c50c0214000014       lstore   r49, r38l, 0, i32, x
 380: ae19002025060011       shl      $r38, r41, 6
 388: fe1d50728014           and      $r39, r40, 7
 38e: 8e194ce6e4151000       iadd     $r38, r38.sx, r39.sx, lsl 3
 396: 7e0e8c088014           mov      r35h, $r38l
 39c: 2a9d54000016           fadd     r39, r42l, -0.0
 3a2: 299d070214000014       lstore   r39, r35h, 0, i32, x
 3aa: 0e194c4600140000       iadd     r38, r38.sx, 4
 3b2: 2a9d55000016           fadd     r39, r42h, -0.0
 3b8: 299d0c0214000014       lstore   r39, r38l, 0, i32, x
 3c0: ae19008025060011       shl      $r38, r44, 6
 3c8: fe1d56728014           and      $r39, r43, 7
 3ce: 8e194ce6e4151000       iadd     $r38, r38.sx, r39.sx, lsl 3
 3d6: 7e0e8c088014           mov      r35h, $r38l
 3dc: 2a9d5a000016           fadd     r39, r45l, -0.0
 3e2: 299d070214000014       lstore   r39, r35h, 0, i32, x
 3ea: 0e194c4600140000       iadd     r38, r38.sx, 4
 3f2: 2a9d5b000016           fadd     r39, r45h, -0.0
 3f8: 299d0c0214000014       lstore   r39, r38l, 0, i32, x
 400: ae1900e025060011       shl      $r38, r47, 6
 408: fe1d5c728014           and      $r39, r46, 7
 40e: 8e194ce6e4151000       iadd     $r38, r38.sx, r39.sx, lsl 3
 416: 7e0e8c088014           mov      r35h, $r38l
 41c: 2a9d60000016           fadd     r39, r48l, -0.0
 422: 299d070214000014       lstore   r39, r35h, 0, i32, x
 42a: 0e194c4600140000       iadd     r38, r38.sx, 4
 432: 2a9d61000016           fadd     r39, r48h, -0.0
 438: 299d0c0214000014       lstore   r39, r38l, 0, i32, x
 440: 522860021900           if       r16, u8, 1, ult
 446: ae9500a024030011       shr      $r37, r37, 3
 44e: 8e1556a664110000       iadd     $r37, r11.sx, r37.sx
 456: 8e154a8664140000       iadd     $r37, r37.sx, r4.sx
 45e: 1e1560a6594a4610       imadd    r37, r16.sx, u13.sx, r37.sx
 466: 0529a80e44c11200       load     r37, du36, r37, i32, x, a
 46e: 3800                   wait     a
 470: 420a00000000           else     0.0, 0.0, 1, feq
 476: 6295000000000010       ldimm    r37, 0
 47e: 520e00000000           pop_exec 1
 484: 9e1948c659460612       imadd    $r38, r4.sx, u78.sx, r3.sx
 48c: 8e1900c064111000       iadd     $r38, 0, r38.sx, lsl 2
 494: 0e1da8c568190000       iadd     r39, u84.sx, $r38.sx
 49c: 7e218af28014           and      r40, $r37, 15
 4a2: bea10a042511           u32_to_f $r40, r40, rte
 4a8: 3aa1810025864011       ffma     r40, $r0h, r40, $r35l
 4b0: 29a10e0214000014       lstore   r40, r39l, 0, i32, x
 4b8: 0e1dacc568190000       iadd     r39, u86.sx, $r38.sx
 4c0: 2ea100a028040411       bfeil    r40, 0, $r37, 4, 4
 4c8: bea10a042511           u32_to_f $r40, r40, rte
 4ce: 3aa1810025864011       ffma     r40, $r0h, r40, $r35l
 4d6: 29a10e0214000014       lstore   r40, r39l, 0, i32, x
 4de: 0e1dbec568190000       iadd     r39, u95.sx, $r38.sx
 4e6: 2ea100a028080411       bfeil    r40, 0, $r37, 8, 4
 4ee: bea10a042511           u32_to_f $r40, r40, rte
 4f4: 3aa1810025864011       ffma     r40, $r0h, r40, $r35l
 4fc: 29a10e0214000014       lstore   r40, r39l, 0, i32, x
 504: 0e1d96c5681d0000       iadd     r39, u107.sx, $r38.sx
 50c: 2ea100a0280c0411       bfeil    r40, 0, $r37, 12, 4
 514: bea10a042511           u32_to_f $r40, r40, rte
 51a: 3aa1810025864011       ffma     r40, $r0h, r40, $r35l
 522: 29a10e0214000014       lstore   r40, r39l, 0, i32, x
 52a: 0e1dbcc568190000       iadd     r39, u94.sx, $r38.sx
 532: fe0e8b088014           mov      $r35h, $r37h
 538: 7e2147f08014           and      r40, r35h, 15
 53e: bea10a042511           u32_to_f $r40, r40, rte
 544: 3aa1810025864011       ffma     r40, $r0h, r40, $r35l
 54c: 29a10e0214000014       lstore   r40, r39l, 0, i32, x
 554: 0e1d92c5681d0000       iadd     r39, u105.sx, $r38.sx
 55c: 2ea100a028140411       bfeil    r40, 0, $r37, 20, 4
 564: bea10a042511           u32_to_f $r40, r40, rte
 56a: 3aa1810025864011       ffma     r40, $r0h, r40, $r35l
 572: 29a10e0214000014       lstore   r40, r39l, 0, i32, x
 57a: 0e1db6c568190000       iadd     r39, u91.sx, $r38.sx
 582: 2ea100a028180411       bfeil    r40, 0, $r37, 24, 4
 58a: bea10a042511           u32_to_f $r40, r40, rte
 590: 3aa1810025864011       ffma     r40, $r0h, r40, $r35l
 598: 29a10e0214000014       lstore   r40, r39l, 0, i32, x
 5a0: 0e1994c5641d0000       iadd     r38, u106.sx, r38.sx
 5a8: 2e9500a0241c0011       shr      r37, r37, 28
 5b0: be950aa42411           u32_to_f $r37, r37, rte
 5b6: 3a9541a024464011       ffma     r37, r0h, r37, r35l
 5be: 29950c0214000014       lstore   r37, r38l, 0, i32, x
 5c6: f2153410               mov      $r37, thread_index_in_simdgroup
 5ca: ae9900a068040011       bfeil    $r38, 0, $r37, 4, 1
 5d2: ae9d00a0a8010011       bfeil    $r39, 0, $r37, 1, 2
 5da: 8e194ec664151000       iadd     $r38, r39.sx, r38.sx, lsl 2
 5e2: ae9d00a068030011       bfeil    $r39, 0, $r37, 3, 1
 5ea: fe154a128014           and      $r37, r37, 1
 5f0: 8e1d00e064111000       iadd     $r39, 0, r39.sx, lsl 2
 5f8: 8e154ea6e4150000       iadd     $r37, r39.sx, r37.sx, lsl 1
 600: 8e1d00c068112000       iadd     $r39, 0, $r38.sx, lsl 4
 608: fe1d4ea29916           and      $r39, r39, u77
 60e: 9e2144c6598a4612       imadd    $r40, r2.sx, u78.sx, $r37.sx
 616: 8e1d4e0665150000       iadd     $r39, r39.sx, r40.sx
 61e: ae1900c024050011       shl      $r38, r38, 5
 626: fe194ca29916           and      $r38, r38, u77
 62c: 8e154ca664150000       iadd     $r37, r38.sx, r37.sx
 634: 8e1900e064111000       iadd     $r38, 0, r39.sx, lsl 2
 63c: 0e1d8c4600140000       iadd     r39, $r38.sx, 4
 644: 0e218c065a160000       iadd     r40, $r38.sx, u80.sx
 64c: 0e259ec568190000       iadd     r41, u79.sx, $r38.sx
 654: 8e1500a064111000       iadd     $r37, 0, r37.sx, lsl 2
 65c: 0e29a8a568190000       iadd     r42, u84.sx, $r37.sx
 664: 0e2d80a5681d0000       iadd     r43, u96.sx, $r37.sx
 66c: 0e3182a5681d0000       iadd     r44, u97.sx, $r37.sx
 674: 0e3584a5681d0000       iadd     r45, u98.sx, $r37.sx
 67c: 6800                   barrier
 67e: 7e0e8c088014           mov      r35h, $r38l
 684: 69b9070214000014       lload    r46, r35h, 0, i32, x
 68c: 69bd0e0214000014       lload    r47, r39l, 0, i32, x
 694: 69c1100214000014       lload    r48, r40l, 0, i32, x
 69c: 69c5120214000014       lload    r49, r41l, 0, i32, x
 6a4: 69a1140214000014       lload    r40, r42l, 0, i32, x
 6ac: 69a5160214000014       lload    r41, r43l, 0, i32, x
 6b4: 69a9180214000014       lload    r42, r44l, 0, i32, x
 6bc: 69ad1a0214000014       lload    r43, r45l, 0, i32, x
 6c4: 6f795c4e257c0285       simd_matrix_fmadd32 r30, r46.abs.neg, r42, r30
 6cc: 6f59604e256c0285       simd_matrix_fmadd32 r22, r48.abs.neg, r42, r22
 6d4: 0e1d88a5681d0000       iadd     r39, u100.sx, $r37.sx
 6dc: 0e2986a5681d0000       iadd     r42, u99.sx, $r37.sx
 6e4: 69b10e0214000014       lload    r44, r39l, 0, i32, x
 6ec: 69b5140214000014       lload    r45, r42l, 0, i32, x
 6f4: 6f715c8e25780285       simd_matrix_fmadd32 r28, r46.abs.neg, r44, r28
 6fc: 6f51608e25680285       simd_matrix_fmadd32 r20, r48.abs.neg, r44, r20
 704: 0e1d90a5681d0000       iadd     r39, u104.sx, $r37.sx
 70c: 0e298ea5681d0000       iadd     r42, u103.sx, $r37.sx
 714: 69b10e0214000014       lload    r44, r39l, 0, i32, x
 71c: 69b5140214000014       lload    r45, r42l, 0, i32, x
 724: 6f695c8e25740285       simd_matrix_fmadd32 r26, r46.abs.neg, r44, r26
 72c: 6f49608e25640285       simd_matrix_fmadd32 r18, r48.abs.neg, r44, r18
 734: 6f61600e25700285       simd_matrix_fmadd32 r24, r48.abs.neg, r40, r24
 73c: 6f015c0e25404295       simd_matrix_fmadd32 r32, r46.abs.neg, r40, r32
 744: 0e1d8c0602140000       iadd     r39, $r38.sx, 32
 74c: 0e2124c068110000       iadd     r40, 36, $r38.sx
 754: 0e258ca658170000       iadd     r41, $r38.sx, u101.sx
 75c: 0e198cc5641d0000       iadd     r38, u102.sx, r38.sx
 764: 0e29b4a568190000       iadd     r42, u90.sx, $r37.sx
 76c: 0e2db2a568190000       iadd     r43, u89.sx, $r37.sx
 774: 0e31baa568190000       iadd     r44, u93.sx, $r37.sx
 77c: 0e35b8a568190000       iadd     r45, u92.sx, $r37.sx
 784: 69b90e0214000014       lload    r46, r39l, 0, i32, x
 78c: 69bd100214000014       lload    r47, r40l, 0, i32, x
 794: 69c1120214000014       lload    r48, r41l, 0, i32, x
 79c: 69c50c0214000014       lload    r49, r38l, 0, i32, x
 7a4: 6999140214000014       lload    r38, r42l, 0, i32, x
 7ac: 699d160214000014       lload    r39, r43l, 0, i32, x
 7b4: 69a1180214000014       lload    r40, r44l, 0, i32, x
 7bc: 69a51a0214000014       lload    r41, r45l, 0, i32, x
 7c4: 6f795c0e257c0285       simd_matrix_fmadd32 r30, r46.abs.neg, r40, r30
 7cc: 6f59600e256c0285       simd_matrix_fmadd32 r22, r48.abs.neg, r40, r22
 7d4: 0e2198a5681d0000       iadd     r40, u108.sx, $r37.sx
 7dc: 0e25aaa568190000       iadd     r41, u85.sx, $r37.sx
 7e4: 69a9100214000014       lload    r42, r40l, 0, i32, x
 7ec: 69ad120214000014       lload    r43, r41l, 0, i32, x
 7f4: 6f715c4e25780285       simd_matrix_fmadd32 r28, r46.abs.neg, r42, r28
 7fc: 6f51604e25680285       simd_matrix_fmadd32 r20, r48.abs.neg, r42, r20
 804: 0e21aea568190000       iadd     r40, u87.sx, $r37.sx
 80c: 0e15b0a564190000       iadd     r37, u88.sx, r37.sx
 814: 69a1100214000014       lload    r40, r40l, 0, i32, x
 81c: 69a50a0214000014       lload    r41, r37l, 0, i32, x
 824: 6f695c0e25740285       simd_matrix_fmadd32 r26, r46.abs.neg, r40, r26
 82c: 6f49600e25640285       simd_matrix_fmadd32 r18, r48.abs.neg, r40, r18
 834: 6f6160ce24700285       simd_matrix_fmadd32 r24, r48.abs.neg, r38, r24
 83c: 6f015cce24404295       simd_matrix_fmadd32 r32, r46.abs.neg, r38, r32
 844: 0e11481600140000       iadd     r36, r36.sx, 1
 84c: 6800                   barrier
 84e: 00c056f9ffff           jmp_any  -1706
 854: 520e00000000           pop_exec 1
 85a: 0e09441600140000       iadd     r34, r34.sx, 1
 862: 00c0d8f8ffff           jmp_any  -1832
 868: 520e00000000           pop_exec 1
 86e: 52084a020000           if       r5, 0, 1, ieq
 874: f2453400               mov      $r17, thread_index_in_simdgroup
 878: ae890020aa010010       bfeil    $r34, 0, $r17, 1, 2
 880: ae8d00206a040010       bfeil    $r35, 0, $r17, 4, 1
 888: 8e09446664151000       iadd     $r34, r34.sx, r35.sx, lsl 2
 890: fe0da2128010           and      $r35, $r17, 1
 896: aec5002066030000       bfeil    $r17, 0, r17, 3, 1
 89e: 8e45002066001000       iadd     $r17, 0, r17.sx, lsl 2
 8a6: 8e456266e4010000       iadd     $r17, r17.sx, r35.sx, lsl 1
 8ae: 8e090040e4111000       iadd     $r34, 0, r34.sx, lsl 3
 8b6: fe0944a29916           and      $r34, r34, u77
 8bc: 8e45442666040000       iadd     $r17, r34.sx, r17.sx
 8c4: 8e45002066001000       iadd     $r17, 0, r17.sx, lsl 2
 8cc: 7e02a2088000           mov      r0h, $r17l
 8d2: 2981010214000010       lstore   r32, r0h, 0, i32, x
 8da: 0e09a24600100000       iadd     r34, $r17.sx, 4
 8e2: 2985040214000014       lstore   r33, r34l, 0, i32, x
 8ea: 0e099c256a180000       iadd     r34, u78.sx, $r17.sx
 8f2: 29f9040214000004       lstore   r30, r34l, 0, i32, x
 8fa: 0e09a6256a180000       iadd     r34, u83.sx, $r17.sx
 902: 29fd040214000004       lstore   r31, r34l, 0, i32, x
 90a: 0e09a0256a180000       iadd     r34, u80.sx, $r17.sx
 912: 29f1040214000004       lstore   r28, r34l, 0, i32, x
 91a: 0e099e256a180000       iadd     r34, u79.sx, $r17.sx
 922: 29f5040214000004       lstore   r29, r34l, 0, i32, x
 92a: 0e09a2256a180000       iadd     r34, u81.sx, $r17.sx
 932: 29e9040214000004       lstore   r26, r34l, 0, i32, x
 93a: 0e45a42566080000       iadd     r17, u82.sx, r17.sx
 942: 29ed220214000000       lstore   r27, r17l, 0, i32, x
 94a: 520e00000000           pop_exec 1
 950: 6800                   barrier
 952: 522860021900           if       r16, u8, 1, ult
 958: 20c0c6010000           jmp_none 454
 95e: 8e45008064001000       iadd     $r17, 0, r4.sx, lsl 2
 966: 0e095c2666100000       iadd     r34, r14.sx, r17.sx
 96e: 522844e21804           if       r34, u7, 1, ult
 974: 8e0d520666100000       iadd     $r35, r9.sx, r16.sx
 97c: 1e09440659464614       imadd    r34, r34.sx, u8.sx, r35.sx
 984: fe0d82829912           and      $r35, $r1, u76
 98a: ae91006024030010       shr      $r36, r3, 3
 992: 9e0d480600464615       imadd    $r35, r36.sx, 64, r35.sx
 99a: fe110720a410           and      $r36, 7, r1
 9a0: 8e0d486664150000       iadd     $r35, r36.sx, r35.sx
 9a8: 0e0d006064111000       iadd     r35, 0, r35.sx, lsl 2
 9b0: 698d060214000014       lload    r35, r35l, 0, i32, x
 9b8: 2a8246020006           fadd     r0h, r35, -0.0
 9be: c5044c0e44c01000       store    r0h, du38, r34, i16, x, a
 9c6: 3800                   wait     a
 9c8: 520e00000000           pop_exec 1
 9ce: 8e095c1600100000       iadd     $r34, r14.sx, 1
 9d6: 0e09624664110000       iadd     r34, r17.sx, r34.sx
 9de: 522844e21804           if       r34, u7, 1, ult
 9e4: 8e0d520666100000       iadd     $r35, r9.sx, r16.sx
 9ec: 1e09440659464614       imadd    r34, r34.sx, u8.sx, r35.sx
 9f4: fe0d82829912           and      $r35, $r1, u76
 9fa: ae91006024030010       shr      $r36, r3, 3
 a02: 9e0d480600464615       imadd    $r35, r36.sx, 64, r35.sx
 a0a: fe110720a410           and      $r36, 7, r1
 a10: 8e0d486664150000       iadd     $r35, r36.sx, r35.sx
 a18: 0e0d206064111000       iadd     r35, 32, r35.sx, lsl 2
 a20: 698d060214000014       lload    r35, r35l, 0, i32, x
 a28: 2a8246020006           fadd     r0h, r35, -0.0
 a2e: c504400e54c01000       store    r0h, du40, r34, i16, x, a
 a36: 3800                   wait     a
 a38: 520e00000000           pop_exec 1
 a3e: 8e095c2600100000       iadd     $r34, r14.sx, 2
 a46: 0e09624664110000       iadd     r34, r17.sx, r34.sx
 a4e: 522844e21804           if       r34, u7, 1, ult
 a54: 8e0d520666100000       iadd     $r35, r9.sx, r16.sx
 a5c: 1e09440659464614       imadd    r34, r34.sx, u8.sx, r35.sx
 a64: fe0d82829912           and      $r35, $r1, u76
 a6a: ae91006024030010       shr      $r36, r3, 3
 a72: 9e0d480600464615       imadd    $r35, r36.sx, 64, r35.sx
 a7a: fe110720a410           and      $r36, 7, r1
 a80: 8e0d486664150000       iadd     $r35, r36.sx, r35.sx
 a88: 0e0d006064151000       iadd     r35, 64, r35.sx, lsl 2
 a90: 698d060214000014       lload    r35, r35l, 0, i32, x
 a98: 2a8246020006           fadd     r0h, r35, -0.0
 a9e: c504440e54c01000       store    r0h, du42, r34, i16, x, a
 aa6: 3800                   wait     a
 aa8: 520e00000000           pop_exec 1
 aae: 8e095c3600100000       iadd     $r34, r14.sx, 3
 ab6: 0e45624664010000       iadd     r17, r17.sx, r34.sx
 abe: 522862e21800           if       r17, u7, 1, ult
 ac4: 8e09520666100000       iadd     $r34, r9.sx, r16.sx
 acc: 1e45620659444600       imadd    r17, r17.sx, u8.sx, r34.sx
 ad4: fe0982829912           and      $r34, $r1, u76
 ada: ae8d006024030010       shr      $r35, r3, 3
 ae2: 9e09460600444615       imadd    $r34, r35.sx, 64, r34.sx
 aea: fe0d0720a410           and      $r35, 7, r1
 af0: 8e09464664150000       iadd     $r34, r35.sx, r34.sx
 af8: 0e09204064151000       iadd     r34, 96, r34.sx, lsl 2
 b00: 6989040214000014       lload    r34, r34l, 0, i32, x
 b08: 2a8244020006           fadd     r0h, r34, -0.0
 b0e: c504280e52c01000       store    r0h, du44, r17, i16, x, a
 b16: 3800                   wait     a
 b18: 520e00000000           pop_exec 1
 b1e: 520e00000000           pop_exec 1
 b24: 6800                   barrier
 b26: 52084a020000           if       r5, 0, 1, ieq
 b2c: f2453400               mov      $r17, thread_index_in_simdgroup
 b30: ae890020aa010010       bfeil    $r34, 0, $r17, 1, 2
 b38: ae8d00206a040010       bfeil    $r35, 0, $r17, 4, 1
 b40: 8e09446664151000       iadd     $r34, r34.sx, r35.sx, lsl 2
 b48: fe0da2128010           and      $r35, $r17, 1
 b4e: aec5002066030000       bfeil    $r17, 0, r17, 3, 1
 b56: 8e45002066001000       iadd     $r17, 0, r17.sx, lsl 2
 b5e: 8e456266e4010000       iadd     $r17, r17.sx, r35.sx, lsl 1
 b66: 8e090040e4111000       iadd     $r34, 0, r34.sx, lsl 3
 b6e: fe0944a29916           and      $r34, r34, u77
 b74: 8e45442666040000       iadd     $r17, r34.sx, r17.sx
 b7c: 8e45002066001000       iadd     $r17, 0, r17.sx, lsl 2
 b84: 7e02a2088000           mov      r0h, $r17l
 b8a: 29e1010214000000       lstore   r24, r0h, 0, i32, x
 b92: 0e09a24600100000       iadd     r34, $r17.sx, 4
 b9a: 29e5040214000004       lstore   r25, r34l, 0, i32, x
 ba2: 0e099c256a180000       iadd     r34, u78.sx, $r17.sx
 baa: 29d9040214000004       lstore   r22, r34l, 0, i32, x
 bb2: 0e09a6256a180000       iadd     r34, u83.sx, $r17.sx
 bba: 29dd040214000004       lstore   r23, r34l, 0, i32, x
 bc2: 0e09a0256a180000       iadd     r34, u80.sx, $r17.sx
 bca: 29d1040214000004       lstore   r20, r34l, 0, i32, x
 bd2: 0e099e256a180000       iadd     r34, u79.sx, $r17.sx
 bda: 29d5040214000004       lstore   r21, r34l, 0, i32, x
 be2: 0e09a2256a180000       iadd     r34, u81.sx, $r17.sx
 bea: 29c9040214000004       lstore   r18, r34l, 0, i32, x
 bf2: 0e45a42566080000       iadd     r17, u82.sx, r17.sx
 bfa: 29cd220214000000       lstore   r19, r17l, 0, i32, x
 c02: 520e00000000           pop_exec 1
 c08: 6800                   barrier
 c0a: 522860021900           if       r16, u8, 1, ult
 c10: 20c0ce010000           jmp_none 462
 c16: 8e455c8600000000       iadd     $r17, r14.sx, 8
 c1e: 8e09008064101000       iadd     $r34, 0, r4.sx, lsl 2
 c26: 0e45442666040000       iadd     r17, r34.sx, r17.sx
 c2e: 522862e21800           if       r17, u7, 1, ult
 c34: 8e0d520666100000       iadd     $r35, r9.sx, r16.sx
 c3c: 1e45620659464600       imadd    r17, r17.sx, u8.sx, r35.sx
 c44: fe0d82829912           and      $r35, $r1, u76
 c4a: ae91006024030010       shr      $r36, r3, 3
 c52: 9e0d480600464615       imadd    $r35, r36.sx, 64, r35.sx
 c5a: fe110720a410           and      $r36, 7, r1
 c60: 8e0d486664150000       iadd     $r35, r36.sx, r35.sx
 c68: 0e0d006064111000       iadd     r35, 0, r35.sx, lsl 2
 c70: 698d060214000014       lload    r35, r35l, 0, i32, x
 c78: 2a8246020006           fadd     r0h, r35, -0.0
 c7e: c5042c0e52c01000       store    r0h, du46, r17, i16, x, a
 c86: 3800                   wait     a
 c88: 520e00000000           pop_exec 1
 c8e: 8e4509c065000000       iadd     $r17, 9, r14.sx
 c96: 0e45442666040000       iadd     r17, r34.sx, r17.sx
 c9e: 522862e21800           if       r17, u7, 1, ult
 ca4: 8e0d520666100000       iadd     $r35, r9.sx, r16.sx
 cac: 1e45620659464600       imadd    r17, r17.sx, u8.sx, r35.sx
 cb4: fe0d82829912           and      $r35, $r1, u76
 cba: ae91006024030010       shr      $r36, r3, 3
 cc2: 9e0d480600464615       imadd    $r35, r36.sx, 64, r35.sx
 cca: fe110720a410           and      $r36, 7, r1
 cd0: 8e0d486664150000       iadd     $r35, r36.sx, r35.sx
 cd8: 0e0d206064111000       iadd     r35, 32, r35.sx, lsl 2
 ce0: 698d060214000014       lload    r35, r35l, 0, i32, x
 ce8: 2a8246020006           fadd     r0h, r35, -0.0
 cee: c504200e62c01000       store    r0h, du48, r17, i16, x, a
 cf6: 3800                   wait     a
 cf8: 520e00000000           pop_exec 1
 cfe: 8e450ac065000000       iadd     $r17, 10, r14.sx
 d06: 0e45442666040000       iadd     r17, r34.sx, r17.sx
 d0e: 522862e21800           if       r17, u7, 1, ult
 d14: 8e0d520666100000       iadd     $r35, r9.sx, r16.sx
 d1c: 1e45620659464600       imadd    r17, r17.sx, u8.sx, r35.sx
 d24: fe0d82829912           and      $r35, $r1, u76
 d2a: ae91006024030010       shr      $r36, r3, 3
 d32: 9e0d480600464615       imadd    $r35, r36.sx, 64, r35.sx
 d3a: fe110720a410           and      $r36, 7, r1
 d40: 8e0d486664150000       iadd     $r35, r36.sx, r35.sx
 d48: 0e0d006064151000       iadd     r35, 64, r35.sx, lsl 2
 d50: 698d060214000014       lload    r35, r35l, 0, i32, x
 d58: 2a8246020006           fadd     r0h, r35, -0.0
 d5e: c504240e62c01000       store    r0h, du50, r17, i16, x, a
 d66: 3800                   wait     a
 d68: 520e00000000           pop_exec 1
 d6e: 8e450bc065000000       iadd     $r17, 11, r14.sx
 d76: 0e45442666040000       iadd     r17, r34.sx, r17.sx
 d7e: 522862e21800           if       r17, u7, 1, ult
 d84: 8e09520666100000       iadd     $r34, r9.sx, r16.sx
 d8c: 1e45620659444600       imadd    r17, r17.sx, u8.sx, r34.sx
 d94: fe0982829912           and      $r34, $r1, u76
 d9a: ae8d006024030010       shr      $r35, r3, 3
 da2: 9e09460600444615       imadd    $r34, r35.sx, 64, r34.sx
 daa: fe0d0720a410           and      $r35, 7, r1
 db0: 8e09464664150000       iadd     $r34, r35.sx, r34.sx
 db8: 0e09204064151000       iadd     r34, 96, r34.sx, lsl 2
 dc0: 6989040214000014       lload    r34, r34l, 0, i32, x
 dc8: 2a8244020006           fadd     r0h, r34, -0.0
 dce: c504280e62c01000       store    r0h, du52, r17, i16, x, a
 dd6: 3800                   wait     a
 dd8: 520e00000000           pop_exec 1
 dde: 520e00000000           pop_exec 1
 de4: 6800                   barrier
 de6: 52084a220000           if       r5, 2, 1, ieq
 dec: f2453400               mov      $r17, thread_index_in_simdgroup
 df0: ae890020aa010010       bfeil    $r34, 0, $r17, 1, 2
 df8: ae8d00206a040010       bfeil    $r35, 0, $r17, 4, 1
 e00: 8e09446664151000       iadd     $r34, r34.sx, r35.sx, lsl 2
 e08: fe0da2128010           and      $r35, $r17, 1
 e0e: aec5002066030000       bfeil    $r17, 0, r17, 3, 1
 e16: 8e45002066001000       iadd     $r17, 0, r17.sx, lsl 2
 e1e: 8e456266e4010000       iadd     $r17, r17.sx, r35.sx, lsl 1
 e26: 8e090040e4111000       iadd     $r34, 0, r34.sx, lsl 3
 e2e: fe0944a29916           and      $r34, r34, u77
 e34: 8e45442666040000       iadd     $r17, r34.sx, r17.sx
 e3c: 8e45002066001000       iadd     $r17, 0, r17.sx, lsl 2
 e44: 7e02a2088000           mov      r0h, $r17l
 e4a: 2981010214000010       lstore   r32, r0h, 0, i32, x
 e52: 0e01a24600100000       iadd     r32, $r17.sx, 4
 e5a: 2985000214000014       lstore   r33, r32l, 0, i32, x
 e62: 0e019c256a180000       iadd     r32, u78.sx, $r17.sx
 e6a: 29f9000214000004       lstore   r30, r32l, 0, i32, x
 e72: 0e79a6256a080000       iadd     r30, u83.sx, $r17.sx
 e7a: 29fd3c0214000000       lstore   r31, r30l, 0, i32, x
 e82: 0e79a0256a080000       iadd     r30, u80.sx, $r17.sx
 e8a: 29f13c0214000000       lstore   r28, r30l, 0, i32, x
 e92: 0e719e256a080000       iadd     r28, u79.sx, $r17.sx
 e9a: 29f5380214000000       lstore   r29, r28l, 0, i32, x
 ea2: 0e71a2256a080000       iadd     r28, u81.sx, $r17.sx
 eaa: 29e9380214000000       lstore   r26, r28l, 0, i32, x
 eb2: 0e45a42566080000       iadd     r17, u82.sx, r17.sx
 eba: 29ed220214000000       lstore   r27, r17l, 0, i32, x
 ec2: 520e00000000           pop_exec 1
 ec8: 6800                   barrier
 eca: 522860021900           if       r16, u8, 1, ult
 ed0: 20c0ce010000           jmp_none 462
 ed6: 8e455c0601000000       iadd     $r17, r14.sx, 16
 ede: 8e69008064001000       iadd     $r26, 0, r4.sx, lsl 2
 ee6: 0e45742666000000       iadd     r17, r26.sx, r17.sx
 eee: 522862e21800           if       r17, u7, 1, ult
 ef4: 8e6d520666000000       iadd     $r27, r9.sx, r16.sx
 efc: 1e45620659760600       imadd    r17, r17.sx, u8.sx, r27.sx
 f04: fe6d82829902           and      $r27, $r1, u76
 f0a: aef1006024030000       shr      $r28, r3, 3
 f12: 9e6d780600760601       imadd    $r27, r28.sx, 64, r27.sx
 f1a: fe710720a400           and      $r28, 7, r1
 f20: 8e6d786667000000       iadd     $r27, r28.sx, r27.sx
 f28: 0e6d006067001000       iadd     r27, 0, r27.sx, lsl 2
 f30: 69ed360214000000       lload    r27, r27l, 0, i32, x
 f38: 2a8276020002           fadd     r0h, r27, -0.0
 f3e: c5042c0e62c01000       store    r0h, du54, r17, i16, x, a
 f46: 3800                   wait     a
 f48: 520e00000000           pop_exec 1
 f4e: 8e4511c065000000       iadd     $r17, 17, r14.sx
 f56: 0e45742666000000       iadd     r17, r26.sx, r17.sx
 f5e: 522862e21800           if       r17, u7, 1, ult
 f64: 8e6d520666000000       iadd     $r27, r9.sx, r16.sx
 f6c: 1e45620659760600       imadd    r17, r17.sx, u8.sx, r27.sx
 f74: fe6d82829902           and      $r27, $r1, u76
 f7a: aef1006024030000       shr      $r28, r3, 3
 f82: 9e6d780600760601       imadd    $r27, r28.sx, 64, r27.sx
 f8a: fe710720a400           and      $r28, 7, r1
 f90: 8e6d786667000000       iadd     $r27, r28.sx, r27.sx
 f98: 0e6d206067001000       iadd     r27, 32, r27.sx, lsl 2
 fa0: 69ed360214000000       lload    r27, r27l, 0, i32, x
 fa8: 2a8276020002           fadd     r0h, r27, -0.0
 fae: c504200e72c01000       store    r0h, du56, r17, i16, x, a
 fb6: 3800                   wait     a
 fb8: 520e00000000           pop_exec 1
 fbe: 8e4512c065000000       iadd     $r17, 18, r14.sx
 fc6: 0e45742666000000       iadd     r17, r26.sx, r17.sx
 fce: 522862e21800           if       r17, u7, 1, ult
 fd4: 8e6d520666000000       iadd     $r27, r9.sx, r16.sx
 fdc: 1e45620659760600       imadd    r17, r17.sx, u8.sx, r27.sx
 fe4: fe6d82829902           and      $r27, $r1, u76
 fea: aef1006024030000       shr      $r28, r3, 3
 ff2: 9e6d780600760601       imadd    $r27, r28.sx, 64, r27.sx
 ffa: fe710720a400           and      $r28, 7, r1
1000: 8e6d786667000000       iadd     $r27, r28.sx, r27.sx
1008: 0e6d006067041000       iadd     r27, 64, r27.sx, lsl 2
1010: 69ed360214000000       lload    r27, r27l, 0, i32, x
1018: 2a8276020002           fadd     r0h, r27, -0.0
101e: c504240e72c01000       store    r0h, du58, r17, i16, x, a
1026: 3800                   wait     a
1028: 520e00000000           pop_exec 1
102e: 8e4513c065000000       iadd     $r17, 19, r14.sx
1036: 0e45742666000000       iadd     r17, r26.sx, r17.sx
103e: 522862e21800           if       r17, u7, 1, ult
1044: 8e69520666000000       iadd     $r26, r9.sx, r16.sx
104c: 1e45620659740600       imadd    r17, r17.sx, u8.sx, r26.sx
1054: fe6982829902           and      $r26, $r1, u76
105a: aeed006024030000       shr      $r27, r3, 3
1062: 9e69760600740601       imadd    $r26, r27.sx, 64, r26.sx
106a: fe6d0720a400           and      $r27, 7, r1
1070: 8e69764667000000       iadd     $r26, r27.sx, r26.sx
1078: 0e69204067041000       iadd     r26, 96, r26.sx, lsl 2
1080: 69e9340214000000       lload    r26, r26l, 0, i32, x
1088: 2a8274020002           fadd     r0h, r26, -0.0
108e: c504280e72c01000       store    r0h, du60, r17, i16, x, a
1096: 3800                   wait     a
1098: 520e00000000           pop_exec 1
109e: 520e00000000           pop_exec 1
10a4: 6800                   barrier
10a6: 52084a220000           if       r5, 2, 1, ieq
10ac: f2453400               mov      $r17, thread_index_in_simdgroup
10b0: aee90020aa010000       bfeil    $r26, 0, $r17, 1, 2
10b8: aeed00206a040000       bfeil    $r27, 0, $r17, 4, 1
10c0: 8e69746667001000       iadd     $r26, r26.sx, r27.sx, lsl 2
10c8: fe6da2128000           and      $r27, $r17, 1
10ce: aec5002066030000       bfeil    $r17, 0, r17, 3, 1
10d6: 8e45002066001000       iadd     $r17, 0, r17.sx, lsl 2
10de: 8e456266e7000000       iadd     $r17, r17.sx, r27.sx, lsl 1
10e6: 8e690040e7001000       iadd     $r26, 0, r26.sx, lsl 3
10ee: fe6974a29902           and      $r26, r26, u77
10f4: 8e45742666000000       iadd     $r17, r26.sx, r17.sx
10fc: 8e45002066001000       iadd     $r17, 0, r17.sx, lsl 2
1104: 7e02a2088000           mov      r0h, $r17l
110a: 29e1010214000000       lstore   r24, r0h, 0, i32, x
1112: 0e61a24600000000       iadd     r24, $r17.sx, 4
111a: 29e5300214000000       lstore   r25, r24l, 0, i32, x
1122: 0e619c256a080000       iadd     r24, u78.sx, $r17.sx
112a: 29d9300214000000       lstore   r22, r24l, 0, i32, x
1132: 0e59a6256a080000       iadd     r22, u83.sx, $r17.sx
113a: 29dd2c0214000000       lstore   r23, r22l, 0, i32, x
1142: 0e59a0256a080000       iadd     r22, u80.sx, $r17.sx
114a: 29d12c0214000000       lstore   r20, r22l, 0, i32, x
1152: 0e519e256a080000       iadd     r20, u79.sx, $r17.sx
115a: 29d5280214000000       lstore   r21, r20l, 0, i32, x
1162: 0e51a2256a080000       iadd     r20, u81.sx, $r17.sx
116a: 29c9280214000000       lstore   r18, r20l, 0, i32, x
1172: 0e45a42566080000       iadd     r17, u82.sx, r17.sx
117a: 29cd220214000000       lstore   r19, r17l, 0, i32, x
1182: 520e00000000           pop_exec 1
1188: 6800                   barrier
118a: 522860021900           if       r16, u8, 1, ult
1190: 20c0ce010000           jmp_none 462
1196: 8e455c8601000000       iadd     $r17, r14.sx, 24
119e: 8e49008064001000       iadd     $r18, 0, r4.sx, lsl 2
11a6: 0e45642666000000       iadd     r17, r18.sx, r17.sx
11ae: 522862e21800           if       r17, u7, 1, ult
11b4: 8e4d520666000000       iadd     $r19, r9.sx, r16.sx
11bc: 1e45620659660600       imadd    r17, r17.sx, u8.sx, r19.sx
11c4: fe4d82829902           and      $r19, $r1, u76
11ca: aed1006024030000       shr      $r20, r3, 3
11d2: 9e4d680600660601       imadd    $r19, r20.sx, 64, r19.sx
11da: fe510720a400           and      $r20, 7, r1
11e0: 8e4d686666000000       iadd     $r19, r20.sx, r19.sx
11e8: 0e4d006066001000       iadd     r19, 0, r19.sx, lsl 2
11f0: 69cd260214000000       lload    r19, r19l, 0, i32, x
11f8: 2a8266020002           fadd     r0h, r19, -0.0
11fe: c5042c0e72c01000       store    r0h, du62, r17, i16, x, a
1206: 3800                   wait     a
1208: 520e00000000           pop_exec 1
120e: 8e4519c065000000       iadd     $r17, 25, r14.sx
1216: 0e45642666000000       iadd     r17, r18.sx, r17.sx
121e: 522862e21800           if       r17, u7, 1, ult
1224: 8e4d520666000000       iadd     $r19, r9.sx, r16.sx
122c: 1e45620659660600       imadd    r17, r17.sx, u8.sx, r19.sx
1234: fe4d82829902           and      $r19, $r1, u76
123a: aed1006024030000       shr      $r20, r3, 3
1242: 9e4d680600660601       imadd    $r19, r20.sx, 64, r19.sx
124a: fe510720a400           and      $r20, 7, r1
1250: 8e4d686666000000       iadd     $r19, r20.sx, r19.sx
1258: 0e4d206066001000       iadd     r19, 32, r19.sx, lsl 2
1260: 69cd260214000000       lload    r19, r19l, 0, i32, x
1268: 2a8266020002           fadd     r0h, r19, -0.0
126e: c504200e82c01000       store    r0h, du64, r17, i16, x, a
1276: 3800                   wait     a
1278: 520e00000000           pop_exec 1
127e: 8e451ac065000000       iadd     $r17, 26, r14.sx
1286: 0e45642666000000       iadd     r17, r18.sx, r17.sx
128e: 522862e21800           if       r17, u7, 1, ult
1294: 8e4d520666000000       iadd     $r19, r9.sx, r16.sx
129c: 1e45620659660600       imadd    r17, r17.sx, u8.sx, r19.sx
12a4: fe4d82829902           and      $r19, $r1, u76
12aa: aed1006024030000       shr      $r20, r3, 3
12b2: 9e4d680600660601       imadd    $r19, r20.sx, 64, r19.sx
12ba: fe510720a400           and      $r20, 7, r1
12c0: 8e4d686666000000       iadd     $r19, r20.sx, r19.sx
12c8: 0e4d006066041000       iadd     r19, 64, r19.sx, lsl 2
12d0: 69cd260214000000       lload    r19, r19l, 0, i32, x
12d8: 2a8266020002           fadd     r0h, r19, -0.0
12de: c504240e82c01000       store    r0h, du66, r17, i16, x, a
12e6: 3800                   wait     a
12e8: 520e00000000           pop_exec 1
12ee: 8e451bc065000000       iadd     $r17, 27, r14.sx
12f6: 0e45642666000000       iadd     r17, r18.sx, r17.sx
12fe: 522862e21800           if       r17, u7, 1, ult
1304: 8e41520666000000       iadd     $r16, r9.sx, r16.sx
130c: 1e41620659600600       imadd    r16, r17.sx, u8.sx, r16.sx
1314: fe4582829902           and      $r17, $r1, u76
131a: aec9006024030000       shr      $r18, r3, 3
1322: 9e45640600620601       imadd    $r17, r18.sx, 64, r17.sx
132a: fe490720a400           and      $r18, 7, r1
1330: 8e45642666000000       iadd     $r17, r18.sx, r17.sx
1338: 0e45202066041000       iadd     r17, 96, r17.sx, lsl 2
1340: 69c5220214000000       lload    r17, r17l, 0, i32, x
1348: 2a8262020002           fadd     r0h, r17, -0.0
134e: c504080e82c01000       store    r0h, du68, r16, i16, x, a
1356: 3800                   wait     a
1358: 520e00000000           pop_exec 1
135e: 520e00000000           pop_exec 1
1364: 6800                   barrier
1366: 0e3d5ec658020000       iadd     r15, r15.sx, u70.sx
136e: 00c03eedffff           jmp_any  -4802
1374: 520e00000000           pop_exec 1
137a: 0e21504659020000       iadd     r8, r8.sx, u74.sx
1382: 00c008edffff           jmp_any  -4856
1388: 520e00000000           pop_exec 1
138e: 0e194c1600000000       iadd     r6, r6.sx, 1
1396: 00c092ecffff           jmp_any  -4974
139c: 520e00000000           pop_exec 1
13a2: 8800                   stop
block0 {
   2 = device_load u0:u1, #35, xyz, #0x0, slot 0
   40, 41, 42 = split 2
   43 = collect 40, 41
   uniform_store 43, #8, xy, #0x0
   uniform_store 42, #12, x, #0x0
   4 = device_load u0:u1, #133, xyz, #0x0, slot 0
   45, 46, 47 = split 4
   48 = collect 45, 46
   uniform_store 48, #14, xy, #0x0
   uniform_store 47, #18, x, #0x0
   6 = iadd 45, #31, #0x0
   8 = bfeil #0, 6, #5, #0x0
   uniform_store 8, #20, x, #0x0
   9 = iadd 46, #31, #0x0
   10 = bfeil #0, 9, #5, #0x0
   uniform_store 10, #22, x, #0x0
   12 = bfeil #0, 47, #6, #0x0
   uniform_store 12, #24, x, #0x0
   14 = bfeil #0, 47, #3, #0x0
   uniform_store 14, #26, x, #0x0
   16 = bfeil #0, 47, #1, #0x0
   uniform_store 16, #28, x, #0x0
   18 = device_load u0:u1, #32, xyzw, #0x0, slot 0
   55, 56, 57, 58 = split 18
   59 = collect 55, 56
   uniform_store 59, #30, xy, #0x0
   60 = collect 57, 58
   uniform_store 60, #34, xy, #0x0
   20 = device_load u0:u1, #33, x, #0x0, slot 0
   uniform_store 20, #38, x, #0x0
   21 = device_load u0:u1, #5, xyz, #0x0, slot 0
   63, 64, 65 = split 21
   66 = collect 63, 64
   uniform_store 66, #40, xy, #0x0
   uniform_store 65, #44, x, #0x0
   24 = device_load u2:u3, #2, xyzw, #0x0, slot 0
   68, 69, _, _ = split 24
   25d = collect 68, 69
   72d = mov 25d
   uniform_store 72d, #48, x, #0x0
   26 = device_load u2:u3, #3, xyzw, #0x0, slot 0
   73, 74, _, _ = split 26
   27d = collect 73, 74
   77d = mov 27d
   uniform_store 77d, #52, x, #0x0
   29 = device_load u2:u3, #0, xyzw, #0x0, slot 0
   78, 79, _, _ = split 29
   30d = collect 78, 79
   82d = mov 30d
   uniform_store 82d, #56, x, #0x0
   uniform_store 82d, #60, x, #0x0
   uniform_store 82d, #64, x, #0x0
   uniform_store 82d, #68, x, #0x0
   31 = device_load u2:u3, #1, xyzw, #0x0, slot 0
   86, 87, _, _ = split 31
   32d = collect 86, 87
   90d = mov 32d
   uniform_store 90d, #72, x, #0x0
   34 = device_load u2:u3, #4, xyzw, #0x0, slot 0
   91, 92, _, _ = split 34
   35d = collect 91, 92
   95d = mov 35d
   uniform_store 95d, #76, x, #0x0
   uniform_store 95d, #80, x, #0x0
   uniform_store 95d, #84, x, #0x0
   uniform_store 95d, #88, x, #0x0
   uniform_store 95d, #92, x, #0x0
   uniform_store 95d, #96, x, #0x0
   uniform_store 95d, #100, x, #0x0
   uniform_store 95d, #104, x, #0x0
   uniform_store 95d, #108, x, #0x0
   uniform_store 95d, #112, x, #0x0
   uniform_store 95d, #116, x, #0x0
   uniform_store 95d, #120, x, #0x0
   uniform_store 95d, #124, x, #0x0
   uniform_store 95d, #128, x, #0x0
   uniform_store 95d, #132, x, #0x0
   uniform_store 95d, #136, x, #0x0
   37 = device_load u0:u1, #9, xy, #0x0, slot 0
   111, 112 = split 37
   38d = collect 111, 112
   39 = device_load 38d, #0, xyz, #0x0, slot 0
   113, 114, 115 = split 39
   116 = collect 113, 114
   uniform_store 116, #140, xy, #0x0
   uniform_store 115, #144, x, #0x0
   uniform_store 116, #146, xy, #0x0
   uniform_store 115, #150, x, #0x0
   stop 
}

block0 {
   2 = device_load u0:u1, #35, xyz, #0x0, slot 0
   40, 41, 42 = split 2
   43 = collect 40, 41
   uniform_store 43, #8, xy, #0x0
   uniform_store 42, #12, x, #0x0
   4 = device_load u0:u1, #133, xyz, #0x0, slot 0
   45, 46, 47 = split 4
   48 = collect 45, 46
   uniform_store 48, #14, xy, #0x0
   uniform_store 47, #18, x, #0x0
   6 = iadd 45, #31, #0x0
   8 = bfeil #0, 6, #5, #0x0
   uniform_store 8, #20, x, #0x0
   9 = iadd 46, #31, #0x0
   10 = bfeil #0, 9, #5, #0x0
   uniform_store 10, #22, x, #0x0
   12 = bfeil #0, 47, #6, #0x0
   uniform_store 12, #24, x, #0x0
   14 = bfeil #0, 47, #3, #0x0
   uniform_store 14, #26, x, #0x0
   16 = bfeil #0, 47, #1, #0x0
   uniform_store 16, #28, x, #0x0
   18 = device_load u0:u1, #32, xyzw, #0x0, slot 0
   55, 56, 57, 58 = split 18
   59 = collect 55, 56
   uniform_store 59, #30, xy, #0x0
   60 = collect 57, 58
   uniform_store 60, #34, xy, #0x0
   20 = device_load u0:u1, #33, x, #0x0, slot 0
   uniform_store 20, #38, x, #0x0
   21 = device_load u0:u1, #5, xyz, #0x0, slot 0
   63, 64, 65 = split 21
   66 = collect 63, 64
   uniform_store 66, #40, xy, #0x0
   uniform_store 65, #44, x, #0x0
   24 = device_load u2:u3, #2, xyzw, #0x0, slot 0
   68, 69, _, _ = split 24
   25d = collect 68, 69
   72d = mov 25d
   uniform_store 72d, #48, x, #0x0
   26 = device_load u2:u3, #3, xyzw, #0x0, slot 0
   73, 74, _, _ = split 26
   27d = collect 73, 74
   77d = mov 27d
   uniform_store 77d, #52, x, #0x0
   29 = device_load u2:u3, #0, xyzw, #0x0, slot 0
   78, 79, _, _ = split 29
   30d = collect 78, 79
   82d = mov 30d
   uniform_store 82d, #56, x, #0x0
   uniform_store 82d, #60, x, #0x0
   uniform_store 82d, #64, x, #0x0
   uniform_store 82d, #68, x, #0x0
   31 = device_load u2:u3, #1, xyzw, #0x0, slot 0
   86, 87, _, _ = split 31
   32d = collect 86, 87
   90d = mov 32d
   uniform_store 90d, #72, x, #0x0
   34 = device_load u2:u3, #4, xyzw, #0x0, slot 0
   91, 92, _, _ = split 34
   35d = collect 91, 92
   95d = mov 35d
   uniform_store 95d, #76, x, #0x0
   uniform_store 95d, #80, x, #0x0
   uniform_store 95d, #84, x, #0x0
   uniform_store 95d, #88, x, #0x0
   uniform_store 95d, #92, x, #0x0
   uniform_store 95d, #96, x, #0x0
   uniform_store 95d, #100, x, #0x0
   uniform_store 95d, #104, x, #0x0
   uniform_store 95d, #108, x, #0x0
   uniform_store 95d, #112, x, #0x0
   uniform_store 95d, #116, x, #0x0
   uniform_store 95d, #120, x, #0x0
   uniform_store 95d, #124, x, #0x0
   uniform_store 95d, #128, x, #0x0
   uniform_store 95d, #132, x, #0x0
   uniform_store 95d, #136, x, #0x0
   37 = device_load u0:u1, #9, xy, #0x0, slot 0
   111, 112 = split 37
   38d = collect 111, 112
   39 = device_load 38d, #0, xyz, #0x0, slot 0
   113, 114, 115 = split 39
   116 = collect 113, 114
   uniform_store 116, #140, xy, #0x0
   uniform_store 115, #144, x, #0x0
   uniform_store 116, #146, xy, #0x0
   uniform_store 115, #150, x, #0x0
   stop 
}

block0 {
   r0...r2 = device_load u0:u1, #35, xyz, #0x0, slot 0
   wait #0x0, slot 0
   uniform_store ^r0...r1, #8, xy, #0x0
   uniform_store ^r2, #12, x, #0x0
   $r0...r2 = device_load u0:u1, #133, xyz, #0x0, slot 0
   wait #0x0, slot 0
   r4 = mov1 $r0, #0
   r5 = mov1 $r1, #0
   uniform_store ^r4...r5, #14, xy, #0x0
   uniform_store $r2, #18, x, #0x0
   $r0 = iadd ^r0, #31, #0x0
   r0 = bfeil #0, ^r0, #5, #0x0
   uniform_store ^r0, #20, x, #0x0
   $r0 = iadd ^r1, #31, #0x0
   r0 = bfeil #0, ^r0, #5, #0x0
   uniform_store ^r0, #22, x, #0x0
   r0 = bfeil #0, $r2, #6, #0x0
   uniform_store ^r0, #24, x, #0x0
   r0 = bfeil #0, $r2, #3, #0x0
   uniform_store ^r0, #26, x, #0x0
   r0 = bfeil #0, ^r2, #1, #0x0
   uniform_store ^r0, #28, x, #0x0
   r0...r3 = device_load u0:u1, #32, xyzw, #0x0, slot 0
   wait #0x0, slot 0
   uniform_store ^r0...r1, #30, xy, #0x0
   uniform_store ^r2...r3, #34, xy, #0x0
   r0 = device_load u0:u1, #33, x, #0x0, slot 0
   wait #0x0, slot 0
   uniform_store ^r0, #38, x, #0x0
   r0...r2 = device_load u0:u1, #5, xyz, #0x0, slot 0
   wait #0x0, slot 0
   uniform_store ^r0...r1, #40, xy, #0x0
   uniform_store ^r2, #44, x, #0x0
   r0...r3 = device_load u2:u3, #2, xyzw, #0x0, slot 0
   wait #0x0, slot 0
   uniform_store ^r0:r1, #48, x, #0x0
   r0...r3 = device_load u2:u3, #3, xyzw, #0x0, slot 0
   wait #0x0, slot 0
   uniform_store ^r0:r1, #52, x, #0x0
   r0...r3 = device_load u2:u3, #0, xyzw, #0x0, slot 0
   wait #0x0, slot 0
   uniform_store r0:r1, #56, x, #0x0
   uniform_store r0:r1, #60, x, #0x0
   uniform_store r0:r1, #64, x, #0x0
   uniform_store ^r0:r1, #68, x, #0x0
   r0...r3 = device_load u2:u3, #1, xyzw, #0x0, slot 0
   wait #0x0, slot 0
   uniform_store ^r0:r1, #72, x, #0x0
   r0...r3 = device_load u2:u3, #4, xyzw, #0x0, slot 0
   wait #0x0, slot 0
   uniform_store r0:r1, #76, x, #0x0
   uniform_store r0:r1, #80, x, #0x0
   uniform_store r0:r1, #84, x, #0x0
   uniform_store r0:r1, #88, x, #0x0
   uniform_store r0:r1, #92, x, #0x0
   uniform_store r0:r1, #96, x, #0x0
   uniform_store r0:r1, #100, x, #0x0
   uniform_store r0:r1, #104, x, #0x0
   uniform_store r0:r1, #108, x, #0x0
   uniform_store r0:r1, #112, x, #0x0
   uniform_store r0:r1, #116, x, #0x0
   uniform_store r0:r1, #120, x, #0x0
   uniform_store r0:r1, #124, x, #0x0
   uniform_store r0:r1, #128, x, #0x0
   uniform_store r0:r1, #132, x, #0x0
   uniform_store ^r0:r1, #136, x, #0x0
   r0...r1 = device_load u0:u1, #9, xy, #0x0, slot 0
   wait #0x0, slot 0
   r0...r2 = device_load ^r0:r1, #0, xyz, #0x0, slot 1
   wait #0x0, slot 1
   uniform_store r0...r1, #140, xy, #0x0
   uniform_store r2, #144, x, #0x0
   uniform_store ^r0...r1, #146, xy, #0x0
   uniform_store ^r2, #150, x, #0x0
   stop 
}

   0: 0501300d02c87200       load     r0_r1_r2, du0, 35, lsl 2, i32, xyz, a
   8: 3800                   wait     a
   a: c500803d0080f000       mov      du4, dr0
  12: c510c03d00803000       mov      u6, r2
  1a: 0501500d08c07200       load     r0_r1_r2, du0, 133, i32, xyz, a
  22: 3800                   wait     a
  24: 7e11800a8000           mov      r4, $r0
  2a: 7e15820a8000           mov      r5, $r1
  30: c520e03d0080f000       mov      du7, dr4
  38: c510203d01803000       mov      u9, r2
  40: 8e01c0f601000000       iadd     $r0, ^r0.sx, 31
  48: 2e8100002c050000       shr      r0, ^r0, 5
  50: c500403d01803000       mov      u10, r0
  58: 8e01c2f601000000       iadd     $r0, ^r1.sx, 31
  60: 2e8100002c050000       shr      r0, ^r0, 5
  68: c500603d01803000       mov      u11, r0
  70: 2e81004028060000       shr      r0, $r2, 6
  78: c500803d01803000       mov      u12, r0
  80: 2e81004028030000       shr      r0, $r2, 3
  88: c500a03d01803000       mov      u13, r0
  90: 2e8100402c010000       shr      r0, ^r2, 1
  98: c500c03d01803000       mov      u14, r0
  a0: 0501000d02c8f200       load     r0_r1_r2_r3, du0, 32, lsl 2, i32, xyzw, a
  a8: 3800                   wait     a
  aa: c500e03d0180f000       mov      du15, dr0
  b2: c510203d0280f000       mov      du17, dr2
  ba: 0501100d02c81200       load     r0, du0, 33, lsl 2, i32, x, a
  c2: 3800                   wait     a
  c4: c500603d02803000       mov      u19, r0
  cc: 0501500d00c87200       load     r0_r1_r2, du0, 5, lsl 2, i32, xyz, a
  d4: 3800                   wait     a
  d6: c500803d0280f000       mov      du20, dr0
  de: c510c03d02803000       mov      u22, r2
  e6: 0501240d00c8f200       load     r0_r1_r2_r3, du2, 2, lsl 2, i32, xyzw, a
  ee: 3800                   wait     a
  f0: c500003d0380f000       mov      du24, dr0
  f8: 0501340d00c8f200       load     r0_r1_r2_r3, du2, 3, lsl 2, i32, xyzw, a
 100: 3800                   wait     a
 102: c500403d0380f000       mov      du26, dr0
 10a: 0501040d00c0f200       load     r0_r1_r2_r3, du2, 0, i32, xyzw, a
 112: 3800                   wait     a
 114: c500803d0380f000       mov      du28, dr0
 11c: c500c03d0380f000       mov      du30, dr0
 124: c500003d0480f000       mov      du32, dr0
 12c: c500403d0480f000       mov      du34, dr0
 134: 0501140d00c8f200       load     r0_r1_r2_r3, du2, 1, lsl 2, i32, xyzw, a
 13c: 3800                   wait     a
 13e: c500803d0480f000       mov      du36, dr0
 146: 0501440d00c8f200       load     r0_r1_r2_r3, du2, 4, lsl 2, i32, xyzw, a
 14e: 3800                   wait     a
 150: c500c03d0480f000       mov      du38, dr0
 158: c500003d0580f000       mov      du40, dr0
 160: c500403d0580f000       mov      du42, dr0
 168: c500803d0580f000       mov      du44, dr0
 170: c500c03d0580f000       mov      du46, dr0
 178: c500003d0680f000       mov      du48, dr0
 180: c500403d0680f000       mov      du50, dr0
 188: c500803d0680f000       mov      du52, dr0
 190: c500c03d0680f000       mov      du54, dr0
 198: c500003d0780f000       mov      du56, dr0
 1a0: c500403d0780f000       mov      du58, dr0
 1a8: c500803d0780f000       mov      du60, dr0
 1b0: c500c03d0780f000       mov      du62, dr0
 1b8: c500003d0880f000       mov      du64, dr0
 1c0: c500403d0880f000       mov      du66, dr0
 1c8: c500803d0880f000       mov      du68, dr0
 1d0: 0501900d00c43200       load     r0_r1, du0, 9, lsl 1, i32, xy, a
 1d8: 3800                   wait     a
 1da: 0501004500c07200       load     r0_r1_r2, dr0, 0, i32, xyz, b
 1e2: 3801                   wait     b
 1e4: c500c03d0880f000       mov      du70, dr0
 1ec: c510003d09803000       mov      u72, r2
 1f4: c500203d0980f000       mov      du73, dr0
 1fc: c510603d09803000       mov      u75, r2
 204: 8800                   stop
