=== mlx-community/Qwen2.5-0.5B-Instruct-4bit
Fetching 9 files:   0%|          | 0/9 [00:00<?, ?it/s]Fetching 9 files: 100%|██████████| 9/9 [00:00<00:00, 2304.56it/s]
[rtmod] COMMIT-NOOP
[rtmod] SUBMIT tid=15281 cv=1 waits=0 sigs=1 cmds=1
[rtmod] SUBMIT tid=15281 cv=2 waits=1 sigs=1 cmds=1
[rtmod] SUBMIT tid=15281 cv=3 waits=1 sigs=2 cmds=1
[rtmod] COMMIT-NOOP
[rtmod] SUBMIT tid=15281 cv=4 waits=1 sigs=1 cmds=1
[rtmod] SUBMIT tid=15281 cv=5 waits=1 sigs=2 cmds=1
[rtmod] COMMIT-NOOP
[rtmod] SUBMIT tid=15281 cv=6 waits=1 sigs=1 cmds=1
[rtmod] SUBMIT tid=15281 cv=7 waits=1 sigs=2 cmds=1
[rtmod] COMMIT-NOOP
[rtmod] SUBMIT tid=15281 cv=8 waits=1 sigs=1 cmds=1
[rtmod] SUBMIT tid=15281 cv=9 waits=1 sigs=2 cmds=1
[rtmod] COMMIT-NOOP
[rtmod] SUBMIT tid=15281 cv=10 waits=1 sigs=1 cmds=1
[rtmod] SUBMIT tid=15281 cv=11 waits=1 sigs=2 cmds=1
[rtmod] COMMIT-NOOP
[rtmod] SUBMIT tid=15281 cv=12 waits=1 sigs=1 cmds=1
[rtmod] SUBMIT tid=15281 cv=13 waits=1 sigs=2 cmds=1
[rtmod] COMMIT-NOOP
[rtmod] SUBMIT tid=15281 cv=14 waits=1 sigs=1 cmds=1
[rtmod] SUBMIT tid=15281 cv=15 waits=1 sigs=2 cmds=1
[rtmod] COMMIT-NOOP
[rtmod] SUBMIT tid=15281 cv=16 waits=1 sigs=1 cmds=1
[rtmod] SUBMIT tid=15281 cv=17 waits=1 sigs=2 cmds=1
[rtmod] COMMIT-NOOP
[rtmod] SUBMIT tid=15281 cv=18 waits=1 sigs=1 cmds=1
[rtmod] SUBMIT tid=15281 cv=19 waits=1 sigs=2 cmds=1
[rtmod] COMMIT-NOOP
[rtmod] SUBMIT tid=15281 cv=20 waits=1 sigs=1 cmds=1
[rtmod] SUBMIT tid=15281 cv=21 waits=1 sigs=2 cmds=1
[rtmod] COMMIT-NOOP
[rtmod] SUBMIT tid=15281 cv=22 waits=1 sigs=1 cmds=1
[rtmod] SUBMIT tid=15281 cv=23 waits=1 sigs=2 cmds=1
[rtmod] COMMIT-NOOP
[rtmod] SUBMIT tid=15281 cv=24 waits=1 sigs=1 cmds=1
[rtmod] SUBMIT tid=15281 cv=25 waits=1 sigs=2 cmds=1
[rtmod] COMMIT-NOOP
[rtmod] SUBMIT tid=15281 cv=26 waits=1 sigs=1 cmds=1
[rtmod] SUBMIT tid=15281 cv=27 waits=1 sigs=2 cmds=1
[rtmod] COMMIT-NOOP
[rtmod] SUBMIT tid=15281 cv=28 waits=1 sigs=1 cmds=1
[rtmod] SUBMIT tid=15281 cv=29 waits=1 sigs=2 cmds=1
[rtmod] COMMIT-NOOP
[rtmod] SUBMIT tid=15281 cv=30 waits=1 sigs=1 cmds=1
[rtmod] SUBMIT tid=15281 cv=31 waits=1 sigs=2 cmds=1
[rtmod] COMMIT-NOOP
[rtmod] SUBMIT tid=15281 cv=32 waits=1 sigs=1 cmds=1
[rtmod] SUBMIT tid=15281 cv=33 waits=1 sigs=2 cmds=1
[rtmod] COMMIT-NOOP
[rtmod] SUBMIT tid=15281 cv=34 waits=1 sigs=1 cmds=1
[rtmod] SUBMIT tid=15281 cv=35 waits=1 sigs=2 cmds=1
[rtmod] COMMIT-NOOP
[rtmod] SUBMIT tid=15281 cv=36 waits=1 sigs=1 cmds=1
[rtmod] SUBMIT tid=15281 cv=37 waits=1 sigs=2 cmds=1
[rtmod] COMMIT-NOOP
[rtmod] SUBMIT tid=15281 cv=38 waits=1 sigs=1 cmds=1
[rtmod] SUBMIT tid=15281 cv=39 waits=1 sigs=2 cmds=1
[rtmod] COMMIT-NOOP
[rtmod] SUBMIT tid=15281 cv=40 waits=1 sigs=1 cmds=1
[rtmod] SUBMIT tid=15281 cv=41 waits=1 sigs=2 cmds=1
[rtmod] COMMIT-NOOP
[rtmod] SUBMIT tid=15281 cv=42 waits=1 sigs=1 cmds=1
[rtmod] SUBMIT tid=15281 cv=43 waits=1 sigs=2 cmds=1
[rtmod] COMMIT-NOOP
[rtmod] SUBMIT tid=15281 cv=44 waits=1 sigs=1 cmds=1
[rtmod] SUBMIT tid=15281 cv=45 waits=1 sigs=2 cmds=1
[rtmod] COMMIT-NOOP
[rtmod] SUBMIT tid=15281 cv=46 waits=1 sigs=1 cmds=1
[rtmod] SUBMIT tid=15281 cv=47 waits=1 sigs=2 cmds=1
[rtmod] COMMIT-NOOP
[rtmod] SUBMIT tid=15281 cv=48 waits=1 sigs=1 cmds=1
[rtmod] SUBMIT tid=15281 cv=49 waits=1 sigs=2 cmds=1
[rtmod] COMMIT-NOOP
[rtmod] SUBMIT tid=15281 cv=50 waits=1 sigs=1 cmds=1
[rtmod] SUBMIT tid=15281 cv=51 waits=1 sigs=2 cmds=1
[rtmod] COMMIT-NOOP
[rtmod] SUBMIT tid=15281 cv=52 waits=1 sigs=1 cmds=1
[rtmod] SUBMIT tid=15281 cv=53 waits=1 sigs=2 cmds=1
[rtmod] COMMIT-NOOP
[rtmod] SUBMIT tid=15281 cv=54 waits=1 sigs=1 cmds=1
[rtmod] SUBMIT tid=15281 cv=55 waits=1 sigs=2 cmds=1
[rtmod] COMMIT-NOOP
[rtmod] SUBMIT tid=15281 cv=56 waits=1 sigs=1 cmds=1
[rtmod] SUBMIT tid=15281 cv=57 waits=1 sigs=2 cmds=1
[rtmod] COMMIT-NOOP
[rtmod] SUBMIT tid=15281 cv=58 waits=1 sigs=1 cmds=1
[rtmod] SUBMIT tid=15281 cv=59 waits=1 sigs=2 cmds=1
[rtmod] COMMIT-NOOP
[rtmod] SUBMIT tid=15281 cv=60 waits=1 sigs=1 cmds=1
[rtmod] SUBMIT tid=15281 cv=61 waits=1 sigs=2 cmds=1
[rtmod] COMMIT-NOOP
[rtmod] SUBMIT tid=15281 cv=62 waits=1 sigs=1 cmds=1
[rtmod] SUBMIT tid=15281 cv=63 waits=1 sigs=2 cmds=1
[rtmod] COMMIT-NOOP
[rtmod] SUBMIT tid=15281 cv=64 waits=1 sigs=1 cmds=1
[rtmod] SUBMIT tid=15281 cv=65 waits=1 sigs=2 cmds=1
[rtmod] COMMIT-NOOP
[rtmod] SUBMIT tid=15281 cv=66 waits=1 sigs=1 cmds=1
[rtmod] SUBMIT tid=15281 cv=67 waits=1 sigs=2 cmds=1
[rtmod] COMMIT-NOOP
[rtmod] SUBMIT tid=15281 cv=68 waits=1 sigs=1 cmds=1
[rtmod] SUBMIT tid=15281 cv=69 waits=1 sigs=2 cmds=1
[rtmod] COMMIT-NOOP
[rtmod] SUBMIT tid=15281 cv=70 waits=1 sigs=1 cmds=1
[rtmod] SUBMIT tid=15281 cv=71 waits=1 sigs=2 cmds=1
[rtmod] COMMIT-NOOP
[rtmod] SUBMIT tid=15281 cv=72 waits=1 sigs=1 cmds=1
[rtmod] SUBMIT tid=15281 cv=73 waits=1 sigs=2 cmds=1
[rtmod] COMMIT-NOOP
[rtmod] SUBMIT tid=15281 cv=74 waits=1 sigs=1 cmds=1
[rtmod] SUBMIT tid=15281 cv=75 waits=1 sigs=2 cmds=1
[rtmod] COMMIT-NOOP
[rtmod] SUBMIT tid=15281 cv=76 waits=1 sigs=1 cmds=1
[rtmod] SUBMIT tid=15281 cv=77 waits=1 sigs=2 cmds=1
[rtmod] COMMIT-NOOP
[rtmod] SUBMIT tid=15281 cv=78 waits=1 sigs=1 cmds=1
[rtmod] SUBMIT tid=15281 cv=79 waits=1 sigs=2 cmds=1
[rtmod] COMMIT-NOOP
[rtmod] SUBMIT tid=15281 cv=80 waits=1 sigs=1 cmds=1
[rtmod] SUBMIT tid=15281 cv=81 waits=1 sigs=2 cmds=1
[rtmod] COMMIT-NOOP
[rtmod] SUBMIT tid=15281 cv=82 waits=1 sigs=1 cmds=1
[rtmod] SUBMIT tid=15281 cv=83 waits=1 sigs=2 cmds=1
[rtmod] COMMIT-NOOP
{
  "model": "mlx-community/Qwen2.5-0.5B-Instruct-4bit",
  "load_s": 0.79,
  "first_token_s": 0.205,
  "gen_s": 0.42,
  "tokens": 39,
  "tok_s": 92.97,
  "error": null,
  "output": "Photosynthesis is the process by which green plants use sunlight, carbon dioxide, and water to produce oxygen and release energy in the form of glucose, a key component of food for many organisms."
}
=== prism-ml/Ternary-Bonsai-8B-mlx-2bit
Fetching 7 files:   0%|          | 0/7 [00:00<?, ?it/s]Fetching 7 files: 100%|██████████| 7/7 [00:00<00:00, 2651.75it/s]
[rtmod] COMMIT-NOOP
[rtmod] SUBMIT tid=15281 cv=84 waits=0 sigs=2 cmds=1
[rtmod] SUBMIT tid=15281 cv=85 waits=2 sigs=1 cmds=1
[rtmod] SUBMIT tid=15281 cv=86 waits=1 sigs=1 cmds=1
[rtmod] SUBMIT tid=15281 cv=87 waits=1 sigs=2 cmds=1
[rtmod] SUBMIT tid=15281 cv=88 waits=1 sigs=1 cmds=1
[rtmod] SUBMIT tid=15281 cv=89 waits=1 sigs=1 cmds=1
[rtmod] SUBMIT tid=15281 cv=90 waits=1 sigs=2 cmds=1
[rtmod] SUBMIT tid=15281 cv=91 waits=1 sigs=1 cmds=1
[rtmod] SUBMIT tid=15281 cv=92 waits=1 sigs=1 cmds=1
[rtmod] SUBMIT tid=15281 cv=93 waits=1 sigs=2 cmds=1
[rtmod] SUBMIT tid=15281 cv=94 waits=1 sigs=1 cmds=1
[rtmod] SUBMIT tid=15281 cv=95 waits=1 sigs=1 cmds=1
[rtmod] SUBMIT tid=15281 cv=96 waits=1 sigs=2 cmds=1
[rtmod] SUBMIT tid=15281 cv=97 waits=1 sigs=1 cmds=1
[rtmod] SUBMIT tid=15281 cv=98 waits=1 sigs=1 cmds=1
[rtmod] SUBMIT tid=15281 cv=99 waits=1 sigs=2 cmds=1
[rtmod] SUBMIT tid=15281 cv=100 waits=1 sigs=1 cmds=1
[rtmod] SUBMIT tid=15281 cv=101 waits=1 sigs=1 cmds=1
[rtmod] SUBMIT tid=15281 cv=102 waits=1 sigs=2 cmds=1
[rtmod] SUBMIT tid=15281 cv=103 waits=1 sigs=1 cmds=1
[rtmod] SUBMIT tid=15281 cv=104 waits=1 sigs=1 cmds=1
[rtmod] SUBMIT tid=15281 cv=105 waits=1 sigs=2 cmds=1
[rtmod] SUBMIT tid=15281 cv=106 waits=1 sigs=1 cmds=1
[rtmod] SUBMIT tid=15281 cv=107 waits=1 sigs=1 cmds=1
[rtmod] SUBMIT tid=15281 cv=108 waits=1 sigs=2 cmds=1
[rtmod] SUBMIT tid=15281 cv=109 waits=1 sigs=1 cmds=1
[rtmod] SUBMIT tid=15281 cv=110 waits=1 sigs=1 cmds=1
[rtmod] SUBMIT tid=15281 cv=111 waits=1 sigs=2 cmds=1
[rtmod] SUBMIT tid=15281 cv=112 waits=1 sigs=1 cmds=1
[rtmod] SUBMIT tid=15281 cv=113 waits=1 sigs=1 cmds=1
[rtmod] SUBMIT tid=15281 cv=114 waits=1 sigs=2 cmds=1
[rtmod] SUBMIT tid=15281 cv=115 waits=1 sigs=1 cmds=1
[rtmod] SUBMIT tid=15281 cv=116 waits=1 sigs=1 cmds=1
[rtmod] SUBMIT tid=15281 cv=117 waits=1 sigs=2 cmds=1
[rtmod] SUBMIT tid=15281 cv=118 waits=1 sigs=1 cmds=1
[rtmod] SUBMIT tid=15281 cv=119 waits=1 sigs=1 cmds=1
[rtmod] SUBMIT tid=15281 cv=120 waits=1 sigs=2 cmds=1
[rtmod] SUBMIT tid=15281 cv=121 waits=1 sigs=1 cmds=1
[rtmod] SUBMIT tid=15281 cv=122 waits=1 sigs=1 cmds=1
[rtmod] SUBMIT tid=15281 cv=123 waits=1 sigs=2 cmds=1
[rtmod] SUBMIT tid=15281 cv=124 waits=1 sigs=1 cmds=1
[rtmod] SUBMIT tid=15281 cv=125 waits=1 sigs=1 cmds=1
[rtmod] SUBMIT tid=15281 cv=126 waits=1 sigs=2 cmds=1
[rtmod] SUBMIT tid=15281 cv=127 waits=1 sigs=1 cmds=1
[rtmod] SUBMIT tid=15281 cv=128 waits=1 sigs=1 cmds=1
[rtmod] SUBMIT tid=15281 cv=129 waits=1 sigs=2 cmds=1
[rtmod] SUBMIT tid=15281 cv=130 waits=1 sigs=1 cmds=1
[rtmod] SUBMIT tid=15281 cv=131 waits=1 sigs=1 cmds=1
[rtmod] SUBMIT tid=15281 cv=132 waits=1 sigs=2 cmds=1
[rtmod] SUBMIT tid=15281 cv=133 waits=1 sigs=1 cmds=1
[rtmod] SUBMIT tid=15281 cv=134 waits=1 sigs=1 cmds=1
[rtmod] SUBMIT tid=15281 cv=135 waits=1 sigs=2 cmds=1
[rtmod] SUBMIT tid=15281 cv=136 waits=1 sigs=1 cmds=1
[rtmod] SUBMIT tid=15281 cv=137 waits=1 sigs=1 cmds=1
[rtmod] SUBMIT tid=15281 cv=138 waits=1 sigs=2 cmds=1
[rtmod] SUBMIT tid=15281 cv=139 waits=1 sigs=1 cmds=1
[rtmod] SUBMIT tid=15281 cv=140 waits=1 sigs=1 cmds=1
[rtmod] SUBMIT tid=15281 cv=141 waits=1 sigs=2 cmds=1
[rtmod] SUBMIT tid=15281 cv=142 waits=1 sigs=1 cmds=1
[rtmod] SUBMIT tid=15281 cv=143 waits=1 sigs=1 cmds=1
[rtmod] SUBMIT tid=15281 cv=144 waits=1 sigs=2 cmds=1
[rtmod] SUBMIT tid=15281 cv=145 waits=1 sigs=1 cmds=1
[rtmod] SUBMIT tid=15281 cv=146 waits=1 sigs=1 cmds=1
[rtmod] SUBMIT tid=15281 cv=147 waits=1 sigs=2 cmds=1
[rtmod] SUBMIT tid=15281 cv=148 waits=1 sigs=1 cmds=1
[rtmod] SUBMIT tid=15281 cv=149 waits=1 sigs=1 cmds=1
[rtmod] SUBMIT tid=15281 cv=150 waits=1 sigs=2 cmds=1
[rtmod] SUBMIT tid=15281 cv=151 waits=1 sigs=1 cmds=1
[rtmod] SUBMIT tid=15281 cv=152 waits=1 sigs=1 cmds=1
[rtmod] SUBMIT tid=15281 cv=153 waits=1 sigs=2 cmds=1
[rtmod] SUBMIT tid=15281 cv=154 waits=1 sigs=1 cmds=1
[rtmod] SUBMIT tid=15281 cv=155 waits=1 sigs=1 cmds=1
[rtmod] SUBMIT tid=15281 cv=156 waits=1 sigs=2 cmds=1
[rtmod] SUBMIT tid=15281 cv=157 waits=1 sigs=1 cmds=1
[rtmod] SUBMIT tid=15281 cv=158 waits=1 sigs=1 cmds=1
[rtmod] SUBMIT tid=15281 cv=159 waits=1 sigs=2 cmds=1
[rtmod] SUBMIT tid=15281 cv=160 waits=1 sigs=1 cmds=1
[rtmod] SUBMIT tid=15281 cv=161 waits=1 sigs=1 cmds=1
[rtmod] SUBMIT tid=15281 cv=162 waits=1 sigs=2 cmds=1
[rtmod] SUBMIT tid=15281 cv=163 waits=1 sigs=1 cmds=1
[rtmod] SUBMIT tid=15281 cv=164 waits=1 sigs=1 cmds=1
[rtmod] SUBMIT tid=15281 cv=165 waits=1 sigs=2 cmds=1
[rtmod] SUBMIT tid=15281 cv=166 waits=1 sigs=1 cmds=1
[rtmod] SUBMIT tid=15281 cv=167 waits=1 sigs=1 cmds=1
[rtmod] SUBMIT tid=15281 cv=168 waits=1 sigs=2 cmds=1
[rtmod] SUBMIT tid=15281 cv=169 waits=1 sigs=1 cmds=1
[rtmod] SUBMIT tid=15281 cv=170 waits=1 sigs=1 cmds=1
[rtmod] SUBMIT tid=15281 cv=171 waits=1 sigs=2 cmds=1
[rtmod] SUBMIT tid=15281 cv=172 waits=1 sigs=1 cmds=1
[rtmod] SUBMIT tid=15281 cv=173 waits=1 sigs=1 cmds=1
[rtmod] SUBMIT tid=15281 cv=174 waits=1 sigs=2 cmds=1
[rtmod] SUBMIT tid=15281 cv=175 waits=1 sigs=1 cmds=1
[rtmod] SUBMIT tid=15281 cv=176 waits=1 sigs=1 cmds=1
[rtmod] SUBMIT tid=15281 cv=177 waits=1 sigs=2 cmds=1
[rtmod] SUBMIT tid=15281 cv=178 waits=1 sigs=1 cmds=1
[rtmod] SUBMIT tid=15281 cv=179 waits=1 sigs=1 cmds=1
[rtmod] SUBMIT tid=15281 cv=180 waits=1 sigs=2 cmds=1
[rtmod] SUBMIT tid=15281 cv=181 waits=1 sigs=1 cmds=1
[rtmod] SUBMIT tid=15281 cv=182 waits=1 sigs=1 cmds=1
[rtmod] SUBMIT tid=15281 cv=183 waits=1 sigs=2 cmds=1
[rtmod] SUBMIT tid=15281 cv=184 waits=1 sigs=1 cmds=1
[rtmod] SUBMIT tid=15281 cv=185 waits=1 sigs=1 cmds=1
[rtmod] SUBMIT tid=15281 cv=186 waits=1 sigs=2 cmds=1
[rtmod] SUBMIT tid=15281 cv=187 waits=1 sigs=1 cmds=1
[rtmod] SUBMIT tid=15281 cv=188 waits=1 sigs=1 cmds=1
[rtmod] SUBMIT tid=15281 cv=189 waits=1 sigs=2 cmds=1
[rtmod] SUBMIT tid=15281 cv=190 waits=1 sigs=1 cmds=1
[rtmod] COMMIT-NOOP
[rtmod] SUBMIT tid=15281 cv=191 waits=0 sigs=2 cmds=1
[rtmod] COMMIT-NOOP
[rtmod] SUBMIT tid=15281 cv=192 waits=1 sigs=1 cmds=1
[rtmod] SUBMIT tid=15281 cv=193 waits=0 sigs=1 cmds=1
[rtmod] SUBMIT tid=15281 cv=194 waits=0 sigs=1 cmds=1
[rtmod] SUBMIT tid=15281 cv=195 waits=0 sigs=1 cmds=1
[rtmod] SUBMIT tid=15281 cv=196 waits=0 sigs=1 cmds=1
[rtmod] SUBMIT tid=15281 cv=197 waits=0 sigs=1 cmds=1
[rtmod] SUBMIT tid=15281 cv=198 waits=0 sigs=1 cmds=1
[rtmod] SUBMIT tid=15281 cv=199 waits=0 sigs=1 cmds=1
[rtmod] SUBMIT tid=15281 cv=200 waits=0 sigs=1 cmds=1
[rtmod] SUBMIT tid=15281 cv=201 waits=0 sigs=1 cmds=1
[rtmod] SUBMIT tid=15281 cv=202 waits=0 sigs=1 cmds=1
[rtmod] SUBMIT tid=15281 cv=203 waits=0 sigs=1 cmds=1
[rtmod] SUBMIT tid=15281 cv=204 waits=0 sigs=1 cmds=1
[rtmod] SUBMIT tid=15281 cv=205 waits=0 sigs=1 cmds=1
[rtmod] SUBMIT tid=15281 cv=206 waits=0 sigs=1 cmds=1
[rtmod] SUBMIT tid=15281 cv=207 waits=0 sigs=1 cmds=1
[rtmod] SUBMIT tid=15281 cv=208 waits=0 sigs=1 cmds=1
[rtmod] SUBMIT tid=15281 cv=209 waits=0 sigs=1 cmds=1
[rtmod] SUBMIT tid=15281 cv=210 waits=0 sigs=1 cmds=1
[rtmod] SUBMIT tid=15281 cv=211 waits=0 sigs=1 cmds=1
[rtmod] SUBMIT tid=15281 cv=212 waits=0 sigs=1 cmds=1
[rtmod] SUBMIT tid=15281 cv=213 waits=0 sigs=1 cmds=1
[rtmod] SUBMIT tid=15281 cv=214 waits=0 sigs=1 cmds=1
[rtmod] SUBMIT tid=15281 cv=215 waits=0 sigs=1 cmds=1
[rtmod] SUBMIT tid=15281 cv=216 waits=0 sigs=1 cmds=1
[rtmod] SUBMIT tid=15281 cv=217 waits=0 sigs=1 cmds=1
[rtmod] SUBMIT tid=15281 cv=218 waits=0 sigs=1 cmds=1
[rtmod] SUBMIT tid=15281 cv=219 waits=0 sigs=1 cmds=1
[rtmod] SUBMIT tid=15281 cv=220 waits=0 sigs=1 cmds=1
[rtmod] SUBMIT tid=15281 cv=221 waits=0 sigs=1 cmds=1
[rtmod] SUBMIT tid=15281 cv=222 waits=0 sigs=1 cmds=1
[rtmod] SUBMIT tid=15281 cv=223 waits=0 sigs=1 cmds=1
[rtmod] SUBMIT tid=15281 cv=224 waits=0 sigs=1 cmds=1
[rtmod] SUBMIT tid=15281 cv=225 waits=0 sigs=1 cmds=1
[rtmod] SUBMIT tid=15281 cv=226 waits=0 sigs=1 cmds=1
[rtmod] SUBMIT tid=15281 cv=227 waits=0 sigs=1 cmds=1
[rtmod] SUBMIT tid=15281 cv=228 waits=0 sigs=1 cmds=1
[rtmod] SUBMIT tid=15281 cv=229 waits=0 sigs=1 cmds=1
[rtmod] SUBMIT tid=15281 cv=230 waits=0 sigs=1 cmds=1
[rtmod] SUBMIT tid=15281 cv=231 waits=0 sigs=1 cmds=1
[rtmod] SUBMIT tid=15281 cv=232 waits=0 sigs=1 cmds=1
[rtmod] SUBMIT tid=15281 cv=233 waits=0 sigs=1 cmds=1
[rtmod] SUBMIT tid=15281 cv=234 waits=0 sigs=1 cmds=1
[rtmod] SUBMIT tid=15281 cv=235 waits=0 sigs=1 cmds=1
[rtmod] SUBMIT tid=15281 cv=236 waits=0 sigs=1 cmds=1
[rtmod] SUBMIT tid=15281 cv=237 waits=0 sigs=1 cmds=1
[rtmod] SUBMIT tid=15281 cv=238 waits=0 sigs=1 cmds=1
[rtmod] SUBMIT tid=15281 cv=239 waits=0 sigs=1 cmds=1
[rtmod] SUBMIT tid=15281 cv=240 waits=0 sigs=1 cmds=1
[rtmod] SUBMIT tid=15281 cv=241 waits=0 sigs=1 cmds=1
[rtmod] SUBMIT tid=15281 cv=242 waits=0 sigs=1 cmds=1
[rtmod] SUBMIT tid=15281 cv=243 waits=0 sigs=1 cmds=1
[rtmod] SUBMIT tid=15281 cv=244 waits=0 sigs=1 cmds=1
[rtmod] SUBMIT tid=15281 cv=245 waits=0 sigs=1 cmds=1
[rtmod] SUBMIT tid=15281 cv=246 waits=0 sigs=1 cmds=1
[rtmod] SUBMIT tid=15281 cv=247 waits=0 sigs=1 cmds=1
[rtmod] SUBMIT tid=15281 cv=248 waits=0 sigs=1 cmds=1
[rtmod] SUBMIT tid=15281 cv=249 waits=0 sigs=1 cmds=1
[rtmod] SUBMIT tid=15281 cv=250 waits=0 sigs=1 cmds=1
[rtmod] SUBMIT tid=15281 cv=251 waits=0 sigs=1 cmds=1
[rtmod] SUBMIT tid=15281 cv=252 waits=0 sigs=1 cmds=1
[rtmod] SUBMIT tid=15281 cv=253 waits=0 sigs=1 cmds=1
[rtmod] SUBMIT tid=15281 cv=254 waits=0 sigs=1 cmds=1
[rtmod] SUBMIT tid=15281 cv=255 waits=0 sigs=1 cmds=1
[rtmod] SUBMIT tid=15281 cv=256 waits=0 sigs=1 cmds=1
[rtmod] SUBMIT tid=15281 cv=257 waits=0 sigs=1 cmds=1
[rtmod] SUBMIT tid=15281 cv=258 waits=0 sigs=1 cmds=1
[rtmod] SUBMIT tid=15281 cv=259 waits=0 sigs=1 cmds=1
[rtmod] SUBMIT tid=15281 cv=260 waits=0 sigs=1 cmds=1
[rtmod] SUBMIT tid=15281 cv=261 waits=0 sigs=1 cmds=1
[rtmod] SUBMIT tid=15281 cv=262 waits=0 sigs=1 cmds=1
[rtmod] SUBMIT tid=15281 cv=263 waits=0 sigs=1 cmds=1
[rtmod] SUBMIT tid=15281 cv=264 waits=0 sigs=2 cmds=1
[rtmod] COMMIT-NOOP
[rtmod] SUBMIT tid=15281 cv=265 waits=1 sigs=1 cmds=1
[rtmod] SUBMIT tid=15281 cv=266 waits=0 sigs=1 cmds=1
[rtmod] SUBMIT tid=15281 cv=267 waits=0 sigs=1 cmds=1
[rtmod] SUBMIT tid=15281 cv=268 waits=0 sigs=1 cmds=1
[rtmod] SUBMIT tid=15281 cv=269 waits=0 sigs=1 cmds=1
[rtmod] SUBMIT tid=15281 cv=270 waits=0 sigs=1 cmds=1
[rtmod] SUBMIT tid=15281 cv=271 waits=0 sigs=1 cmds=1
[rtmod] SUBMIT tid=15281 cv=272 waits=0 sigs=1 cmds=1
[rtmod] SUBMIT tid=15281 cv=273 waits=0 sigs=1 cmds=1
[rtmod] SUBMIT tid=15281 cv=274 waits=0 sigs=1 cmds=1
[rtmod] SUBMIT tid=15281 cv=275 waits=0 sigs=1 cmds=1
[rtmod] SUBMIT tid=15281 cv=276 waits=0 sigs=1 cmds=1
[rtmod] SUBMIT tid=15281 cv=277 waits=0 sigs=1 cmds=1
[rtmod] SUBMIT tid=15281 cv=278 waits=0 sigs=1 cmds=1
[rtmod] SUBMIT tid=15281 cv=279 waits=0 sigs=1 cmds=1
[rtmod] SUBMIT tid=15281 cv=280 waits=0 sigs=1 cmds=1
[rtmod] SUBMIT tid=15281 cv=281 waits=0 sigs=1 cmds=1
[rtmod] SUBMIT tid=15281 cv=282 waits=0 sigs=1 cmds=1
[rtmod] SUBMIT tid=15281 cv=283 waits=0 sigs=1 cmds=1
[rtmod] SUBMIT tid=15281 cv=284 waits=0 sigs=1 cmds=1
[rtmod] SUBMIT tid=15281 cv=285 waits=0 sigs=1 cmds=1
[rtmod] SUBMIT tid=15281 cv=286 waits=0 sigs=1 cmds=1
[rtmod] SUBMIT tid=15281 cv=287 waits=0 sigs=1 cmds=1
[rtmod] SUBMIT tid=15281 cv=288 waits=0 sigs=1 cmds=1
[rtmod] SUBMIT tid=15281 cv=289 waits=0 sigs=1 cmds=1
[rtmod] SUBMIT tid=15281 cv=290 waits=0 sigs=1 cmds=1
[rtmod] SUBMIT tid=15281 cv=291 waits=0 sigs=1 cmds=1
[rtmod] SUBMIT tid=15281 cv=292 waits=0 sigs=1 cmds=1
[rtmod] SUBMIT tid=15281 cv=293 waits=0 sigs=1 cmds=1
[rtmod] SUBMIT tid=15281 cv=294 waits=0 sigs=1 cmds=1
[rtmod] SUBMIT tid=15281 cv=295 waits=0 sigs=1 cmds=1
[rtmod] SUBMIT tid=15281 cv=296 waits=0 sigs=1 cmds=1
[rtmod] SUBMIT tid=15281 cv=297 waits=0 sigs=1 cmds=1
[rtmod] SUBMIT tid=15281 cv=298 waits=0 sigs=1 cmds=1
[rtmod] SUBMIT tid=15281 cv=299 waits=0 sigs=1 cmds=1
[rtmod] SUBMIT tid=15281 cv=300 waits=0 sigs=1 cmds=1
[rtmod] SUBMIT tid=15281 cv=301 waits=0 sigs=1 cmds=1
[rtmod] SUBMIT tid=15281 cv=302 waits=0 sigs=1 cmds=1
[rtmod] SUBMIT tid=15281 cv=303 waits=0 sigs=1 cmds=1
[rtmod] SUBMIT tid=15281 cv=304 waits=0 sigs=1 cmds=1
[rtmod] SUBMIT tid=15281 cv=305 waits=0 sigs=1 cmds=1
[rtmod] SUBMIT tid=15281 cv=306 waits=0 sigs=1 cmds=1
[rtmod] SUBMIT tid=15281 cv=307 waits=0 sigs=1 cmds=1
[rtmod] SUBMIT tid=15281 cv=308 waits=0 sigs=1 cmds=1
[rtmod] SUBMIT tid=15281 cv=309 waits=0 sigs=1 cmds=1
[rtmod] SUBMIT tid=15281 cv=310 waits=0 sigs=1 cmds=1
[rtmod] SUBMIT tid=15281 cv=311 waits=0 sigs=1 cmds=1
[rtmod] SUBMIT tid=15281 cv=312 waits=0 sigs=1 cmds=1
[rtmod] SUBMIT tid=15281 cv=313 waits=0 sigs=1 cmds=1
[rtmod] SUBMIT tid=15281 cv=314 waits=0 sigs=1 cmds=1
[rtmod] SUBMIT tid=15281 cv=315 waits=0 sigs=1 cmds=1
[rtmod] SUBMIT tid=15281 cv=316 waits=0 sigs=1 cmds=1
[rtmod] SUBMIT tid=15281 cv=317 waits=0 sigs=1 cmds=1
[rtmod] SUBMIT tid=15281 cv=318 waits=0 sigs=1 cmds=1
[rtmod] SUBMIT tid=15281 cv=319 waits=0 sigs=1 cmds=1
[rtmod] SUBMIT tid=15281 cv=320 waits=0 sigs=1 cmds=1
[rtmod] SUBMIT tid=15281 cv=321 waits=0 sigs=1 cmds=1
[rtmod] SUBMIT tid=15281 cv=322 waits=0 sigs=1 cmds=1
[rtmod] SUBMIT tid=15281 cv=323 waits=0 sigs=1 cmds=1
[rtmod] SUBMIT tid=15281 cv=324 waits=0 sigs=1 cmds=1
[rtmod] SUBMIT tid=15281 cv=325 waits=0 sigs=1 cmds=1
[rtmod] SUBMIT tid=15281 cv=326 waits=0 sigs=1 cmds=1
[rtmod] SUBMIT tid=15281 cv=327 waits=0 sigs=1 cmds=1
[rtmod] SUBMIT tid=15281 cv=328 waits=0 sigs=1 cmds=1
[rtmod] SUBMIT tid=15281 cv=329 waits=0 sigs=1 cmds=1
[rtmod] SUBMIT tid=15281 cv=330 waits=0 sigs=1 cmds=1
[rtmod] SUBMIT tid=15281 cv=331 waits=0 sigs=1 cmds=1
[rtmod] SUBMIT tid=15281 cv=332 waits=0 sigs=1 cmds=1
[rtmod] SUBMIT tid=15281 cv=333 waits=0 sigs=1 cmds=1
[rtmod] SUBMIT tid=15281 cv=334 waits=0 sigs=1 cmds=1
[rtmod] SUBMIT tid=15281 cv=335 waits=0 sigs=1 cmds=1
[rtmod] SUBMIT tid=15281 cv=336 waits=0 sigs=1 cmds=1
[rtmod] SUBMIT tid=15281 cv=337 waits=0 sigs=2 cmds=1
[rtmod] COMMIT-NOOP
[rtmod] SUBMIT tid=15281 cv=338 waits=1 sigs=1 cmds=1
[rtmod] SUBMIT tid=15281 cv=339 waits=0 sigs=1 cmds=1
[rtmod] SUBMIT tid=15281 cv=340 waits=0 sigs=1 cmds=1
[rtmod] SUBMIT tid=15281 cv=341 waits=0 sigs=1 cmds=1
[rtmod] SUBMIT tid=15281 cv=342 waits=0 sigs=1 cmds=1
[rtmod] SUBMIT tid=15281 cv=343 waits=0 sigs=1 cmds=1
[rtmod] SUBMIT tid=15281 cv=344 waits=0 sigs=1 cmds=1
[rtmod] SUBMIT tid=15281 cv=345 waits=0 sigs=1 cmds=1
[rtmod] SUBMIT tid=15281 cv=346 waits=0 sigs=1 cmds=1
[rtmod] SUBMIT tid=15281 cv=347 waits=0 sigs=1 cmds=1
[rtmod] SUBMIT tid=15281 cv=348 waits=0 sigs=1 cmds=1
[rtmod] SUBMIT tid=15281 cv=349 waits=0 sigs=1 cmds=1
[rtmod] SUBMIT tid=15281 cv=350 waits=0 sigs=1 cmds=1
[rtmod] SUBMIT tid=15281 cv=351 waits=0 sigs=1 cmds=1
[rtmod] SUBMIT tid=15281 cv=352 waits=0 sigs=1 cmds=1
[rtmod] SUBMIT tid=15281 cv=353 waits=0 sigs=1 cmds=1
[rtmod] SUBMIT tid=15281 cv=354 waits=0 sigs=1 cmds=1
[rtmod] SUBMIT tid=15281 cv=355 waits=0 sigs=1 cmds=1
[rtmod] SUBMIT tid=15281 cv=356 waits=0 sigs=1 cmds=1
[rtmod] SUBMIT tid=15281 cv=357 waits=0 sigs=1 cmds=1
[rtmod] SUBMIT tid=15281 cv=358 waits=0 sigs=1 cmds=1
[rtmod] SUBMIT tid=15281 cv=359 waits=0 sigs=1 cmds=1
[rtmod] SUBMIT tid=15281 cv=360 waits=0 sigs=1 cmds=1
[rtmod] SUBMIT tid=15281 cv=361 waits=0 sigs=1 cmds=1
[rtmod] SUBMIT tid=15281 cv=362 waits=0 sigs=1 cmds=1
[rtmod] SUBMIT tid=15281 cv=363 waits=0 sigs=1 cmds=1
[rtmod] SUBMIT tid=15281 cv=364 waits=0 sigs=1 cmds=1
[rtmod] SUBMIT tid=15281 cv=365 waits=0 sigs=1 cmds=1
[rtmod] SUBMIT tid=15281 cv=366 waits=0 sigs=1 cmds=1
[rtmod] SUBMIT tid=15281 cv=367 waits=0 sigs=1 cmds=1
[rtmod] SUBMIT tid=15281 cv=368 waits=0 sigs=1 cmds=1
[rtmod] SUBMIT tid=15281 cv=369 waits=0 sigs=1 cmds=1
[rtmod] SUBMIT tid=15281 cv=370 waits=0 sigs=1 cmds=1
[rtmod] SUBMIT tid=15281 cv=371 waits=0 sigs=1 cmds=1
[rtmod] SUBMIT tid=15281 cv=372 waits=0 sigs=1 cmds=1
[rtmod] SUBMIT tid=15281 cv=373 waits=0 sigs=1 cmds=1
[rtmod] SUBMIT tid=15281 cv=374 waits=0 sigs=1 cmds=1
[rtmod] SUBMIT tid=15281 cv=375 waits=0 sigs=1 cmds=1
[rtmod] SUBMIT tid=15281 cv=376 waits=0 sigs=1 cmds=1
[rtmod] SUBMIT tid=15281 cv=377 waits=0 sigs=1 cmds=1
[rtmod] SUBMIT tid=15281 cv=378 waits=0 sigs=1 cmds=1
[rtmod] SUBMIT tid=15281 cv=379 waits=0 sigs=1 cmds=1
[rtmod] SUBMIT tid=15281 cv=380 waits=0 sigs=1 cmds=1
[rtmod] SUBMIT tid=15281 cv=381 waits=0 sigs=1 cmds=1
[rtmod] SUBMIT tid=15281 cv=382 waits=0 sigs=1 cmds=1
[rtmod] SUBMIT tid=15281 cv=383 waits=0 sigs=1 cmds=1
[rtmod] SUBMIT tid=15281 cv=384 waits=0 sigs=1 cmds=1
[rtmod] SUBMIT tid=15281 cv=385 waits=0 sigs=1 cmds=1
[rtmod] SUBMIT tid=15281 cv=386 waits=0 sigs=1 cmds=1
[rtmod] SUBMIT tid=15281 cv=387 waits=0 sigs=1 cmds=1
[rtmod] SUBMIT tid=15281 cv=388 waits=0 sigs=1 cmds=1
[rtmod] SUBMIT tid=15281 cv=389 waits=0 sigs=1 cmds=1
[rtmod] SUBMIT tid=15281 cv=390 waits=0 sigs=1 cmds=1
[rtmod] SUBMIT tid=15281 cv=391 waits=0 sigs=1 cmds=1
[rtmod] SUBMIT tid=15281 cv=392 waits=0 sigs=1 cmds=1
[rtmod] SUBMIT tid=15281 cv=393 waits=0 sigs=1 cmds=1
[rtmod] SUBMIT tid=15281 cv=394 waits=0 sigs=1 cmds=1
[rtmod] SUBMIT tid=15281 cv=395 waits=0 sigs=1 cmds=1
[rtmod] SUBMIT tid=15281 cv=396 waits=0 sigs=1 cmds=1
[rtmod] SUBMIT tid=15281 cv=397 waits=0 sigs=1 cmds=1
[rtmod] SUBMIT tid=15281 cv=398 waits=0 sigs=1 cmds=1
[rtmod] SUBMIT tid=15281 cv=399 waits=0 sigs=1 cmds=1
[rtmod] SUBMIT tid=15281 cv=400 waits=0 sigs=1 cmds=1
[rtmod] SUBMIT tid=15281 cv=401 waits=0 sigs=1 cmds=1
[rtmod] SUBMIT tid=15281 cv=402 waits=0 sigs=1 cmds=1
[rtmod] SUBMIT tid=15281 cv=403 waits=0 sigs=1 cmds=1
[rtmod] SUBMIT tid=15281 cv=404 waits=0 sigs=1 cmds=1
[rtmod] SUBMIT tid=15281 cv=405 waits=0 sigs=1 cmds=1
[rtmod] SUBMIT tid=15281 cv=406 waits=0 sigs=1 cmds=1
[rtmod] SUBMIT tid=15281 cv=407 waits=0 sigs=1 cmds=1
[rtmod] SUBMIT tid=15281 cv=408 waits=0 sigs=1 cmds=1
[rtmod] SUBMIT tid=15281 cv=409 waits=0 sigs=1 cmds=1
[rtmod] SUBMIT tid=15281 cv=410 waits=0 sigs=2 cmds=1
[rtmod] COMMIT-NOOP
[rtmod] SUBMIT tid=15281 cv=411 waits=1 sigs=1 cmds=1
[rtmod] SUBMIT tid=15281 cv=412 waits=0 sigs=1 cmds=1
[rtmod] SUBMIT tid=15281 cv=413 waits=0 sigs=1 cmds=1
[rtmod] SUBMIT tid=15281 cv=414 waits=0 sigs=1 cmds=1
[rtmod] SUBMIT tid=15281 cv=415 waits=0 sigs=1 cmds=1
[rtmod] SUBMIT tid=15281 cv=416 waits=0 sigs=1 cmds=1
[rtmod] SUBMIT tid=15281 cv=417 waits=0 sigs=1 cmds=1
[rtmod] SUBMIT tid=15281 cv=418 waits=0 sigs=1 cmds=1
[rtmod] SUBMIT tid=15281 cv=419 waits=0 sigs=1 cmds=1
[rtmod] SUBMIT tid=15281 cv=420 waits=0 sigs=1 cmds=1
[rtmod] SUBMIT tid=15281 cv=421 waits=0 sigs=1 cmds=1
[rtmod] SUBMIT tid=15281 cv=422 waits=0 sigs=1 cmds=1
[rtmod] SUBMIT tid=15281 cv=423 waits=0 sigs=1 cmds=1
[rtmod] SUBMIT tid=15281 cv=424 waits=0 sigs=1 cmds=1
[rtmod] SUBMIT tid=15281 cv=425 waits=0 sigs=1 cmds=1
[rtmod] SUBMIT tid=15281 cv=426 waits=0 sigs=1 cmds=1
[rtmod] SUBMIT tid=15281 cv=427 waits=0 sigs=1 cmds=1
[rtmod] SUBMIT tid=15281 cv=428 waits=0 sigs=1 cmds=1
[rtmod] SUBMIT tid=15281 cv=429 waits=0 sigs=1 cmds=1
[rtmod] SUBMIT tid=15281 cv=430 waits=0 sigs=1 cmds=1
[rtmod] SUBMIT tid=15281 cv=431 waits=0 sigs=1 cmds=1
[rtmod] SUBMIT tid=15281 cv=432 waits=0 sigs=1 cmds=1
[rtmod] SUBMIT tid=15281 cv=433 waits=0 sigs=1 cmds=1
[rtmod] SUBMIT tid=15281 cv=434 waits=0 sigs=1 cmds=1
[rtmod] SUBMIT tid=15281 cv=435 waits=0 sigs=1 cmds=1
[rtmod] SUBMIT tid=15281 cv=436 waits=0 sigs=1 cmds=1
[rtmod] SUBMIT tid=15281 cv=437 waits=0 sigs=1 cmds=1
[rtmod] SUBMIT tid=15281 cv=438 waits=0 sigs=1 cmds=1
[rtmod] SUBMIT tid=15281 cv=439 waits=0 sigs=1 cmds=1
[rtmod] SUBMIT tid=15281 cv=440 waits=0 sigs=1 cmds=1
[rtmod] SUBMIT tid=15281 cv=441 waits=0 sigs=1 cmds=1
[rtmod] SUBMIT tid=15281 cv=442 waits=0 sigs=1 cmds=1
[rtmod] SUBMIT tid=15281 cv=443 waits=0 sigs=1 cmds=1
[rtmod] SUBMIT tid=15281 cv=444 waits=0 sigs=1 cmds=1
[rtmod] SUBMIT tid=15281 cv=445 waits=0 sigs=1 cmds=1
[rtmod] SUBMIT tid=15281 cv=446 waits=0 sigs=1 cmds=1
[rtmod] SUBMIT tid=15281 cv=447 waits=0 sigs=1 cmds=1
[rtmod] SUBMIT tid=15281 cv=448 waits=0 sigs=1 cmds=1
[rtmod] SUBMIT tid=15281 cv=449 waits=0 sigs=1 cmds=1
[rtmod] SUBMIT tid=15281 cv=450 waits=0 sigs=1 cmds=1
[rtmod] SUBMIT tid=15281 cv=451 waits=0 sigs=1 cmds=1
[rtmod] SUBMIT tid=15281 cv=452 waits=0 sigs=1 cmds=1
[rtmod] SUBMIT tid=15281 cv=453 waits=0 sigs=1 cmds=1
[rtmod] SUBMIT tid=15281 cv=454 waits=0 sigs=1 cmds=1
[rtmod] SUBMIT tid=15281 cv=455 waits=0 sigs=1 cmds=1
[rtmod] SUBMIT tid=15281 cv=456 waits=0 sigs=1 cmds=1
[rtmod] SUBMIT tid=15281 cv=457 waits=0 sigs=1 cmds=1
[rtmod] SUBMIT tid=15281 cv=458 waits=0 sigs=1 cmds=1
[rtmod] SUBMIT tid=15281 cv=459 waits=0 sigs=1 cmds=1
[rtmod] SUBMIT tid=15281 cv=460 waits=0 sigs=1 cmds=1
[rtmod] SUBMIT tid=15281 cv=461 waits=0 sigs=1 cmds=1
[rtmod] SUBMIT tid=15281 cv=462 waits=0 sigs=1 cmds=1
[rtmod] SUBMIT tid=15281 cv=463 waits=0 sigs=1 cmds=1
[rtmod] SUBMIT tid=15281 cv=464 waits=0 sigs=1 cmds=1
[rtmod] SUBMIT tid=15281 cv=465 waits=0 sigs=1 cmds=1
[rtmod] SUBMIT tid=15281 cv=466 waits=0 sigs=1 cmds=1
[rtmod] SUBMIT tid=15281 cv=467 waits=0 sigs=1 cmds=1
[rtmod] SUBMIT tid=15281 cv=468 waits=0 sigs=1 cmds=1
[rtmod] SUBMIT tid=15281 cv=469 waits=0 sigs=1 cmds=1
[rtmod] SUBMIT tid=15281 cv=470 waits=0 sigs=1 cmds=1
[rtmod] SUBMIT tid=15281 cv=471 waits=0 sigs=1 cmds=1
[rtmod] SUBMIT tid=15281 cv=472 waits=0 sigs=1 cmds=1
[rtmod] SUBMIT tid=15281 cv=473 waits=0 sigs=1 cmds=1
[rtmod] SUBMIT tid=15281 cv=474 waits=0 sigs=1 cmds=1
[rtmod] SUBMIT tid=15281 cv=475 waits=0 sigs=1 cmds=1
[rtmod] SUBMIT tid=15281 cv=476 waits=0 sigs=1 cmds=1
[rtmod] SUBMIT tid=15281 cv=477 waits=0 sigs=1 cmds=1
[rtmod] SUBMIT tid=15281 cv=478 waits=0 sigs=1 cmds=1
[rtmod] SUBMIT tid=15281 cv=479 waits=0 sigs=1 cmds=1
[rtmod] SUBMIT tid=15281 cv=480 waits=0 sigs=1 cmds=1
[rtmod] SUBMIT tid=15281 cv=481 waits=0 sigs=1 cmds=1
[rtmod] SUBMIT tid=15281 cv=482 waits=0 sigs=1 cmds=1
[rtmod] SUBMIT tid=15281 cv=483 waits=0 sigs=2 cmds=1
[rtmod] COMMIT-NOOP
[rtmod] SUBMIT tid=15281 cv=484 waits=1 sigs=1 cmds=1
[rtmod] SUBMIT tid=15281 cv=485 waits=0 sigs=1 cmds=1
[rtmod] SUBMIT tid=15281 cv=486 waits=0 sigs=1 cmds=1
[rtmod] SUBMIT tid=15281 cv=487 waits=0 sigs=1 cmds=1
[rtmod] SUBMIT tid=15281 cv=488 waits=0 sigs=1 cmds=1
[rtmod] SUBMIT tid=15281 cv=489 waits=0 sigs=1 cmds=1
[rtmod] SUBMIT tid=15281 cv=490 waits=0 sigs=1 cmds=1
[rtmod] SUBMIT tid=15281 cv=491 waits=0 sigs=1 cmds=1
[rtmod] SUBMIT tid=15281 cv=492 waits=0 sigs=1 cmds=1
[rtmod] SUBMIT tid=15281 cv=493 waits=0 sigs=1 cmds=1
[rtmod] SUBMIT tid=15281 cv=494 waits=0 sigs=1 cmds=1
[rtmod] SUBMIT tid=15281 cv=495 waits=0 sigs=1 cmds=1
[rtmod] SUBMIT tid=15281 cv=496 waits=0 sigs=1 cmds=1
[rtmod] SUBMIT tid=15281 cv=497 waits=0 sigs=1 cmds=1
[rtmod] SUBMIT tid=15281 cv=498 waits=0 sigs=1 cmds=1
[rtmod] SUBMIT tid=15281 cv=499 waits=0 sigs=1 cmds=1
[rtmod] SUBMIT tid=15281 cv=500 waits=0 sigs=1 cmds=1
[rtmod] SUBMIT tid=15281 cv=501 waits=0 sigs=1 cmds=1
[rtmod] SUBMIT tid=15281 cv=502 waits=0 sigs=1 cmds=1
[rtmod] SUBMIT tid=15281 cv=503 waits=0 sigs=1 cmds=1
[rtmod] SUBMIT tid=15281 cv=504 waits=0 sigs=1 cmds=1
[rtmod] SUBMIT tid=15281 cv=505 waits=0 sigs=1 cmds=1
[rtmod] SUBMIT tid=15281 cv=506 waits=0 sigs=1 cmds=1
[rtmod] SUBMIT tid=15281 cv=507 waits=0 sigs=1 cmds=1
[rtmod] SUBMIT tid=15281 cv=508 waits=0 sigs=1 cmds=1
[rtmod] SUBMIT tid=15281 cv=509 waits=0 sigs=1 cmds=1
[rtmod] SUBMIT tid=15281 cv=510 waits=0 sigs=1 cmds=1
[rtmod] SUBMIT tid=15281 cv=511 waits=0 sigs=1 cmds=1
[rtmod] SUBMIT tid=15281 cv=512 waits=0 sigs=1 cmds=1
[rtmod] SUBMIT tid=15281 cv=513 waits=0 sigs=1 cmds=1
[rtmod] SUBMIT tid=15281 cv=514 waits=0 sigs=1 cmds=1
[rtmod] SUBMIT tid=15281 cv=515 waits=0 sigs=1 cmds=1
[rtmod] SUBMIT tid=15281 cv=516 waits=0 sigs=1 cmds=1
[rtmod] SUBMIT tid=15281 cv=517 waits=0 sigs=1 cmds=1
[rtmod] SUBMIT tid=15281 cv=518 waits=0 sigs=1 cmds=1
[rtmod] SUBMIT tid=15281 cv=519 waits=0 sigs=1 cmds=1
[rtmod] SUBMIT tid=15281 cv=520 waits=0 sigs=1 cmds=1
[rtmod] SUBMIT tid=15281 cv=521 waits=0 sigs=1 cmds=1
[rtmod] SUBMIT tid=15281 cv=522 waits=0 sigs=1 cmds=1
[rtmod] SUBMIT tid=15281 cv=523 waits=0 sigs=1 cmds=1
[rtmod] SUBMIT tid=15281 cv=524 waits=0 sigs=1 cmds=1
[rtmod] SUBMIT tid=15281 cv=525 waits=0 sigs=1 cmds=1
[rtmod] SUBMIT tid=15281 cv=526 waits=0 sigs=1 cmds=1
[rtmod] SUBMIT tid=15281 cv=527 waits=0 sigs=1 cmds=1
[rtmod] SUBMIT tid=15281 cv=528 waits=0 sigs=1 cmds=1
[rtmod] SUBMIT tid=15281 cv=529 waits=0 sigs=1 cmds=1
[rtmod] SUBMIT tid=15281 cv=530 waits=0 sigs=1 cmds=1
[rtmod] SUBMIT tid=15281 cv=531 waits=0 sigs=1 cmds=1
[rtmod] SUBMIT tid=15281 cv=532 waits=0 sigs=1 cmds=1
[rtmod] SUBMIT tid=15281 cv=533 waits=0 sigs=1 cmds=1
[rtmod] SUBMIT tid=15281 cv=534 waits=0 sigs=1 cmds=1
[rtmod] SUBMIT tid=15281 cv=535 waits=0 sigs=1 cmds=1
[rtmod] SUBMIT tid=15281 cv=536 waits=0 sigs=1 cmds=1
[rtmod] SUBMIT tid=15281 cv=537 waits=0 sigs=1 cmds=1
[rtmod] SUBMIT tid=15281 cv=538 waits=0 sigs=1 cmds=1
[rtmod] SUBMIT tid=15281 cv=539 waits=0 sigs=1 cmds=1
[rtmod] SUBMIT tid=15281 cv=540 waits=0 sigs=1 cmds=1
[rtmod] SUBMIT tid=15281 cv=541 waits=0 sigs=1 cmds=1
[rtmod] SUBMIT tid=15281 cv=542 waits=0 sigs=1 cmds=1
[rtmod] SUBMIT tid=15281 cv=543 waits=0 sigs=1 cmds=1
[rtmod] SUBMIT tid=15281 cv=544 waits=0 sigs=1 cmds=1
[rtmod] SUBMIT tid=15281 cv=545 waits=0 sigs=1 cmds=1
[rtmod] SUBMIT tid=15281 cv=546 waits=0 sigs=1 cmds=1
[rtmod] SUBMIT tid=15281 cv=547 waits=0 sigs=1 cmds=1
[rtmod] SUBMIT tid=15281 cv=548 waits=0 sigs=1 cmds=1
[rtmod] SUBMIT tid=15281 cv=549 waits=0 sigs=1 cmds=1
[rtmod] SUBMIT tid=15281 cv=550 waits=0 sigs=1 cmds=1
[rtmod] SUBMIT tid=15281 cv=551 waits=0 sigs=1 cmds=1
[rtmod] SUBMIT tid=15281 cv=552 waits=0 sigs=1 cmds=1
[rtmod] SUBMIT tid=15281 cv=553 waits=0 sigs=1 cmds=1
[rtmod] SUBMIT tid=15281 cv=554 waits=0 sigs=1 cmds=1
[rtmod] SUBMIT tid=15281 cv=555 waits=0 sigs=1 cmds=1
[rtmod] SUBMIT tid=15281 cv=556 waits=0 sigs=2 cmds=1
[rtmod] COMMIT-NOOP
[rtmod] SUBMIT tid=15281 cv=557 waits=1 sigs=1 cmds=1
[rtmod] SUBMIT tid=15281 cv=558 waits=0 sigs=1 cmds=1
[rtmod] SUBMIT tid=15281 cv=559 waits=0 sigs=1 cmds=1
[rtmod] SUBMIT tid=15281 cv=560 waits=0 sigs=1 cmds=1
[rtmod] SUBMIT tid=15281 cv=561 waits=0 sigs=1 cmds=1
[rtmod] SUBMIT tid=15281 cv=562 waits=0 sigs=1 cmds=1
[rtmod] SUBMIT tid=15281 cv=563 waits=0 sigs=1 cmds=1
[rtmod] SUBMIT tid=15281 cv=564 waits=0 sigs=1 cmds=1
[rtmod] SUBMIT tid=15281 cv=565 waits=0 sigs=1 cmds=1
[rtmod] SUBMIT tid=15281 cv=566 waits=0 sigs=1 cmds=1
[rtmod] SUBMIT tid=15281 cv=567 waits=0 sigs=1 cmds=1
[rtmod] SUBMIT tid=15281 cv=568 waits=0 sigs=1 cmds=1
[rtmod] SUBMIT tid=15281 cv=569 waits=0 sigs=1 cmds=1
[rtmod] SUBMIT tid=15281 cv=570 waits=0 sigs=1 cmds=1
[rtmod] SUBMIT tid=15281 cv=571 waits=0 sigs=1 cmds=1
[rtmod] SUBMIT tid=15281 cv=572 waits=0 sigs=1 cmds=1
[rtmod] SUBMIT tid=15281 cv=573 waits=0 sigs=1 cmds=1
[rtmod] SUBMIT tid=15281 cv=574 waits=0 sigs=1 cmds=1
[rtmod] SUBMIT tid=15281 cv=575 waits=0 sigs=1 cmds=1
[rtmod] SUBMIT tid=15281 cv=576 waits=0 sigs=1 cmds=1
[rtmod] SUBMIT tid=15281 cv=577 waits=0 sigs=1 cmds=1
[rtmod] SUBMIT tid=15281 cv=578 waits=0 sigs=1 cmds=1
[rtmod] SUBMIT tid=15281 cv=579 waits=0 sigs=1 cmds=1
[rtmod] SUBMIT tid=15281 cv=580 waits=0 sigs=1 cmds=1
[rtmod] SUBMIT tid=15281 cv=581 waits=0 sigs=1 cmds=1
[rtmod] SUBMIT tid=15281 cv=582 waits=0 sigs=1 cmds=1
[rtmod] SUBMIT tid=15281 cv=583 waits=0 sigs=1 cmds=1
[rtmod] SUBMIT tid=15281 cv=584 waits=0 sigs=1 cmds=1
[rtmod] SUBMIT tid=15281 cv=585 waits=0 sigs=1 cmds=1
[rtmod] SUBMIT tid=15281 cv=586 waits=0 sigs=1 cmds=1
[rtmod] SUBMIT tid=15281 cv=587 waits=0 sigs=1 cmds=1
[rtmod] SUBMIT tid=15281 cv=588 waits=0 sigs=1 cmds=1
[rtmod] SUBMIT tid=15281 cv=589 waits=0 sigs=1 cmds=1
[rtmod] SUBMIT tid=15281 cv=590 waits=0 sigs=1 cmds=1
[rtmod] SUBMIT tid=15281 cv=591 waits=0 sigs=1 cmds=1
[rtmod] SUBMIT tid=15281 cv=592 waits=0 sigs=1 cmds=1
[rtmod] SUBMIT tid=15281 cv=593 waits=0 sigs=1 cmds=1
[rtmod] SUBMIT tid=15281 cv=594 waits=0 sigs=1 cmds=1
[rtmod] SUBMIT tid=15281 cv=595 waits=0 sigs=1 cmds=1
[rtmod] SUBMIT tid=15281 cv=596 waits=0 sigs=1 cmds=1
[rtmod] SUBMIT tid=15281 cv=597 waits=0 sigs=1 cmds=1
[rtmod] SUBMIT tid=15281 cv=598 waits=0 sigs=1 cmds=1
[rtmod] SUBMIT tid=15281 cv=599 waits=0 sigs=1 cmds=1
[rtmod] SUBMIT tid=15281 cv=600 waits=0 sigs=1 cmds=1
[rtmod] SUBMIT tid=15281 cv=601 waits=0 sigs=1 cmds=1
[rtmod] SUBMIT tid=15281 cv=602 waits=0 sigs=1 cmds=1
[rtmod] SUBMIT tid=15281 cv=603 waits=0 sigs=1 cmds=1
[rtmod] SUBMIT tid=15281 cv=604 waits=0 sigs=1 cmds=1
[rtmod] SUBMIT tid=15281 cv=605 waits=0 sigs=1 cmds=1
[rtmod] SUBMIT tid=15281 cv=606 waits=0 sigs=1 cmds=1
[rtmod] SUBMIT tid=15281 cv=607 waits=0 sigs=1 cmds=1
[rtmod] SUBMIT tid=15281 cv=608 waits=0 sigs=1 cmds=1
[rtmod] SUBMIT tid=15281 cv=609 waits=0 sigs=1 cmds=1
[rtmod] SUBMIT tid=15281 cv=610 waits=0 sigs=1 cmds=1
[rtmod] SUBMIT tid=15281 cv=611 waits=0 sigs=1 cmds=1
[rtmod] SUBMIT tid=15281 cv=612 waits=0 sigs=1 cmds=1
[rtmod] SUBMIT tid=15281 cv=613 waits=0 sigs=1 cmds=1
[rtmod] SUBMIT tid=15281 cv=614 waits=0 sigs=1 cmds=1
[rtmod] SUBMIT tid=15281 cv=615 waits=0 sigs=1 cmds=1
[rtmod] SUBMIT tid=15281 cv=616 waits=0 sigs=1 cmds=1
[rtmod] SUBMIT tid=15281 cv=617 waits=0 sigs=1 cmds=1
[rtmod] SUBMIT tid=15281 cv=618 waits=0 sigs=1 cmds=1
[rtmod] SUBMIT tid=15281 cv=619 waits=0 sigs=1 cmds=1
[rtmod] SUBMIT tid=15281 cv=620 waits=0 sigs=1 cmds=1
[rtmod] SUBMIT tid=15281 cv=621 waits=0 sigs=1 cmds=1
[rtmod] SUBMIT tid=15281 cv=622 waits=0 sigs=1 cmds=1
[rtmod] SUBMIT tid=15281 cv=623 waits=0 sigs=1 cmds=1
[rtmod] SUBMIT tid=15281 cv=624 waits=0 sigs=1 cmds=1
[rtmod] SUBMIT tid=15281 cv=625 waits=0 sigs=1 cmds=1
[rtmod] SUBMIT tid=15281 cv=626 waits=0 sigs=1 cmds=1
[rtmod] SUBMIT tid=15281 cv=627 waits=0 sigs=1 cmds=1
[rtmod] SUBMIT tid=15281 cv=628 waits=0 sigs=1 cmds=1
[rtmod] SUBMIT tid=15281 cv=629 waits=0 sigs=2 cmds=1
[rtmod] COMMIT-NOOP
[rtmod] SUBMIT tid=15281 cv=630 waits=1 sigs=1 cmds=1
[rtmod] SUBMIT tid=15281 cv=631 waits=0 sigs=1 cmds=1
[rtmod] SUBMIT tid=15281 cv=632 waits=0 sigs=1 cmds=1
[rtmod] SUBMIT tid=15281 cv=633 waits=0 sigs=1 cmds=1
[rtmod] SUBMIT tid=15281 cv=634 waits=0 sigs=1 cmds=1
[rtmod] SUBMIT tid=15281 cv=635 waits=0 sigs=1 cmds=1
[rtmod] SUBMIT tid=15281 cv=636 waits=0 sigs=1 cmds=1
[rtmod] SUBMIT tid=15281 cv=637 waits=0 sigs=1 cmds=1
[rtmod] SUBMIT tid=15281 cv=638 waits=0 sigs=1 cmds=1
[rtmod] SUBMIT tid=15281 cv=639 waits=0 sigs=1 cmds=1
[rtmod] SUBMIT tid=15281 cv=640 waits=0 sigs=1 cmds=1
[rtmod] SUBMIT tid=15281 cv=641 waits=0 sigs=1 cmds=1
[rtmod] SUBMIT tid=15281 cv=642 waits=0 sigs=1 cmds=1
[rtmod] SUBMIT tid=15281 cv=643 waits=0 sigs=1 cmds=1
[rtmod] SUBMIT tid=15281 cv=644 waits=0 sigs=1 cmds=1
[rtmod] SUBMIT tid=15281 cv=645 waits=0 sigs=1 cmds=1
[rtmod] SUBMIT tid=15281 cv=646 waits=0 sigs=1 cmds=1
[rtmod] SUBMIT tid=15281 cv=647 waits=0 sigs=1 cmds=1
[rtmod] SUBMIT tid=15281 cv=648 waits=0 sigs=1 cmds=1
[rtmod] SUBMIT tid=15281 cv=649 waits=0 sigs=1 cmds=1
[rtmod] SUBMIT tid=15281 cv=650 waits=0 sigs=1 cmds=1
[rtmod] SUBMIT tid=15281 cv=651 waits=0 sigs=1 cmds=1
[rtmod] SUBMIT tid=15281 cv=652 waits=0 sigs=1 cmds=1
[rtmod] SUBMIT tid=15281 cv=653 waits=0 sigs=1 cmds=1
[rtmod] SUBMIT tid=15281 cv=654 waits=0 sigs=1 cmds=1
[rtmod] SUBMIT tid=15281 cv=655 waits=0 sigs=1 cmds=1
[rtmod] SUBMIT tid=15281 cv=656 waits=0 sigs=1 cmds=1
[rtmod] SUBMIT tid=15281 cv=657 waits=0 sigs=1 cmds=1
[rtmod] SUBMIT tid=15281 cv=658 waits=0 sigs=1 cmds=1
[rtmod] SUBMIT tid=15281 cv=659 waits=0 sigs=1 cmds=1
[rtmod] SUBMIT tid=15281 cv=660 waits=0 sigs=1 cmds=1
[rtmod] SUBMIT tid=15281 cv=661 waits=0 sigs=1 cmds=1
[rtmod] SUBMIT tid=15281 cv=662 waits=0 sigs=1 cmds=1
[rtmod] SUBMIT tid=15281 cv=663 waits=0 sigs=1 cmds=1
[rtmod] SUBMIT tid=15281 cv=664 waits=0 sigs=1 cmds=1
[rtmod] SUBMIT tid=15281 cv=665 waits=0 sigs=1 cmds=1
[rtmod] SUBMIT tid=15281 cv=666 waits=0 sigs=1 cmds=1
[rtmod] SUBMIT tid=15281 cv=667 waits=0 sigs=1 cmds=1
[rtmod] SUBMIT tid=15281 cv=668 waits=0 sigs=1 cmds=1
[rtmod] SUBMIT tid=15281 cv=669 waits=0 sigs=1 cmds=1
[rtmod] SUBMIT tid=15281 cv=670 waits=0 sigs=1 cmds=1
[rtmod] SUBMIT tid=15281 cv=671 waits=0 sigs=1 cmds=1
[rtmod] SUBMIT tid=15281 cv=672 waits=0 sigs=1 cmds=1
[rtmod] SUBMIT tid=15281 cv=673 waits=0 sigs=1 cmds=1
[rtmod] SUBMIT tid=15281 cv=674 waits=0 sigs=1 cmds=1
[rtmod] SUBMIT tid=15281 cv=675 waits=0 sigs=1 cmds=1
[rtmod] SUBMIT tid=15281 cv=676 waits=0 sigs=1 cmds=1
[rtmod] SUBMIT tid=15281 cv=677 waits=0 sigs=1 cmds=1
[rtmod] SUBMIT tid=15281 cv=678 waits=0 sigs=1 cmds=1
[rtmod] SUBMIT tid=15281 cv=679 waits=0 sigs=1 cmds=1
[rtmod] SUBMIT tid=15281 cv=680 waits=0 sigs=1 cmds=1
[rtmod] SUBMIT tid=15281 cv=681 waits=0 sigs=1 cmds=1
[rtmod] SUBMIT tid=15281 cv=682 waits=0 sigs=1 cmds=1
[rtmod] SUBMIT tid=15281 cv=683 waits=0 sigs=1 cmds=1
[rtmod] SUBMIT tid=15281 cv=684 waits=0 sigs=1 cmds=1
[rtmod] SUBMIT tid=15281 cv=685 waits=0 sigs=1 cmds=1
[rtmod] SUBMIT tid=15281 cv=686 waits=0 sigs=1 cmds=1
[rtmod] SUBMIT tid=15281 cv=687 waits=0 sigs=1 cmds=1
[rtmod] SUBMIT tid=15281 cv=688 waits=0 sigs=1 cmds=1
[rtmod] SUBMIT tid=15281 cv=689 waits=0 sigs=1 cmds=1
[rtmod] SUBMIT tid=15281 cv=690 waits=0 sigs=1 cmds=1
[rtmod] SUBMIT tid=15281 cv=691 waits=0 sigs=1 cmds=1
[rtmod] SUBMIT tid=15281 cv=692 waits=0 sigs=1 cmds=1
[rtmod] SUBMIT tid=15281 cv=693 waits=0 sigs=1 cmds=1
[rtmod] SUBMIT tid=15281 cv=694 waits=0 sigs=1 cmds=1
[rtmod] SUBMIT tid=15281 cv=695 waits=0 sigs=1 cmds=1
[rtmod] SUBMIT tid=15281 cv=696 waits=0 sigs=1 cmds=1
[rtmod] SUBMIT tid=15281 cv=697 waits=0 sigs=1 cmds=1
[rtmod] SUBMIT tid=15281 cv=698 waits=0 sigs=1 cmds=1
[rtmod] SUBMIT tid=15281 cv=699 waits=0 sigs=1 cmds=1
[rtmod] SUBMIT tid=15281 cv=700 waits=0 sigs=1 cmds=1
[rtmod] SUBMIT tid=15281 cv=701 waits=0 sigs=1 cmds=1
[rtmod] SUBMIT tid=15281 cv=702 waits=0 sigs=2 cmds=1
[rtmod] COMMIT-NOOP
[rtmod] SUBMIT tid=15281 cv=703 waits=1 sigs=1 cmds=1
[rtmod] SUBMIT tid=15281 cv=704 waits=0 sigs=1 cmds=1
[rtmod] SUBMIT tid=15281 cv=705 waits=0 sigs=1 cmds=1
[rtmod] SUBMIT tid=15281 cv=706 waits=0 sigs=1 cmds=1
[rtmod] SUBMIT tid=15281 cv=707 waits=0 sigs=1 cmds=1
[rtmod] SUBMIT tid=15281 cv=708 waits=0 sigs=1 cmds=1
[rtmod] SUBMIT tid=15281 cv=709 waits=0 sigs=1 cmds=1
[rtmod] SUBMIT tid=15281 cv=710 waits=0 sigs=1 cmds=1
[rtmod] SUBMIT tid=15281 cv=711 waits=0 sigs=1 cmds=1
[rtmod] SUBMIT tid=15281 cv=712 waits=0 sigs=1 cmds=1
[rtmod] SUBMIT tid=15281 cv=713 waits=0 sigs=1 cmds=1
[rtmod] SUBMIT tid=15281 cv=714 waits=0 sigs=1 cmds=1
[rtmod] SUBMIT tid=15281 cv=715 waits=0 sigs=1 cmds=1
[rtmod] SUBMIT tid=15281 cv=716 waits=0 sigs=1 cmds=1
[rtmod] SUBMIT tid=15281 cv=717 waits=0 sigs=1 cmds=1
[rtmod] SUBMIT tid=15281 cv=718 waits=0 sigs=1 cmds=1
[rtmod] SUBMIT tid=15281 cv=719 waits=0 sigs=1 cmds=1
[rtmod] SUBMIT tid=15281 cv=720 waits=0 sigs=1 cmds=1
[rtmod] SUBMIT tid=15281 cv=721 waits=0 sigs=1 cmds=1
[rtmod] SUBMIT tid=15281 cv=722 waits=0 sigs=1 cmds=1
[rtmod] SUBMIT tid=15281 cv=723 waits=0 sigs=1 cmds=1
[rtmod] SUBMIT tid=15281 cv=724 waits=0 sigs=1 cmds=1
[rtmod] SUBMIT tid=15281 cv=725 waits=0 sigs=1 cmds=1
[rtmod] SUBMIT tid=15281 cv=726 waits=0 sigs=1 cmds=1
[rtmod] SUBMIT tid=15281 cv=727 waits=0 sigs=1 cmds=1
[rtmod] SUBMIT tid=15281 cv=728 waits=0 sigs=1 cmds=1
[rtmod] SUBMIT tid=15281 cv=729 waits=0 sigs=1 cmds=1
[rtmod] SUBMIT tid=15281 cv=730 waits=0 sigs=1 cmds=1
[rtmod] SUBMIT tid=15281 cv=731 waits=0 sigs=1 cmds=1
[rtmod] SUBMIT tid=15281 cv=732 waits=0 sigs=1 cmds=1
[rtmod] SUBMIT tid=15281 cv=733 waits=0 sigs=1 cmds=1
[rtmod] SUBMIT tid=15281 cv=734 waits=0 sigs=1 cmds=1
[rtmod] SUBMIT tid=15281 cv=735 waits=0 sigs=1 cmds=1
[rtmod] SUBMIT tid=15281 cv=736 waits=0 sigs=1 cmds=1
[rtmod] SUBMIT tid=15281 cv=737 waits=0 sigs=1 cmds=1
[rtmod] SUBMIT tid=15281 cv=738 waits=0 sigs=1 cmds=1
[rtmod] SUBMIT tid=15281 cv=739 waits=0 sigs=1 cmds=1
[rtmod] SUBMIT tid=15281 cv=740 waits=0 sigs=1 cmds=1
[rtmod] SUBMIT tid=15281 cv=741 waits=0 sigs=1 cmds=1
[rtmod] SUBMIT tid=15281 cv=742 waits=0 sigs=1 cmds=1
[rtmod] SUBMIT tid=15281 cv=743 waits=0 sigs=1 cmds=1
[rtmod] SUBMIT tid=15281 cv=744 waits=0 sigs=1 cmds=1
[rtmod] SUBMIT tid=15281 cv=745 waits=0 sigs=1 cmds=1
[rtmod] SUBMIT tid=15281 cv=746 waits=0 sigs=1 cmds=1
[rtmod] SUBMIT tid=15281 cv=747 waits=0 sigs=1 cmds=1
[rtmod] SUBMIT tid=15281 cv=748 waits=0 sigs=1 cmds=1
[rtmod] SUBMIT tid=15281 cv=749 waits=0 sigs=1 cmds=1
[rtmod] SUBMIT tid=15281 cv=750 waits=0 sigs=1 cmds=1
[rtmod] SUBMIT tid=15281 cv=751 waits=0 sigs=1 cmds=1
[rtmod] SUBMIT tid=15281 cv=752 waits=0 sigs=1 cmds=1
[rtmod] SUBMIT tid=15281 cv=753 waits=0 sigs=1 cmds=1
[rtmod] SUBMIT tid=15281 cv=754 waits=0 sigs=1 cmds=1
[rtmod] SUBMIT tid=15281 cv=755 waits=0 sigs=1 cmds=1
[rtmod] SUBMIT tid=15281 cv=756 waits=0 sigs=1 cmds=1
[rtmod] SUBMIT tid=15281 cv=757 waits=0 sigs=1 cmds=1
[rtmod] SUBMIT tid=15281 cv=758 waits=0 sigs=1 cmds=1
[rtmod] SUBMIT tid=15281 cv=759 waits=0 sigs=1 cmds=1
[rtmod] SUBMIT tid=15281 cv=760 waits=0 sigs=1 cmds=1
[rtmod] SUBMIT tid=15281 cv=761 waits=0 sigs=1 cmds=1
[rtmod] SUBMIT tid=15281 cv=762 waits=0 sigs=1 cmds=1
[rtmod] SUBMIT tid=15281 cv=763 waits=0 sigs=1 cmds=1
[rtmod] SUBMIT tid=15281 cv=764 waits=0 sigs=1 cmds=1
[rtmod] SUBMIT tid=15281 cv=765 waits=0 sigs=1 cmds=1
[rtmod] SUBMIT tid=15281 cv=766 waits=0 sigs=1 cmds=1
[rtmod] SUBMIT tid=15281 cv=767 waits=0 sigs=1 cmds=1
[rtmod] SUBMIT tid=15281 cv=768 waits=0 sigs=1 cmds=1
[rtmod] SUBMIT tid=15281 cv=769 waits=0 sigs=1 cmds=1
[rtmod] SUBMIT tid=15281 cv=770 waits=0 sigs=1 cmds=1
[rtmod] SUBMIT tid=15281 cv=771 waits=0 sigs=1 cmds=1
[rtmod] SUBMIT tid=15281 cv=772 waits=0 sigs=1 cmds=1
[rtmod] SUBMIT tid=15281 cv=773 waits=0 sigs=1 cmds=1
[rtmod] SUBMIT tid=15281 cv=774 waits=0 sigs=1 cmds=1
[rtmod] SUBMIT tid=15281 cv=775 waits=0 sigs=2 cmds=1
[rtmod] COMMIT-NOOP
[rtmod] SUBMIT tid=15281 cv=776 waits=1 sigs=1 cmds=1
[rtmod] SUBMIT tid=15281 cv=777 waits=0 sigs=1 cmds=1
[rtmod] SUBMIT tid=15281 cv=778 waits=0 sigs=1 cmds=1
[rtmod] SUBMIT tid=15281 cv=779 waits=0 sigs=1 cmds=1
[rtmod] SUBMIT tid=15281 cv=780 waits=0 sigs=1 cmds=1
[rtmod] SUBMIT tid=15281 cv=781 waits=0 sigs=1 cmds=1
[rtmod] SUBMIT tid=15281 cv=782 waits=0 sigs=1 cmds=1
[rtmod] SUBMIT tid=15281 cv=783 waits=0 sigs=1 cmds=1
[rtmod] SUBMIT tid=15281 cv=784 waits=0 sigs=1 cmds=1
[rtmod] SUBMIT tid=15281 cv=785 waits=0 sigs=1 cmds=1
[rtmod] SUBMIT tid=15281 cv=786 waits=0 sigs=1 cmds=1
[rtmod] SUBMIT tid=15281 cv=787 waits=0 sigs=1 cmds=1
[rtmod] SUBMIT tid=15281 cv=788 waits=0 sigs=1 cmds=1
[rtmod] SUBMIT tid=15281 cv=789 waits=0 sigs=1 cmds=1
[rtmod] SUBMIT tid=15281 cv=790 waits=0 sigs=1 cmds=1
[rtmod] SUBMIT tid=15281 cv=791 waits=0 sigs=1 cmds=1
[rtmod] SUBMIT tid=15281 cv=792 waits=0 sigs=1 cmds=1
[rtmod] SUBMIT tid=15281 cv=793 waits=0 sigs=1 cmds=1
[rtmod] SUBMIT tid=15281 cv=794 waits=0 sigs=1 cmds=1
[rtmod] SUBMIT tid=15281 cv=795 waits=0 sigs=1 cmds=1
[rtmod] SUBMIT tid=15281 cv=796 waits=0 sigs=1 cmds=1
[rtmod] SUBMIT tid=15281 cv=797 waits=0 sigs=1 cmds=1
[rtmod] SUBMIT tid=15281 cv=798 waits=0 sigs=1 cmds=1
[rtmod] SUBMIT tid=15281 cv=799 waits=0 sigs=1 cmds=1
[rtmod] SUBMIT tid=15281 cv=800 waits=0 sigs=1 cmds=1
[rtmod] SUBMIT tid=15281 cv=801 waits=0 sigs=1 cmds=1
[rtmod] SUBMIT tid=15281 cv=802 waits=0 sigs=1 cmds=1
[rtmod] SUBMIT tid=15281 cv=803 waits=0 sigs=1 cmds=1
[rtmod] SUBMIT tid=15281 cv=804 waits=0 sigs=1 cmds=1
[rtmod] SUBMIT tid=15281 cv=805 waits=0 sigs=1 cmds=1
[rtmod] SUBMIT tid=15281 cv=806 waits=0 sigs=1 cmds=1
[rtmod] SUBMIT tid=15281 cv=807 waits=0 sigs=1 cmds=1
[rtmod] SUBMIT tid=15281 cv=808 waits=0 sigs=1 cmds=1
[rtmod] SUBMIT tid=15281 cv=809 waits=0 sigs=1 cmds=1
[rtmod] SUBMIT tid=15281 cv=810 waits=0 sigs=1 cmds=1
[rtmod] SUBMIT tid=15281 cv=811 waits=0 sigs=1 cmds=1
[rtmod] SUBMIT tid=15281 cv=812 waits=0 sigs=1 cmds=1
[rtmod] SUBMIT tid=15281 cv=813 waits=0 sigs=1 cmds=1
[rtmod] SUBMIT tid=15281 cv=814 waits=0 sigs=1 cmds=1
[rtmod] SUBMIT tid=15281 cv=815 waits=0 sigs=1 cmds=1
[rtmod] SUBMIT tid=15281 cv=816 waits=0 sigs=1 cmds=1
[rtmod] SUBMIT tid=15281 cv=817 waits=0 sigs=1 cmds=1
[rtmod] SUBMIT tid=15281 cv=818 waits=0 sigs=1 cmds=1
[rtmod] SUBMIT tid=15281 cv=819 waits=0 sigs=1 cmds=1
[rtmod] SUBMIT tid=15281 cv=820 waits=0 sigs=1 cmds=1
[rtmod] SUBMIT tid=15281 cv=821 waits=0 sigs=1 cmds=1
[rtmod] SUBMIT tid=15281 cv=822 waits=0 sigs=1 cmds=1
[rtmod] SUBMIT tid=15281 cv=823 waits=0 sigs=1 cmds=1
[rtmod] SUBMIT tid=15281 cv=824 waits=0 sigs=1 cmds=1
[rtmod] SUBMIT tid=15281 cv=825 waits=0 sigs=1 cmds=1
[rtmod] SUBMIT tid=15281 cv=826 waits=0 sigs=1 cmds=1
[rtmod] SUBMIT tid=15281 cv=827 waits=0 sigs=1 cmds=1
[rtmod] SUBMIT tid=15281 cv=828 waits=0 sigs=1 cmds=1
[rtmod] SUBMIT tid=15281 cv=829 waits=0 sigs=1 cmds=1
[rtmod] SUBMIT tid=15281 cv=830 waits=0 sigs=1 cmds=1
[rtmod] SUBMIT tid=15281 cv=831 waits=0 sigs=1 cmds=1
[rtmod] SUBMIT tid=15281 cv=832 waits=0 sigs=1 cmds=1
[rtmod] SUBMIT tid=15281 cv=833 waits=0 sigs=1 cmds=1
[rtmod] SUBMIT tid=15281 cv=834 waits=0 sigs=1 cmds=1
[rtmod] SUBMIT tid=15281 cv=835 waits=0 sigs=1 cmds=1
[rtmod] SUBMIT tid=15281 cv=836 waits=0 sigs=1 cmds=1
[rtmod] SUBMIT tid=15281 cv=837 waits=0 sigs=1 cmds=1
[rtmod] SUBMIT tid=15281 cv=838 waits=0 sigs=1 cmds=1
[rtmod] SUBMIT tid=15281 cv=839 waits=0 sigs=1 cmds=1
[rtmod] SUBMIT tid=15281 cv=840 waits=0 sigs=1 cmds=1
[rtmod] SUBMIT tid=15281 cv=841 waits=0 sigs=1 cmds=1
[rtmod] SUBMIT tid=15281 cv=842 waits=0 sigs=1 cmds=1
[rtmod] SUBMIT tid=15281 cv=843 waits=0 sigs=1 cmds=1
[rtmod] SUBMIT tid=15281 cv=844 waits=0 sigs=1 cmds=1
[rtmod] SUBMIT tid=15281 cv=845 waits=0 sigs=1 cmds=1
[rtmod] SUBMIT tid=15281 cv=846 waits=0 sigs=1 cmds=1
[rtmod] SUBMIT tid=15281 cv=847 waits=0 sigs=1 cmds=1
[rtmod] SUBMIT tid=15281 cv=848 waits=0 sigs=2 cmds=1
[rtmod] COMMIT-NOOP
[rtmod] SUBMIT tid=15281 cv=849 waits=1 sigs=1 cmds=1
[rtmod] SUBMIT tid=15281 cv=850 waits=0 sigs=1 cmds=1
[rtmod] SUBMIT tid=15281 cv=851 waits=0 sigs=1 cmds=1
[rtmod] SUBMIT tid=15281 cv=852 waits=0 sigs=1 cmds=1
[rtmod] SUBMIT tid=15281 cv=853 waits=0 sigs=1 cmds=1
[rtmod] SUBMIT tid=15281 cv=854 waits=0 sigs=1 cmds=1
[rtmod] SUBMIT tid=15281 cv=855 waits=0 sigs=1 cmds=1
[rtmod] SUBMIT tid=15281 cv=856 waits=0 sigs=1 cmds=1
[rtmod] SUBMIT tid=15281 cv=857 waits=0 sigs=1 cmds=1
[rtmod] SUBMIT tid=15281 cv=858 waits=0 sigs=1 cmds=1
[rtmod] SUBMIT tid=15281 cv=859 waits=0 sigs=1 cmds=1
[rtmod] SUBMIT tid=15281 cv=860 waits=0 sigs=1 cmds=1
[rtmod] SUBMIT tid=15281 cv=861 waits=0 sigs=1 cmds=1
[rtmod] SUBMIT tid=15281 cv=862 waits=0 sigs=1 cmds=1
[rtmod] SUBMIT tid=15281 cv=863 waits=0 sigs=1 cmds=1
[rtmod] SUBMIT tid=15281 cv=864 waits=0 sigs=1 cmds=1
[rtmod] SUBMIT tid=15281 cv=865 waits=0 sigs=1 cmds=1
[rtmod] SUBMIT tid=15281 cv=866 waits=0 sigs=1 cmds=1
[rtmod] SUBMIT tid=15281 cv=867 waits=0 sigs=1 cmds=1
[rtmod] SUBMIT tid=15281 cv=868 waits=0 sigs=1 cmds=1
[rtmod] SUBMIT tid=15281 cv=869 waits=0 sigs=1 cmds=1
[rtmod] SUBMIT tid=15281 cv=870 waits=0 sigs=1 cmds=1
[rtmod] SUBMIT tid=15281 cv=871 waits=0 sigs=1 cmds=1
[rtmod] SUBMIT tid=15281 cv=872 waits=0 sigs=1 cmds=1
[rtmod] SUBMIT tid=15281 cv=873 waits=0 sigs=1 cmds=1
[rtmod] SUBMIT tid=15281 cv=874 waits=0 sigs=1 cmds=1
[rtmod] SUBMIT tid=15281 cv=875 waits=0 sigs=1 cmds=1
[rtmod] SUBMIT tid=15281 cv=876 waits=0 sigs=1 cmds=1
[rtmod] SUBMIT tid=15281 cv=877 waits=0 sigs=1 cmds=1
[rtmod] SUBMIT tid=15281 cv=878 waits=0 sigs=1 cmds=1
[rtmod] SUBMIT tid=15281 cv=879 waits=0 sigs=1 cmds=1
[rtmod] SUBMIT tid=15281 cv=880 waits=0 sigs=1 cmds=1
[rtmod] SUBMIT tid=15281 cv=881 waits=0 sigs=1 cmds=1
[rtmod] SUBMIT tid=15281 cv=882 waits=0 sigs=1 cmds=1
[rtmod] SUBMIT tid=15281 cv=883 waits=0 sigs=1 cmds=1
[rtmod] SUBMIT tid=15281 cv=884 waits=0 sigs=1 cmds=1
[rtmod] SUBMIT tid=15281 cv=885 waits=0 sigs=1 cmds=1
[rtmod] SUBMIT tid=15281 cv=886 waits=0 sigs=1 cmds=1
[rtmod] SUBMIT tid=15281 cv=887 waits=0 sigs=1 cmds=1
[rtmod] SUBMIT tid=15281 cv=888 waits=0 sigs=1 cmds=1
[rtmod] SUBMIT tid=15281 cv=889 waits=0 sigs=1 cmds=1
[rtmod] SUBMIT tid=15281 cv=890 waits=0 sigs=1 cmds=1
[rtmod] SUBMIT tid=15281 cv=891 waits=0 sigs=1 cmds=1
[rtmod] SUBMIT tid=15281 cv=892 waits=0 sigs=1 cmds=1
[rtmod] SUBMIT tid=15281 cv=893 waits=0 sigs=1 cmds=1
[rtmod] SUBMIT tid=15281 cv=894 waits=0 sigs=1 cmds=1
[rtmod] SUBMIT tid=15281 cv=895 waits=0 sigs=1 cmds=1
[rtmod] SUBMIT tid=15281 cv=896 waits=0 sigs=1 cmds=1
[rtmod] SUBMIT tid=15281 cv=897 waits=0 sigs=1 cmds=1
[rtmod] SUBMIT tid=15281 cv=898 waits=0 sigs=1 cmds=1
[rtmod] SUBMIT tid=15281 cv=899 waits=0 sigs=1 cmds=1
[rtmod] SUBMIT tid=15281 cv=900 waits=0 sigs=1 cmds=1
[rtmod] SUBMIT tid=15281 cv=901 waits=0 sigs=1 cmds=1
[rtmod] SUBMIT tid=15281 cv=902 waits=0 sigs=1 cmds=1
[rtmod] SUBMIT tid=15281 cv=903 waits=0 sigs=1 cmds=1
[rtmod] SUBMIT tid=15281 cv=904 waits=0 sigs=1 cmds=1
[rtmod] SUBMIT tid=15281 cv=905 waits=0 sigs=1 cmds=1
[rtmod] SUBMIT tid=15281 cv=906 waits=0 sigs=1 cmds=1
[rtmod] SUBMIT tid=15281 cv=907 waits=0 sigs=1 cmds=1
[rtmod] SUBMIT tid=15281 cv=908 waits=0 sigs=1 cmds=1
[rtmod] SUBMIT tid=15281 cv=909 waits=0 sigs=1 cmds=1
[rtmod] SUBMIT tid=15281 cv=910 waits=0 sigs=1 cmds=1
[rtmod] SUBMIT tid=15281 cv=911 waits=0 sigs=1 cmds=1
[rtmod] SUBMIT tid=15281 cv=912 waits=0 sigs=1 cmds=1
[rtmod] SUBMIT tid=15281 cv=913 waits=0 sigs=1 cmds=1
[rtmod] SUBMIT tid=15281 cv=914 waits=0 sigs=1 cmds=1
[rtmod] SUBMIT tid=15281 cv=915 waits=0 sigs=1 cmds=1
[rtmod] SUBMIT tid=15281 cv=916 waits=0 sigs=1 cmds=1
[rtmod] SUBMIT tid=15281 cv=917 waits=0 sigs=1 cmds=1
[rtmod] SUBMIT tid=15281 cv=918 waits=0 sigs=1 cmds=1
[rtmod] SUBMIT tid=15281 cv=919 waits=0 sigs=1 cmds=1
[rtmod] SUBMIT tid=15281 cv=920 waits=0 sigs=1 cmds=1
[rtmod] SUBMIT tid=15281 cv=921 waits=0 sigs=2 cmds=1
[rtmod] COMMIT-NOOP
[rtmod] SUBMIT tid=15281 cv=922 waits=1 sigs=1 cmds=1
[rtmod] SUBMIT tid=15281 cv=923 waits=0 sigs=1 cmds=1
[rtmod] SUBMIT tid=15281 cv=924 waits=0 sigs=1 cmds=1
[rtmod] SUBMIT tid=15281 cv=925 waits=0 sigs=1 cmds=1
[rtmod] SUBMIT tid=15281 cv=926 waits=0 sigs=1 cmds=1
[rtmod] SUBMIT tid=15281 cv=927 waits=0 sigs=1 cmds=1
[rtmod] SUBMIT tid=15281 cv=928 waits=0 sigs=1 cmds=1
[rtmod] SUBMIT tid=15281 cv=929 waits=0 sigs=1 cmds=1
[rtmod] SUBMIT tid=15281 cv=930 waits=0 sigs=1 cmds=1
[rtmod] SUBMIT tid=15281 cv=931 waits=0 sigs=1 cmds=1
[rtmod] SUBMIT tid=15281 cv=932 waits=0 sigs=1 cmds=1
[rtmod] SUBMIT tid=15281 cv=933 waits=0 sigs=1 cmds=1
[rtmod] SUBMIT tid=15281 cv=934 waits=0 sigs=1 cmds=1
[rtmod] SUBMIT tid=15281 cv=935 waits=0 sigs=1 cmds=1
[rtmod] SUBMIT tid=15281 cv=936 waits=0 sigs=1 cmds=1
[rtmod] SUBMIT tid=15281 cv=937 waits=0 sigs=1 cmds=1
[rtmod] SUBMIT tid=15281 cv=938 waits=0 sigs=1 cmds=1
[rtmod] SUBMIT tid=15281 cv=939 waits=0 sigs=1 cmds=1
[rtmod] SUBMIT tid=15281 cv=940 waits=0 sigs=1 cmds=1
[rtmod] SUBMIT tid=15281 cv=941 waits=0 sigs=1 cmds=1
[rtmod] SUBMIT tid=15281 cv=942 waits=0 sigs=1 cmds=1
[rtmod] SUBMIT tid=15281 cv=943 waits=0 sigs=1 cmds=1
[rtmod] SUBMIT tid=15281 cv=944 waits=0 sigs=1 cmds=1
[rtmod] SUBMIT tid=15281 cv=945 waits=0 sigs=1 cmds=1
[rtmod] SUBMIT tid=15281 cv=946 waits=0 sigs=1 cmds=1
[rtmod] SUBMIT tid=15281 cv=947 waits=0 sigs=1 cmds=1
[rtmod] SUBMIT tid=15281 cv=948 waits=0 sigs=1 cmds=1
[rtmod] SUBMIT tid=15281 cv=949 waits=0 sigs=1 cmds=1
[rtmod] SUBMIT tid=15281 cv=950 waits=0 sigs=1 cmds=1
[rtmod] SUBMIT tid=15281 cv=951 waits=0 sigs=1 cmds=1
[rtmod] SUBMIT tid=15281 cv=952 waits=0 sigs=1 cmds=1
[rtmod] SUBMIT tid=15281 cv=953 waits=0 sigs=1 cmds=1
[rtmod] SUBMIT tid=15281 cv=954 waits=0 sigs=1 cmds=1
[rtmod] SUBMIT tid=15281 cv=955 waits=0 sigs=1 cmds=1
[rtmod] SUBMIT tid=15281 cv=956 waits=0 sigs=1 cmds=1
[rtmod] SUBMIT tid=15281 cv=957 waits=0 sigs=1 cmds=1
[rtmod] SUBMIT tid=15281 cv=958 waits=0 sigs=1 cmds=1
[rtmod] SUBMIT tid=15281 cv=959 waits=0 sigs=1 cmds=1
[rtmod] SUBMIT tid=15281 cv=960 waits=0 sigs=1 cmds=1
[rtmod] SUBMIT tid=15281 cv=961 waits=0 sigs=1 cmds=1
[rtmod] SUBMIT tid=15281 cv=962 waits=0 sigs=1 cmds=1
[rtmod] SUBMIT tid=15281 cv=963 waits=0 sigs=1 cmds=1
[rtmod] SUBMIT tid=15281 cv=964 waits=0 sigs=1 cmds=1
[rtmod] SUBMIT tid=15281 cv=965 waits=0 sigs=1 cmds=1
[rtmod] SUBMIT tid=15281 cv=966 waits=0 sigs=1 cmds=1
[rtmod] SUBMIT tid=15281 cv=967 waits=0 sigs=1 cmds=1
[rtmod] SUBMIT tid=15281 cv=968 waits=0 sigs=1 cmds=1
[rtmod] SUBMIT tid=15281 cv=969 waits=0 sigs=1 cmds=1
[rtmod] SUBMIT tid=15281 cv=970 waits=0 sigs=1 cmds=1
[rtmod] SUBMIT tid=15281 cv=971 waits=0 sigs=1 cmds=1
[rtmod] SUBMIT tid=15281 cv=972 waits=0 sigs=1 cmds=1
[rtmod] SUBMIT tid=15281 cv=973 waits=0 sigs=1 cmds=1
[rtmod] SUBMIT tid=15281 cv=974 waits=0 sigs=1 cmds=1
[rtmod] SUBMIT tid=15281 cv=975 waits=0 sigs=1 cmds=1
[rtmod] SUBMIT tid=15281 cv=976 waits=0 sigs=1 cmds=1
[rtmod] SUBMIT tid=15281 cv=977 waits=0 sigs=1 cmds=1
[rtmod] SUBMIT tid=15281 cv=978 waits=0 sigs=1 cmds=1
[rtmod] SUBMIT tid=15281 cv=979 waits=0 sigs=1 cmds=1
[rtmod] SUBMIT tid=15281 cv=980 waits=0 sigs=1 cmds=1
[rtmod] SUBMIT tid=15281 cv=981 waits=0 sigs=1 cmds=1
[rtmod] SUBMIT tid=15281 cv=982 waits=0 sigs=1 cmds=1
[rtmod] SUBMIT tid=15281 cv=983 waits=0 sigs=1 cmds=1
[rtmod] SUBMIT tid=15281 cv=984 waits=0 sigs=1 cmds=1
[rtmod] SUBMIT tid=15281 cv=985 waits=0 sigs=1 cmds=1
[rtmod] SUBMIT tid=15281 cv=986 waits=0 sigs=1 cmds=1
[rtmod] SUBMIT tid=15281 cv=987 waits=0 sigs=1 cmds=1
[rtmod] SUBMIT tid=15281 cv=988 waits=0 sigs=1 cmds=1
[rtmod] SUBMIT tid=15281 cv=989 waits=0 sigs=1 cmds=1
[rtmod] SUBMIT tid=15281 cv=990 waits=0 sigs=1 cmds=1
[rtmod] SUBMIT tid=15281 cv=991 waits=0 sigs=1 cmds=1
[rtmod] SUBMIT tid=15281 cv=992 waits=0 sigs=1 cmds=1
[rtmod] SUBMIT tid=15281 cv=993 waits=0 sigs=1 cmds=1
[rtmod] SUBMIT tid=15281 cv=994 waits=0 sigs=2 cmds=1
[rtmod] COMMIT-NOOP
[rtmod] SUBMIT tid=15281 cv=995 waits=1 sigs=1 cmds=1
[rtmod] SUBMIT tid=15281 cv=996 waits=0 sigs=1 cmds=1
[rtmod] SUBMIT tid=15281 cv=997 waits=0 sigs=1 cmds=1
[rtmod] SUBMIT tid=15281 cv=998 waits=0 sigs=1 cmds=1
[rtmod] SUBMIT tid=15281 cv=999 waits=0 sigs=1 cmds=1
[rtmod] SUBMIT tid=15281 cv=1000 waits=0 sigs=1 cmds=1
[rtmod] SUBMIT tid=15281 cv=1001 waits=0 sigs=1 cmds=1
[rtmod] SUBMIT tid=15281 cv=1002 waits=0 sigs=1 cmds=1
[rtmod] SUBMIT tid=15281 cv=1003 waits=0 sigs=1 cmds=1
[rtmod] SUBMIT tid=15281 cv=1004 waits=0 sigs=1 cmds=1
[rtmod] SUBMIT tid=15281 cv=1005 waits=0 sigs=1 cmds=1
[rtmod] SUBMIT tid=15281 cv=1006 waits=0 sigs=1 cmds=1
[rtmod] SUBMIT tid=15281 cv=1007 waits=0 sigs=1 cmds=1
[rtmod] SUBMIT tid=15281 cv=1008 waits=0 sigs=1 cmds=1
[rtmod] SUBMIT tid=15281 cv=1009 waits=0 sigs=1 cmds=1
[rtmod] SUBMIT tid=15281 cv=1010 waits=0 sigs=1 cmds=1
[rtmod] SUBMIT tid=15281 cv=1011 waits=0 sigs=1 cmds=1
[rtmod] SUBMIT tid=15281 cv=1012 waits=0 sigs=1 cmds=1
[rtmod] SUBMIT tid=15281 cv=1013 waits=0 sigs=1 cmds=1
[rtmod] SUBMIT tid=15281 cv=1014 waits=0 sigs=1 cmds=1
[rtmod] SUBMIT tid=15281 cv=1015 waits=0 sigs=1 cmds=1
[rtmod] SUBMIT tid=15281 cv=1016 waits=0 sigs=1 cmds=1
[rtmod] SUBMIT tid=15281 cv=1017 waits=0 sigs=1 cmds=1
[rtmod] SUBMIT tid=15281 cv=1018 waits=0 sigs=1 cmds=1
[rtmod] SUBMIT tid=15281 cv=1019 waits=0 sigs=1 cmds=1
[rtmod] SUBMIT tid=15281 cv=1020 waits=0 sigs=1 cmds=1
[rtmod] SUBMIT tid=15281 cv=1021 waits=0 sigs=1 cmds=1
[rtmod] SUBMIT tid=15281 cv=1022 waits=0 sigs=1 cmds=1
[rtmod] SUBMIT tid=15281 cv=1023 waits=0 sigs=1 cmds=1
[rtmod] SUBMIT tid=15281 cv=1024 waits=0 sigs=1 cmds=1
[rtmod] SUBMIT tid=15281 cv=1025 waits=0 sigs=1 cmds=1
[rtmod] SUBMIT tid=15281 cv=1026 waits=0 sigs=1 cmds=1
[rtmod] SUBMIT tid=15281 cv=1027 waits=0 sigs=1 cmds=1
[rtmod] SUBMIT tid=15281 cv=1028 waits=0 sigs=1 cmds=1
[rtmod] SUBMIT tid=15281 cv=1029 waits=0 sigs=1 cmds=1
[rtmod] SUBMIT tid=15281 cv=1030 waits=0 sigs=1 cmds=1
[rtmod] SUBMIT tid=15281 cv=1031 waits=0 sigs=1 cmds=1
[rtmod] SUBMIT tid=15281 cv=1032 waits=0 sigs=1 cmds=1
[rtmod] SUBMIT tid=15281 cv=1033 waits=0 sigs=1 cmds=1
[rtmod] SUBMIT tid=15281 cv=1034 waits=0 sigs=1 cmds=1
[rtmod] SUBMIT tid=15281 cv=1035 waits=0 sigs=1 cmds=1
[rtmod] SUBMIT tid=15281 cv=1036 waits=0 sigs=1 cmds=1
[rtmod] SUBMIT tid=15281 cv=1037 waits=0 sigs=1 cmds=1
[rtmod] SUBMIT tid=15281 cv=1038 waits=0 sigs=1 cmds=1
[rtmod] SUBMIT tid=15281 cv=1039 waits=0 sigs=1 cmds=1
[rtmod] SUBMIT tid=15281 cv=1040 waits=0 sigs=1 cmds=1
[rtmod] SUBMIT tid=15281 cv=1041 waits=0 sigs=1 cmds=1
[rtmod] SUBMIT tid=15281 cv=1042 waits=0 sigs=1 cmds=1
[rtmod] SUBMIT tid=15281 cv=1043 waits=0 sigs=1 cmds=1
[rtmod] SUBMIT tid=15281 cv=1044 waits=0 sigs=1 cmds=1
[rtmod] SUBMIT tid=15281 cv=1045 waits=0 sigs=1 cmds=1
[rtmod] SUBMIT tid=15281 cv=1046 waits=0 sigs=1 cmds=1
[rtmod] SUBMIT tid=15281 cv=1047 waits=0 sigs=1 cmds=1
[rtmod] SUBMIT tid=15281 cv=1048 waits=0 sigs=1 cmds=1
[rtmod] SUBMIT tid=15281 cv=1049 waits=0 sigs=1 cmds=1
[rtmod] SUBMIT tid=15281 cv=1050 waits=0 sigs=1 cmds=1
[rtmod] SUBMIT tid=15281 cv=1051 waits=0 sigs=1 cmds=1
[rtmod] SUBMIT tid=15281 cv=1052 waits=0 sigs=1 cmds=1
[rtmod] SUBMIT tid=15281 cv=1053 waits=0 sigs=1 cmds=1
[rtmod] SUBMIT tid=15281 cv=1054 waits=0 sigs=1 cmds=1
[rtmod] SUBMIT tid=15281 cv=1055 waits=0 sigs=1 cmds=1
[rtmod] SUBMIT tid=15281 cv=1056 waits=0 sigs=1 cmds=1
[rtmod] SUBMIT tid=15281 cv=1057 waits=0 sigs=1 cmds=1
[rtmod] SUBMIT tid=15281 cv=1058 waits=0 sigs=1 cmds=1
[rtmod] SUBMIT tid=15281 cv=1059 waits=0 sigs=1 cmds=1
[rtmod] SUBMIT tid=15281 cv=1060 waits=0 sigs=1 cmds=1
[rtmod] SUBMIT tid=15281 cv=1061 waits=0 sigs=1 cmds=1
[rtmod] SUBMIT tid=15281 cv=1062 waits=0 sigs=1 cmds=1
[rtmod] SUBMIT tid=15281 cv=1063 waits=0 sigs=1 cmds=1
[rtmod] SUBMIT tid=15281 cv=1064 waits=0 sigs=1 cmds=1
[rtmod] SUBMIT tid=15281 cv=1065 waits=0 sigs=1 cmds=1
[rtmod] SUBMIT tid=15281 cv=1066 waits=0 sigs=1 cmds=1
[rtmod] SUBMIT tid=15281 cv=1067 waits=0 sigs=2 cmds=1
[rtmod] COMMIT-NOOP
[rtmod] SUBMIT tid=15281 cv=1068 waits=1 sigs=1 cmds=1
[rtmod] SUBMIT tid=15281 cv=1069 waits=0 sigs=1 cmds=1
[rtmod] SUBMIT tid=15281 cv=1070 waits=0 sigs=1 cmds=1
[rtmod] SUBMIT tid=15281 cv=1071 waits=0 sigs=1 cmds=1
[rtmod] SUBMIT tid=15281 cv=1072 waits=0 sigs=1 cmds=1
[rtmod] SUBMIT tid=15281 cv=1073 waits=0 sigs=1 cmds=1
[rtmod] SUBMIT tid=15281 cv=1074 waits=0 sigs=1 cmds=1
[rtmod] SUBMIT tid=15281 cv=1075 waits=0 sigs=1 cmds=1
[rtmod] SUBMIT tid=15281 cv=1076 waits=0 sigs=1 cmds=1
[rtmod] SUBMIT tid=15281 cv=1077 waits=0 sigs=1 cmds=1
[rtmod] SUBMIT tid=15281 cv=1078 waits=0 sigs=1 cmds=1
[rtmod] SUBMIT tid=15281 cv=1079 waits=0 sigs=1 cmds=1
[rtmod] SUBMIT tid=15281 cv=1080 waits=0 sigs=1 cmds=1
[rtmod] SUBMIT tid=15281 cv=1081 waits=0 sigs=1 cmds=1
[rtmod] SUBMIT tid=15281 cv=1082 waits=0 sigs=1 cmds=1
[rtmod] SUBMIT tid=15281 cv=1083 waits=0 sigs=1 cmds=1
[rtmod] SUBMIT tid=15281 cv=1084 waits=0 sigs=1 cmds=1
[rtmod] SUBMIT tid=15281 cv=1085 waits=0 sigs=1 cmds=1
[rtmod] SUBMIT tid=15281 cv=1086 waits=0 sigs=1 cmds=1
[rtmod] SUBMIT tid=15281 cv=1087 waits=0 sigs=1 cmds=1
[rtmod] SUBMIT tid=15281 cv=1088 waits=0 sigs=1 cmds=1
[rtmod] SUBMIT tid=15281 cv=1089 waits=0 sigs=1 cmds=1
[rtmod] SUBMIT tid=15281 cv=1090 waits=0 sigs=1 cmds=1
[rtmod] SUBMIT tid=15281 cv=1091 waits=0 sigs=1 cmds=1
[rtmod] SUBMIT tid=15281 cv=1092 waits=0 sigs=1 cmds=1
[rtmod] SUBMIT tid=15281 cv=1093 waits=0 sigs=1 cmds=1
[rtmod] SUBMIT tid=15281 cv=1094 waits=0 sigs=1 cmds=1
[rtmod] SUBMIT tid=15281 cv=1095 waits=0 sigs=1 cmds=1
[rtmod] SUBMIT tid=15281 cv=1096 waits=0 sigs=1 cmds=1
[rtmod] SUBMIT tid=15281 cv=1097 waits=0 sigs=1 cmds=1
[rtmod] SUBMIT tid=15281 cv=1098 waits=0 sigs=1 cmds=1
[rtmod] SUBMIT tid=15281 cv=1099 waits=0 sigs=1 cmds=1
[rtmod] SUBMIT tid=15281 cv=1100 waits=0 sigs=1 cmds=1
[rtmod] SUBMIT tid=15281 cv=1101 waits=0 sigs=1 cmds=1
[rtmod] SUBMIT tid=15281 cv=1102 waits=0 sigs=1 cmds=1
[rtmod] SUBMIT tid=15281 cv=1103 waits=0 sigs=1 cmds=1
[rtmod] SUBMIT tid=15281 cv=1104 waits=0 sigs=1 cmds=1
[rtmod] SUBMIT tid=15281 cv=1105 waits=0 sigs=1 cmds=1
[rtmod] SUBMIT tid=15281 cv=1106 waits=0 sigs=1 cmds=1
[rtmod] SUBMIT tid=15281 cv=1107 waits=0 sigs=1 cmds=1
[rtmod] SUBMIT tid=15281 cv=1108 waits=0 sigs=1 cmds=1
[rtmod] SUBMIT tid=15281 cv=1109 waits=0 sigs=1 cmds=1
[rtmod] SUBMIT tid=15281 cv=1110 waits=0 sigs=1 cmds=1
[rtmod] SUBMIT tid=15281 cv=1111 waits=0 sigs=1 cmds=1
[rtmod] SUBMIT tid=15281 cv=1112 waits=0 sigs=1 cmds=1
[rtmod] SUBMIT tid=15281 cv=1113 waits=0 sigs=1 cmds=1
[rtmod] SUBMIT tid=15281 cv=1114 waits=0 sigs=1 cmds=1
[rtmod] SUBMIT tid=15281 cv=1115 waits=0 sigs=1 cmds=1
[rtmod] SUBMIT tid=15281 cv=1116 waits=0 sigs=1 cmds=1
[rtmod] SUBMIT tid=15281 cv=1117 waits=0 sigs=1 cmds=1
[rtmod] SUBMIT tid=15281 cv=1118 waits=0 sigs=1 cmds=1
[rtmod] SUBMIT tid=15281 cv=1119 waits=0 sigs=1 cmds=1
[rtmod] SUBMIT tid=15281 cv=1120 waits=0 sigs=1 cmds=1
[rtmod] SUBMIT tid=15281 cv=1121 waits=0 sigs=1 cmds=1
[rtmod] SUBMIT tid=15281 cv=1122 waits=0 sigs=1 cmds=1
[rtmod] SUBMIT tid=15281 cv=1123 waits=0 sigs=1 cmds=1
[rtmod] SUBMIT tid=15281 cv=1124 waits=0 sigs=1 cmds=1
[rtmod] SUBMIT tid=15281 cv=1125 waits=0 sigs=1 cmds=1
[rtmod] SUBMIT tid=15281 cv=1126 waits=0 sigs=1 cmds=1
[rtmod] SUBMIT tid=15281 cv=1127 waits=0 sigs=1 cmds=1
[rtmod] SUBMIT tid=15281 cv=1128 waits=0 sigs=1 cmds=1
[rtmod] SUBMIT tid=15281 cv=1129 waits=0 sigs=1 cmds=1
[rtmod] SUBMIT tid=15281 cv=1130 waits=0 sigs=1 cmds=1
[rtmod] SUBMIT tid=15281 cv=1131 waits=0 sigs=1 cmds=1
[rtmod] SUBMIT tid=15281 cv=1132 waits=0 sigs=1 cmds=1
[rtmod] SUBMIT tid=15281 cv=1133 waits=0 sigs=1 cmds=1
[rtmod] SUBMIT tid=15281 cv=1134 waits=0 sigs=1 cmds=1
[rtmod] SUBMIT tid=15281 cv=1135 waits=0 sigs=1 cmds=1
[rtmod] SUBMIT tid=15281 cv=1136 waits=0 sigs=1 cmds=1
[rtmod] SUBMIT tid=15281 cv=1137 waits=0 sigs=1 cmds=1
[rtmod] SUBMIT tid=15281 cv=1138 waits=0 sigs=1 cmds=1
[rtmod] SUBMIT tid=15281 cv=1139 waits=0 sigs=1 cmds=1
[rtmod] SUBMIT tid=15281 cv=1140 waits=0 sigs=2 cmds=1
[rtmod] COMMIT-NOOP
[rtmod] SUBMIT tid=15281 cv=1141 waits=1 sigs=1 cmds=1
[rtmod] SUBMIT tid=15281 cv=1142 waits=0 sigs=1 cmds=1
[rtmod] SUBMIT tid=15281 cv=1143 waits=0 sigs=1 cmds=1
[rtmod] SUBMIT tid=15281 cv=1144 waits=0 sigs=1 cmds=1
[rtmod] SUBMIT tid=15281 cv=1145 waits=0 sigs=1 cmds=1
[rtmod] SUBMIT tid=15281 cv=1146 waits=0 sigs=1 cmds=1
[rtmod] SUBMIT tid=15281 cv=1147 waits=0 sigs=1 cmds=1
[rtmod] SUBMIT tid=15281 cv=1148 waits=0 sigs=1 cmds=1
[rtmod] SUBMIT tid=15281 cv=1149 waits=0 sigs=1 cmds=1
[rtmod] SUBMIT tid=15281 cv=1150 waits=0 sigs=1 cmds=1
[rtmod] SUBMIT tid=15281 cv=1151 waits=0 sigs=1 cmds=1
[rtmod] SUBMIT tid=15281 cv=1152 waits=0 sigs=1 cmds=1
[rtmod] SUBMIT tid=15281 cv=1153 waits=0 sigs=1 cmds=1
[rtmod] SUBMIT tid=15281 cv=1154 waits=0 sigs=1 cmds=1
[rtmod] SUBMIT tid=15281 cv=1155 waits=0 sigs=1 cmds=1
[rtmod] SUBMIT tid=15281 cv=1156 waits=0 sigs=1 cmds=1
[rtmod] SUBMIT tid=15281 cv=1157 waits=0 sigs=1 cmds=1
[rtmod] SUBMIT tid=15281 cv=1158 waits=0 sigs=1 cmds=1
[rtmod] SUBMIT tid=15281 cv=1159 waits=0 sigs=1 cmds=1
[rtmod] SUBMIT tid=15281 cv=1160 waits=0 sigs=1 cmds=1
[rtmod] SUBMIT tid=15281 cv=1161 waits=0 sigs=1 cmds=1
[rtmod] SUBMIT tid=15281 cv=1162 waits=0 sigs=1 cmds=1
[rtmod] SUBMIT tid=15281 cv=1163 waits=0 sigs=1 cmds=1
[rtmod] SUBMIT tid=15281 cv=1164 waits=0 sigs=1 cmds=1
[rtmod] SUBMIT tid=15281 cv=1165 waits=0 sigs=1 cmds=1
[rtmod] SUBMIT tid=15281 cv=1166 waits=0 sigs=1 cmds=1
[rtmod] SUBMIT tid=15281 cv=1167 waits=0 sigs=1 cmds=1
[rtmod] SUBMIT tid=15281 cv=1168 waits=0 sigs=1 cmds=1
[rtmod] SUBMIT tid=15281 cv=1169 waits=0 sigs=1 cmds=1
[rtmod] SUBMIT tid=15281 cv=1170 waits=0 sigs=1 cmds=1
[rtmod] SUBMIT tid=15281 cv=1171 waits=0 sigs=1 cmds=1
[rtmod] SUBMIT tid=15281 cv=1172 waits=0 sigs=1 cmds=1
[rtmod] SUBMIT tid=15281 cv=1173 waits=0 sigs=1 cmds=1
[rtmod] SUBMIT tid=15281 cv=1174 waits=0 sigs=1 cmds=1
[rtmod] SUBMIT tid=15281 cv=1175 waits=0 sigs=1 cmds=1
[rtmod] SUBMIT tid=15281 cv=1176 waits=0 sigs=1 cmds=1
[rtmod] SUBMIT tid=15281 cv=1177 waits=0 sigs=1 cmds=1
[rtmod] SUBMIT tid=15281 cv=1178 waits=0 sigs=1 cmds=1
[rtmod] SUBMIT tid=15281 cv=1179 waits=0 sigs=1 cmds=1
[rtmod] SUBMIT tid=15281 cv=1180 waits=0 sigs=1 cmds=1
[rtmod] SUBMIT tid=15281 cv=1181 waits=0 sigs=1 cmds=1
[rtmod] SUBMIT tid=15281 cv=1182 waits=0 sigs=1 cmds=1
[rtmod] SUBMIT tid=15281 cv=1183 waits=0 sigs=1 cmds=1
[rtmod] SUBMIT tid=15281 cv=1184 waits=0 sigs=1 cmds=1
[rtmod] SUBMIT tid=15281 cv=1185 waits=0 sigs=1 cmds=1
[rtmod] SUBMIT tid=15281 cv=1186 waits=0 sigs=1 cmds=1
[rtmod] SUBMIT tid=15281 cv=1187 waits=0 sigs=1 cmds=1
[rtmod] SUBMIT tid=15281 cv=1188 waits=0 sigs=1 cmds=1
[rtmod] SUBMIT tid=15281 cv=1189 waits=0 sigs=1 cmds=1
[rtmod] SUBMIT tid=15281 cv=1190 waits=0 sigs=1 cmds=1
[rtmod] SUBMIT tid=15281 cv=1191 waits=0 sigs=1 cmds=1
[rtmod] SUBMIT tid=15281 cv=1192 waits=0 sigs=1 cmds=1
[rtmod] SUBMIT tid=15281 cv=1193 waits=0 sigs=1 cmds=1
[rtmod] SUBMIT tid=15281 cv=1194 waits=0 sigs=1 cmds=1
[rtmod] SUBMIT tid=15281 cv=1195 waits=0 sigs=1 cmds=1
[rtmod] SUBMIT tid=15281 cv=1196 waits=0 sigs=1 cmds=1
[rtmod] SUBMIT tid=15281 cv=1197 waits=0 sigs=1 cmds=1
[rtmod] SUBMIT tid=15281 cv=1198 waits=0 sigs=1 cmds=1
[rtmod] SUBMIT tid=15281 cv=1199 waits=0 sigs=1 cmds=1
[rtmod] SUBMIT tid=15281 cv=1200 waits=0 sigs=1 cmds=1
[rtmod] SUBMIT tid=15281 cv=1201 waits=0 sigs=1 cmds=1
[rtmod] SUBMIT tid=15281 cv=1202 waits=0 sigs=1 cmds=1
[rtmod] SUBMIT tid=15281 cv=1203 waits=0 sigs=1 cmds=1
[rtmod] SUBMIT tid=15281 cv=1204 waits=0 sigs=1 cmds=1
[rtmod] SUBMIT tid=15281 cv=1205 waits=0 sigs=1 cmds=1
[rtmod] SUBMIT tid=15281 cv=1206 waits=0 sigs=1 cmds=1
[rtmod] SUBMIT tid=15281 cv=1207 waits=0 sigs=1 cmds=1
[rtmod] SUBMIT tid=15281 cv=1208 waits=0 sigs=1 cmds=1
[rtmod] SUBMIT tid=15281 cv=1209 waits=0 sigs=1 cmds=1
[rtmod] SUBMIT tid=15281 cv=1210 waits=0 sigs=1 cmds=1
[rtmod] SUBMIT tid=15281 cv=1211 waits=0 sigs=1 cmds=1
[rtmod] SUBMIT tid=15281 cv=1212 waits=0 sigs=1 cmds=1
[rtmod] SUBMIT tid=15281 cv=1213 waits=0 sigs=2 cmds=1
[rtmod] COMMIT-NOOP
[rtmod] SUBMIT tid=15281 cv=1214 waits=1 sigs=1 cmds=1
[rtmod] SUBMIT tid=15281 cv=1215 waits=0 sigs=1 cmds=1
[rtmod] SUBMIT tid=15281 cv=1216 waits=0 sigs=1 cmds=1
[rtmod] SUBMIT tid=15281 cv=1217 waits=0 sigs=1 cmds=1
[rtmod] SUBMIT tid=15281 cv=1218 waits=0 sigs=1 cmds=1
[rtmod] SUBMIT tid=15281 cv=1219 waits=0 sigs=1 cmds=1
[rtmod] SUBMIT tid=15281 cv=1220 waits=0 sigs=1 cmds=1
[rtmod] SUBMIT tid=15281 cv=1221 waits=0 sigs=1 cmds=1
[rtmod] SUBMIT tid=15281 cv=1222 waits=0 sigs=1 cmds=1
[rtmod] SUBMIT tid=15281 cv=1223 waits=0 sigs=1 cmds=1
[rtmod] SUBMIT tid=15281 cv=1224 waits=0 sigs=1 cmds=1
[rtmod] SUBMIT tid=15281 cv=1225 waits=0 sigs=1 cmds=1
[rtmod] SUBMIT tid=15281 cv=1226 waits=0 sigs=1 cmds=1
[rtmod] SUBMIT tid=15281 cv=1227 waits=0 sigs=1 cmds=1
[rtmod] SUBMIT tid=15281 cv=1228 waits=0 sigs=1 cmds=1
[rtmod] SUBMIT tid=15281 cv=1229 waits=0 sigs=1 cmds=1
[rtmod] SUBMIT tid=15281 cv=1230 waits=0 sigs=1 cmds=1
[rtmod] SUBMIT tid=15281 cv=1231 waits=0 sigs=1 cmds=1
[rtmod] SUBMIT tid=15281 cv=1232 waits=0 sigs=1 cmds=1
[rtmod] SUBMIT tid=15281 cv=1233 waits=0 sigs=1 cmds=1
[rtmod] SUBMIT tid=15281 cv=1234 waits=0 sigs=1 cmds=1
[rtmod] SUBMIT tid=15281 cv=1235 waits=0 sigs=1 cmds=1
[rtmod] SUBMIT tid=15281 cv=1236 waits=0 sigs=1 cmds=1
[rtmod] SUBMIT tid=15281 cv=1237 waits=0 sigs=1 cmds=1
[rtmod] SUBMIT tid=15281 cv=1238 waits=0 sigs=1 cmds=1
[rtmod] SUBMIT tid=15281 cv=1239 waits=0 sigs=1 cmds=1
[rtmod] SUBMIT tid=15281 cv=1240 waits=0 sigs=1 cmds=1
[rtmod] SUBMIT tid=15281 cv=1241 waits=0 sigs=1 cmds=1
[rtmod] SUBMIT tid=15281 cv=1242 waits=0 sigs=1 cmds=1
[rtmod] SUBMIT tid=15281 cv=1243 waits=0 sigs=1 cmds=1
[rtmod] SUBMIT tid=15281 cv=1244 waits=0 sigs=1 cmds=1
[rtmod] SUBMIT tid=15281 cv=1245 waits=0 sigs=1 cmds=1
[rtmod] SUBMIT tid=15281 cv=1246 waits=0 sigs=1 cmds=1
[rtmod] SUBMIT tid=15281 cv=1247 waits=0 sigs=1 cmds=1
[rtmod] SUBMIT tid=15281 cv=1248 waits=0 sigs=1 cmds=1
[rtmod] SUBMIT tid=15281 cv=1249 waits=0 sigs=1 cmds=1
[rtmod] SUBMIT tid=15281 cv=1250 waits=0 sigs=1 cmds=1
[rtmod] SUBMIT tid=15281 cv=1251 waits=0 sigs=1 cmds=1
[rtmod] SUBMIT tid=15281 cv=1252 waits=0 sigs=1 cmds=1
[rtmod] SUBMIT tid=15281 cv=1253 waits=0 sigs=1 cmds=1
[rtmod] SUBMIT tid=15281 cv=1254 waits=0 sigs=1 cmds=1
[rtmod] SUBMIT tid=15281 cv=1255 waits=0 sigs=1 cmds=1
[rtmod] SUBMIT tid=15281 cv=1256 waits=0 sigs=1 cmds=1
[rtmod] SUBMIT tid=15281 cv=1257 waits=0 sigs=1 cmds=1
[rtmod] SUBMIT tid=15281 cv=1258 waits=0 sigs=1 cmds=1
[rtmod] SUBMIT tid=15281 cv=1259 waits=0 sigs=1 cmds=1
[rtmod] SUBMIT tid=15281 cv=1260 waits=0 sigs=1 cmds=1
[rtmod] SUBMIT tid=15281 cv=1261 waits=0 sigs=1 cmds=1
[rtmod] SUBMIT tid=15281 cv=1262 waits=0 sigs=1 cmds=1
[rtmod] SUBMIT tid=15281 cv=1263 waits=0 sigs=1 cmds=1
[rtmod] SUBMIT tid=15281 cv=1264 waits=0 sigs=1 cmds=1
[rtmod] SUBMIT tid=15281 cv=1265 waits=0 sigs=1 cmds=1
[rtmod] SUBMIT tid=15281 cv=1266 waits=0 sigs=1 cmds=1
[rtmod] SUBMIT tid=15281 cv=1267 waits=0 sigs=1 cmds=1
[rtmod] SUBMIT tid=15281 cv=1268 waits=0 sigs=1 cmds=1
[rtmod] SUBMIT tid=15281 cv=1269 waits=0 sigs=1 cmds=1
[rtmod] SUBMIT tid=15281 cv=1270 waits=0 sigs=1 cmds=1
[rtmod] SUBMIT tid=15281 cv=1271 waits=0 sigs=1 cmds=1
[rtmod] SUBMIT tid=15281 cv=1272 waits=0 sigs=1 cmds=1
[rtmod] SUBMIT tid=15281 cv=1273 waits=0 sigs=1 cmds=1
[rtmod] SUBMIT tid=15281 cv=1274 waits=0 sigs=1 cmds=1
[rtmod] SUBMIT tid=15281 cv=1275 waits=0 sigs=1 cmds=1
[rtmod] SUBMIT tid=15281 cv=1276 waits=0 sigs=1 cmds=1
[rtmod] SUBMIT tid=15281 cv=1277 waits=0 sigs=1 cmds=1
[rtmod] SUBMIT tid=15281 cv=1278 waits=0 sigs=1 cmds=1
[rtmod] SUBMIT tid=15281 cv=1279 waits=0 sigs=1 cmds=1
[rtmod] SUBMIT tid=15281 cv=1280 waits=0 sigs=1 cmds=1
[rtmod] SUBMIT tid=15281 cv=1281 waits=0 sigs=1 cmds=1
[rtmod] SUBMIT tid=15281 cv=1282 waits=0 sigs=1 cmds=1
[rtmod] SUBMIT tid=15281 cv=1283 waits=0 sigs=1 cmds=1
[rtmod] SUBMIT tid=15281 cv=1284 waits=0 sigs=1 cmds=1
[rtmod] SUBMIT tid=15281 cv=1285 waits=0 sigs=1 cmds=1
[rtmod] SUBMIT tid=15281 cv=1286 waits=0 sigs=2 cmds=1
[rtmod] COMMIT-NOOP
[rtmod] SUBMIT tid=15281 cv=1287 waits=1 sigs=1 cmds=1
[rtmod] SUBMIT tid=15281 cv=1288 waits=0 sigs=1 cmds=1
[rtmod] SUBMIT tid=15281 cv=1289 waits=0 sigs=1 cmds=1
[rtmod] SUBMIT tid=15281 cv=1290 waits=0 sigs=1 cmds=1
[rtmod] SUBMIT tid=15281 cv=1291 waits=0 sigs=1 cmds=1
[rtmod] SUBMIT tid=15281 cv=1292 waits=0 sigs=1 cmds=1
[rtmod] SUBMIT tid=15281 cv=1293 waits=0 sigs=1 cmds=1
[rtmod] SUBMIT tid=15281 cv=1294 waits=0 sigs=1 cmds=1
[rtmod] SUBMIT tid=15281 cv=1295 waits=0 sigs=1 cmds=1
[rtmod] SUBMIT tid=15281 cv=1296 waits=0 sigs=1 cmds=1
[rtmod] SUBMIT tid=15281 cv=1297 waits=0 sigs=1 cmds=1
[rtmod] SUBMIT tid=15281 cv=1298 waits=0 sigs=1 cmds=1
[rtmod] SUBMIT tid=15281 cv=1299 waits=0 sigs=1 cmds=1
[rtmod] SUBMIT tid=15281 cv=1300 waits=0 sigs=1 cmds=1
[rtmod] SUBMIT tid=15281 cv=1301 waits=0 sigs=1 cmds=1
[rtmod] SUBMIT tid=15281 cv=1302 waits=0 sigs=1 cmds=1
[rtmod] SUBMIT tid=15281 cv=1303 waits=0 sigs=1 cmds=1
[rtmod] SUBMIT tid=15281 cv=1304 waits=0 sigs=1 cmds=1
[rtmod] SUBMIT tid=15281 cv=1305 waits=0 sigs=1 cmds=1
[rtmod] SUBMIT tid=15281 cv=1306 waits=0 sigs=1 cmds=1
[rtmod] SUBMIT tid=15281 cv=1307 waits=0 sigs=1 cmds=1
[rtmod] SUBMIT tid=15281 cv=1308 waits=0 sigs=1 cmds=1
[rtmod] SUBMIT tid=15281 cv=1309 waits=0 sigs=1 cmds=1
[rtmod] SUBMIT tid=15281 cv=1310 waits=0 sigs=1 cmds=1
[rtmod] SUBMIT tid=15281 cv=1311 waits=0 sigs=1 cmds=1
[rtmod] SUBMIT tid=15281 cv=1312 waits=0 sigs=1 cmds=1
[rtmod] SUBMIT tid=15281 cv=1313 waits=0 sigs=1 cmds=1
[rtmod] SUBMIT tid=15281 cv=1314 waits=0 sigs=1 cmds=1
[rtmod] SUBMIT tid=15281 cv=1315 waits=0 sigs=1 cmds=1
[rtmod] SUBMIT tid=15281 cv=1316 waits=0 sigs=1 cmds=1
[rtmod] SUBMIT tid=15281 cv=1317 waits=0 sigs=1 cmds=1
[rtmod] SUBMIT tid=15281 cv=1318 waits=0 sigs=1 cmds=1
[rtmod] SUBMIT tid=15281 cv=1319 waits=0 sigs=1 cmds=1
[rtmod] SUBMIT tid=15281 cv=1320 waits=0 sigs=1 cmds=1
[rtmod] SUBMIT tid=15281 cv=1321 waits=0 sigs=1 cmds=1
[rtmod] SUBMIT tid=15281 cv=1322 waits=0 sigs=1 cmds=1
[rtmod] SUBMIT tid=15281 cv=1323 waits=0 sigs=1 cmds=1
[rtmod] SUBMIT tid=15281 cv=1324 waits=0 sigs=1 cmds=1
[rtmod] SUBMIT tid=15281 cv=1325 waits=0 sigs=1 cmds=1
[rtmod] SUBMIT tid=15281 cv=1326 waits=0 sigs=1 cmds=1
[rtmod] SUBMIT tid=15281 cv=1327 waits=0 sigs=1 cmds=1
[rtmod] SUBMIT tid=15281 cv=1328 waits=0 sigs=1 cmds=1
[rtmod] SUBMIT tid=15281 cv=1329 waits=0 sigs=1 cmds=1
[rtmod] SUBMIT tid=15281 cv=1330 waits=0 sigs=1 cmds=1
[rtmod] SUBMIT tid=15281 cv=1331 waits=0 sigs=1 cmds=1
[rtmod] SUBMIT tid=15281 cv=1332 waits=0 sigs=1 cmds=1
[rtmod] SUBMIT tid=15281 cv=1333 waits=0 sigs=1 cmds=1
[rtmod] SUBMIT tid=15281 cv=1334 waits=0 sigs=1 cmds=1
[rtmod] SUBMIT tid=15281 cv=1335 waits=0 sigs=1 cmds=1
[rtmod] SUBMIT tid=15281 cv=1336 waits=0 sigs=1 cmds=1
[rtmod] SUBMIT tid=15281 cv=1337 waits=0 sigs=1 cmds=1
[rtmod] SUBMIT tid=15281 cv=1338 waits=0 sigs=1 cmds=1
[rtmod] SUBMIT tid=15281 cv=1339 waits=0 sigs=1 cmds=1
[rtmod] SUBMIT tid=15281 cv=1340 waits=0 sigs=1 cmds=1
[rtmod] SUBMIT tid=15281 cv=1341 waits=0 sigs=1 cmds=1
[rtmod] SUBMIT tid=15281 cv=1342 waits=0 sigs=1 cmds=1
[rtmod] SUBMIT tid=15281 cv=1343 waits=0 sigs=1 cmds=1
[rtmod] SUBMIT tid=15281 cv=1344 waits=0 sigs=1 cmds=1
[rtmod] SUBMIT tid=15281 cv=1345 waits=0 sigs=1 cmds=1
[rtmod] SUBMIT tid=15281 cv=1346 waits=0 sigs=1 cmds=1
[rtmod] SUBMIT tid=15281 cv=1347 waits=0 sigs=1 cmds=1
[rtmod] SUBMIT tid=15281 cv=1348 waits=0 sigs=1 cmds=1
[rtmod] SUBMIT tid=15281 cv=1349 waits=0 sigs=1 cmds=1
[rtmod] SUBMIT tid=15281 cv=1350 waits=0 sigs=1 cmds=1
[rtmod] SUBMIT tid=15281 cv=1351 waits=0 sigs=1 cmds=1
[rtmod] SUBMIT tid=15281 cv=1352 waits=0 sigs=1 cmds=1
[rtmod] SUBMIT tid=15281 cv=1353 waits=0 sigs=1 cmds=1
[rtmod] SUBMIT tid=15281 cv=1354 waits=0 sigs=1 cmds=1
[rtmod] SUBMIT tid=15281 cv=1355 waits=0 sigs=1 cmds=1
[rtmod] SUBMIT tid=15281 cv=1356 waits=0 sigs=1 cmds=1
[rtmod] SUBMIT tid=15281 cv=1357 waits=0 sigs=1 cmds=1
[rtmod] SUBMIT tid=15281 cv=1358 waits=0 sigs=1 cmds=1
[rtmod] SUBMIT tid=15281 cv=1359 waits=0 sigs=2 cmds=1
[rtmod] COMMIT-NOOP
[rtmod] SUBMIT tid=15281 cv=1360 waits=1 sigs=1 cmds=1
[rtmod] SUBMIT tid=15281 cv=1361 waits=0 sigs=1 cmds=1
[rtmod] SUBMIT tid=15281 cv=1362 waits=0 sigs=1 cmds=1
[rtmod] SUBMIT tid=15281 cv=1363 waits=0 sigs=1 cmds=1
[rtmod] SUBMIT tid=15281 cv=1364 waits=0 sigs=1 cmds=1
[rtmod] SUBMIT tid=15281 cv=1365 waits=0 sigs=1 cmds=1
[rtmod] SUBMIT tid=15281 cv=1366 waits=0 sigs=1 cmds=1
[rtmod] SUBMIT tid=15281 cv=1367 waits=0 sigs=1 cmds=1
[rtmod] SUBMIT tid=15281 cv=1368 waits=0 sigs=1 cmds=1
[rtmod] SUBMIT tid=15281 cv=1369 waits=0 sigs=1 cmds=1
[rtmod] SUBMIT tid=15281 cv=1370 waits=0 sigs=1 cmds=1
[rtmod] SUBMIT tid=15281 cv=1371 waits=0 sigs=1 cmds=1
[rtmod] SUBMIT tid=15281 cv=1372 waits=0 sigs=1 cmds=1
[rtmod] SUBMIT tid=15281 cv=1373 waits=0 sigs=1 cmds=1
[rtmod] SUBMIT tid=15281 cv=1374 waits=0 sigs=1 cmds=1
[rtmod] SUBMIT tid=15281 cv=1375 waits=0 sigs=1 cmds=1
[rtmod] SUBMIT tid=15281 cv=1376 waits=0 sigs=1 cmds=1
[rtmod] SUBMIT tid=15281 cv=1377 waits=0 sigs=1 cmds=1
[rtmod] SUBMIT tid=15281 cv=1378 waits=0 sigs=1 cmds=1
[rtmod] SUBMIT tid=15281 cv=1379 waits=0 sigs=1 cmds=1
[rtmod] SUBMIT tid=15281 cv=1380 waits=0 sigs=1 cmds=1
[rtmod] SUBMIT tid=15281 cv=1381 waits=0 sigs=1 cmds=1
[rtmod] SUBMIT tid=15281 cv=1382 waits=0 sigs=1 cmds=1
[rtmod] SUBMIT tid=15281 cv=1383 waits=0 sigs=1 cmds=1
[rtmod] SUBMIT tid=15281 cv=1384 waits=0 sigs=1 cmds=1
[rtmod] SUBMIT tid=15281 cv=1385 waits=0 sigs=1 cmds=1
[rtmod] SUBMIT tid=15281 cv=1386 waits=0 sigs=1 cmds=1
[rtmod] SUBMIT tid=15281 cv=1387 waits=0 sigs=1 cmds=1
[rtmod] SUBMIT tid=15281 cv=1388 waits=0 sigs=1 cmds=1
[rtmod] SUBMIT tid=15281 cv=1389 waits=0 sigs=1 cmds=1
[rtmod] SUBMIT tid=15281 cv=1390 waits=0 sigs=1 cmds=1
[rtmod] SUBMIT tid=15281 cv=1391 waits=0 sigs=1 cmds=1
[rtmod] SUBMIT tid=15281 cv=1392 waits=0 sigs=1 cmds=1
[rtmod] SUBMIT tid=15281 cv=1393 waits=0 sigs=1 cmds=1
[rtmod] SUBMIT tid=15281 cv=1394 waits=0 sigs=1 cmds=1
[rtmod] SUBMIT tid=15281 cv=1395 waits=0 sigs=1 cmds=1
[rtmod] SUBMIT tid=15281 cv=1396 waits=0 sigs=1 cmds=1
[rtmod] SUBMIT tid=15281 cv=1397 waits=0 sigs=1 cmds=1
[rtmod] SUBMIT tid=15281 cv=1398 waits=0 sigs=1 cmds=1
[rtmod] SUBMIT tid=15281 cv=1399 waits=0 sigs=1 cmds=1
[rtmod] SUBMIT tid=15281 cv=1400 waits=0 sigs=1 cmds=1
[rtmod] SUBMIT tid=15281 cv=1401 waits=0 sigs=1 cmds=1
[rtmod] SUBMIT tid=15281 cv=1402 waits=0 sigs=1 cmds=1
[rtmod] SUBMIT tid=15281 cv=1403 waits=0 sigs=1 cmds=1
[rtmod] SUBMIT tid=15281 cv=1404 waits=0 sigs=1 cmds=1
[rtmod] SUBMIT tid=15281 cv=1405 waits=0 sigs=1 cmds=1
[rtmod] SUBMIT tid=15281 cv=1406 waits=0 sigs=1 cmds=1
[rtmod] SUBMIT tid=15281 cv=1407 waits=0 sigs=1 cmds=1
[rtmod] SUBMIT tid=15281 cv=1408 waits=0 sigs=1 cmds=1
[rtmod] SUBMIT tid=15281 cv=1409 waits=0 sigs=1 cmds=1
[rtmod] SUBMIT tid=15281 cv=1410 waits=0 sigs=1 cmds=1
[rtmod] SUBMIT tid=15281 cv=1411 waits=0 sigs=1 cmds=1
[rtmod] SUBMIT tid=15281 cv=1412 waits=0 sigs=1 cmds=1
[rtmod] SUBMIT tid=15281 cv=1413 waits=0 sigs=1 cmds=1
[rtmod] SUBMIT tid=15281 cv=1414 waits=0 sigs=1 cmds=1
[rtmod] SUBMIT tid=15281 cv=1415 waits=0 sigs=1 cmds=1
[rtmod] SUBMIT tid=15281 cv=1416 waits=0 sigs=1 cmds=1
[rtmod] SUBMIT tid=15281 cv=1417 waits=0 sigs=1 cmds=1
[rtmod] SUBMIT tid=15281 cv=1418 waits=0 sigs=1 cmds=1
[rtmod] SUBMIT tid=15281 cv=1419 waits=0 sigs=1 cmds=1
[rtmod] SUBMIT tid=15281 cv=1420 waits=0 sigs=1 cmds=1
[rtmod] SUBMIT tid=15281 cv=1421 waits=0 sigs=1 cmds=1
[rtmod] SUBMIT tid=15281 cv=1422 waits=0 sigs=1 cmds=1
[rtmod] SUBMIT tid=15281 cv=1423 waits=0 sigs=1 cmds=1
[rtmod] SUBMIT tid=15281 cv=1424 waits=0 sigs=1 cmds=1
[rtmod] SUBMIT tid=15281 cv=1425 waits=0 sigs=1 cmds=1
[rtmod] SUBMIT tid=15281 cv=1426 waits=0 sigs=1 cmds=1
[rtmod] SUBMIT tid=15281 cv=1427 waits=0 sigs=1 cmds=1
[rtmod] SUBMIT tid=15281 cv=1428 waits=0 sigs=1 cmds=1
[rtmod] SUBMIT tid=15281 cv=1429 waits=0 sigs=1 cmds=1
[rtmod] SUBMIT tid=15281 cv=1430 waits=0 sigs=1 cmds=1
[rtmod] SUBMIT tid=15281 cv=1431 waits=0 sigs=1 cmds=1
[rtmod] SUBMIT tid=15281 cv=1432 waits=0 sigs=2 cmds=1
[rtmod] COMMIT-NOOP
[rtmod] SUBMIT tid=15281 cv=1433 waits=1 sigs=1 cmds=1
[rtmod] SUBMIT tid=15281 cv=1434 waits=0 sigs=1 cmds=1
[rtmod] SUBMIT tid=15281 cv=1435 waits=0 sigs=1 cmds=1
[rtmod] SUBMIT tid=15281 cv=1436 waits=0 sigs=1 cmds=1
[rtmod] SUBMIT tid=15281 cv=1437 waits=0 sigs=1 cmds=1
[rtmod] SUBMIT tid=15281 cv=1438 waits=0 sigs=1 cmds=1
[rtmod] SUBMIT tid=15281 cv=1439 waits=0 sigs=1 cmds=1
[rtmod] SUBMIT tid=15281 cv=1440 waits=0 sigs=1 cmds=1
[rtmod] SUBMIT tid=15281 cv=1441 waits=0 sigs=1 cmds=1
[rtmod] SUBMIT tid=15281 cv=1442 waits=0 sigs=1 cmds=1
[rtmod] SUBMIT tid=15281 cv=1443 waits=0 sigs=1 cmds=1
[rtmod] SUBMIT tid=15281 cv=1444 waits=0 sigs=1 cmds=1
[rtmod] SUBMIT tid=15281 cv=1445 waits=0 sigs=1 cmds=1
[rtmod] SUBMIT tid=15281 cv=1446 waits=0 sigs=1 cmds=1
[rtmod] SUBMIT tid=15281 cv=1447 waits=0 sigs=1 cmds=1
[rtmod] SUBMIT tid=15281 cv=1448 waits=0 sigs=1 cmds=1
[rtmod] SUBMIT tid=15281 cv=1449 waits=0 sigs=1 cmds=1
[rtmod] SUBMIT tid=15281 cv=1450 waits=0 sigs=1 cmds=1
[rtmod] SUBMIT tid=15281 cv=1451 waits=0 sigs=1 cmds=1
[rtmod] SUBMIT tid=15281 cv=1452 waits=0 sigs=1 cmds=1
[rtmod] SUBMIT tid=15281 cv=1453 waits=0 sigs=1 cmds=1
[rtmod] SUBMIT tid=15281 cv=1454 waits=0 sigs=1 cmds=1
[rtmod] SUBMIT tid=15281 cv=1455 waits=0 sigs=1 cmds=1
[rtmod] SUBMIT tid=15281 cv=1456 waits=0 sigs=1 cmds=1
[rtmod] SUBMIT tid=15281 cv=1457 waits=0 sigs=1 cmds=1
[rtmod] SUBMIT tid=15281 cv=1458 waits=0 sigs=1 cmds=1
[rtmod] SUBMIT tid=15281 cv=1459 waits=0 sigs=1 cmds=1
[rtmod] SUBMIT tid=15281 cv=1460 waits=0 sigs=1 cmds=1
[rtmod] SUBMIT tid=15281 cv=1461 waits=0 sigs=1 cmds=1
[rtmod] SUBMIT tid=15281 cv=1462 waits=0 sigs=1 cmds=1
[rtmod] SUBMIT tid=15281 cv=1463 waits=0 sigs=1 cmds=1
[rtmod] SUBMIT tid=15281 cv=1464 waits=0 sigs=1 cmds=1
[rtmod] SUBMIT tid=15281 cv=1465 waits=0 sigs=1 cmds=1
[rtmod] SUBMIT tid=15281 cv=1466 waits=0 sigs=1 cmds=1
[rtmod] SUBMIT tid=15281 cv=1467 waits=0 sigs=1 cmds=1
[rtmod] SUBMIT tid=15281 cv=1468 waits=0 sigs=1 cmds=1
[rtmod] SUBMIT tid=15281 cv=1469 waits=0 sigs=1 cmds=1
[rtmod] SUBMIT tid=15281 cv=1470 waits=0 sigs=1 cmds=1
[rtmod] SUBMIT tid=15281 cv=1471 waits=0 sigs=1 cmds=1
[rtmod] SUBMIT tid=15281 cv=1472 waits=0 sigs=1 cmds=1
[rtmod] SUBMIT tid=15281 cv=1473 waits=0 sigs=1 cmds=1
[rtmod] SUBMIT tid=15281 cv=1474 waits=0 sigs=1 cmds=1
[rtmod] SUBMIT tid=15281 cv=1475 waits=0 sigs=1 cmds=1
[rtmod] SUBMIT tid=15281 cv=1476 waits=0 sigs=1 cmds=1
[rtmod] SUBMIT tid=15281 cv=1477 waits=0 sigs=1 cmds=1
[rtmod] SUBMIT tid=15281 cv=1478 waits=0 sigs=1 cmds=1
[rtmod] SUBMIT tid=15281 cv=1479 waits=0 sigs=1 cmds=1
[rtmod] SUBMIT tid=15281 cv=1480 waits=0 sigs=1 cmds=1
[rtmod] SUBMIT tid=15281 cv=1481 waits=0 sigs=1 cmds=1
[rtmod] SUBMIT tid=15281 cv=1482 waits=0 sigs=1 cmds=1
[rtmod] SUBMIT tid=15281 cv=1483 waits=0 sigs=1 cmds=1
[rtmod] SUBMIT tid=15281 cv=1484 waits=0 sigs=1 cmds=1
[rtmod] SUBMIT tid=15281 cv=1485 waits=0 sigs=1 cmds=1
[rtmod] SUBMIT tid=15281 cv=1486 waits=0 sigs=1 cmds=1
[rtmod] SUBMIT tid=15281 cv=1487 waits=0 sigs=1 cmds=1
[rtmod] SUBMIT tid=15281 cv=1488 waits=0 sigs=1 cmds=1
[rtmod] SUBMIT tid=15281 cv=1489 waits=0 sigs=1 cmds=1
[rtmod] SUBMIT tid=15281 cv=1490 waits=0 sigs=1 cmds=1
[rtmod] SUBMIT tid=15281 cv=1491 waits=0 sigs=1 cmds=1
[rtmod] SUBMIT tid=15281 cv=1492 waits=0 sigs=1 cmds=1
[rtmod] SUBMIT tid=15281 cv=1493 waits=0 sigs=1 cmds=1
[rtmod] SUBMIT tid=15281 cv=1494 waits=0 sigs=1 cmds=1
[rtmod] SUBMIT tid=15281 cv=1495 waits=0 sigs=1 cmds=1
[rtmod] SUBMIT tid=15281 cv=1496 waits=0 sigs=1 cmds=1
[rtmod] SUBMIT tid=15281 cv=1497 waits=0 sigs=1 cmds=1
[rtmod] SUBMIT tid=15281 cv=1498 waits=0 sigs=1 cmds=1
[rtmod] SUBMIT tid=15281 cv=1499 waits=0 sigs=1 cmds=1
[rtmod] SUBMIT tid=15281 cv=1500 waits=0 sigs=1 cmds=1
[rtmod] SUBMIT tid=15281 cv=1501 waits=0 sigs=1 cmds=1
[rtmod] SUBMIT tid=15281 cv=1502 waits=0 sigs=1 cmds=1
[rtmod] SUBMIT tid=15281 cv=1503 waits=0 sigs=1 cmds=1
[rtmod] SUBMIT tid=15281 cv=1504 waits=0 sigs=1 cmds=1
[rtmod] SUBMIT tid=15281 cv=1505 waits=0 sigs=2 cmds=1
[rtmod] COMMIT-NOOP
[rtmod] SUBMIT tid=15281 cv=1506 waits=1 sigs=1 cmds=1
[rtmod] SUBMIT tid=15281 cv=1507 waits=0 sigs=1 cmds=1
[rtmod] SUBMIT tid=15281 cv=1508 waits=0 sigs=1 cmds=1
[rtmod] SUBMIT tid=15281 cv=1509 waits=0 sigs=1 cmds=1
[rtmod] SUBMIT tid=15281 cv=1510 waits=0 sigs=1 cmds=1
[rtmod] SUBMIT tid=15281 cv=1511 waits=0 sigs=1 cmds=1
[rtmod] SUBMIT tid=15281 cv=1512 waits=0 sigs=1 cmds=1
[rtmod] SUBMIT tid=15281 cv=1513 waits=0 sigs=1 cmds=1
[rtmod] SUBMIT tid=15281 cv=1514 waits=0 sigs=1 cmds=1
[rtmod] SUBMIT tid=15281 cv=1515 waits=0 sigs=1 cmds=1
[rtmod] SUBMIT tid=15281 cv=1516 waits=0 sigs=1 cmds=1
[rtmod] SUBMIT tid=15281 cv=1517 waits=0 sigs=1 cmds=1
[rtmod] SUBMIT tid=15281 cv=1518 waits=0 sigs=1 cmds=1
[rtmod] SUBMIT tid=15281 cv=1519 waits=0 sigs=1 cmds=1
[rtmod] SUBMIT tid=15281 cv=1520 waits=0 sigs=1 cmds=1
[rtmod] SUBMIT tid=15281 cv=1521 waits=0 sigs=1 cmds=1
[rtmod] SUBMIT tid=15281 cv=1522 waits=0 sigs=1 cmds=1
[rtmod] SUBMIT tid=15281 cv=1523 waits=0 sigs=1 cmds=1
[rtmod] SUBMIT tid=15281 cv=1524 waits=0 sigs=1 cmds=1
[rtmod] SUBMIT tid=15281 cv=1525 waits=0 sigs=1 cmds=1
[rtmod] SUBMIT tid=15281 cv=1526 waits=0 sigs=1 cmds=1
[rtmod] SUBMIT tid=15281 cv=1527 waits=0 sigs=1 cmds=1
[rtmod] SUBMIT tid=15281 cv=1528 waits=0 sigs=1 cmds=1
[rtmod] SUBMIT tid=15281 cv=1529 waits=0 sigs=1 cmds=1
[rtmod] SUBMIT tid=15281 cv=1530 waits=0 sigs=1 cmds=1
[rtmod] SUBMIT tid=15281 cv=1531 waits=0 sigs=1 cmds=1
[rtmod] SUBMIT tid=15281 cv=1532 waits=0 sigs=1 cmds=1
[rtmod] SUBMIT tid=15281 cv=1533 waits=0 sigs=1 cmds=1
[rtmod] SUBMIT tid=15281 cv=1534 waits=0 sigs=1 cmds=1
[rtmod] SUBMIT tid=15281 cv=1535 waits=0 sigs=1 cmds=1
[rtmod] SUBMIT tid=15281 cv=1536 waits=0 sigs=1 cmds=1
[rtmod] SUBMIT tid=15281 cv=1537 waits=0 sigs=1 cmds=1
[rtmod] SUBMIT tid=15281 cv=1538 waits=0 sigs=1 cmds=1
[rtmod] SUBMIT tid=15281 cv=1539 waits=0 sigs=1 cmds=1
[rtmod] SUBMIT tid=15281 cv=1540 waits=0 sigs=1 cmds=1
[rtmod] SUBMIT tid=15281 cv=1541 waits=0 sigs=1 cmds=1
[rtmod] SUBMIT tid=15281 cv=1542 waits=0 sigs=1 cmds=1
[rtmod] SUBMIT tid=15281 cv=1543 waits=0 sigs=1 cmds=1
[rtmod] SUBMIT tid=15281 cv=1544 waits=0 sigs=1 cmds=1
[rtmod] SUBMIT tid=15281 cv=1545 waits=0 sigs=1 cmds=1
[rtmod] SUBMIT tid=15281 cv=1546 waits=0 sigs=1 cmds=1
[rtmod] SUBMIT tid=15281 cv=1547 waits=0 sigs=1 cmds=1
[rtmod] SUBMIT tid=15281 cv=1548 waits=0 sigs=1 cmds=1
[rtmod] SUBMIT tid=15281 cv=1549 waits=0 sigs=1 cmds=1
[rtmod] SUBMIT tid=15281 cv=1550 waits=0 sigs=1 cmds=1
[rtmod] SUBMIT tid=15281 cv=1551 waits=0 sigs=1 cmds=1
[rtmod] SUBMIT tid=15281 cv=1552 waits=0 sigs=1 cmds=1
[rtmod] SUBMIT tid=15281 cv=1553 waits=0 sigs=1 cmds=1
[rtmod] SUBMIT tid=15281 cv=1554 waits=0 sigs=1 cmds=1
[rtmod] SUBMIT tid=15281 cv=1555 waits=0 sigs=1 cmds=1
[rtmod] SUBMIT tid=15281 cv=1556 waits=0 sigs=1 cmds=1
[rtmod] SUBMIT tid=15281 cv=1557 waits=0 sigs=1 cmds=1
[rtmod] SUBMIT tid=15281 cv=1558 waits=0 sigs=1 cmds=1
[rtmod] SUBMIT tid=15281 cv=1559 waits=0 sigs=1 cmds=1
[rtmod] SUBMIT tid=15281 cv=1560 waits=0 sigs=1 cmds=1
[rtmod] SUBMIT tid=15281 cv=1561 waits=0 sigs=1 cmds=1
[rtmod] SUBMIT tid=15281 cv=1562 waits=0 sigs=1 cmds=1
[rtmod] SUBMIT tid=15281 cv=1563 waits=0 sigs=1 cmds=1
[rtmod] SUBMIT tid=15281 cv=1564 waits=0 sigs=1 cmds=1
[rtmod] SUBMIT tid=15281 cv=1565 waits=0 sigs=1 cmds=1
[rtmod] SUBMIT tid=15281 cv=1566 waits=0 sigs=1 cmds=1
[rtmod] SUBMIT tid=15281 cv=1567 waits=0 sigs=1 cmds=1
[rtmod] SUBMIT tid=15281 cv=1568 waits=0 sigs=1 cmds=1
[rtmod] SUBMIT tid=15281 cv=1569 waits=0 sigs=1 cmds=1
[rtmod] SUBMIT tid=15281 cv=1570 waits=0 sigs=1 cmds=1
[rtmod] SUBMIT tid=15281 cv=1571 waits=0 sigs=1 cmds=1
[rtmod] SUBMIT tid=15281 cv=1572 waits=0 sigs=1 cmds=1
[rtmod] SUBMIT tid=15281 cv=1573 waits=0 sigs=1 cmds=1
[rtmod] SUBMIT tid=15281 cv=1574 waits=0 sigs=1 cmds=1
[rtmod] SUBMIT tid=15281 cv=1575 waits=0 sigs=1 cmds=1
[rtmod] SUBMIT tid=15281 cv=1576 waits=0 sigs=1 cmds=1
[rtmod] SUBMIT tid=15281 cv=1577 waits=0 sigs=1 cmds=1
[rtmod] SUBMIT tid=15281 cv=1578 waits=0 sigs=2 cmds=1
[rtmod] COMMIT-NOOP
[rtmod] SUBMIT tid=15281 cv=1579 waits=1 sigs=1 cmds=1
[rtmod] SUBMIT tid=15281 cv=1580 waits=0 sigs=1 cmds=1
[rtmod] SUBMIT tid=15281 cv=1581 waits=0 sigs=1 cmds=1
[rtmod] SUBMIT tid=15281 cv=1582 waits=0 sigs=1 cmds=1
[rtmod] SUBMIT tid=15281 cv=1583 waits=0 sigs=1 cmds=1
[rtmod] SUBMIT tid=15281 cv=1584 waits=0 sigs=1 cmds=1
[rtmod] SUBMIT tid=15281 cv=1585 waits=0 sigs=1 cmds=1
[rtmod] SUBMIT tid=15281 cv=1586 waits=0 sigs=1 cmds=1
[rtmod] SUBMIT tid=15281 cv=1587 waits=0 sigs=1 cmds=1
[rtmod] SUBMIT tid=15281 cv=1588 waits=0 sigs=1 cmds=1
[rtmod] SUBMIT tid=15281 cv=1589 waits=0 sigs=1 cmds=1
[rtmod] SUBMIT tid=15281 cv=1590 waits=0 sigs=1 cmds=1
[rtmod] SUBMIT tid=15281 cv=1591 waits=0 sigs=1 cmds=1
[rtmod] SUBMIT tid=15281 cv=1592 waits=0 sigs=1 cmds=1
[rtmod] SUBMIT tid=15281 cv=1593 waits=0 sigs=1 cmds=1
[rtmod] SUBMIT tid=15281 cv=1594 waits=0 sigs=1 cmds=1
[rtmod] SUBMIT tid=15281 cv=1595 waits=0 sigs=1 cmds=1
[rtmod] SUBMIT tid=15281 cv=1596 waits=0 sigs=1 cmds=1
[rtmod] SUBMIT tid=15281 cv=1597 waits=0 sigs=1 cmds=1
[rtmod] SUBMIT tid=15281 cv=1598 waits=0 sigs=1 cmds=1
[rtmod] SUBMIT tid=15281 cv=1599 waits=0 sigs=1 cmds=1
[rtmod] SUBMIT tid=15281 cv=1600 waits=0 sigs=1 cmds=1
[rtmod] SUBMIT tid=15281 cv=1601 waits=0 sigs=1 cmds=1
[rtmod] SUBMIT tid=15281 cv=1602 waits=0 sigs=1 cmds=1
[rtmod] SUBMIT tid=15281 cv=1603 waits=0 sigs=1 cmds=1
[rtmod] SUBMIT tid=15281 cv=1604 waits=0 sigs=1 cmds=1
[rtmod] SUBMIT tid=15281 cv=1605 waits=0 sigs=1 cmds=1
[rtmod] SUBMIT tid=15281 cv=1606 waits=0 sigs=1 cmds=1
[rtmod] SUBMIT tid=15281 cv=1607 waits=0 sigs=1 cmds=1
[rtmod] SUBMIT tid=15281 cv=1608 waits=0 sigs=1 cmds=1
[rtmod] SUBMIT tid=15281 cv=1609 waits=0 sigs=1 cmds=1
[rtmod] SUBMIT tid=15281 cv=1610 waits=0 sigs=1 cmds=1
[rtmod] SUBMIT tid=15281 cv=1611 waits=0 sigs=1 cmds=1
[rtmod] SUBMIT tid=15281 cv=1612 waits=0 sigs=1 cmds=1
[rtmod] SUBMIT tid=15281 cv=1613 waits=0 sigs=1 cmds=1
[rtmod] SUBMIT tid=15281 cv=1614 waits=0 sigs=1 cmds=1
[rtmod] SUBMIT tid=15281 cv=1615 waits=0 sigs=1 cmds=1
[rtmod] SUBMIT tid=15281 cv=1616 waits=0 sigs=1 cmds=1
[rtmod] SUBMIT tid=15281 cv=1617 waits=0 sigs=1 cmds=1
[rtmod] SUBMIT tid=15281 cv=1618 waits=0 sigs=1 cmds=1
[rtmod] SUBMIT tid=15281 cv=1619 waits=0 sigs=1 cmds=1
[rtmod] SUBMIT tid=15281 cv=1620 waits=0 sigs=1 cmds=1
[rtmod] SUBMIT tid=15281 cv=1621 waits=0 sigs=1 cmds=1
[rtmod] SUBMIT tid=15281 cv=1622 waits=0 sigs=1 cmds=1
[rtmod] SUBMIT tid=15281 cv=1623 waits=0 sigs=1 cmds=1
[rtmod] SUBMIT tid=15281 cv=1624 waits=0 sigs=1 cmds=1
[rtmod] SUBMIT tid=15281 cv=1625 waits=0 sigs=1 cmds=1
[rtmod] SUBMIT tid=15281 cv=1626 waits=0 sigs=1 cmds=1
[rtmod] SUBMIT tid=15281 cv=1627 waits=0 sigs=1 cmds=1
[rtmod] SUBMIT tid=15281 cv=1628 waits=0 sigs=1 cmds=1
[rtmod] SUBMIT tid=15281 cv=1629 waits=0 sigs=1 cmds=1
[rtmod] SUBMIT tid=15281 cv=1630 waits=0 sigs=1 cmds=1
[rtmod] SUBMIT tid=15281 cv=1631 waits=0 sigs=1 cmds=1
[rtmod] SUBMIT tid=15281 cv=1632 waits=0 sigs=1 cmds=1
[rtmod] SUBMIT tid=15281 cv=1633 waits=0 sigs=1 cmds=1
[rtmod] SUBMIT tid=15281 cv=1634 waits=0 sigs=1 cmds=1
[rtmod] SUBMIT tid=15281 cv=1635 waits=0 sigs=1 cmds=1
[rtmod] SUBMIT tid=15281 cv=1636 waits=0 sigs=1 cmds=1
[rtmod] SUBMIT tid=15281 cv=1637 waits=0 sigs=1 cmds=1
[rtmod] SUBMIT tid=15281 cv=1638 waits=0 sigs=1 cmds=1
[rtmod] SUBMIT tid=15281 cv=1639 waits=0 sigs=1 cmds=1
[rtmod] SUBMIT tid=15281 cv=1640 waits=0 sigs=1 cmds=1
[rtmod] SUBMIT tid=15281 cv=1641 waits=0 sigs=1 cmds=1
[rtmod] SUBMIT tid=15281 cv=1642 waits=0 sigs=1 cmds=1
[rtmod] SUBMIT tid=15281 cv=1643 waits=0 sigs=1 cmds=1
[rtmod] SUBMIT tid=15281 cv=1644 waits=0 sigs=1 cmds=1
[rtmod] SUBMIT tid=15281 cv=1645 waits=0 sigs=1 cmds=1
[rtmod] SUBMIT tid=15281 cv=1646 waits=0 sigs=1 cmds=1
[rtmod] SUBMIT tid=15281 cv=1647 waits=0 sigs=1 cmds=1
[rtmod] SUBMIT tid=15281 cv=1648 waits=0 sigs=1 cmds=1
[rtmod] SUBMIT tid=15281 cv=1649 waits=0 sigs=1 cmds=1
[rtmod] SUBMIT tid=15281 cv=1650 waits=0 sigs=1 cmds=1
[rtmod] SUBMIT tid=15281 cv=1651 waits=0 sigs=2 cmds=1
[rtmod] COMMIT-NOOP
[rtmod] SUBMIT tid=15281 cv=1652 waits=1 sigs=1 cmds=1
[rtmod] SUBMIT tid=15281 cv=1653 waits=0 sigs=1 cmds=1
[rtmod] SUBMIT tid=15281 cv=1654 waits=0 sigs=1 cmds=1
[rtmod] SUBMIT tid=15281 cv=1655 waits=0 sigs=1 cmds=1
[rtmod] SUBMIT tid=15281 cv=1656 waits=0 sigs=1 cmds=1
[rtmod] SUBMIT tid=15281 cv=1657 waits=0 sigs=1 cmds=1
[rtmod] SUBMIT tid=15281 cv=1658 waits=0 sigs=1 cmds=1
[rtmod] SUBMIT tid=15281 cv=1659 waits=0 sigs=1 cmds=1
[rtmod] SUBMIT tid=15281 cv=1660 waits=0 sigs=1 cmds=1
[rtmod] SUBMIT tid=15281 cv=1661 waits=0 sigs=1 cmds=1
[rtmod] SUBMIT tid=15281 cv=1662 waits=0 sigs=1 cmds=1
[rtmod] SUBMIT tid=15281 cv=1663 waits=0 sigs=1 cmds=1
[rtmod] SUBMIT tid=15281 cv=1664 waits=0 sigs=1 cmds=1
[rtmod] SUBMIT tid=15281 cv=1665 waits=0 sigs=1 cmds=1
[rtmod] SUBMIT tid=15281 cv=1666 waits=0 sigs=1 cmds=1
[rtmod] SUBMIT tid=15281 cv=1667 waits=0 sigs=1 cmds=1
[rtmod] SUBMIT tid=15281 cv=1668 waits=0 sigs=1 cmds=1
[rtmod] SUBMIT tid=15281 cv=1669 waits=0 sigs=1 cmds=1
[rtmod] SUBMIT tid=15281 cv=1670 waits=0 sigs=1 cmds=1
[rtmod] SUBMIT tid=15281 cv=1671 waits=0 sigs=1 cmds=1
[rtmod] SUBMIT tid=15281 cv=1672 waits=0 sigs=1 cmds=1
[rtmod] SUBMIT tid=15281 cv=1673 waits=0 sigs=1 cmds=1
[rtmod] SUBMIT tid=15281 cv=1674 waits=0 sigs=1 cmds=1
[rtmod] SUBMIT tid=15281 cv=1675 waits=0 sigs=1 cmds=1
[rtmod] SUBMIT tid=15281 cv=1676 waits=0 sigs=1 cmds=1
[rtmod] SUBMIT tid=15281 cv=1677 waits=0 sigs=1 cmds=1
[rtmod] SUBMIT tid=15281 cv=1678 waits=0 sigs=1 cmds=1
[rtmod] SUBMIT tid=15281 cv=1679 waits=0 sigs=1 cmds=1
[rtmod] SUBMIT tid=15281 cv=1680 waits=0 sigs=1 cmds=1
[rtmod] SUBMIT tid=15281 cv=1681 waits=0 sigs=1 cmds=1
[rtmod] SUBMIT tid=15281 cv=1682 waits=0 sigs=1 cmds=1
[rtmod] SUBMIT tid=15281 cv=1683 waits=0 sigs=1 cmds=1
[rtmod] SUBMIT tid=15281 cv=1684 waits=0 sigs=1 cmds=1
[rtmod] SUBMIT tid=15281 cv=1685 waits=0 sigs=1 cmds=1
[rtmod] SUBMIT tid=15281 cv=1686 waits=0 sigs=1 cmds=1
[rtmod] SUBMIT tid=15281 cv=1687 waits=0 sigs=1 cmds=1
[rtmod] SUBMIT tid=15281 cv=1688 waits=0 sigs=1 cmds=1
[rtmod] SUBMIT tid=15281 cv=1689 waits=0 sigs=1 cmds=1
[rtmod] SUBMIT tid=15281 cv=1690 waits=0 sigs=1 cmds=1
[rtmod] SUBMIT tid=15281 cv=1691 waits=0 sigs=1 cmds=1
[rtmod] SUBMIT tid=15281 cv=1692 waits=0 sigs=1 cmds=1
[rtmod] SUBMIT tid=15281 cv=1693 waits=0 sigs=1 cmds=1
[rtmod] SUBMIT tid=15281 cv=1694 waits=0 sigs=1 cmds=1
[rtmod] SUBMIT tid=15281 cv=1695 waits=0 sigs=1 cmds=1
[rtmod] SUBMIT tid=15281 cv=1696 waits=0 sigs=1 cmds=1
[rtmod] SUBMIT tid=15281 cv=1697 waits=0 sigs=1 cmds=1
[rtmod] SUBMIT tid=15281 cv=1698 waits=0 sigs=1 cmds=1
[rtmod] SUBMIT tid=15281 cv=1699 waits=0 sigs=1 cmds=1
[rtmod] SUBMIT tid=15281 cv=1700 waits=0 sigs=1 cmds=1
[rtmod] SUBMIT tid=15281 cv=1701 waits=0 sigs=1 cmds=1
[rtmod] SUBMIT tid=15281 cv=1702 waits=0 sigs=1 cmds=1
[rtmod] SUBMIT tid=15281 cv=1703 waits=0 sigs=1 cmds=1
[rtmod] SUBMIT tid=15281 cv=1704 waits=0 sigs=1 cmds=1
[rtmod] SUBMIT tid=15281 cv=1705 waits=0 sigs=1 cmds=1
[rtmod] SUBMIT tid=15281 cv=1706 waits=0 sigs=1 cmds=1
[rtmod] SUBMIT tid=15281 cv=1707 waits=0 sigs=1 cmds=1
[rtmod] SUBMIT tid=15281 cv=1708 waits=0 sigs=1 cmds=1
[rtmod] SUBMIT tid=15281 cv=1709 waits=0 sigs=1 cmds=1
[rtmod] SUBMIT tid=15281 cv=1710 waits=0 sigs=1 cmds=1
[rtmod] SUBMIT tid=15281 cv=1711 waits=0 sigs=1 cmds=1
[rtmod] SUBMIT tid=15281 cv=1712 waits=0 sigs=1 cmds=1
[rtmod] SUBMIT tid=15281 cv=1713 waits=0 sigs=1 cmds=1
[rtmod] SUBMIT tid=15281 cv=1714 waits=0 sigs=1 cmds=1
[rtmod] SUBMIT tid=15281 cv=1715 waits=0 sigs=1 cmds=1
[rtmod] SUBMIT tid=15281 cv=1716 waits=0 sigs=1 cmds=1
[rtmod] SUBMIT tid=15281 cv=1717 waits=0 sigs=1 cmds=1
[rtmod] SUBMIT tid=15281 cv=1718 waits=0 sigs=1 cmds=1
[rtmod] SUBMIT tid=15281 cv=1719 waits=0 sigs=1 cmds=1
[rtmod] SUBMIT tid=15281 cv=1720 waits=0 sigs=1 cmds=1
[rtmod] SUBMIT tid=15281 cv=1721 waits=0 sigs=1 cmds=1
[rtmod] SUBMIT tid=15281 cv=1722 waits=0 sigs=1 cmds=1
[rtmod] SUBMIT tid=15281 cv=1723 waits=0 sigs=1 cmds=1
[rtmod] SUBMIT tid=15281 cv=1724 waits=0 sigs=2 cmds=1
[rtmod] COMMIT-NOOP
[rtmod] SUBMIT tid=15281 cv=1725 waits=1 sigs=1 cmds=1
[rtmod] SUBMIT tid=15281 cv=1726 waits=0 sigs=1 cmds=1
[rtmod] SUBMIT tid=15281 cv=1727 waits=0 sigs=1 cmds=1
[rtmod] SUBMIT tid=15281 cv=1728 waits=0 sigs=1 cmds=1
[rtmod] SUBMIT tid=15281 cv=1729 waits=0 sigs=1 cmds=1
[rtmod] SUBMIT tid=15281 cv=1730 waits=0 sigs=1 cmds=1
[rtmod] SUBMIT tid=15281 cv=1731 waits=0 sigs=1 cmds=1
[rtmod] SUBMIT tid=15281 cv=1732 waits=0 sigs=1 cmds=1
[rtmod] SUBMIT tid=15281 cv=1733 waits=0 sigs=1 cmds=1
[rtmod] SUBMIT tid=15281 cv=1734 waits=0 sigs=1 cmds=1
[rtmod] SUBMIT tid=15281 cv=1735 waits=0 sigs=1 cmds=1
[rtmod] SUBMIT tid=15281 cv=1736 waits=0 sigs=1 cmds=1
[rtmod] SUBMIT tid=15281 cv=1737 waits=0 sigs=1 cmds=1
[rtmod] SUBMIT tid=15281 cv=1738 waits=0 sigs=1 cmds=1
[rtmod] SUBMIT tid=15281 cv=1739 waits=0 sigs=1 cmds=1
[rtmod] SUBMIT tid=15281 cv=1740 waits=0 sigs=1 cmds=1
[rtmod] SUBMIT tid=15281 cv=1741 waits=0 sigs=1 cmds=1
[rtmod] SUBMIT tid=15281 cv=1742 waits=0 sigs=1 cmds=1
[rtmod] SUBMIT tid=15281 cv=1743 waits=0 sigs=1 cmds=1
[rtmod] SUBMIT tid=15281 cv=1744 waits=0 sigs=1 cmds=1
[rtmod] SUBMIT tid=15281 cv=1745 waits=0 sigs=1 cmds=1
[rtmod] SUBMIT tid=15281 cv=1746 waits=0 sigs=1 cmds=1
[rtmod] SUBMIT tid=15281 cv=1747 waits=0 sigs=1 cmds=1
[rtmod] SUBMIT tid=15281 cv=1748 waits=0 sigs=1 cmds=1
[rtmod] SUBMIT tid=15281 cv=1749 waits=0 sigs=1 cmds=1
[rtmod] SUBMIT tid=15281 cv=1750 waits=0 sigs=1 cmds=1
[rtmod] SUBMIT tid=15281 cv=1751 waits=0 sigs=1 cmds=1
[rtmod] SUBMIT tid=15281 cv=1752 waits=0 sigs=1 cmds=1
[rtmod] SUBMIT tid=15281 cv=1753 waits=0 sigs=1 cmds=1
[rtmod] SUBMIT tid=15281 cv=1754 waits=0 sigs=1 cmds=1
[rtmod] SUBMIT tid=15281 cv=1755 waits=0 sigs=1 cmds=1
[rtmod] SUBMIT tid=15281 cv=1756 waits=0 sigs=1 cmds=1
[rtmod] SUBMIT tid=15281 cv=1757 waits=0 sigs=1 cmds=1
[rtmod] SUBMIT tid=15281 cv=1758 waits=0 sigs=1 cmds=1
[rtmod] SUBMIT tid=15281 cv=1759 waits=0 sigs=1 cmds=1
[rtmod] SUBMIT tid=15281 cv=1760 waits=0 sigs=1 cmds=1
[rtmod] SUBMIT tid=15281 cv=1761 waits=0 sigs=1 cmds=1
[rtmod] SUBMIT tid=15281 cv=1762 waits=0 sigs=1 cmds=1
[rtmod] SUBMIT tid=15281 cv=1763 waits=0 sigs=1 cmds=1
[rtmod] SUBMIT tid=15281 cv=1764 waits=0 sigs=1 cmds=1
[rtmod] SUBMIT tid=15281 cv=1765 waits=0 sigs=1 cmds=1
[rtmod] SUBMIT tid=15281 cv=1766 waits=0 sigs=1 cmds=1
[rtmod] SUBMIT tid=15281 cv=1767 waits=0 sigs=1 cmds=1
[rtmod] SUBMIT tid=15281 cv=1768 waits=0 sigs=1 cmds=1
[rtmod] SUBMIT tid=15281 cv=1769 waits=0 sigs=1 cmds=1
[rtmod] SUBMIT tid=15281 cv=1770 waits=0 sigs=1 cmds=1
[rtmod] SUBMIT tid=15281 cv=1771 waits=0 sigs=1 cmds=1
[rtmod] SUBMIT tid=15281 cv=1772 waits=0 sigs=1 cmds=1
[rtmod] SUBMIT tid=15281 cv=1773 waits=0 sigs=1 cmds=1
[rtmod] SUBMIT tid=15281 cv=1774 waits=0 sigs=1 cmds=1
[rtmod] SUBMIT tid=15281 cv=1775 waits=0 sigs=1 cmds=1
[rtmod] SUBMIT tid=15281 cv=1776 waits=0 sigs=1 cmds=1
[rtmod] SUBMIT tid=15281 cv=1777 waits=0 sigs=1 cmds=1
[rtmod] SUBMIT tid=15281 cv=1778 waits=0 sigs=1 cmds=1
[rtmod] SUBMIT tid=15281 cv=1779 waits=0 sigs=1 cmds=1
[rtmod] SUBMIT tid=15281 cv=1780 waits=0 sigs=1 cmds=1
[rtmod] SUBMIT tid=15281 cv=1781 waits=0 sigs=1 cmds=1
[rtmod] SUBMIT tid=15281 cv=1782 waits=0 sigs=1 cmds=1
[rtmod] SUBMIT tid=15281 cv=1783 waits=0 sigs=1 cmds=1
[rtmod] SUBMIT tid=15281 cv=1784 waits=0 sigs=1 cmds=1
[rtmod] SUBMIT tid=15281 cv=1785 waits=0 sigs=1 cmds=1
[rtmod] SUBMIT tid=15281 cv=1786 waits=0 sigs=1 cmds=1
[rtmod] SUBMIT tid=15281 cv=1787 waits=0 sigs=1 cmds=1
[rtmod] SUBMIT tid=15281 cv=1788 waits=0 sigs=1 cmds=1
[rtmod] SUBMIT tid=15281 cv=1789 waits=0 sigs=1 cmds=1
[rtmod] SUBMIT tid=15281 cv=1790 waits=0 sigs=1 cmds=1
[rtmod] SUBMIT tid=15281 cv=1791 waits=0 sigs=1 cmds=1
[rtmod] SUBMIT tid=15281 cv=1792 waits=0 sigs=1 cmds=1
[rtmod] SUBMIT tid=15281 cv=1793 waits=0 sigs=1 cmds=1
[rtmod] SUBMIT tid=15281 cv=1794 waits=0 sigs=1 cmds=1
[rtmod] SUBMIT tid=15281 cv=1795 waits=0 sigs=1 cmds=1
[rtmod] SUBMIT tid=15281 cv=1796 waits=0 sigs=1 cmds=1
[rtmod] SUBMIT tid=15281 cv=1797 waits=0 sigs=2 cmds=1
[rtmod] COMMIT-NOOP
[rtmod] SUBMIT tid=15281 cv=1798 waits=1 sigs=1 cmds=1
[rtmod] SUBMIT tid=15281 cv=1799 waits=0 sigs=1 cmds=1
[rtmod] SUBMIT tid=15281 cv=1800 waits=0 sigs=1 cmds=1
[rtmod] SUBMIT tid=15281 cv=1801 waits=0 sigs=1 cmds=1
[rtmod] SUBMIT tid=15281 cv=1802 waits=0 sigs=1 cmds=1
[rtmod] SUBMIT tid=15281 cv=1803 waits=0 sigs=1 cmds=1
[rtmod] SUBMIT tid=15281 cv=1804 waits=0 sigs=1 cmds=1
[rtmod] SUBMIT tid=15281 cv=1805 waits=0 sigs=1 cmds=1
[rtmod] SUBMIT tid=15281 cv=1806 waits=0 sigs=1 cmds=1
[rtmod] SUBMIT tid=15281 cv=1807 waits=0 sigs=1 cmds=1
[rtmod] SUBMIT tid=15281 cv=1808 waits=0 sigs=1 cmds=1
[rtmod] SUBMIT tid=15281 cv=1809 waits=0 sigs=1 cmds=1
[rtmod] SUBMIT tid=15281 cv=1810 waits=0 sigs=1 cmds=1
[rtmod] SUBMIT tid=15281 cv=1811 waits=0 sigs=1 cmds=1
[rtmod] SUBMIT tid=15281 cv=1812 waits=0 sigs=1 cmds=1
[rtmod] SUBMIT tid=15281 cv=1813 waits=0 sigs=1 cmds=1
[rtmod] SUBMIT tid=15281 cv=1814 waits=0 sigs=1 cmds=1
[rtmod] SUBMIT tid=15281 cv=1815 waits=0 sigs=1 cmds=1
[rtmod] SUBMIT tid=15281 cv=1816 waits=0 sigs=1 cmds=1
[rtmod] SUBMIT tid=15281 cv=1817 waits=0 sigs=1 cmds=1
[rtmod] SUBMIT tid=15281 cv=1818 waits=0 sigs=1 cmds=1
[rtmod] SUBMIT tid=15281 cv=1819 waits=0 sigs=1 cmds=1
[rtmod] SUBMIT tid=15281 cv=1820 waits=0 sigs=1 cmds=1
[rtmod] SUBMIT tid=15281 cv=1821 waits=0 sigs=1 cmds=1
[rtmod] SUBMIT tid=15281 cv=1822 waits=0 sigs=1 cmds=1
[rtmod] SUBMIT tid=15281 cv=1823 waits=0 sigs=1 cmds=1
[rtmod] SUBMIT tid=15281 cv=1824 waits=0 sigs=1 cmds=1
[rtmod] SUBMIT tid=15281 cv=1825 waits=0 sigs=1 cmds=1
[rtmod] SUBMIT tid=15281 cv=1826 waits=0 sigs=1 cmds=1
[rtmod] SUBMIT tid=15281 cv=1827 waits=0 sigs=1 cmds=1
[rtmod] SUBMIT tid=15281 cv=1828 waits=0 sigs=1 cmds=1
[rtmod] SUBMIT tid=15281 cv=1829 waits=0 sigs=1 cmds=1
[rtmod] SUBMIT tid=15281 cv=1830 waits=0 sigs=1 cmds=1
[rtmod] SUBMIT tid=15281 cv=1831 waits=0 sigs=1 cmds=1
[rtmod] SUBMIT tid=15281 cv=1832 waits=0 sigs=1 cmds=1
[rtmod] SUBMIT tid=15281 cv=1833 waits=0 sigs=1 cmds=1
[rtmod] SUBMIT tid=15281 cv=1834 waits=0 sigs=1 cmds=1
[rtmod] SUBMIT tid=15281 cv=1835 waits=0 sigs=1 cmds=1
[rtmod] SUBMIT tid=15281 cv=1836 waits=0 sigs=1 cmds=1
[rtmod] SUBMIT tid=15281 cv=1837 waits=0 sigs=1 cmds=1
[rtmod] SUBMIT tid=15281 cv=1838 waits=0 sigs=1 cmds=1
[rtmod] SUBMIT tid=15281 cv=1839 waits=0 sigs=1 cmds=1
[rtmod] SUBMIT tid=15281 cv=1840 waits=0 sigs=1 cmds=1
[rtmod] SUBMIT tid=15281 cv=1841 waits=0 sigs=1 cmds=1
[rtmod] SUBMIT tid=15281 cv=1842 waits=0 sigs=1 cmds=1
[rtmod] SUBMIT tid=15281 cv=1843 waits=0 sigs=1 cmds=1
[rtmod] SUBMIT tid=15281 cv=1844 waits=0 sigs=1 cmds=1
[rtmod] SUBMIT tid=15281 cv=1845 waits=0 sigs=1 cmds=1
[rtmod] SUBMIT tid=15281 cv=1846 waits=0 sigs=1 cmds=1
[rtmod] SUBMIT tid=15281 cv=1847 waits=0 sigs=1 cmds=1
[rtmod] SUBMIT tid=15281 cv=1848 waits=0 sigs=1 cmds=1
[rtmod] SUBMIT tid=15281 cv=1849 waits=0 sigs=1 cmds=1
[rtmod] SUBMIT tid=15281 cv=1850 waits=0 sigs=1 cmds=1
[rtmod] SUBMIT tid=15281 cv=1851 waits=0 sigs=1 cmds=1
[rtmod] SUBMIT tid=15281 cv=1852 waits=0 sigs=1 cmds=1
[rtmod] SUBMIT tid=15281 cv=1853 waits=0 sigs=1 cmds=1
[rtmod] SUBMIT tid=15281 cv=1854 waits=0 sigs=1 cmds=1
[rtmod] SUBMIT tid=15281 cv=1855 waits=0 sigs=1 cmds=1
[rtmod] SUBMIT tid=15281 cv=1856 waits=0 sigs=1 cmds=1
[rtmod] SUBMIT tid=15281 cv=1857 waits=0 sigs=1 cmds=1
[rtmod] SUBMIT tid=15281 cv=1858 waits=0 sigs=1 cmds=1
[rtmod] SUBMIT tid=15281 cv=1859 waits=0 sigs=1 cmds=1
[rtmod] SUBMIT tid=15281 cv=1860 waits=0 sigs=1 cmds=1
[rtmod] SUBMIT tid=15281 cv=1861 waits=0 sigs=1 cmds=1
[rtmod] SUBMIT tid=15281 cv=1862 waits=0 sigs=1 cmds=1
[rtmod] SUBMIT tid=15281 cv=1863 waits=0 sigs=1 cmds=1
[rtmod] SUBMIT tid=15281 cv=1864 waits=0 sigs=1 cmds=1
[rtmod] SUBMIT tid=15281 cv=1865 waits=0 sigs=1 cmds=1
[rtmod] SUBMIT tid=15281 cv=1866 waits=0 sigs=1 cmds=1
[rtmod] SUBMIT tid=15281 cv=1867 waits=0 sigs=1 cmds=1
[rtmod] SUBMIT tid=15281 cv=1868 waits=0 sigs=1 cmds=1
[rtmod] SUBMIT tid=15281 cv=1869 waits=0 sigs=1 cmds=1
[rtmod] SUBMIT tid=15281 cv=1870 waits=0 sigs=2 cmds=1
[rtmod] COMMIT-NOOP
[rtmod] SUBMIT tid=15281 cv=1871 waits=1 sigs=1 cmds=1
[rtmod] SUBMIT tid=15281 cv=1872 waits=0 sigs=1 cmds=1
[rtmod] SUBMIT tid=15281 cv=1873 waits=0 sigs=1 cmds=1
[rtmod] SUBMIT tid=15281 cv=1874 waits=0 sigs=1 cmds=1
[rtmod] SUBMIT tid=15281 cv=1875 waits=0 sigs=1 cmds=1
[rtmod] SUBMIT tid=15281 cv=1876 waits=0 sigs=1 cmds=1
[rtmod] SUBMIT tid=15281 cv=1877 waits=0 sigs=1 cmds=1
[rtmod] SUBMIT tid=15281 cv=1878 waits=0 sigs=1 cmds=1
[rtmod] SUBMIT tid=15281 cv=1879 waits=0 sigs=1 cmds=1
[rtmod] SUBMIT tid=15281 cv=1880 waits=0 sigs=1 cmds=1
[rtmod] SUBMIT tid=15281 cv=1881 waits=0 sigs=1 cmds=1
[rtmod] SUBMIT tid=15281 cv=1882 waits=0 sigs=1 cmds=1
[rtmod] SUBMIT tid=15281 cv=1883 waits=0 sigs=1 cmds=1
[rtmod] SUBMIT tid=15281 cv=1884 waits=0 sigs=1 cmds=1
[rtmod] SUBMIT tid=15281 cv=1885 waits=0 sigs=1 cmds=1
[rtmod] SUBMIT tid=15281 cv=1886 waits=0 sigs=1 cmds=1
[rtmod] SUBMIT tid=15281 cv=1887 waits=0 sigs=1 cmds=1
[rtmod] SUBMIT tid=15281 cv=1888 waits=0 sigs=1 cmds=1
[rtmod] SUBMIT tid=15281 cv=1889 waits=0 sigs=1 cmds=1
[rtmod] SUBMIT tid=15281 cv=1890 waits=0 sigs=1 cmds=1
[rtmod] SUBMIT tid=15281 cv=1891 waits=0 sigs=1 cmds=1
[rtmod] SUBMIT tid=15281 cv=1892 waits=0 sigs=1 cmds=1
[rtmod] SUBMIT tid=15281 cv=1893 waits=0 sigs=1 cmds=1
[rtmod] SUBMIT tid=15281 cv=1894 waits=0 sigs=1 cmds=1
[rtmod] SUBMIT tid=15281 cv=1895 waits=0 sigs=1 cmds=1
[rtmod] SUBMIT tid=15281 cv=1896 waits=0 sigs=1 cmds=1
[rtmod] SUBMIT tid=15281 cv=1897 waits=0 sigs=1 cmds=1
[rtmod] SUBMIT tid=15281 cv=1898 waits=0 sigs=1 cmds=1
[rtmod] SUBMIT tid=15281 cv=1899 waits=0 sigs=1 cmds=1
[rtmod] SUBMIT tid=15281 cv=1900 waits=0 sigs=1 cmds=1
[rtmod] SUBMIT tid=15281 cv=1901 waits=0 sigs=1 cmds=1
[rtmod] SUBMIT tid=15281 cv=1902 waits=0 sigs=1 cmds=1
[rtmod] SUBMIT tid=15281 cv=1903 waits=0 sigs=1 cmds=1
[rtmod] SUBMIT tid=15281 cv=1904 waits=0 sigs=1 cmds=1
[rtmod] SUBMIT tid=15281 cv=1905 waits=0 sigs=1 cmds=1
[rtmod] SUBMIT tid=15281 cv=1906 waits=0 sigs=1 cmds=1
[rtmod] SUBMIT tid=15281 cv=1907 waits=0 sigs=1 cmds=1
[rtmod] SUBMIT tid=15281 cv=1908 waits=0 sigs=1 cmds=1
[rtmod] SUBMIT tid=15281 cv=1909 waits=0 sigs=1 cmds=1
[rtmod] SUBMIT tid=15281 cv=1910 waits=0 sigs=1 cmds=1
[rtmod] SUBMIT tid=15281 cv=1911 waits=0 sigs=1 cmds=1
[rtmod] SUBMIT tid=15281 cv=1912 waits=0 sigs=1 cmds=1
[rtmod] SUBMIT tid=15281 cv=1913 waits=0 sigs=1 cmds=1
[rtmod] SUBMIT tid=15281 cv=1914 waits=0 sigs=1 cmds=1
[rtmod] SUBMIT tid=15281 cv=1915 waits=0 sigs=1 cmds=1
[rtmod] SUBMIT tid=15281 cv=1916 waits=0 sigs=1 cmds=1
[rtmod] SUBMIT tid=15281 cv=1917 waits=0 sigs=1 cmds=1
[rtmod] SUBMIT tid=15281 cv=1918 waits=0 sigs=1 cmds=1
[rtmod] SUBMIT tid=15281 cv=1919 waits=0 sigs=1 cmds=1
[rtmod] SUBMIT tid=15281 cv=1920 waits=0 sigs=1 cmds=1
[rtmod] SUBMIT tid=15281 cv=1921 waits=0 sigs=1 cmds=1
[rtmod] SUBMIT tid=15281 cv=1922 waits=0 sigs=1 cmds=1
[rtmod] SUBMIT tid=15281 cv=1923 waits=0 sigs=1 cmds=1
[rtmod] SUBMIT tid=15281 cv=1924 waits=0 sigs=1 cmds=1
[rtmod] SUBMIT tid=15281 cv=1925 waits=0 sigs=1 cmds=1
[rtmod] SUBMIT tid=15281 cv=1926 waits=0 sigs=1 cmds=1
[rtmod] SUBMIT tid=15281 cv=1927 waits=0 sigs=1 cmds=1
[rtmod] SUBMIT tid=15281 cv=1928 waits=0 sigs=1 cmds=1
[rtmod] SUBMIT tid=15281 cv=1929 waits=0 sigs=1 cmds=1
[rtmod] SUBMIT tid=15281 cv=1930 waits=0 sigs=1 cmds=1
[rtmod] SUBMIT tid=15281 cv=1931 waits=0 sigs=1 cmds=1
[rtmod] SUBMIT tid=15281 cv=1932 waits=0 sigs=1 cmds=1
[rtmod] SUBMIT tid=15281 cv=1933 waits=0 sigs=1 cmds=1
[rtmod] SUBMIT tid=15281 cv=1934 waits=0 sigs=1 cmds=1
[rtmod] SUBMIT tid=15281 cv=1935 waits=0 sigs=1 cmds=1
[rtmod] SUBMIT tid=15281 cv=1936 waits=0 sigs=1 cmds=1
[rtmod] SUBMIT tid=15281 cv=1937 waits=0 sigs=1 cmds=1
[rtmod] SUBMIT tid=15281 cv=1938 waits=0 sigs=1 cmds=1
[rtmod] SUBMIT tid=15281 cv=1939 waits=0 sigs=1 cmds=1
[rtmod] SUBMIT tid=15281 cv=1940 waits=0 sigs=1 cmds=1
[rtmod] SUBMIT tid=15281 cv=1941 waits=0 sigs=1 cmds=1
[rtmod] SUBMIT tid=15281 cv=1942 waits=0 sigs=1 cmds=1
[rtmod] SUBMIT tid=15281 cv=1943 waits=0 sigs=2 cmds=1
[rtmod] COMMIT-NOOP
[rtmod] SUBMIT tid=15281 cv=1944 waits=1 sigs=1 cmds=1
[rtmod] SUBMIT tid=15281 cv=1945 waits=0 sigs=1 cmds=1
[rtmod] SUBMIT tid=15281 cv=1946 waits=0 sigs=1 cmds=1
[rtmod] SUBMIT tid=15281 cv=1947 waits=0 sigs=1 cmds=1
[rtmod] SUBMIT tid=15281 cv=1948 waits=0 sigs=1 cmds=1
[rtmod] SUBMIT tid=15281 cv=1949 waits=0 sigs=1 cmds=1
[rtmod] SUBMIT tid=15281 cv=1950 waits=0 sigs=1 cmds=1
[rtmod] SUBMIT tid=15281 cv=1951 waits=0 sigs=1 cmds=1
[rtmod] SUBMIT tid=15281 cv=1952 waits=0 sigs=1 cmds=1
[rtmod] SUBMIT tid=15281 cv=1953 waits=0 sigs=1 cmds=1
[rtmod] SUBMIT tid=15281 cv=1954 waits=0 sigs=1 cmds=1
[rtmod] SUBMIT tid=15281 cv=1955 waits=0 sigs=1 cmds=1
[rtmod] SUBMIT tid=15281 cv=1956 waits=0 sigs=1 cmds=1
[rtmod] SUBMIT tid=15281 cv=1957 waits=0 sigs=1 cmds=1
[rtmod] SUBMIT tid=15281 cv=1958 waits=0 sigs=1 cmds=1
[rtmod] SUBMIT tid=15281 cv=1959 waits=0 sigs=1 cmds=1
[rtmod] SUBMIT tid=15281 cv=1960 waits=0 sigs=1 cmds=1
[rtmod] SUBMIT tid=15281 cv=1961 waits=0 sigs=1 cmds=1
[rtmod] SUBMIT tid=15281 cv=1962 waits=0 sigs=1 cmds=1
[rtmod] SUBMIT tid=15281 cv=1963 waits=0 sigs=1 cmds=1
[rtmod] SUBMIT tid=15281 cv=1964 waits=0 sigs=1 cmds=1
[rtmod] SUBMIT tid=15281 cv=1965 waits=0 sigs=1 cmds=1
[rtmod] SUBMIT tid=15281 cv=1966 waits=0 sigs=1 cmds=1
[rtmod] SUBMIT tid=15281 cv=1967 waits=0 sigs=1 cmds=1
[rtmod] SUBMIT tid=15281 cv=1968 waits=0 sigs=1 cmds=1
[rtmod] SUBMIT tid=15281 cv=1969 waits=0 sigs=1 cmds=1
[rtmod] SUBMIT tid=15281 cv=1970 waits=0 sigs=1 cmds=1
[rtmod] SUBMIT tid=15281 cv=1971 waits=0 sigs=1 cmds=1
[rtmod] SUBMIT tid=15281 cv=1972 waits=0 sigs=1 cmds=1
[rtmod] SUBMIT tid=15281 cv=1973 waits=0 sigs=1 cmds=1
[rtmod] SUBMIT tid=15281 cv=1974 waits=0 sigs=1 cmds=1
[rtmod] SUBMIT tid=15281 cv=1975 waits=0 sigs=1 cmds=1
[rtmod] SUBMIT tid=15281 cv=1976 waits=0 sigs=1 cmds=1
[rtmod] SUBMIT tid=15281 cv=1977 waits=0 sigs=1 cmds=1
[rtmod] SUBMIT tid=15281 cv=1978 waits=0 sigs=1 cmds=1
[rtmod] SUBMIT tid=15281 cv=1979 waits=0 sigs=1 cmds=1
[rtmod] SUBMIT tid=15281 cv=1980 waits=0 sigs=1 cmds=1
[rtmod] SUBMIT tid=15281 cv=1981 waits=0 sigs=1 cmds=1
[rtmod] SUBMIT tid=15281 cv=1982 waits=0 sigs=1 cmds=1
[rtmod] SUBMIT tid=15281 cv=1983 waits=0 sigs=1 cmds=1
[rtmod] SUBMIT tid=15281 cv=1984 waits=0 sigs=1 cmds=1
[rtmod] SUBMIT tid=15281 cv=1985 waits=0 sigs=1 cmds=1
[rtmod] SUBMIT tid=15281 cv=1986 waits=0 sigs=1 cmds=1
[rtmod] SUBMIT tid=15281 cv=1987 waits=0 sigs=1 cmds=1
[rtmod] SUBMIT tid=15281 cv=1988 waits=0 sigs=1 cmds=1
[rtmod] SUBMIT tid=15281 cv=1989 waits=0 sigs=1 cmds=1
[rtmod] SUBMIT tid=15281 cv=1990 waits=0 sigs=1 cmds=1
[rtmod] SUBMIT tid=15281 cv=1991 waits=0 sigs=1 cmds=1
[rtmod] SUBMIT tid=15281 cv=1992 waits=0 sigs=1 cmds=1
[rtmod] SUBMIT tid=15281 cv=1993 waits=0 sigs=1 cmds=1
[rtmod] SUBMIT tid=15281 cv=1994 waits=0 sigs=1 cmds=1
[rtmod] SUBMIT tid=15281 cv=1995 waits=0 sigs=1 cmds=1
[rtmod] SUBMIT tid=15281 cv=1996 waits=0 sigs=1 cmds=1
[rtmod] SUBMIT tid=15281 cv=1997 waits=0 sigs=1 cmds=1
[rtmod] SUBMIT tid=15281 cv=1998 waits=0 sigs=1 cmds=1
[rtmod] SUBMIT tid=15281 cv=1999 waits=0 sigs=1 cmds=1
[rtmod] SUBMIT tid=15281 cv=2000 waits=0 sigs=1 cmds=1
[rtmod] SUBMIT tid=15281 cv=2001 waits=0 sigs=1 cmds=1
[rtmod] SUBMIT tid=15281 cv=2002 waits=0 sigs=1 cmds=1
[rtmod] SUBMIT tid=15281 cv=2003 waits=0 sigs=1 cmds=1
[rtmod] SUBMIT tid=15281 cv=2004 waits=0 sigs=1 cmds=1
[rtmod] SUBMIT tid=15281 cv=2005 waits=0 sigs=1 cmds=1
[rtmod] SUBMIT tid=15281 cv=2006 waits=0 sigs=1 cmds=1
[rtmod] SUBMIT tid=15281 cv=2007 waits=0 sigs=1 cmds=1
[rtmod] SUBMIT tid=15281 cv=2008 waits=0 sigs=1 cmds=1
[rtmod] SUBMIT tid=15281 cv=2009 waits=0 sigs=1 cmds=1
[rtmod] SUBMIT tid=15281 cv=2010 waits=0 sigs=1 cmds=1
[rtmod] SUBMIT tid=15281 cv=2011 waits=0 sigs=1 cmds=1
[rtmod] SUBMIT tid=15281 cv=2012 waits=0 sigs=1 cmds=1
[rtmod] SUBMIT tid=15281 cv=2013 waits=0 sigs=1 cmds=1
[rtmod] SUBMIT tid=15281 cv=2014 waits=0 sigs=1 cmds=1
[rtmod] SUBMIT tid=15281 cv=2015 waits=0 sigs=1 cmds=1
[rtmod] SUBMIT tid=15281 cv=2016 waits=0 sigs=2 cmds=1
[rtmod] COMMIT-NOOP
[rtmod] SUBMIT tid=15281 cv=2017 waits=1 sigs=1 cmds=1
[rtmod] SUBMIT tid=15281 cv=2018 waits=0 sigs=1 cmds=1
[rtmod] SUBMIT tid=15281 cv=2019 waits=0 sigs=1 cmds=1
[rtmod] SUBMIT tid=15281 cv=2020 waits=0 sigs=1 cmds=1
[rtmod] SUBMIT tid=15281 cv=2021 waits=0 sigs=1 cmds=1
[rtmod] SUBMIT tid=15281 cv=2022 waits=0 sigs=1 cmds=1
[rtmod] SUBMIT tid=15281 cv=2023 waits=0 sigs=1 cmds=1
[rtmod] SUBMIT tid=15281 cv=2024 waits=0 sigs=1 cmds=1
[rtmod] SUBMIT tid=15281 cv=2025 waits=0 sigs=1 cmds=1
[rtmod] SUBMIT tid=15281 cv=2026 waits=0 sigs=1 cmds=1
[rtmod] SUBMIT tid=15281 cv=2027 waits=0 sigs=1 cmds=1
[rtmod] SUBMIT tid=15281 cv=2028 waits=0 sigs=1 cmds=1
[rtmod] SUBMIT tid=15281 cv=2029 waits=0 sigs=1 cmds=1
[rtmod] SUBMIT tid=15281 cv=2030 waits=0 sigs=1 cmds=1
[rtmod] SUBMIT tid=15281 cv=2031 waits=0 sigs=1 cmds=1
[rtmod] SUBMIT tid=15281 cv=2032 waits=0 sigs=1 cmds=1
[rtmod] SUBMIT tid=15281 cv=2033 waits=0 sigs=1 cmds=1
[rtmod] SUBMIT tid=15281 cv=2034 waits=0 sigs=1 cmds=1
[rtmod] SUBMIT tid=15281 cv=2035 waits=0 sigs=1 cmds=1
[rtmod] SUBMIT tid=15281 cv=2036 waits=0 sigs=1 cmds=1
[rtmod] SUBMIT tid=15281 cv=2037 waits=0 sigs=1 cmds=1
[rtmod] SUBMIT tid=15281 cv=2038 waits=0 sigs=1 cmds=1
[rtmod] SUBMIT tid=15281 cv=2039 waits=0 sigs=1 cmds=1
[rtmod] SUBMIT tid=15281 cv=2040 waits=0 sigs=1 cmds=1
[rtmod] SUBMIT tid=15281 cv=2041 waits=0 sigs=1 cmds=1
[rtmod] SUBMIT tid=15281 cv=2042 waits=0 sigs=1 cmds=1
[rtmod] SUBMIT tid=15281 cv=2043 waits=0 sigs=1 cmds=1
[rtmod] SUBMIT tid=15281 cv=2044 waits=0 sigs=1 cmds=1
[rtmod] SUBMIT tid=15281 cv=2045 waits=0 sigs=1 cmds=1
[rtmod] SUBMIT tid=15281 cv=2046 waits=0 sigs=1 cmds=1
[rtmod] SUBMIT tid=15281 cv=2047 waits=0 sigs=1 cmds=1
[rtmod] SUBMIT tid=15281 cv=2048 waits=0 sigs=1 cmds=1
[rtmod] SUBMIT tid=15281 cv=2049 waits=0 sigs=1 cmds=1
[rtmod] SUBMIT tid=15281 cv=2050 waits=0 sigs=1 cmds=1
[rtmod] SUBMIT tid=15281 cv=2051 waits=0 sigs=1 cmds=1
[rtmod] SUBMIT tid=15281 cv=2052 waits=0 sigs=1 cmds=1
[rtmod] SUBMIT tid=15281 cv=2053 waits=0 sigs=1 cmds=1
[rtmod] SUBMIT tid=15281 cv=2054 waits=0 sigs=1 cmds=1
[rtmod] SUBMIT tid=15281 cv=2055 waits=0 sigs=1 cmds=1
[rtmod] SUBMIT tid=15281 cv=2056 waits=0 sigs=1 cmds=1
[rtmod] SUBMIT tid=15281 cv=2057 waits=0 sigs=1 cmds=1
[rtmod] SUBMIT tid=15281 cv=2058 waits=0 sigs=1 cmds=1
[rtmod] SUBMIT tid=15281 cv=2059 waits=0 sigs=1 cmds=1
[rtmod] SUBMIT tid=15281 cv=2060 waits=0 sigs=1 cmds=1
[rtmod] SUBMIT tid=15281 cv=2061 waits=0 sigs=1 cmds=1
[rtmod] SUBMIT tid=15281 cv=2062 waits=0 sigs=1 cmds=1
[rtmod] SUBMIT tid=15281 cv=2063 waits=0 sigs=1 cmds=1
[rtmod] SUBMIT tid=15281 cv=2064 waits=0 sigs=1 cmds=1
[rtmod] SUBMIT tid=15281 cv=2065 waits=0 sigs=1 cmds=1
[rtmod] SUBMIT tid=15281 cv=2066 waits=0 sigs=1 cmds=1
[rtmod] SUBMIT tid=15281 cv=2067 waits=0 sigs=1 cmds=1
[rtmod] SUBMIT tid=15281 cv=2068 waits=0 sigs=1 cmds=1
[rtmod] SUBMIT tid=15281 cv=2069 waits=0 sigs=1 cmds=1
[rtmod] SUBMIT tid=15281 cv=2070 waits=0 sigs=1 cmds=1
[rtmod] SUBMIT tid=15281 cv=2071 waits=0 sigs=1 cmds=1
[rtmod] SUBMIT tid=15281 cv=2072 waits=0 sigs=1 cmds=1
[rtmod] SUBMIT tid=15281 cv=2073 waits=0 sigs=1 cmds=1
[rtmod] SUBMIT tid=15281 cv=2074 waits=0 sigs=1 cmds=1
[rtmod] SUBMIT tid=15281 cv=2075 waits=0 sigs=1 cmds=1
[rtmod] SUBMIT tid=15281 cv=2076 waits=0 sigs=1 cmds=1
[rtmod] SUBMIT tid=15281 cv=2077 waits=0 sigs=1 cmds=1
[rtmod] SUBMIT tid=15281 cv=2078 waits=0 sigs=1 cmds=1
[rtmod] SUBMIT tid=15281 cv=2079 waits=0 sigs=1 cmds=1
[rtmod] SUBMIT tid=15281 cv=2080 waits=0 sigs=1 cmds=1
[rtmod] SUBMIT tid=15281 cv=2081 waits=0 sigs=1 cmds=1
[rtmod] SUBMIT tid=15281 cv=2082 waits=0 sigs=1 cmds=1
[rtmod] SUBMIT tid=15281 cv=2083 waits=0 sigs=1 cmds=1
[rtmod] SUBMIT tid=15281 cv=2084 waits=0 sigs=1 cmds=1
[rtmod] SUBMIT tid=15281 cv=2085 waits=0 sigs=1 cmds=1
[rtmod] SUBMIT tid=15281 cv=2086 waits=0 sigs=1 cmds=1
[rtmod] SUBMIT tid=15281 cv=2087 waits=0 sigs=1 cmds=1
[rtmod] SUBMIT tid=15281 cv=2088 waits=0 sigs=1 cmds=1
[rtmod] SUBMIT tid=15281 cv=2089 waits=0 sigs=2 cmds=1
[rtmod] COMMIT-NOOP
[rtmod] SUBMIT tid=15281 cv=2090 waits=1 sigs=1 cmds=1
[rtmod] SUBMIT tid=15281 cv=2091 waits=0 sigs=1 cmds=1
[rtmod] SUBMIT tid=15281 cv=2092 waits=0 sigs=1 cmds=1
[rtmod] SUBMIT tid=15281 cv=2093 waits=0 sigs=1 cmds=1
[rtmod] SUBMIT tid=15281 cv=2094 waits=0 sigs=1 cmds=1
[rtmod] SUBMIT tid=15281 cv=2095 waits=0 sigs=1 cmds=1
[rtmod] SUBMIT tid=15281 cv=2096 waits=0 sigs=1 cmds=1
[rtmod] SUBMIT tid=15281 cv=2097 waits=0 sigs=1 cmds=1
[rtmod] SUBMIT tid=15281 cv=2098 waits=0 sigs=1 cmds=1
[rtmod] SUBMIT tid=15281 cv=2099 waits=0 sigs=1 cmds=1
[rtmod] SUBMIT tid=15281 cv=2100 waits=0 sigs=1 cmds=1
[rtmod] SUBMIT tid=15281 cv=2101 waits=0 sigs=1 cmds=1
[rtmod] SUBMIT tid=15281 cv=2102 waits=0 sigs=1 cmds=1
[rtmod] SUBMIT tid=15281 cv=2103 waits=0 sigs=1 cmds=1
[rtmod] SUBMIT tid=15281 cv=2104 waits=0 sigs=1 cmds=1
[rtmod] SUBMIT tid=15281 cv=2105 waits=0 sigs=1 cmds=1
[rtmod] SUBMIT tid=15281 cv=2106 waits=0 sigs=1 cmds=1
[rtmod] SUBMIT tid=15281 cv=2107 waits=0 sigs=1 cmds=1
[rtmod] SUBMIT tid=15281 cv=2108 waits=0 sigs=1 cmds=1
[rtmod] SUBMIT tid=15281 cv=2109 waits=0 sigs=1 cmds=1
[rtmod] SUBMIT tid=15281 cv=2110 waits=0 sigs=1 cmds=1
[rtmod] SUBMIT tid=15281 cv=2111 waits=0 sigs=1 cmds=1
[rtmod] SUBMIT tid=15281 cv=2112 waits=0 sigs=1 cmds=1
[rtmod] SUBMIT tid=15281 cv=2113 waits=0 sigs=1 cmds=1
[rtmod] SUBMIT tid=15281 cv=2114 waits=0 sigs=1 cmds=1
[rtmod] SUBMIT tid=15281 cv=2115 waits=0 sigs=1 cmds=1
[rtmod] SUBMIT tid=15281 cv=2116 waits=0 sigs=1 cmds=1
[rtmod] SUBMIT tid=15281 cv=2117 waits=0 sigs=1 cmds=1
[rtmod] SUBMIT tid=15281 cv=2118 waits=0 sigs=1 cmds=1
[rtmod] SUBMIT tid=15281 cv=2119 waits=0 sigs=1 cmds=1
[rtmod] SUBMIT tid=15281 cv=2120 waits=0 sigs=1 cmds=1
[rtmod] SUBMIT tid=15281 cv=2121 waits=0 sigs=1 cmds=1
[rtmod] SUBMIT tid=15281 cv=2122 waits=0 sigs=1 cmds=1
[rtmod] SUBMIT tid=15281 cv=2123 waits=0 sigs=1 cmds=1
[rtmod] SUBMIT tid=15281 cv=2124 waits=0 sigs=1 cmds=1
[rtmod] SUBMIT tid=15281 cv=2125 waits=0 sigs=1 cmds=1
[rtmod] SUBMIT tid=15281 cv=2126 waits=0 sigs=1 cmds=1
[rtmod] SUBMIT tid=15281 cv=2127 waits=0 sigs=1 cmds=1
[rtmod] SUBMIT tid=15281 cv=2128 waits=0 sigs=1 cmds=1
[rtmod] SUBMIT tid=15281 cv=2129 waits=0 sigs=1 cmds=1
[rtmod] SUBMIT tid=15281 cv=2130 waits=0 sigs=1 cmds=1
[rtmod] SUBMIT tid=15281 cv=2131 waits=0 sigs=1 cmds=1
[rtmod] SUBMIT tid=15281 cv=2132 waits=0 sigs=1 cmds=1
[rtmod] SUBMIT tid=15281 cv=2133 waits=0 sigs=1 cmds=1
[rtmod] SUBMIT tid=15281 cv=2134 waits=0 sigs=1 cmds=1
[rtmod] SUBMIT tid=15281 cv=2135 waits=0 sigs=1 cmds=1
[rtmod] SUBMIT tid=15281 cv=2136 waits=0 sigs=1 cmds=1
[rtmod] SUBMIT tid=15281 cv=2137 waits=0 sigs=1 cmds=1
[rtmod] SUBMIT tid=15281 cv=2138 waits=0 sigs=1 cmds=1
[rtmod] SUBMIT tid=15281 cv=2139 waits=0 sigs=1 cmds=1
[rtmod] SUBMIT tid=15281 cv=2140 waits=0 sigs=1 cmds=1
[rtmod] SUBMIT tid=15281 cv=2141 waits=0 sigs=1 cmds=1
[rtmod] SUBMIT tid=15281 cv=2142 waits=0 sigs=1 cmds=1
[rtmod] SUBMIT tid=15281 cv=2143 waits=0 sigs=1 cmds=1
[rtmod] SUBMIT tid=15281 cv=2144 waits=0 sigs=1 cmds=1
[rtmod] SUBMIT tid=15281 cv=2145 waits=0 sigs=1 cmds=1
[rtmod] SUBMIT tid=15281 cv=2146 waits=0 sigs=1 cmds=1
[rtmod] SUBMIT tid=15281 cv=2147 waits=0 sigs=1 cmds=1
[rtmod] SUBMIT tid=15281 cv=2148 waits=0 sigs=1 cmds=1
[rtmod] SUBMIT tid=15281 cv=2149 waits=0 sigs=1 cmds=1
[rtmod] SUBMIT tid=15281 cv=2150 waits=0 sigs=1 cmds=1
[rtmod] SUBMIT tid=15281 cv=2151 waits=0 sigs=1 cmds=1
[rtmod] SUBMIT tid=15281 cv=2152 waits=0 sigs=1 cmds=1
[rtmod] SUBMIT tid=15281 cv=2153 waits=0 sigs=1 cmds=1
[rtmod] SUBMIT tid=15281 cv=2154 waits=0 sigs=1 cmds=1
[rtmod] SUBMIT tid=15281 cv=2155 waits=0 sigs=1 cmds=1
[rtmod] SUBMIT tid=15281 cv=2156 waits=0 sigs=1 cmds=1
[rtmod] SUBMIT tid=15281 cv=2157 waits=0 sigs=1 cmds=1
[rtmod] SUBMIT tid=15281 cv=2158 waits=0 sigs=1 cmds=1
[rtmod] SUBMIT tid=15281 cv=2159 waits=0 sigs=1 cmds=1
[rtmod] SUBMIT tid=15281 cv=2160 waits=0 sigs=1 cmds=1
[rtmod] SUBMIT tid=15281 cv=2161 waits=0 sigs=1 cmds=1
[rtmod] SUBMIT tid=15281 cv=2162 waits=0 sigs=2 cmds=1
[rtmod] COMMIT-NOOP
[rtmod] SUBMIT tid=15281 cv=2163 waits=1 sigs=1 cmds=1
[rtmod] SUBMIT tid=15281 cv=2164 waits=0 sigs=1 cmds=1
[rtmod] SUBMIT tid=15281 cv=2165 waits=0 sigs=1 cmds=1
[rtmod] SUBMIT tid=15281 cv=2166 waits=0 sigs=1 cmds=1
[rtmod] SUBMIT tid=15281 cv=2167 waits=0 sigs=1 cmds=1
[rtmod] SUBMIT tid=15281 cv=2168 waits=0 sigs=1 cmds=1
[rtmod] SUBMIT tid=15281 cv=2169 waits=0 sigs=1 cmds=1
[rtmod] SUBMIT tid=15281 cv=2170 waits=0 sigs=1 cmds=1
[rtmod] SUBMIT tid=15281 cv=2171 waits=0 sigs=1 cmds=1
[rtmod] SUBMIT tid=15281 cv=2172 waits=0 sigs=1 cmds=1
[rtmod] SUBMIT tid=15281 cv=2173 waits=0 sigs=1 cmds=1
[rtmod] SUBMIT tid=15281 cv=2174 waits=0 sigs=1 cmds=1
[rtmod] SUBMIT tid=15281 cv=2175 waits=0 sigs=1 cmds=1
[rtmod] SUBMIT tid=15281 cv=2176 waits=0 sigs=1 cmds=1
[rtmod] SUBMIT tid=15281 cv=2177 waits=0 sigs=1 cmds=1
[rtmod] SUBMIT tid=15281 cv=2178 waits=0 sigs=1 cmds=1
[rtmod] SUBMIT tid=15281 cv=2179 waits=0 sigs=1 cmds=1
[rtmod] SUBMIT tid=15281 cv=2180 waits=0 sigs=1 cmds=1
[rtmod] SUBMIT tid=15281 cv=2181 waits=0 sigs=1 cmds=1
[rtmod] SUBMIT tid=15281 cv=2182 waits=0 sigs=1 cmds=1
[rtmod] SUBMIT tid=15281 cv=2183 waits=0 sigs=1 cmds=1
[rtmod] SUBMIT tid=15281 cv=2184 waits=0 sigs=1 cmds=1
[rtmod] SUBMIT tid=15281 cv=2185 waits=0 sigs=1 cmds=1
[rtmod] SUBMIT tid=15281 cv=2186 waits=0 sigs=1 cmds=1
[rtmod] SUBMIT tid=15281 cv=2187 waits=0 sigs=1 cmds=1
[rtmod] SUBMIT tid=15281 cv=2188 waits=0 sigs=1 cmds=1
[rtmod] SUBMIT tid=15281 cv=2189 waits=0 sigs=1 cmds=1
[rtmod] SUBMIT tid=15281 cv=2190 waits=0 sigs=1 cmds=1
[rtmod] SUBMIT tid=15281 cv=2191 waits=0 sigs=1 cmds=1
[rtmod] SUBMIT tid=15281 cv=2192 waits=0 sigs=1 cmds=1
[rtmod] SUBMIT tid=15281 cv=2193 waits=0 sigs=1 cmds=1
[rtmod] SUBMIT tid=15281 cv=2194 waits=0 sigs=1 cmds=1
[rtmod] SUBMIT tid=15281 cv=2195 waits=0 sigs=1 cmds=1
[rtmod] SUBMIT tid=15281 cv=2196 waits=0 sigs=1 cmds=1
[rtmod] SUBMIT tid=15281 cv=2197 waits=0 sigs=1 cmds=1
[rtmod] SUBMIT tid=15281 cv=2198 waits=0 sigs=1 cmds=1
[rtmod] SUBMIT tid=15281 cv=2199 waits=0 sigs=1 cmds=1
[rtmod] SUBMIT tid=15281 cv=2200 waits=0 sigs=1 cmds=1
[rtmod] SUBMIT tid=15281 cv=2201 waits=0 sigs=1 cmds=1
[rtmod] SUBMIT tid=15281 cv=2202 waits=0 sigs=1 cmds=1
[rtmod] SUBMIT tid=15281 cv=2203 waits=0 sigs=1 cmds=1
[rtmod] SUBMIT tid=15281 cv=2204 waits=0 sigs=1 cmds=1
[rtmod] SUBMIT tid=15281 cv=2205 waits=0 sigs=1 cmds=1
[rtmod] SUBMIT tid=15281 cv=2206 waits=0 sigs=1 cmds=1
[rtmod] SUBMIT tid=15281 cv=2207 waits=0 sigs=1 cmds=1
[rtmod] SUBMIT tid=15281 cv=2208 waits=0 sigs=1 cmds=1
[rtmod] SUBMIT tid=15281 cv=2209 waits=0 sigs=1 cmds=1
[rtmod] SUBMIT tid=15281 cv=2210 waits=0 sigs=1 cmds=1
[rtmod] SUBMIT tid=15281 cv=2211 waits=0 sigs=1 cmds=1
[rtmod] SUBMIT tid=15281 cv=2212 waits=0 sigs=1 cmds=1
[rtmod] SUBMIT tid=15281 cv=2213 waits=0 sigs=1 cmds=1
[rtmod] SUBMIT tid=15281 cv=2214 waits=0 sigs=1 cmds=1
[rtmod] SUBMIT tid=15281 cv=2215 waits=0 sigs=1 cmds=1
[rtmod] SUBMIT tid=15281 cv=2216 waits=0 sigs=1 cmds=1
[rtmod] SUBMIT tid=15281 cv=2217 waits=0 sigs=1 cmds=1
[rtmod] SUBMIT tid=15281 cv=2218 waits=0 sigs=1 cmds=1
[rtmod] SUBMIT tid=15281 cv=2219 waits=0 sigs=1 cmds=1
[rtmod] SUBMIT tid=15281 cv=2220 waits=0 sigs=1 cmds=1
[rtmod] SUBMIT tid=15281 cv=2221 waits=0 sigs=1 cmds=1
[rtmod] SUBMIT tid=15281 cv=2222 waits=0 sigs=1 cmds=1
[rtmod] SUBMIT tid=15281 cv=2223 waits=0 sigs=1 cmds=1
[rtmod] SUBMIT tid=15281 cv=2224 waits=0 sigs=1 cmds=1
[rtmod] SUBMIT tid=15281 cv=2225 waits=0 sigs=1 cmds=1
[rtmod] SUBMIT tid=15281 cv=2226 waits=0 sigs=1 cmds=1
[rtmod] SUBMIT tid=15281 cv=2227 waits=0 sigs=1 cmds=1
[rtmod] SUBMIT tid=15281 cv=2228 waits=0 sigs=1 cmds=1
[rtmod] SUBMIT tid=15281 cv=2229 waits=0 sigs=1 cmds=1
[rtmod] SUBMIT tid=15281 cv=2230 waits=0 sigs=1 cmds=1
[rtmod] SUBMIT tid=15281 cv=2231 waits=0 sigs=1 cmds=1
[rtmod] SUBMIT tid=15281 cv=2232 waits=0 sigs=1 cmds=1
[rtmod] SUBMIT tid=15281 cv=2233 waits=0 sigs=1 cmds=1
[rtmod] SUBMIT tid=15281 cv=2234 waits=0 sigs=1 cmds=1
[rtmod] SUBMIT tid=15281 cv=2235 waits=0 sigs=2 cmds=1
[rtmod] COMMIT-NOOP
[rtmod] SUBMIT tid=15281 cv=2236 waits=1 sigs=1 cmds=1
[rtmod] SUBMIT tid=15281 cv=2237 waits=0 sigs=1 cmds=1
[rtmod] SUBMIT tid=15281 cv=2238 waits=0 sigs=1 cmds=1
[rtmod] SUBMIT tid=15281 cv=2239 waits=0 sigs=1 cmds=1
[rtmod] SUBMIT tid=15281 cv=2240 waits=0 sigs=1 cmds=1
[rtmod] SUBMIT tid=15281 cv=2241 waits=0 sigs=1 cmds=1
[rtmod] SUBMIT tid=15281 cv=2242 waits=0 sigs=1 cmds=1
[rtmod] SUBMIT tid=15281 cv=2243 waits=0 sigs=1 cmds=1
[rtmod] SUBMIT tid=15281 cv=2244 waits=0 sigs=1 cmds=1
[rtmod] SUBMIT tid=15281 cv=2245 waits=0 sigs=1 cmds=1
[rtmod] SUBMIT tid=15281 cv=2246 waits=0 sigs=1 cmds=1
[rtmod] SUBMIT tid=15281 cv=2247 waits=0 sigs=1 cmds=1
[rtmod] SUBMIT tid=15281 cv=2248 waits=0 sigs=1 cmds=1
[rtmod] SUBMIT tid=15281 cv=2249 waits=0 sigs=1 cmds=1
[rtmod] SUBMIT tid=15281 cv=2250 waits=0 sigs=1 cmds=1
[rtmod] SUBMIT tid=15281 cv=2251 waits=0 sigs=1 cmds=1
[rtmod] SUBMIT tid=15281 cv=2252 waits=0 sigs=1 cmds=1
[rtmod] SUBMIT tid=15281 cv=2253 waits=0 sigs=1 cmds=1
[rtmod] SUBMIT tid=15281 cv=2254 waits=0 sigs=1 cmds=1
[rtmod] SUBMIT tid=15281 cv=2255 waits=0 sigs=1 cmds=1
[rtmod] SUBMIT tid=15281 cv=2256 waits=0 sigs=1 cmds=1
[rtmod] SUBMIT tid=15281 cv=2257 waits=0 sigs=1 cmds=1
[rtmod] SUBMIT tid=15281 cv=2258 waits=0 sigs=1 cmds=1
[rtmod] SUBMIT tid=15281 cv=2259 waits=0 sigs=1 cmds=1
[rtmod] SUBMIT tid=15281 cv=2260 waits=0 sigs=1 cmds=1
[rtmod] SUBMIT tid=15281 cv=2261 waits=0 sigs=1 cmds=1
[rtmod] SUBMIT tid=15281 cv=2262 waits=0 sigs=1 cmds=1
[rtmod] SUBMIT tid=15281 cv=2263 waits=0 sigs=1 cmds=1
[rtmod] SUBMIT tid=15281 cv=2264 waits=0 sigs=1 cmds=1
[rtmod] SUBMIT tid=15281 cv=2265 waits=0 sigs=1 cmds=1
[rtmod] SUBMIT tid=15281 cv=2266 waits=0 sigs=1 cmds=1
[rtmod] SUBMIT tid=15281 cv=2267 waits=0 sigs=1 cmds=1
[rtmod] SUBMIT tid=15281 cv=2268 waits=0 sigs=1 cmds=1
[rtmod] SUBMIT tid=15281 cv=2269 waits=0 sigs=1 cmds=1
[rtmod] SUBMIT tid=15281 cv=2270 waits=0 sigs=1 cmds=1
[rtmod] SUBMIT tid=15281 cv=2271 waits=0 sigs=1 cmds=1
[rtmod] SUBMIT tid=15281 cv=2272 waits=0 sigs=1 cmds=1
[rtmod] SUBMIT tid=15281 cv=2273 waits=0 sigs=1 cmds=1
[rtmod] SUBMIT tid=15281 cv=2274 waits=0 sigs=1 cmds=1
[rtmod] SUBMIT tid=15281 cv=2275 waits=0 sigs=1 cmds=1
[rtmod] SUBMIT tid=15281 cv=2276 waits=0 sigs=1 cmds=1
[rtmod] SUBMIT tid=15281 cv=2277 waits=0 sigs=1 cmds=1
[rtmod] SUBMIT tid=15281 cv=2278 waits=0 sigs=1 cmds=1
[rtmod] SUBMIT tid=15281 cv=2279 waits=0 sigs=1 cmds=1
[rtmod] SUBMIT tid=15281 cv=2280 waits=0 sigs=1 cmds=1
[rtmod] SUBMIT tid=15281 cv=2281 waits=0 sigs=1 cmds=1
[rtmod] SUBMIT tid=15281 cv=2282 waits=0 sigs=1 cmds=1
[rtmod] SUBMIT tid=15281 cv=2283 waits=0 sigs=1 cmds=1
[rtmod] SUBMIT tid=15281 cv=2284 waits=0 sigs=1 cmds=1
[rtmod] SUBMIT tid=15281 cv=2285 waits=0 sigs=1 cmds=1
[rtmod] SUBMIT tid=15281 cv=2286 waits=0 sigs=1 cmds=1
[rtmod] SUBMIT tid=15281 cv=2287 waits=0 sigs=1 cmds=1
[rtmod] SUBMIT tid=15281 cv=2288 waits=0 sigs=1 cmds=1
[rtmod] SUBMIT tid=15281 cv=2289 waits=0 sigs=1 cmds=1
[rtmod] SUBMIT tid=15281 cv=2290 waits=0 sigs=1 cmds=1
[rtmod] SUBMIT tid=15281 cv=2291 waits=0 sigs=1 cmds=1
[rtmod] SUBMIT tid=15281 cv=2292 waits=0 sigs=1 cmds=1
[rtmod] SUBMIT tid=15281 cv=2293 waits=0 sigs=1 cmds=1
[rtmod] SUBMIT tid=15281 cv=2294 waits=0 sigs=1 cmds=1
[rtmod] SUBMIT tid=15281 cv=2295 waits=0 sigs=1 cmds=1
[rtmod] SUBMIT tid=15281 cv=2296 waits=0 sigs=1 cmds=1
[rtmod] SUBMIT tid=15281 cv=2297 waits=0 sigs=1 cmds=1
[rtmod] SUBMIT tid=15281 cv=2298 waits=0 sigs=1 cmds=1
[rtmod] SUBMIT tid=15281 cv=2299 waits=0 sigs=1 cmds=1
[rtmod] SUBMIT tid=15281 cv=2300 waits=0 sigs=1 cmds=1
[rtmod] SUBMIT tid=15281 cv=2301 waits=0 sigs=1 cmds=1
[rtmod] SUBMIT tid=15281 cv=2302 waits=0 sigs=1 cmds=1
[rtmod] SUBMIT tid=15281 cv=2303 waits=0 sigs=1 cmds=1
[rtmod] SUBMIT tid=15281 cv=2304 waits=0 sigs=1 cmds=1
[rtmod] SUBMIT tid=15281 cv=2305 waits=0 sigs=1 cmds=1
[rtmod] SUBMIT tid=15281 cv=2306 waits=0 sigs=1 cmds=1
[rtmod] SUBMIT tid=15281 cv=2307 waits=0 sigs=1 cmds=1
[rtmod] SUBMIT tid=15281 cv=2308 waits=0 sigs=2 cmds=1
[rtmod] COMMIT-NOOP
[rtmod] SUBMIT tid=15281 cv=2309 waits=1 sigs=1 cmds=1
[rtmod] SUBMIT tid=15281 cv=2310 waits=0 sigs=1 cmds=1
[rtmod] SUBMIT tid=15281 cv=2311 waits=0 sigs=1 cmds=1
[rtmod] SUBMIT tid=15281 cv=2312 waits=0 sigs=1 cmds=1
[rtmod] SUBMIT tid=15281 cv=2313 waits=0 sigs=1 cmds=1
[rtmod] SUBMIT tid=15281 cv=2314 waits=0 sigs=1 cmds=1
[rtmod] SUBMIT tid=15281 cv=2315 waits=0 sigs=1 cmds=1
[rtmod] SUBMIT tid=15281 cv=2316 waits=0 sigs=1 cmds=1
[rtmod] SUBMIT tid=15281 cv=2317 waits=0 sigs=1 cmds=1
[rtmod] SUBMIT tid=15281 cv=2318 waits=0 sigs=1 cmds=1
[rtmod] SUBMIT tid=15281 cv=2319 waits=0 sigs=1 cmds=1
[rtmod] SUBMIT tid=15281 cv=2320 waits=0 sigs=1 cmds=1
[rtmod] SUBMIT tid=15281 cv=2321 waits=0 sigs=1 cmds=1
[rtmod] SUBMIT tid=15281 cv=2322 waits=0 sigs=1 cmds=1
[rtmod] SUBMIT tid=15281 cv=2323 waits=0 sigs=1 cmds=1
[rtmod] SUBMIT tid=15281 cv=2324 waits=0 sigs=1 cmds=1
[rtmod] SUBMIT tid=15281 cv=2325 waits=0 sigs=1 cmds=1
[rtmod] SUBMIT tid=15281 cv=2326 waits=0 sigs=1 cmds=1
[rtmod] SUBMIT tid=15281 cv=2327 waits=0 sigs=1 cmds=1
[rtmod] SUBMIT tid=15281 cv=2328 waits=0 sigs=1 cmds=1
[rtmod] SUBMIT tid=15281 cv=2329 waits=0 sigs=1 cmds=1
[rtmod] SUBMIT tid=15281 cv=2330 waits=0 sigs=1 cmds=1
[rtmod] SUBMIT tid=15281 cv=2331 waits=0 sigs=1 cmds=1
[rtmod] SUBMIT tid=15281 cv=2332 waits=0 sigs=1 cmds=1
[rtmod] SUBMIT tid=15281 cv=2333 waits=0 sigs=1 cmds=1
[rtmod] SUBMIT tid=15281 cv=2334 waits=0 sigs=1 cmds=1
[rtmod] SUBMIT tid=15281 cv=2335 waits=0 sigs=1 cmds=1
[rtmod] SUBMIT tid=15281 cv=2336 waits=0 sigs=1 cmds=1
[rtmod] SUBMIT tid=15281 cv=2337 waits=0 sigs=1 cmds=1
[rtmod] SUBMIT tid=15281 cv=2338 waits=0 sigs=1 cmds=1
[rtmod] SUBMIT tid=15281 cv=2339 waits=0 sigs=1 cmds=1
[rtmod] SUBMIT tid=15281 cv=2340 waits=0 sigs=1 cmds=1
[rtmod] SUBMIT tid=15281 cv=2341 waits=0 sigs=1 cmds=1
[rtmod] SUBMIT tid=15281 cv=2342 waits=0 sigs=1 cmds=1
[rtmod] SUBMIT tid=15281 cv=2343 waits=0 sigs=1 cmds=1
[rtmod] SUBMIT tid=15281 cv=2344 waits=0 sigs=1 cmds=1
[rtmod] SUBMIT tid=15281 cv=2345 waits=0 sigs=1 cmds=1
[rtmod] SUBMIT tid=15281 cv=2346 waits=0 sigs=1 cmds=1
[rtmod] SUBMIT tid=15281 cv=2347 waits=0 sigs=1 cmds=1
[rtmod] SUBMIT tid=15281 cv=2348 waits=0 sigs=1 cmds=1
[rtmod] SUBMIT tid=15281 cv=2349 waits=0 sigs=1 cmds=1
[rtmod] SUBMIT tid=15281 cv=2350 waits=0 sigs=1 cmds=1
[rtmod] SUBMIT tid=15281 cv=2351 waits=0 sigs=1 cmds=1
[rtmod] SUBMIT tid=15281 cv=2352 waits=0 sigs=1 cmds=1
[rtmod] SUBMIT tid=15281 cv=2353 waits=0 sigs=1 cmds=1
[rtmod] SUBMIT tid=15281 cv=2354 waits=0 sigs=1 cmds=1
[rtmod] SUBMIT tid=15281 cv=2355 waits=0 sigs=1 cmds=1
[rtmod] SUBMIT tid=15281 cv=2356 waits=0 sigs=1 cmds=1
[rtmod] SUBMIT tid=15281 cv=2357 waits=0 sigs=1 cmds=1
[rtmod] SUBMIT tid=15281 cv=2358 waits=0 sigs=1 cmds=1
[rtmod] SUBMIT tid=15281 cv=2359 waits=0 sigs=1 cmds=1
[rtmod] SUBMIT tid=15281 cv=2360 waits=0 sigs=1 cmds=1
[rtmod] SUBMIT tid=15281 cv=2361 waits=0 sigs=1 cmds=1
[rtmod] SUBMIT tid=15281 cv=2362 waits=0 sigs=1 cmds=1
[rtmod] SUBMIT tid=15281 cv=2363 waits=0 sigs=1 cmds=1
[rtmod] SUBMIT tid=15281 cv=2364 waits=0 sigs=1 cmds=1
[rtmod] SUBMIT tid=15281 cv=2365 waits=0 sigs=1 cmds=1
[rtmod] SUBMIT tid=15281 cv=2366 waits=0 sigs=1 cmds=1
[rtmod] SUBMIT tid=15281 cv=2367 waits=0 sigs=1 cmds=1
[rtmod] SUBMIT tid=15281 cv=2368 waits=0 sigs=1 cmds=1
[rtmod] SUBMIT tid=15281 cv=2369 waits=0 sigs=1 cmds=1
[rtmod] SUBMIT tid=15281 cv=2370 waits=0 sigs=1 cmds=1
[rtmod] SUBMIT tid=15281 cv=2371 waits=0 sigs=1 cmds=1
[rtmod] SUBMIT tid=15281 cv=2372 waits=0 sigs=1 cmds=1
[rtmod] SUBMIT tid=15281 cv=2373 waits=0 sigs=1 cmds=1
[rtmod] SUBMIT tid=15281 cv=2374 waits=0 sigs=1 cmds=1
[rtmod] SUBMIT tid=15281 cv=2375 waits=0 sigs=1 cmds=1
[rtmod] SUBMIT tid=15281 cv=2376 waits=0 sigs=1 cmds=1
[rtmod] SUBMIT tid=15281 cv=2377 waits=0 sigs=1 cmds=1
[rtmod] SUBMIT tid=15281 cv=2378 waits=0 sigs=1 cmds=1
[rtmod] SUBMIT tid=15281 cv=2379 waits=0 sigs=1 cmds=1
[rtmod] SUBMIT tid=15281 cv=2380 waits=0 sigs=1 cmds=1
[rtmod] SUBMIT tid=15281 cv=2381 waits=0 sigs=2 cmds=1
[rtmod] COMMIT-NOOP
[rtmod] SUBMIT tid=15281 cv=2382 waits=1 sigs=1 cmds=1
[rtmod] SUBMIT tid=15281 cv=2383 waits=0 sigs=1 cmds=1
[rtmod] SUBMIT tid=15281 cv=2384 waits=0 sigs=1 cmds=1
[rtmod] SUBMIT tid=15281 cv=2385 waits=0 sigs=1 cmds=1
[rtmod] SUBMIT tid=15281 cv=2386 waits=0 sigs=1 cmds=1
[rtmod] SUBMIT tid=15281 cv=2387 waits=0 sigs=1 cmds=1
[rtmod] SUBMIT tid=15281 cv=2388 waits=0 sigs=1 cmds=1
[rtmod] SUBMIT tid=15281 cv=2389 waits=0 sigs=1 cmds=1
[rtmod] SUBMIT tid=15281 cv=2390 waits=0 sigs=1 cmds=1
[rtmod] SUBMIT tid=15281 cv=2391 waits=0 sigs=1 cmds=1
[rtmod] SUBMIT tid=15281 cv=2392 waits=0 sigs=1 cmds=1
[rtmod] SUBMIT tid=15281 cv=2393 waits=0 sigs=1 cmds=1
[rtmod] SUBMIT tid=15281 cv=2394 waits=0 sigs=1 cmds=1
[rtmod] SUBMIT tid=15281 cv=2395 waits=0 sigs=1 cmds=1
[rtmod] SUBMIT tid=15281 cv=2396 waits=0 sigs=1 cmds=1
[rtmod] SUBMIT tid=15281 cv=2397 waits=0 sigs=1 cmds=1
[rtmod] SUBMIT tid=15281 cv=2398 waits=0 sigs=1 cmds=1
[rtmod] SUBMIT tid=15281 cv=2399 waits=0 sigs=1 cmds=1
[rtmod] SUBMIT tid=15281 cv=2400 waits=0 sigs=1 cmds=1
[rtmod] SUBMIT tid=15281 cv=2401 waits=0 sigs=1 cmds=1
[rtmod] SUBMIT tid=15281 cv=2402 waits=0 sigs=1 cmds=1
[rtmod] SUBMIT tid=15281 cv=2403 waits=0 sigs=1 cmds=1
[rtmod] SUBMIT tid=15281 cv=2404 waits=0 sigs=1 cmds=1
[rtmod] SUBMIT tid=15281 cv=2405 waits=0 sigs=1 cmds=1
[rtmod] SUBMIT tid=15281 cv=2406 waits=0 sigs=1 cmds=1
[rtmod] SUBMIT tid=15281 cv=2407 waits=0 sigs=1 cmds=1
[rtmod] SUBMIT tid=15281 cv=2408 waits=0 sigs=1 cmds=1
[rtmod] SUBMIT tid=15281 cv=2409 waits=0 sigs=1 cmds=1
[rtmod] SUBMIT tid=15281 cv=2410 waits=0 sigs=1 cmds=1
[rtmod] SUBMIT tid=15281 cv=2411 waits=0 sigs=1 cmds=1
[rtmod] SUBMIT tid=15281 cv=2412 waits=0 sigs=1 cmds=1
[rtmod] SUBMIT tid=15281 cv=2413 waits=0 sigs=1 cmds=1
[rtmod] SUBMIT tid=15281 cv=2414 waits=0 sigs=1 cmds=1
[rtmod] SUBMIT tid=15281 cv=2415 waits=0 sigs=1 cmds=1
[rtmod] SUBMIT tid=15281 cv=2416 waits=0 sigs=1 cmds=1
[rtmod] SUBMIT tid=15281 cv=2417 waits=0 sigs=1 cmds=1
[rtmod] SUBMIT tid=15281 cv=2418 waits=0 sigs=1 cmds=1
[rtmod] SUBMIT tid=15281 cv=2419 waits=0 sigs=1 cmds=1
[rtmod] SUBMIT tid=15281 cv=2420 waits=0 sigs=1 cmds=1
[rtmod] SUBMIT tid=15281 cv=2421 waits=0 sigs=1 cmds=1
[rtmod] SUBMIT tid=15281 cv=2422 waits=0 sigs=1 cmds=1
[rtmod] SUBMIT tid=15281 cv=2423 waits=0 sigs=1 cmds=1
[rtmod] SUBMIT tid=15281 cv=2424 waits=0 sigs=1 cmds=1
[rtmod] SUBMIT tid=15281 cv=2425 waits=0 sigs=1 cmds=1
[rtmod] SUBMIT tid=15281 cv=2426 waits=0 sigs=1 cmds=1
[rtmod] SUBMIT tid=15281 cv=2427 waits=0 sigs=1 cmds=1
[rtmod] SUBMIT tid=15281 cv=2428 waits=0 sigs=1 cmds=1
[rtmod] SUBMIT tid=15281 cv=2429 waits=0 sigs=1 cmds=1
[rtmod] SUBMIT tid=15281 cv=2430 waits=0 sigs=1 cmds=1
[rtmod] SUBMIT tid=15281 cv=2431 waits=0 sigs=1 cmds=1
[rtmod] SUBMIT tid=15281 cv=2432 waits=0 sigs=1 cmds=1
[rtmod] SUBMIT tid=15281 cv=2433 waits=0 sigs=1 cmds=1
[rtmod] SUBMIT tid=15281 cv=2434 waits=0 sigs=1 cmds=1
[rtmod] SUBMIT tid=15281 cv=2435 waits=0 sigs=1 cmds=1
[rtmod] SUBMIT tid=15281 cv=2436 waits=0 sigs=1 cmds=1
[rtmod] SUBMIT tid=15281 cv=2437 waits=0 sigs=1 cmds=1
[rtmod] SUBMIT tid=15281 cv=2438 waits=0 sigs=1 cmds=1
[rtmod] SUBMIT tid=15281 cv=2439 waits=0 sigs=1 cmds=1
[rtmod] SUBMIT tid=15281 cv=2440 waits=0 sigs=1 cmds=1
[rtmod] SUBMIT tid=15281 cv=2441 waits=0 sigs=1 cmds=1
[rtmod] SUBMIT tid=15281 cv=2442 waits=0 sigs=1 cmds=1
[rtmod] SUBMIT tid=15281 cv=2443 waits=0 sigs=1 cmds=1
[rtmod] SUBMIT tid=15281 cv=2444 waits=0 sigs=1 cmds=1
[rtmod] SUBMIT tid=15281 cv=2445 waits=0 sigs=1 cmds=1
[rtmod] SUBMIT tid=15281 cv=2446 waits=0 sigs=1 cmds=1
[rtmod] SUBMIT tid=15281 cv=2447 waits=0 sigs=1 cmds=1
[rtmod] SUBMIT tid=15281 cv=2448 waits=0 sigs=1 cmds=1
[rtmod] SUBMIT tid=15281 cv=2449 waits=0 sigs=1 cmds=1
[rtmod] SUBMIT tid=15281 cv=2450 waits=0 sigs=1 cmds=1
[rtmod] SUBMIT tid=15281 cv=2451 waits=0 sigs=1 cmds=1
[rtmod] SUBMIT tid=15281 cv=2452 waits=0 sigs=1 cmds=1
[rtmod] SUBMIT tid=15281 cv=2453 waits=0 sigs=1 cmds=1
[rtmod] SUBMIT tid=15281 cv=2454 waits=0 sigs=2 cmds=1
[rtmod] COMMIT-NOOP
[rtmod] SUBMIT tid=15281 cv=2455 waits=1 sigs=1 cmds=1
[rtmod] SUBMIT tid=15281 cv=2456 waits=0 sigs=1 cmds=1
[rtmod] SUBMIT tid=15281 cv=2457 waits=0 sigs=1 cmds=1
[rtmod] SUBMIT tid=15281 cv=2458 waits=0 sigs=1 cmds=1
[rtmod] SUBMIT tid=15281 cv=2459 waits=0 sigs=1 cmds=1
[rtmod] SUBMIT tid=15281 cv=2460 waits=0 sigs=1 cmds=1
[rtmod] SUBMIT tid=15281 cv=2461 waits=0 sigs=1 cmds=1
[rtmod] SUBMIT tid=15281 cv=2462 waits=0 sigs=1 cmds=1
[rtmod] SUBMIT tid=15281 cv=2463 waits=0 sigs=1 cmds=1
[rtmod] SUBMIT tid=15281 cv=2464 waits=0 sigs=1 cmds=1
[rtmod] SUBMIT tid=15281 cv=2465 waits=0 sigs=1 cmds=1
[rtmod] SUBMIT tid=15281 cv=2466 waits=0 sigs=1 cmds=1
[rtmod] SUBMIT tid=15281 cv=2467 waits=0 sigs=1 cmds=1
[rtmod] SUBMIT tid=15281 cv=2468 waits=0 sigs=1 cmds=1
[rtmod] SUBMIT tid=15281 cv=2469 waits=0 sigs=1 cmds=1
[rtmod] SUBMIT tid=15281 cv=2470 waits=0 sigs=1 cmds=1
[rtmod] SUBMIT tid=15281 cv=2471 waits=0 sigs=1 cmds=1
[rtmod] SUBMIT tid=15281 cv=2472 waits=0 sigs=1 cmds=1
[rtmod] SUBMIT tid=15281 cv=2473 waits=0 sigs=1 cmds=1
[rtmod] SUBMIT tid=15281 cv=2474 waits=0 sigs=1 cmds=1
[rtmod] SUBMIT tid=15281 cv=2475 waits=0 sigs=1 cmds=1
[rtmod] SUBMIT tid=15281 cv=2476 waits=0 sigs=1 cmds=1
[rtmod] SUBMIT tid=15281 cv=2477 waits=0 sigs=1 cmds=1
[rtmod] SUBMIT tid=15281 cv=2478 waits=0 sigs=1 cmds=1
[rtmod] SUBMIT tid=15281 cv=2479 waits=0 sigs=1 cmds=1
[rtmod] SUBMIT tid=15281 cv=2480 waits=0 sigs=1 cmds=1
[rtmod] SUBMIT tid=15281 cv=2481 waits=0 sigs=1 cmds=1
[rtmod] SUBMIT tid=15281 cv=2482 waits=0 sigs=1 cmds=1
[rtmod] SUBMIT tid=15281 cv=2483 waits=0 sigs=1 cmds=1
[rtmod] SUBMIT tid=15281 cv=2484 waits=0 sigs=1 cmds=1
[rtmod] SUBMIT tid=15281 cv=2485 waits=0 sigs=1 cmds=1
[rtmod] SUBMIT tid=15281 cv=2486 waits=0 sigs=1 cmds=1
[rtmod] SUBMIT tid=15281 cv=2487 waits=0 sigs=1 cmds=1
[rtmod] SUBMIT tid=15281 cv=2488 waits=0 sigs=1 cmds=1
[rtmod] SUBMIT tid=15281 cv=2489 waits=0 sigs=1 cmds=1
[rtmod] SUBMIT tid=15281 cv=2490 waits=0 sigs=1 cmds=1
[rtmod] SUBMIT tid=15281 cv=2491 waits=0 sigs=1 cmds=1
[rtmod] SUBMIT tid=15281 cv=2492 waits=0 sigs=1 cmds=1
[rtmod] SUBMIT tid=15281 cv=2493 waits=0 sigs=1 cmds=1
[rtmod] SUBMIT tid=15281 cv=2494 waits=0 sigs=1 cmds=1
[rtmod] SUBMIT tid=15281 cv=2495 waits=0 sigs=1 cmds=1
[rtmod] SUBMIT tid=15281 cv=2496 waits=0 sigs=1 cmds=1
[rtmod] SUBMIT tid=15281 cv=2497 waits=0 sigs=1 cmds=1
[rtmod] SUBMIT tid=15281 cv=2498 waits=0 sigs=1 cmds=1
[rtmod] SUBMIT tid=15281 cv=2499 waits=0 sigs=1 cmds=1
[rtmod] SUBMIT tid=15281 cv=2500 waits=0 sigs=1 cmds=1
[rtmod] SUBMIT tid=15281 cv=2501 waits=0 sigs=1 cmds=1
[rtmod] SUBMIT tid=15281 cv=2502 waits=0 sigs=1 cmds=1
[rtmod] SUBMIT tid=15281 cv=2503 waits=0 sigs=1 cmds=1
[rtmod] SUBMIT tid=15281 cv=2504 waits=0 sigs=1 cmds=1
[rtmod] SUBMIT tid=15281 cv=2505 waits=0 sigs=1 cmds=1
[rtmod] SUBMIT tid=15281 cv=2506 waits=0 sigs=1 cmds=1
[rtmod] SUBMIT tid=15281 cv=2507 waits=0 sigs=1 cmds=1
[rtmod] SUBMIT tid=15281 cv=2508 waits=0 sigs=1 cmds=1
[rtmod] SUBMIT tid=15281 cv=2509 waits=0 sigs=1 cmds=1
[rtmod] SUBMIT tid=15281 cv=2510 waits=0 sigs=1 cmds=1
[rtmod] SUBMIT tid=15281 cv=2511 waits=0 sigs=1 cmds=1
[rtmod] SUBMIT tid=15281 cv=2512 waits=0 sigs=1 cmds=1
[rtmod] SUBMIT tid=15281 cv=2513 waits=0 sigs=1 cmds=1
[rtmod] SUBMIT tid=15281 cv=2514 waits=0 sigs=1 cmds=1
[rtmod] SUBMIT tid=15281 cv=2515 waits=0 sigs=1 cmds=1
[rtmod] SUBMIT tid=15281 cv=2516 waits=0 sigs=1 cmds=1
[rtmod] SUBMIT tid=15281 cv=2517 waits=0 sigs=1 cmds=1
[rtmod] SUBMIT tid=15281 cv=2518 waits=0 sigs=1 cmds=1
[rtmod] SUBMIT tid=15281 cv=2519 waits=0 sigs=1 cmds=1
[rtmod] SUBMIT tid=15281 cv=2520 waits=0 sigs=1 cmds=1
[rtmod] SUBMIT tid=15281 cv=2521 waits=0 sigs=1 cmds=1
[rtmod] SUBMIT tid=15281 cv=2522 waits=0 sigs=1 cmds=1
[rtmod] SUBMIT tid=15281 cv=2523 waits=0 sigs=1 cmds=1
[rtmod] SUBMIT tid=15281 cv=2524 waits=0 sigs=1 cmds=1
[rtmod] SUBMIT tid=15281 cv=2525 waits=0 sigs=1 cmds=1
[rtmod] SUBMIT tid=15281 cv=2526 waits=0 sigs=1 cmds=1
[rtmod] SUBMIT tid=15281 cv=2527 waits=0 sigs=2 cmds=1
[rtmod] COMMIT-NOOP
[rtmod] SUBMIT tid=15281 cv=2528 waits=1 sigs=1 cmds=1
[rtmod] SUBMIT tid=15281 cv=2529 waits=0 sigs=1 cmds=1
[rtmod] SUBMIT tid=15281 cv=2530 waits=0 sigs=1 cmds=1
[rtmod] SUBMIT tid=15281 cv=2531 waits=0 sigs=1 cmds=1
[rtmod] SUBMIT tid=15281 cv=2532 waits=0 sigs=1 cmds=1
[rtmod] SUBMIT tid=15281 cv=2533 waits=0 sigs=1 cmds=1
[rtmod] SUBMIT tid=15281 cv=2534 waits=0 sigs=1 cmds=1
[rtmod] SUBMIT tid=15281 cv=2535 waits=0 sigs=1 cmds=1
[rtmod] SUBMIT tid=15281 cv=2536 waits=0 sigs=1 cmds=1
[rtmod] SUBMIT tid=15281 cv=2537 waits=0 sigs=1 cmds=1
[rtmod] SUBMIT tid=15281 cv=2538 waits=0 sigs=1 cmds=1
[rtmod] SUBMIT tid=15281 cv=2539 waits=0 sigs=1 cmds=1
[rtmod] SUBMIT tid=15281 cv=2540 waits=0 sigs=1 cmds=1
[rtmod] SUBMIT tid=15281 cv=2541 waits=0 sigs=1 cmds=1
[rtmod] SUBMIT tid=15281 cv=2542 waits=0 sigs=1 cmds=1
[rtmod] SUBMIT tid=15281 cv=2543 waits=0 sigs=1 cmds=1
[rtmod] SUBMIT tid=15281 cv=2544 waits=0 sigs=1 cmds=1
[rtmod] SUBMIT tid=15281 cv=2545 waits=0 sigs=1 cmds=1
[rtmod] SUBMIT tid=15281 cv=2546 waits=0 sigs=1 cmds=1
[rtmod] SUBMIT tid=15281 cv=2547 waits=0 sigs=1 cmds=1
[rtmod] SUBMIT tid=15281 cv=2548 waits=0 sigs=1 cmds=1
[rtmod] SUBMIT tid=15281 cv=2549 waits=0 sigs=1 cmds=1
[rtmod] SUBMIT tid=15281 cv=2550 waits=0 sigs=1 cmds=1
[rtmod] SUBMIT tid=15281 cv=2551 waits=0 sigs=1 cmds=1
[rtmod] SUBMIT tid=15281 cv=2552 waits=0 sigs=1 cmds=1
[rtmod] SUBMIT tid=15281 cv=2553 waits=0 sigs=1 cmds=1
[rtmod] SUBMIT tid=15281 cv=2554 waits=0 sigs=1 cmds=1
[rtmod] SUBMIT tid=15281 cv=2555 waits=0 sigs=1 cmds=1
[rtmod] SUBMIT tid=15281 cv=2556 waits=0 sigs=1 cmds=1
[rtmod] SUBMIT tid=15281 cv=2557 waits=0 sigs=1 cmds=1
[rtmod] SUBMIT tid=15281 cv=2558 waits=0 sigs=1 cmds=1
[rtmod] SUBMIT tid=15281 cv=2559 waits=0 sigs=1 cmds=1
[rtmod] SUBMIT tid=15281 cv=2560 waits=0 sigs=1 cmds=1
[rtmod] SUBMIT tid=15281 cv=2561 waits=0 sigs=1 cmds=1
[rtmod] SUBMIT tid=15281 cv=2562 waits=0 sigs=1 cmds=1
[rtmod] SUBMIT tid=15281 cv=2563 waits=0 sigs=1 cmds=1
[rtmod] SUBMIT tid=15281 cv=2564 waits=0 sigs=1 cmds=1
[rtmod] SUBMIT tid=15281 cv=2565 waits=0 sigs=1 cmds=1
[rtmod] SUBMIT tid=15281 cv=2566 waits=0 sigs=1 cmds=1
[rtmod] SUBMIT tid=15281 cv=2567 waits=0 sigs=1 cmds=1
[rtmod] SUBMIT tid=15281 cv=2568 waits=0 sigs=1 cmds=1
[rtmod] SUBMIT tid=15281 cv=2569 waits=0 sigs=1 cmds=1
[rtmod] SUBMIT tid=15281 cv=2570 waits=0 sigs=1 cmds=1
[rtmod] SUBMIT tid=15281 cv=2571 waits=0 sigs=1 cmds=1
[rtmod] SUBMIT tid=15281 cv=2572 waits=0 sigs=1 cmds=1
[rtmod] SUBMIT tid=15281 cv=2573 waits=0 sigs=1 cmds=1
[rtmod] SUBMIT tid=15281 cv=2574 waits=0 sigs=1 cmds=1
[rtmod] SUBMIT tid=15281 cv=2575 waits=0 sigs=1 cmds=1
[rtmod] SUBMIT tid=15281 cv=2576 waits=0 sigs=1 cmds=1
[rtmod] SUBMIT tid=15281 cv=2577 waits=0 sigs=1 cmds=1
[rtmod] SUBMIT tid=15281 cv=2578 waits=0 sigs=1 cmds=1
[rtmod] SUBMIT tid=15281 cv=2579 waits=0 sigs=1 cmds=1
[rtmod] SUBMIT tid=15281 cv=2580 waits=0 sigs=1 cmds=1
[rtmod] SUBMIT tid=15281 cv=2581 waits=0 sigs=1 cmds=1
[rtmod] SUBMIT tid=15281 cv=2582 waits=0 sigs=1 cmds=1
[rtmod] SUBMIT tid=15281 cv=2583 waits=0 sigs=1 cmds=1
[rtmod] SUBMIT tid=15281 cv=2584 waits=0 sigs=1 cmds=1
[rtmod] SUBMIT tid=15281 cv=2585 waits=0 sigs=1 cmds=1
[rtmod] SUBMIT tid=15281 cv=2586 waits=0 sigs=1 cmds=1
[rtmod] SUBMIT tid=15281 cv=2587 waits=0 sigs=1 cmds=1
[rtmod] SUBMIT tid=15281 cv=2588 waits=0 sigs=1 cmds=1
[rtmod] SUBMIT tid=15281 cv=2589 waits=0 sigs=1 cmds=1
[rtmod] SUBMIT tid=15281 cv=2590 waits=0 sigs=1 cmds=1
[rtmod] SUBMIT tid=15281 cv=2591 waits=0 sigs=1 cmds=1
[rtmod] SUBMIT tid=15281 cv=2592 waits=0 sigs=1 cmds=1
[rtmod] SUBMIT tid=15281 cv=2593 waits=0 sigs=1 cmds=1
[rtmod] SUBMIT tid=15281 cv=2594 waits=0 sigs=1 cmds=1
[rtmod] SUBMIT tid=15281 cv=2595 waits=0 sigs=1 cmds=1
[rtmod] SUBMIT tid=15281 cv=2596 waits=0 sigs=1 cmds=1
[rtmod] SUBMIT tid=15281 cv=2597 waits=0 sigs=1 cmds=1
[rtmod] SUBMIT tid=15281 cv=2598 waits=0 sigs=1 cmds=1
[rtmod] SUBMIT tid=15281 cv=2599 waits=0 sigs=1 cmds=1
[rtmod] SUBMIT tid=15281 cv=2600 waits=0 sigs=2 cmds=1
[rtmod] COMMIT-NOOP
[rtmod] SUBMIT tid=15281 cv=2601 waits=1 sigs=1 cmds=1
[rtmod] SUBMIT tid=15281 cv=2602 waits=0 sigs=1 cmds=1
[rtmod] SUBMIT tid=15281 cv=2603 waits=0 sigs=1 cmds=1
[rtmod] SUBMIT tid=15281 cv=2604 waits=0 sigs=1 cmds=1
[rtmod] SUBMIT tid=15281 cv=2605 waits=0 sigs=1 cmds=1
[rtmod] SUBMIT tid=15281 cv=2606 waits=0 sigs=1 cmds=1
[rtmod] SUBMIT tid=15281 cv=2607 waits=0 sigs=1 cmds=1
[rtmod] SUBMIT tid=15281 cv=2608 waits=0 sigs=1 cmds=1
[rtmod] SUBMIT tid=15281 cv=2609 waits=0 sigs=1 cmds=1
[rtmod] SUBMIT tid=15281 cv=2610 waits=0 sigs=1 cmds=1
[rtmod] SUBMIT tid=15281 cv=2611 waits=0 sigs=1 cmds=1
[rtmod] SUBMIT tid=15281 cv=2612 waits=0 sigs=1 cmds=1
[rtmod] SUBMIT tid=15281 cv=2613 waits=0 sigs=1 cmds=1
[rtmod] SUBMIT tid=15281 cv=2614 waits=0 sigs=1 cmds=1
[rtmod] SUBMIT tid=15281 cv=2615 waits=0 sigs=1 cmds=1
[rtmod] SUBMIT tid=15281 cv=2616 waits=0 sigs=1 cmds=1
[rtmod] SUBMIT tid=15281 cv=2617 waits=0 sigs=1 cmds=1
[rtmod] SUBMIT tid=15281 cv=2618 waits=0 sigs=1 cmds=1
[rtmod] SUBMIT tid=15281 cv=2619 waits=0 sigs=1 cmds=1
[rtmod] SUBMIT tid=15281 cv=2620 waits=0 sigs=1 cmds=1
[rtmod] SUBMIT tid=15281 cv=2621 waits=0 sigs=1 cmds=1
[rtmod] SUBMIT tid=15281 cv=2622 waits=0 sigs=1 cmds=1
[rtmod] SUBMIT tid=15281 cv=2623 waits=0 sigs=1 cmds=1
[rtmod] SUBMIT tid=15281 cv=2624 waits=0 sigs=1 cmds=1
[rtmod] SUBMIT tid=15281 cv=2625 waits=0 sigs=1 cmds=1
[rtmod] SUBMIT tid=15281 cv=2626 waits=0 sigs=1 cmds=1
[rtmod] SUBMIT tid=15281 cv=2627 waits=0 sigs=1 cmds=1
[rtmod] SUBMIT tid=15281 cv=2628 waits=0 sigs=1 cmds=1
[rtmod] SUBMIT tid=15281 cv=2629 waits=0 sigs=1 cmds=1
[rtmod] SUBMIT tid=15281 cv=2630 waits=0 sigs=1 cmds=1
[rtmod] SUBMIT tid=15281 cv=2631 waits=0 sigs=1 cmds=1
[rtmod] SUBMIT tid=15281 cv=2632 waits=0 sigs=1 cmds=1
[rtmod] SUBMIT tid=15281 cv=2633 waits=0 sigs=1 cmds=1
[rtmod] SUBMIT tid=15281 cv=2634 waits=0 sigs=1 cmds=1
[rtmod] SUBMIT tid=15281 cv=2635 waits=0 sigs=1 cmds=1
[rtmod] SUBMIT tid=15281 cv=2636 waits=0 sigs=1 cmds=1
[rtmod] SUBMIT tid=15281 cv=2637 waits=0 sigs=1 cmds=1
[rtmod] SUBMIT tid=15281 cv=2638 waits=0 sigs=1 cmds=1
[rtmod] SUBMIT tid=15281 cv=2639 waits=0 sigs=1 cmds=1
[rtmod] SUBMIT tid=15281 cv=2640 waits=0 sigs=1 cmds=1
[rtmod] SUBMIT tid=15281 cv=2641 waits=0 sigs=1 cmds=1
[rtmod] SUBMIT tid=15281 cv=2642 waits=0 sigs=1 cmds=1
[rtmod] SUBMIT tid=15281 cv=2643 waits=0 sigs=1 cmds=1
[rtmod] SUBMIT tid=15281 cv=2644 waits=0 sigs=1 cmds=1
[rtmod] SUBMIT tid=15281 cv=2645 waits=0 sigs=1 cmds=1
[rtmod] SUBMIT tid=15281 cv=2646 waits=0 sigs=1 cmds=1
[rtmod] SUBMIT tid=15281 cv=2647 waits=0 sigs=1 cmds=1
[rtmod] SUBMIT tid=15281 cv=2648 waits=0 sigs=1 cmds=1
[rtmod] SUBMIT tid=15281 cv=2649 waits=0 sigs=1 cmds=1
[rtmod] SUBMIT tid=15281 cv=2650 waits=0 sigs=1 cmds=1
[rtmod] SUBMIT tid=15281 cv=2651 waits=0 sigs=1 cmds=1
[rtmod] SUBMIT tid=15281 cv=2652 waits=0 sigs=1 cmds=1
[rtmod] SUBMIT tid=15281 cv=2653 waits=0 sigs=1 cmds=1
[rtmod] SUBMIT tid=15281 cv=2654 waits=0 sigs=1 cmds=1
[rtmod] SUBMIT tid=15281 cv=2655 waits=0 sigs=1 cmds=1
[rtmod] SUBMIT tid=15281 cv=2656 waits=0 sigs=1 cmds=1
[rtmod] SUBMIT tid=15281 cv=2657 waits=0 sigs=1 cmds=1
[rtmod] SUBMIT tid=15281 cv=2658 waits=0 sigs=1 cmds=1
[rtmod] SUBMIT tid=15281 cv=2659 waits=0 sigs=1 cmds=1
[rtmod] SUBMIT tid=15281 cv=2660 waits=0 sigs=1 cmds=1
[rtmod] SUBMIT tid=15281 cv=2661 waits=0 sigs=1 cmds=1
[rtmod] SUBMIT tid=15281 cv=2662 waits=0 sigs=1 cmds=1
[rtmod] SUBMIT tid=15281 cv=2663 waits=0 sigs=1 cmds=1
[rtmod] SUBMIT tid=15281 cv=2664 waits=0 sigs=1 cmds=1
[rtmod] SUBMIT tid=15281 cv=2665 waits=0 sigs=1 cmds=1
[rtmod] SUBMIT tid=15281 cv=2666 waits=0 sigs=1 cmds=1
[rtmod] SUBMIT tid=15281 cv=2667 waits=0 sigs=1 cmds=1
[rtmod] SUBMIT tid=15281 cv=2668 waits=0 sigs=1 cmds=1
[rtmod] SUBMIT tid=15281 cv=2669 waits=0 sigs=1 cmds=1
[rtmod] SUBMIT tid=15281 cv=2670 waits=0 sigs=1 cmds=1
[rtmod] SUBMIT tid=15281 cv=2671 waits=0 sigs=1 cmds=1
[rtmod] SUBMIT tid=15281 cv=2672 waits=0 sigs=1 cmds=1
[rtmod] SUBMIT tid=15281 cv=2673 waits=0 sigs=2 cmds=1
[rtmod] COMMIT-NOOP
{
  "model": "prism-ml/Ternary-Bonsai-8B-mlx-2bit",
  "load_s": 1.04,
  "first_token_s": 1.098,
  "gen_s": 5.25,
  "tokens": 33,
  "tok_s": 6.29,
  "error": null,
  "output": "Photosynthesis is the process by which plants, algae, and some bacteria convert light energy into chemical energy, using carbon dioxide and water to produce glucose and oxygen."
}
=== mlx-community/Ministral-3-8B-Instruct-2512-4bit
Fetching 11 files:   0%|          | 0/11 [00:00<?, ?it/s]Fetching 11 files: 100%|██████████| 11/11 [00:00<00:00, 2023.21it/s]
[rtmod] COMMIT-NOOP
[transformers] The tokenizer you are loading from '/home/joshuawarren/.cache/huggingface/hub/models--mlx-community--Ministral-3-8B-Instruct-2512-4bit/snapshots/182f003f01daa75f9de0f2c4d379722fd0bc1c61' with an incorrect regex pattern: https://huggingface.co/mistralai/Mistral-Small-3.1-24B-Instruct-2503/discussions/84#69121093e8b480e709447d5e. This will lead to incorrect tokenization. You should set the `fix_mistral_regex=True` flag when loading this tokenizer to fix this issue.
[rtmod] SUBMIT tid=15281 cv=2674 waits=1 sigs=2 cmds=1
[rtmod] SUBMIT tid=15281 cv=2675 waits=2 sigs=1 cmds=1
[rtmod] SUBMIT tid=15281 cv=2676 waits=1 sigs=1 cmds=1
[rtmod] SUBMIT tid=15281 cv=2677 waits=1 sigs=2 cmds=1
[rtmod] SUBMIT tid=15281 cv=2678 waits=1 sigs=1 cmds=1
[rtmod] SUBMIT tid=15281 cv=2679 waits=1 sigs=1 cmds=1
[rtmod] SUBMIT tid=15281 cv=2680 waits=1 sigs=2 cmds=1
[rtmod] SUBMIT tid=15281 cv=2681 waits=1 sigs=1 cmds=1
[rtmod] SUBMIT tid=15281 cv=2682 waits=1 sigs=1 cmds=1
[rtmod] SUBMIT tid=15281 cv=2683 waits=1 sigs=2 cmds=1
[rtmod] SUBMIT tid=15281 cv=2684 waits=1 sigs=1 cmds=1
[rtmod] SUBMIT tid=15281 cv=2685 waits=1 sigs=1 cmds=1
[rtmod] SUBMIT tid=15281 cv=2686 waits=1 sigs=2 cmds=1
[rtmod] SUBMIT tid=15281 cv=2687 waits=1 sigs=1 cmds=1
[rtmod] SUBMIT tid=15281 cv=2688 waits=1 sigs=1 cmds=1
[rtmod] SUBMIT tid=15281 cv=2689 waits=1 sigs=2 cmds=1
[rtmod] SUBMIT tid=15281 cv=2690 waits=1 sigs=1 cmds=1
[rtmod] SUBMIT tid=15281 cv=2691 waits=1 sigs=1 cmds=1
[rtmod] SUBMIT tid=15281 cv=2692 waits=1 sigs=2 cmds=1
[rtmod] SUBMIT tid=15281 cv=2693 waits=1 sigs=1 cmds=1
[rtmod] SUBMIT tid=15281 cv=2694 waits=1 sigs=1 cmds=1
[rtmod] SUBMIT tid=15281 cv=2695 waits=1 sigs=2 cmds=1
[rtmod] SUBMIT tid=15281 cv=2696 waits=1 sigs=1 cmds=1
[rtmod] SUBMIT tid=15281 cv=2697 waits=1 sigs=1 cmds=1
[rtmod] SUBMIT tid=15281 cv=2698 waits=1 sigs=2 cmds=1
[rtmod] SUBMIT tid=15281 cv=2699 waits=1 sigs=1 cmds=1
[rtmod] SUBMIT tid=15281 cv=2700 waits=1 sigs=1 cmds=1
[rtmod] SUBMIT tid=15281 cv=2701 waits=1 sigs=2 cmds=1
[rtmod] SUBMIT tid=15281 cv=2702 waits=1 sigs=1 cmds=1
[rtmod] SUBMIT tid=15281 cv=2703 waits=1 sigs=1 cmds=1
[rtmod] SUBMIT tid=15281 cv=2704 waits=1 sigs=2 cmds=1
[rtmod] SUBMIT tid=15281 cv=2705 waits=1 sigs=1 cmds=1
[rtmod] SUBMIT tid=15281 cv=2706 waits=1 sigs=1 cmds=1
[rtmod] SUBMIT tid=15281 cv=2707 waits=1 sigs=2 cmds=1
[rtmod] SUBMIT tid=15281 cv=2708 waits=1 sigs=1 cmds=1
[rtmod] SUBMIT tid=15281 cv=2709 waits=1 sigs=1 cmds=1
[rtmod] SUBMIT tid=15281 cv=2710 waits=1 sigs=2 cmds=1
[rtmod] SUBMIT tid=15281 cv=2711 waits=1 sigs=1 cmds=1
[rtmod] SUBMIT tid=15281 cv=2712 waits=1 sigs=1 cmds=1
[rtmod] SUBMIT tid=15281 cv=2713 waits=1 sigs=2 cmds=1
[rtmod] SUBMIT tid=15281 cv=2714 waits=1 sigs=1 cmds=1
[rtmod] SUBMIT tid=15281 cv=2715 waits=1 sigs=1 cmds=1
[rtmod] SUBMIT tid=15281 cv=2716 waits=1 sigs=2 cmds=1
[rtmod] SUBMIT tid=15281 cv=2717 waits=1 sigs=1 cmds=1
[rtmod] SUBMIT tid=15281 cv=2718 waits=1 sigs=1 cmds=1
[rtmod] SUBMIT tid=15281 cv=2719 waits=1 sigs=2 cmds=1
[rtmod] SUBMIT tid=15281 cv=2720 waits=1 sigs=1 cmds=1
[rtmod] SUBMIT tid=15281 cv=2721 waits=1 sigs=1 cmds=1
[rtmod] SUBMIT tid=15281 cv=2722 waits=1 sigs=2 cmds=1
[rtmod] SUBMIT tid=15281 cv=2723 waits=1 sigs=1 cmds=1
[rtmod] SUBMIT tid=15281 cv=2724 waits=1 sigs=1 cmds=1
[rtmod] SUBMIT tid=15281 cv=2725 waits=1 sigs=2 cmds=1
[rtmod] SUBMIT tid=15281 cv=2726 waits=1 sigs=1 cmds=1
[rtmod] SUBMIT tid=15281 cv=2727 waits=1 sigs=1 cmds=1
[rtmod] SUBMIT tid=15281 cv=2728 waits=1 sigs=2 cmds=1
[rtmod] SUBMIT tid=15281 cv=2729 waits=1 sigs=1 cmds=1
[rtmod] SUBMIT tid=15281 cv=2730 waits=1 sigs=1 cmds=1
[rtmod] SUBMIT tid=15281 cv=2731 waits=1 sigs=2 cmds=1
[rtmod] SUBMIT tid=15281 cv=2732 waits=1 sigs=1 cmds=1
[rtmod] SUBMIT tid=15281 cv=2733 waits=1 sigs=1 cmds=1
[rtmod] SUBMIT tid=15281 cv=2734 waits=1 sigs=2 cmds=1
[rtmod] SUBMIT tid=15281 cv=2735 waits=1 sigs=1 cmds=1
[rtmod] SUBMIT tid=15281 cv=2736 waits=1 sigs=1 cmds=1
[rtmod] SUBMIT tid=15281 cv=2737 waits=1 sigs=2 cmds=1
[rtmod] SUBMIT tid=15281 cv=2738 waits=1 sigs=1 cmds=1
[rtmod] SUBMIT tid=15281 cv=2739 waits=1 sigs=1 cmds=1
[rtmod] SUBMIT tid=15281 cv=2740 waits=1 sigs=2 cmds=1
[rtmod] SUBMIT tid=15281 cv=2741 waits=1 sigs=1 cmds=1
[rtmod] SUBMIT tid=15281 cv=2742 waits=1 sigs=1 cmds=1
[rtmod] SUBMIT tid=15281 cv=2743 waits=1 sigs=2 cmds=1
[rtmod] SUBMIT tid=15281 cv=2744 waits=1 sigs=1 cmds=1
[rtmod] SUBMIT tid=15281 cv=2745 waits=1 sigs=1 cmds=1
[rtmod] SUBMIT tid=15281 cv=2746 waits=1 sigs=2 cmds=1
[rtmod] SUBMIT tid=15281 cv=2747 waits=1 sigs=1 cmds=1
[rtmod] SUBMIT tid=15281 cv=2748 waits=1 sigs=1 cmds=1
[rtmod] SUBMIT tid=15281 cv=2749 waits=1 sigs=2 cmds=1
[rtmod] SUBMIT tid=15281 cv=2750 waits=1 sigs=1 cmds=1
[rtmod] SUBMIT tid=15281 cv=2751 waits=1 sigs=1 cmds=1
[rtmod] SUBMIT tid=15281 cv=2752 waits=1 sigs=2 cmds=1
[rtmod] SUBMIT tid=15281 cv=2753 waits=1 sigs=1 cmds=1
[rtmod] SUBMIT tid=15281 cv=2754 waits=1 sigs=1 cmds=1
[rtmod] SUBMIT tid=15281 cv=2755 waits=1 sigs=2 cmds=1
[rtmod] SUBMIT tid=15281 cv=2756 waits=1 sigs=1 cmds=1
[rtmod] SUBMIT tid=15281 cv=2757 waits=1 sigs=1 cmds=1
[rtmod] SUBMIT tid=15281 cv=2758 waits=1 sigs=2 cmds=1
[rtmod] SUBMIT tid=15281 cv=2759 waits=1 sigs=1 cmds=1
[rtmod] SUBMIT tid=15281 cv=2760 waits=1 sigs=1 cmds=1
[rtmod] SUBMIT tid=15281 cv=2761 waits=1 sigs=2 cmds=1
[rtmod] SUBMIT tid=15281 cv=2762 waits=1 sigs=1 cmds=1
[rtmod] SUBMIT tid=15281 cv=2763 waits=1 sigs=1 cmds=1
[rtmod] SUBMIT tid=15281 cv=2764 waits=1 sigs=2 cmds=1
[rtmod] SUBMIT tid=15281 cv=2765 waits=1 sigs=1 cmds=1
[rtmod] SUBMIT tid=15281 cv=2766 waits=1 sigs=1 cmds=1
[rtmod] SUBMIT tid=15281 cv=2767 waits=1 sigs=2 cmds=1
[rtmod] SUBMIT tid=15281 cv=2768 waits=1 sigs=1 cmds=1
[rtmod] SUBMIT tid=15281 cv=2769 waits=1 sigs=1 cmds=1
[rtmod] SUBMIT tid=15281 cv=2770 waits=1 sigs=2 cmds=1
[rtmod] SUBMIT tid=15281 cv=2771 waits=1 sigs=1 cmds=1
[rtmod] SUBMIT tid=15281 cv=2772 waits=1 sigs=1 cmds=1
[rtmod] SUBMIT tid=15281 cv=2773 waits=1 sigs=2 cmds=1
[rtmod] SUBMIT tid=15281 cv=2774 waits=1 sigs=1 cmds=1
[rtmod] COMMIT-NOOP
[rtmod] SUBMIT tid=15281 cv=2775 waits=0 sigs=2 cmds=1
[rtmod] COMMIT-NOOP
[rtmod] SUBMIT tid=15281 cv=2776 waits=1 sigs=1 cmds=1
[rtmod] SUBMIT tid=15281 cv=2777 waits=0 sigs=1 cmds=1
[rtmod] SUBMIT tid=15281 cv=2778 waits=0 sigs=1 cmds=1
[rtmod] SUBMIT tid=15281 cv=2779 waits=0 sigs=1 cmds=1
[rtmod] SUBMIT tid=15281 cv=2780 waits=0 sigs=1 cmds=1
[rtmod] SUBMIT tid=15281 cv=2781 waits=0 sigs=1 cmds=1
[rtmod] SUBMIT tid=15281 cv=2782 waits=0 sigs=1 cmds=1
[rtmod] SUBMIT tid=15281 cv=2783 waits=0 sigs=1 cmds=1
[rtmod] SUBMIT tid=15281 cv=2784 waits=0 sigs=1 cmds=1
[rtmod] SUBMIT tid=15281 cv=2785 waits=0 sigs=1 cmds=1
[rtmod] SUBMIT tid=15281 cv=2786 waits=0 sigs=1 cmds=1
[rtmod] SUBMIT tid=15281 cv=2787 waits=0 sigs=1 cmds=1
[rtmod] SUBMIT tid=15281 cv=2788 waits=0 sigs=1 cmds=1
[rtmod] SUBMIT tid=15281 cv=2789 waits=0 sigs=1 cmds=1
[rtmod] SUBMIT tid=15281 cv=2790 waits=0 sigs=1 cmds=1
[rtmod] SUBMIT tid=15281 cv=2791 waits=0 sigs=1 cmds=1
[rtmod] SUBMIT tid=15281 cv=2792 waits=0 sigs=1 cmds=1
[rtmod] SUBMIT tid=15281 cv=2793 waits=0 sigs=1 cmds=1
[rtmod] SUBMIT tid=15281 cv=2794 waits=0 sigs=1 cmds=1
[rtmod] SUBMIT tid=15281 cv=2795 waits=0 sigs=1 cmds=1
[rtmod] SUBMIT tid=15281 cv=2796 waits=0 sigs=1 cmds=1
[rtmod] SUBMIT tid=15281 cv=2797 waits=0 sigs=1 cmds=1
[rtmod] SUBMIT tid=15281 cv=2798 waits=0 sigs=1 cmds=1
[rtmod] SUBMIT tid=15281 cv=2799 waits=0 sigs=1 cmds=1
[rtmod] SUBMIT tid=15281 cv=2800 waits=0 sigs=1 cmds=1
[rtmod] SUBMIT tid=15281 cv=2801 waits=0 sigs=1 cmds=1
[rtmod] SUBMIT tid=15281 cv=2802 waits=0 sigs=1 cmds=1
[rtmod] SUBMIT tid=15281 cv=2803 waits=0 sigs=1 cmds=1
[rtmod] SUBMIT tid=15281 cv=2804 waits=0 sigs=1 cmds=1
[rtmod] SUBMIT tid=15281 cv=2805 waits=0 sigs=1 cmds=1
[rtmod] SUBMIT tid=15281 cv=2806 waits=0 sigs=1 cmds=1
[rtmod] SUBMIT tid=15281 cv=2807 waits=0 sigs=1 cmds=1
[rtmod] SUBMIT tid=15281 cv=2808 waits=0 sigs=1 cmds=1
[rtmod] SUBMIT tid=15281 cv=2809 waits=0 sigs=1 cmds=1
[rtmod] SUBMIT tid=15281 cv=2810 waits=0 sigs=1 cmds=1
[rtmod] SUBMIT tid=15281 cv=2811 waits=0 sigs=1 cmds=1
[rtmod] SUBMIT tid=15281 cv=2812 waits=0 sigs=1 cmds=1
[rtmod] SUBMIT tid=15281 cv=2813 waits=0 sigs=1 cmds=1
[rtmod] SUBMIT tid=15281 cv=2814 waits=0 sigs=1 cmds=1
[rtmod] SUBMIT tid=15281 cv=2815 waits=0 sigs=1 cmds=1
[rtmod] SUBMIT tid=15281 cv=2816 waits=0 sigs=1 cmds=1
[rtmod] SUBMIT tid=15281 cv=2817 waits=0 sigs=1 cmds=1
[rtmod] SUBMIT tid=15281 cv=2818 waits=0 sigs=1 cmds=1
[rtmod] SUBMIT tid=15281 cv=2819 waits=0 sigs=1 cmds=1
[rtmod] SUBMIT tid=15281 cv=2820 waits=0 sigs=1 cmds=1
[rtmod] SUBMIT tid=15281 cv=2821 waits=0 sigs=1 cmds=1
[rtmod] SUBMIT tid=15281 cv=2822 waits=0 sigs=1 cmds=1
[rtmod] SUBMIT tid=15281 cv=2823 waits=0 sigs=1 cmds=1
[rtmod] SUBMIT tid=15281 cv=2824 waits=0 sigs=1 cmds=1
[rtmod] SUBMIT tid=15281 cv=2825 waits=0 sigs=1 cmds=1
[rtmod] SUBMIT tid=15281 cv=2826 waits=0 sigs=1 cmds=1
[rtmod] SUBMIT tid=15281 cv=2827 waits=0 sigs=1 cmds=1
[rtmod] SUBMIT tid=15281 cv=2828 waits=0 sigs=1 cmds=1
[rtmod] SUBMIT tid=15281 cv=2829 waits=0 sigs=1 cmds=1
[rtmod] SUBMIT tid=15281 cv=2830 waits=0 sigs=1 cmds=1
[rtmod] SUBMIT tid=15281 cv=2831 waits=0 sigs=1 cmds=1
[rtmod] SUBMIT tid=15281 cv=2832 waits=0 sigs=1 cmds=1
[rtmod] SUBMIT tid=15281 cv=2833 waits=0 sigs=1 cmds=1
[rtmod] SUBMIT tid=15281 cv=2834 waits=0 sigs=1 cmds=1
[rtmod] SUBMIT tid=15281 cv=2835 waits=0 sigs=1 cmds=1
[rtmod] SUBMIT tid=15281 cv=2836 waits=0 sigs=1 cmds=1
[rtmod] SUBMIT tid=15281 cv=2837 waits=0 sigs=1 cmds=1
[rtmod] SUBMIT tid=15281 cv=2838 waits=0 sigs=1 cmds=1
[rtmod] SUBMIT tid=15281 cv=2839 waits=0 sigs=1 cmds=1
[rtmod] SUBMIT tid=15281 cv=2840 waits=0 sigs=1 cmds=1
[rtmod] SUBMIT tid=15281 cv=2841 waits=0 sigs=1 cmds=1
[rtmod] SUBMIT tid=15281 cv=2842 waits=0 sigs=1 cmds=1
[rtmod] SUBMIT tid=15281 cv=2843 waits=0 sigs=1 cmds=1
[rtmod] SUBMIT tid=15281 cv=2844 waits=0 sigs=2 cmds=1
[rtmod] COMMIT-NOOP
[rtmod] SUBMIT tid=15281 cv=2845 waits=1 sigs=1 cmds=1
[rtmod] SUBMIT tid=15281 cv=2846 waits=0 sigs=1 cmds=1
[rtmod] SUBMIT tid=15281 cv=2847 waits=0 sigs=1 cmds=1
[rtmod] SUBMIT tid=15281 cv=2848 waits=0 sigs=1 cmds=1
[rtmod] SUBMIT tid=15281 cv=2849 waits=0 sigs=1 cmds=1
[rtmod] SUBMIT tid=15281 cv=2850 waits=0 sigs=1 cmds=1
[rtmod] SUBMIT tid=15281 cv=2851 waits=0 sigs=1 cmds=1
[rtmod] SUBMIT tid=15281 cv=2852 waits=0 sigs=1 cmds=1
[rtmod] SUBMIT tid=15281 cv=2853 waits=0 sigs=1 cmds=1
[rtmod] SUBMIT tid=15281 cv=2854 waits=0 sigs=1 cmds=1
[rtmod] SUBMIT tid=15281 cv=2855 waits=0 sigs=1 cmds=1
[rtmod] SUBMIT tid=15281 cv=2856 waits=0 sigs=1 cmds=1
[rtmod] SUBMIT tid=15281 cv=2857 waits=0 sigs=1 cmds=1
[rtmod] SUBMIT tid=15281 cv=2858 waits=0 sigs=1 cmds=1
[rtmod] SUBMIT tid=15281 cv=2859 waits=0 sigs=1 cmds=1
[rtmod] SUBMIT tid=15281 cv=2860 waits=0 sigs=1 cmds=1
[rtmod] SUBMIT tid=15281 cv=2861 waits=0 sigs=1 cmds=1
[rtmod] SUBMIT tid=15281 cv=2862 waits=0 sigs=1 cmds=1
[rtmod] SUBMIT tid=15281 cv=2863 waits=0 sigs=1 cmds=1
[rtmod] SUBMIT tid=15281 cv=2864 waits=0 sigs=1 cmds=1
[rtmod] SUBMIT tid=15281 cv=2865 waits=0 sigs=1 cmds=1
[rtmod] SUBMIT tid=15281 cv=2866 waits=0 sigs=1 cmds=1
[rtmod] SUBMIT tid=15281 cv=2867 waits=0 sigs=1 cmds=1
[rtmod] SUBMIT tid=15281 cv=2868 waits=0 sigs=1 cmds=1
[rtmod] SUBMIT tid=15281 cv=2869 waits=0 sigs=1 cmds=1
[rtmod] SUBMIT tid=15281 cv=2870 waits=0 sigs=1 cmds=1
[rtmod] SUBMIT tid=15281 cv=2871 waits=0 sigs=1 cmds=1
[rtmod] SUBMIT tid=15281 cv=2872 waits=0 sigs=1 cmds=1
[rtmod] SUBMIT tid=15281 cv=2873 waits=0 sigs=1 cmds=1
[rtmod] SUBMIT tid=15281 cv=2874 waits=0 sigs=1 cmds=1
[rtmod] SUBMIT tid=15281 cv=2875 waits=0 sigs=1 cmds=1
[rtmod] SUBMIT tid=15281 cv=2876 waits=0 sigs=1 cmds=1
[rtmod] SUBMIT tid=15281 cv=2877 waits=0 sigs=1 cmds=1
[rtmod] SUBMIT tid=15281 cv=2878 waits=0 sigs=1 cmds=1
[rtmod] SUBMIT tid=15281 cv=2879 waits=0 sigs=1 cmds=1
[rtmod] SUBMIT tid=15281 cv=2880 waits=0 sigs=1 cmds=1
[rtmod] SUBMIT tid=15281 cv=2881 waits=0 sigs=1 cmds=1
[rtmod] SUBMIT tid=15281 cv=2882 waits=0 sigs=1 cmds=1
[rtmod] SUBMIT tid=15281 cv=2883 waits=0 sigs=1 cmds=1
[rtmod] SUBMIT tid=15281 cv=2884 waits=0 sigs=1 cmds=1
[rtmod] SUBMIT tid=15281 cv=2885 waits=0 sigs=1 cmds=1
[rtmod] SUBMIT tid=15281 cv=2886 waits=0 sigs=1 cmds=1
[rtmod] SUBMIT tid=15281 cv=2887 waits=0 sigs=1 cmds=1
[rtmod] SUBMIT tid=15281 cv=2888 waits=0 sigs=1 cmds=1
[rtmod] SUBMIT tid=15281 cv=2889 waits=0 sigs=1 cmds=1
[rtmod] SUBMIT tid=15281 cv=2890 waits=0 sigs=1 cmds=1
[rtmod] SUBMIT tid=15281 cv=2891 waits=0 sigs=1 cmds=1
[rtmod] SUBMIT tid=15281 cv=2892 waits=0 sigs=1 cmds=1
[rtmod] SUBMIT tid=15281 cv=2893 waits=0 sigs=1 cmds=1
[rtmod] SUBMIT tid=15281 cv=2894 waits=0 sigs=1 cmds=1
[rtmod] SUBMIT tid=15281 cv=2895 waits=0 sigs=1 cmds=1
[rtmod] SUBMIT tid=15281 cv=2896 waits=0 sigs=1 cmds=1
[rtmod] SUBMIT tid=15281 cv=2897 waits=0 sigs=1 cmds=1
[rtmod] SUBMIT tid=15281 cv=2898 waits=0 sigs=1 cmds=1
[rtmod] SUBMIT tid=15281 cv=2899 waits=0 sigs=1 cmds=1
[rtmod] SUBMIT tid=15281 cv=2900 waits=0 sigs=1 cmds=1
[rtmod] SUBMIT tid=15281 cv=2901 waits=0 sigs=1 cmds=1
[rtmod] SUBMIT tid=15281 cv=2902 waits=0 sigs=1 cmds=1
[rtmod] SUBMIT tid=15281 cv=2903 waits=0 sigs=1 cmds=1
[rtmod] SUBMIT tid=15281 cv=2904 waits=0 sigs=1 cmds=1
[rtmod] SUBMIT tid=15281 cv=2905 waits=0 sigs=1 cmds=1
[rtmod] SUBMIT tid=15281 cv=2906 waits=0 sigs=1 cmds=1
[rtmod] SUBMIT tid=15281 cv=2907 waits=0 sigs=1 cmds=1
[rtmod] SUBMIT tid=15281 cv=2908 waits=0 sigs=1 cmds=1
[rtmod] SUBMIT tid=15281 cv=2909 waits=0 sigs=1 cmds=1
[rtmod] SUBMIT tid=15281 cv=2910 waits=0 sigs=1 cmds=1
[rtmod] SUBMIT tid=15281 cv=2911 waits=0 sigs=1 cmds=1
[rtmod] SUBMIT tid=15281 cv=2912 waits=0 sigs=1 cmds=1
[rtmod] SUBMIT tid=15281 cv=2913 waits=0 sigs=2 cmds=1
[rtmod] COMMIT-NOOP
[rtmod] SUBMIT tid=15281 cv=2914 waits=1 sigs=1 cmds=1
[rtmod] SUBMIT tid=15281 cv=2915 waits=0 sigs=1 cmds=1
[rtmod] SUBMIT tid=15281 cv=2916 waits=0 sigs=1 cmds=1
[rtmod] SUBMIT tid=15281 cv=2917 waits=0 sigs=1 cmds=1
[rtmod] SUBMIT tid=15281 cv=2918 waits=0 sigs=1 cmds=1
[rtmod] SUBMIT tid=15281 cv=2919 waits=0 sigs=1 cmds=1
[rtmod] SUBMIT tid=15281 cv=2920 waits=0 sigs=1 cmds=1
[rtmod] SUBMIT tid=15281 cv=2921 waits=0 sigs=1 cmds=1
[rtmod] SUBMIT tid=15281 cv=2922 waits=0 sigs=1 cmds=1
[rtmod] SUBMIT tid=15281 cv=2923 waits=0 sigs=1 cmds=1
[rtmod] SUBMIT tid=15281 cv=2924 waits=0 sigs=1 cmds=1
[rtmod] SUBMIT tid=15281 cv=2925 waits=0 sigs=1 cmds=1
[rtmod] SUBMIT tid=15281 cv=2926 waits=0 sigs=1 cmds=1
[rtmod] SUBMIT tid=15281 cv=2927 waits=0 sigs=1 cmds=1
[rtmod] SUBMIT tid=15281 cv=2928 waits=0 sigs=1 cmds=1
[rtmod] SUBMIT tid=15281 cv=2929 waits=0 sigs=1 cmds=1
[rtmod] SUBMIT tid=15281 cv=2930 waits=0 sigs=1 cmds=1
[rtmod] SUBMIT tid=15281 cv=2931 waits=0 sigs=1 cmds=1
[rtmod] SUBMIT tid=15281 cv=2932 waits=0 sigs=1 cmds=1
[rtmod] SUBMIT tid=15281 cv=2933 waits=0 sigs=1 cmds=1
[rtmod] SUBMIT tid=15281 cv=2934 waits=0 sigs=1 cmds=1
[rtmod] SUBMIT tid=15281 cv=2935 waits=0 sigs=1 cmds=1
[rtmod] SUBMIT tid=15281 cv=2936 waits=0 sigs=1 cmds=1
[rtmod] SUBMIT tid=15281 cv=2937 waits=0 sigs=1 cmds=1
[rtmod] SUBMIT tid=15281 cv=2938 waits=0 sigs=1 cmds=1
[rtmod] SUBMIT tid=15281 cv=2939 waits=0 sigs=1 cmds=1
[rtmod] SUBMIT tid=15281 cv=2940 waits=0 sigs=1 cmds=1
[rtmod] SUBMIT tid=15281 cv=2941 waits=0 sigs=1 cmds=1
[rtmod] SUBMIT tid=15281 cv=2942 waits=0 sigs=1 cmds=1
[rtmod] SUBMIT tid=15281 cv=2943 waits=0 sigs=1 cmds=1
[rtmod] SUBMIT tid=15281 cv=2944 waits=0 sigs=1 cmds=1
[rtmod] SUBMIT tid=15281 cv=2945 waits=0 sigs=1 cmds=1
[rtmod] SUBMIT tid=15281 cv=2946 waits=0 sigs=1 cmds=1
[rtmod] SUBMIT tid=15281 cv=2947 waits=0 sigs=1 cmds=1
[rtmod] SUBMIT tid=15281 cv=2948 waits=0 sigs=1 cmds=1
[rtmod] SUBMIT tid=15281 cv=2949 waits=0 sigs=1 cmds=1
[rtmod] SUBMIT tid=15281 cv=2950 waits=0 sigs=1 cmds=1
[rtmod] SUBMIT tid=15281 cv=2951 waits=0 sigs=1 cmds=1
[rtmod] SUBMIT tid=15281 cv=2952 waits=0 sigs=1 cmds=1
[rtmod] SUBMIT tid=15281 cv=2953 waits=0 sigs=1 cmds=1
[rtmod] SUBMIT tid=15281 cv=2954 waits=0 sigs=1 cmds=1
[rtmod] SUBMIT tid=15281 cv=2955 waits=0 sigs=1 cmds=1
[rtmod] SUBMIT tid=15281 cv=2956 waits=0 sigs=1 cmds=1
[rtmod] SUBMIT tid=15281 cv=2957 waits=0 sigs=1 cmds=1
[rtmod] SUBMIT tid=15281 cv=2958 waits=0 sigs=1 cmds=1
[rtmod] SUBMIT tid=15281 cv=2959 waits=0 sigs=1 cmds=1
[rtmod] SUBMIT tid=15281 cv=2960 waits=0 sigs=1 cmds=1
[rtmod] SUBMIT tid=15281 cv=2961 waits=0 sigs=1 cmds=1
[rtmod] SUBMIT tid=15281 cv=2962 waits=0 sigs=1 cmds=1
[rtmod] SUBMIT tid=15281 cv=2963 waits=0 sigs=1 cmds=1
[rtmod] SUBMIT tid=15281 cv=2964 waits=0 sigs=1 cmds=1
[rtmod] SUBMIT tid=15281 cv=2965 waits=0 sigs=1 cmds=1
[rtmod] SUBMIT tid=15281 cv=2966 waits=0 sigs=1 cmds=1
[rtmod] SUBMIT tid=15281 cv=2967 waits=0 sigs=1 cmds=1
[rtmod] SUBMIT tid=15281 cv=2968 waits=0 sigs=1 cmds=1
[rtmod] SUBMIT tid=15281 cv=2969 waits=0 sigs=1 cmds=1
[rtmod] SUBMIT tid=15281 cv=2970 waits=0 sigs=1 cmds=1
[rtmod] SUBMIT tid=15281 cv=2971 waits=0 sigs=1 cmds=1
[rtmod] SUBMIT tid=15281 cv=2972 waits=0 sigs=1 cmds=1
[rtmod] SUBMIT tid=15281 cv=2973 waits=0 sigs=1 cmds=1
[rtmod] SUBMIT tid=15281 cv=2974 waits=0 sigs=1 cmds=1
[rtmod] SUBMIT tid=15281 cv=2975 waits=0 sigs=1 cmds=1
[rtmod] SUBMIT tid=15281 cv=2976 waits=0 sigs=1 cmds=1
[rtmod] SUBMIT tid=15281 cv=2977 waits=0 sigs=1 cmds=1
[rtmod] SUBMIT tid=15281 cv=2978 waits=0 sigs=1 cmds=1
[rtmod] SUBMIT tid=15281 cv=2979 waits=0 sigs=1 cmds=1
[rtmod] SUBMIT tid=15281 cv=2980 waits=0 sigs=1 cmds=1
[rtmod] SUBMIT tid=15281 cv=2981 waits=0 sigs=1 cmds=1
[rtmod] SUBMIT tid=15281 cv=2982 waits=0 sigs=2 cmds=1
[rtmod] COMMIT-NOOP
[rtmod] SUBMIT tid=15281 cv=2983 waits=1 sigs=1 cmds=1
[rtmod] SUBMIT tid=15281 cv=2984 waits=0 sigs=1 cmds=1
[rtmod] SUBMIT tid=15281 cv=2985 waits=0 sigs=1 cmds=1
[rtmod] SUBMIT tid=15281 cv=2986 waits=0 sigs=1 cmds=1
[rtmod] SUBMIT tid=15281 cv=2987 waits=0 sigs=1 cmds=1
[rtmod] SUBMIT tid=15281 cv=2988 waits=0 sigs=1 cmds=1
[rtmod] SUBMIT tid=15281 cv=2989 waits=0 sigs=1 cmds=1
[rtmod] SUBMIT tid=15281 cv=2990 waits=0 sigs=1 cmds=1
[rtmod] SUBMIT tid=15281 cv=2991 waits=0 sigs=1 cmds=1
[rtmod] SUBMIT tid=15281 cv=2992 waits=0 sigs=1 cmds=1
[rtmod] SUBMIT tid=15281 cv=2993 waits=0 sigs=1 cmds=1
[rtmod] SUBMIT tid=15281 cv=2994 waits=0 sigs=1 cmds=1
[rtmod] SUBMIT tid=15281 cv=2995 waits=0 sigs=1 cmds=1
[rtmod] SUBMIT tid=15281 cv=2996 waits=0 sigs=1 cmds=1
[rtmod] SUBMIT tid=15281 cv=2997 waits=0 sigs=1 cmds=1
[rtmod] SUBMIT tid=15281 cv=2998 waits=0 sigs=1 cmds=1
[rtmod] SUBMIT tid=15281 cv=2999 waits=0 sigs=1 cmds=1
[rtmod] SUBMIT tid=15281 cv=3000 waits=0 sigs=1 cmds=1
[rtmod] SUBMIT tid=15281 cv=3001 waits=0 sigs=1 cmds=1
[rtmod] SUBMIT tid=15281 cv=3002 waits=0 sigs=1 cmds=1
[rtmod] SUBMIT tid=15281 cv=3003 waits=0 sigs=1 cmds=1
[rtmod] SUBMIT tid=15281 cv=3004 waits=0 sigs=1 cmds=1
[rtmod] SUBMIT tid=15281 cv=3005 waits=0 sigs=1 cmds=1
[rtmod] SUBMIT tid=15281 cv=3006 waits=0 sigs=1 cmds=1
[rtmod] SUBMIT tid=15281 cv=3007 waits=0 sigs=1 cmds=1
[rtmod] SUBMIT tid=15281 cv=3008 waits=0 sigs=1 cmds=1
[rtmod] SUBMIT tid=15281 cv=3009 waits=0 sigs=1 cmds=1
[rtmod] SUBMIT tid=15281 cv=3010 waits=0 sigs=1 cmds=1
[rtmod] SUBMIT tid=15281 cv=3011 waits=0 sigs=1 cmds=1
[rtmod] SUBMIT tid=15281 cv=3012 waits=0 sigs=1 cmds=1
[rtmod] SUBMIT tid=15281 cv=3013 waits=0 sigs=1 cmds=1
[rtmod] SUBMIT tid=15281 cv=3014 waits=0 sigs=1 cmds=1
[rtmod] SUBMIT tid=15281 cv=3015 waits=0 sigs=1 cmds=1
[rtmod] SUBMIT tid=15281 cv=3016 waits=0 sigs=1 cmds=1
[rtmod] SUBMIT tid=15281 cv=3017 waits=0 sigs=1 cmds=1
[rtmod] SUBMIT tid=15281 cv=3018 waits=0 sigs=1 cmds=1
[rtmod] SUBMIT tid=15281 cv=3019 waits=0 sigs=1 cmds=1
[rtmod] SUBMIT tid=15281 cv=3020 waits=0 sigs=1 cmds=1
[rtmod] SUBMIT tid=15281 cv=3021 waits=0 sigs=1 cmds=1
[rtmod] SUBMIT tid=15281 cv=3022 waits=0 sigs=1 cmds=1
[rtmod] SUBMIT tid=15281 cv=3023 waits=0 sigs=1 cmds=1
[rtmod] SUBMIT tid=15281 cv=3024 waits=0 sigs=1 cmds=1
[rtmod] SUBMIT tid=15281 cv=3025 waits=0 sigs=1 cmds=1
[rtmod] SUBMIT tid=15281 cv=3026 waits=0 sigs=1 cmds=1
[rtmod] SUBMIT tid=15281 cv=3027 waits=0 sigs=1 cmds=1
[rtmod] SUBMIT tid=15281 cv=3028 waits=0 sigs=1 cmds=1
[rtmod] SUBMIT tid=15281 cv=3029 waits=0 sigs=1 cmds=1
[rtmod] SUBMIT tid=15281 cv=3030 waits=0 sigs=1 cmds=1
[rtmod] SUBMIT tid=15281 cv=3031 waits=0 sigs=1 cmds=1
[rtmod] SUBMIT tid=15281 cv=3032 waits=0 sigs=1 cmds=1
[rtmod] SUBMIT tid=15281 cv=3033 waits=0 sigs=1 cmds=1
[rtmod] SUBMIT tid=15281 cv=3034 waits=0 sigs=1 cmds=1
[rtmod] SUBMIT tid=15281 cv=3035 waits=0 sigs=1 cmds=1
[rtmod] SUBMIT tid=15281 cv=3036 waits=0 sigs=1 cmds=1
[rtmod] SUBMIT tid=15281 cv=3037 waits=0 sigs=1 cmds=1
[rtmod] SUBMIT tid=15281 cv=3038 waits=0 sigs=1 cmds=1
[rtmod] SUBMIT tid=15281 cv=3039 waits=0 sigs=1 cmds=1
[rtmod] SUBMIT tid=15281 cv=3040 waits=0 sigs=1 cmds=1
[rtmod] SUBMIT tid=15281 cv=3041 waits=0 sigs=1 cmds=1
[rtmod] SUBMIT tid=15281 cv=3042 waits=0 sigs=1 cmds=1
[rtmod] SUBMIT tid=15281 cv=3043 waits=0 sigs=1 cmds=1
[rtmod] SUBMIT tid=15281 cv=3044 waits=0 sigs=1 cmds=1
[rtmod] SUBMIT tid=15281 cv=3045 waits=0 sigs=1 cmds=1
[rtmod] SUBMIT tid=15281 cv=3046 waits=0 sigs=1 cmds=1
[rtmod] SUBMIT tid=15281 cv=3047 waits=0 sigs=1 cmds=1
[rtmod] SUBMIT tid=15281 cv=3048 waits=0 sigs=1 cmds=1
[rtmod] SUBMIT tid=15281 cv=3049 waits=0 sigs=1 cmds=1
[rtmod] SUBMIT tid=15281 cv=3050 waits=0 sigs=1 cmds=1
[rtmod] SUBMIT tid=15281 cv=3051 waits=0 sigs=2 cmds=1
[rtmod] COMMIT-NOOP
[rtmod] SUBMIT tid=15281 cv=3052 waits=1 sigs=1 cmds=1
[rtmod] SUBMIT tid=15281 cv=3053 waits=0 sigs=1 cmds=1
[rtmod] SUBMIT tid=15281 cv=3054 waits=0 sigs=1 cmds=1
[rtmod] SUBMIT tid=15281 cv=3055 waits=0 sigs=1 cmds=1
[rtmod] SUBMIT tid=15281 cv=3056 waits=0 sigs=1 cmds=1
[rtmod] SUBMIT tid=15281 cv=3057 waits=0 sigs=1 cmds=1
[rtmod] SUBMIT tid=15281 cv=3058 waits=0 sigs=1 cmds=1
[rtmod] SUBMIT tid=15281 cv=3059 waits=0 sigs=1 cmds=1
[rtmod] SUBMIT tid=15281 cv=3060 waits=0 sigs=1 cmds=1
[rtmod] SUBMIT tid=15281 cv=3061 waits=0 sigs=1 cmds=1
[rtmod] SUBMIT tid=15281 cv=3062 waits=0 sigs=1 cmds=1
[rtmod] SUBMIT tid=15281 cv=3063 waits=0 sigs=1 cmds=1
[rtmod] SUBMIT tid=15281 cv=3064 waits=0 sigs=1 cmds=1
[rtmod] SUBMIT tid=15281 cv=3065 waits=0 sigs=1 cmds=1
[rtmod] SUBMIT tid=15281 cv=3066 waits=0 sigs=1 cmds=1
[rtmod] SUBMIT tid=15281 cv=3067 waits=0 sigs=1 cmds=1
[rtmod] SUBMIT tid=15281 cv=3068 waits=0 sigs=1 cmds=1
[rtmod] SUBMIT tid=15281 cv=3069 waits=0 sigs=1 cmds=1
[rtmod] SUBMIT tid=15281 cv=3070 waits=0 sigs=1 cmds=1
[rtmod] SUBMIT tid=15281 cv=3071 waits=0 sigs=1 cmds=1
[rtmod] SUBMIT tid=15281 cv=3072 waits=0 sigs=1 cmds=1
[rtmod] SUBMIT tid=15281 cv=3073 waits=0 sigs=1 cmds=1
[rtmod] SUBMIT tid=15281 cv=3074 waits=0 sigs=1 cmds=1
[rtmod] SUBMIT tid=15281 cv=3075 waits=0 sigs=1 cmds=1
[rtmod] SUBMIT tid=15281 cv=3076 waits=0 sigs=1 cmds=1
[rtmod] SUBMIT tid=15281 cv=3077 waits=0 sigs=1 cmds=1
[rtmod] SUBMIT tid=15281 cv=3078 waits=0 sigs=1 cmds=1
[rtmod] SUBMIT tid=15281 cv=3079 waits=0 sigs=1 cmds=1
[rtmod] SUBMIT tid=15281 cv=3080 waits=0 sigs=1 cmds=1
[rtmod] SUBMIT tid=15281 cv=3081 waits=0 sigs=1 cmds=1
[rtmod] SUBMIT tid=15281 cv=3082 waits=0 sigs=1 cmds=1
[rtmod] SUBMIT tid=15281 cv=3083 waits=0 sigs=1 cmds=1
[rtmod] SUBMIT tid=15281 cv=3084 waits=0 sigs=1 cmds=1
[rtmod] SUBMIT tid=15281 cv=3085 waits=0 sigs=1 cmds=1
[rtmod] SUBMIT tid=15281 cv=3086 waits=0 sigs=1 cmds=1
[rtmod] SUBMIT tid=15281 cv=3087 waits=0 sigs=1 cmds=1
[rtmod] SUBMIT tid=15281 cv=3088 waits=0 sigs=1 cmds=1
[rtmod] SUBMIT tid=15281 cv=3089 waits=0 sigs=1 cmds=1
[rtmod] SUBMIT tid=15281 cv=3090 waits=0 sigs=1 cmds=1
[rtmod] SUBMIT tid=15281 cv=3091 waits=0 sigs=1 cmds=1
[rtmod] SUBMIT tid=15281 cv=3092 waits=0 sigs=1 cmds=1
[rtmod] SUBMIT tid=15281 cv=3093 waits=0 sigs=1 cmds=1
[rtmod] SUBMIT tid=15281 cv=3094 waits=0 sigs=1 cmds=1
[rtmod] SUBMIT tid=15281 cv=3095 waits=0 sigs=1 cmds=1
[rtmod] SUBMIT tid=15281 cv=3096 waits=0 sigs=1 cmds=1
[rtmod] SUBMIT tid=15281 cv=3097 waits=0 sigs=1 cmds=1
[rtmod] SUBMIT tid=15281 cv=3098 waits=0 sigs=1 cmds=1
[rtmod] SUBMIT tid=15281 cv=3099 waits=0 sigs=1 cmds=1
[rtmod] SUBMIT tid=15281 cv=3100 waits=0 sigs=1 cmds=1
[rtmod] SUBMIT tid=15281 cv=3101 waits=0 sigs=1 cmds=1
[rtmod] SUBMIT tid=15281 cv=3102 waits=0 sigs=1 cmds=1
[rtmod] SUBMIT tid=15281 cv=3103 waits=0 sigs=1 cmds=1
[rtmod] SUBMIT tid=15281 cv=3104 waits=0 sigs=1 cmds=1
[rtmod] SUBMIT tid=15281 cv=3105 waits=0 sigs=1 cmds=1
[rtmod] SUBMIT tid=15281 cv=3106 waits=0 sigs=1 cmds=1
[rtmod] SUBMIT tid=15281 cv=3107 waits=0 sigs=1 cmds=1
[rtmod] SUBMIT tid=15281 cv=3108 waits=0 sigs=1 cmds=1
[rtmod] SUBMIT tid=15281 cv=3109 waits=0 sigs=1 cmds=1
[rtmod] SUBMIT tid=15281 cv=3110 waits=0 sigs=1 cmds=1
[rtmod] SUBMIT tid=15281 cv=3111 waits=0 sigs=1 cmds=1
[rtmod] SUBMIT tid=15281 cv=3112 waits=0 sigs=1 cmds=1
[rtmod] SUBMIT tid=15281 cv=3113 waits=0 sigs=1 cmds=1
[rtmod] SUBMIT tid=15281 cv=3114 waits=0 sigs=1 cmds=1
[rtmod] SUBMIT tid=15281 cv=3115 waits=0 sigs=1 cmds=1
[rtmod] SUBMIT tid=15281 cv=3116 waits=0 sigs=1 cmds=1
[rtmod] SUBMIT tid=15281 cv=3117 waits=0 sigs=1 cmds=1
[rtmod] SUBMIT tid=15281 cv=3118 waits=0 sigs=1 cmds=1
[rtmod] SUBMIT tid=15281 cv=3119 waits=0 sigs=1 cmds=1
[rtmod] SUBMIT tid=15281 cv=3120 waits=0 sigs=2 cmds=1
[rtmod] COMMIT-NOOP
[rtmod] SUBMIT tid=15281 cv=3121 waits=1 sigs=1 cmds=1
[rtmod] SUBMIT tid=15281 cv=3122 waits=0 sigs=1 cmds=1
[rtmod] SUBMIT tid=15281 cv=3123 waits=0 sigs=1 cmds=1
[rtmod] SUBMIT tid=15281 cv=3124 waits=0 sigs=1 cmds=1
[rtmod] SUBMIT tid=15281 cv=3125 waits=0 sigs=1 cmds=1
[rtmod] SUBMIT tid=15281 cv=3126 waits=0 sigs=1 cmds=1
[rtmod] SUBMIT tid=15281 cv=3127 waits=0 sigs=1 cmds=1
[rtmod] SUBMIT tid=15281 cv=3128 waits=0 sigs=1 cmds=1
[rtmod] SUBMIT tid=15281 cv=3129 waits=0 sigs=1 cmds=1
[rtmod] SUBMIT tid=15281 cv=3130 waits=0 sigs=1 cmds=1
[rtmod] SUBMIT tid=15281 cv=3131 waits=0 sigs=1 cmds=1
[rtmod] SUBMIT tid=15281 cv=3132 waits=0 sigs=1 cmds=1
[rtmod] SUBMIT tid=15281 cv=3133 waits=0 sigs=1 cmds=1
[rtmod] SUBMIT tid=15281 cv=3134 waits=0 sigs=1 cmds=1
[rtmod] SUBMIT tid=15281 cv=3135 waits=0 sigs=1 cmds=1
[rtmod] SUBMIT tid=15281 cv=3136 waits=0 sigs=1 cmds=1
[rtmod] SUBMIT tid=15281 cv=3137 waits=0 sigs=1 cmds=1
[rtmod] SUBMIT tid=15281 cv=3138 waits=0 sigs=1 cmds=1
[rtmod] SUBMIT tid=15281 cv=3139 waits=0 sigs=1 cmds=1
[rtmod] SUBMIT tid=15281 cv=3140 waits=0 sigs=1 cmds=1
[rtmod] SUBMIT tid=15281 cv=3141 waits=0 sigs=1 cmds=1
[rtmod] SUBMIT tid=15281 cv=3142 waits=0 sigs=1 cmds=1
[rtmod] SUBMIT tid=15281 cv=3143 waits=0 sigs=1 cmds=1
[rtmod] SUBMIT tid=15281 cv=3144 waits=0 sigs=1 cmds=1
[rtmod] SUBMIT tid=15281 cv=3145 waits=0 sigs=1 cmds=1
[rtmod] SUBMIT tid=15281 cv=3146 waits=0 sigs=1 cmds=1
[rtmod] SUBMIT tid=15281 cv=3147 waits=0 sigs=1 cmds=1
[rtmod] SUBMIT tid=15281 cv=3148 waits=0 sigs=1 cmds=1
[rtmod] SUBMIT tid=15281 cv=3149 waits=0 sigs=1 cmds=1
[rtmod] SUBMIT tid=15281 cv=3150 waits=0 sigs=1 cmds=1
[rtmod] SUBMIT tid=15281 cv=3151 waits=0 sigs=1 cmds=1
[rtmod] SUBMIT tid=15281 cv=3152 waits=0 sigs=1 cmds=1
[rtmod] SUBMIT tid=15281 cv=3153 waits=0 sigs=1 cmds=1
[rtmod] SUBMIT tid=15281 cv=3154 waits=0 sigs=1 cmds=1
[rtmod] SUBMIT tid=15281 cv=3155 waits=0 sigs=1 cmds=1
[rtmod] SUBMIT tid=15281 cv=3156 waits=0 sigs=1 cmds=1
[rtmod] SUBMIT tid=15281 cv=3157 waits=0 sigs=1 cmds=1
[rtmod] SUBMIT tid=15281 cv=3158 waits=0 sigs=1 cmds=1
[rtmod] SUBMIT tid=15281 cv=3159 waits=0 sigs=1 cmds=1
[rtmod] SUBMIT tid=15281 cv=3160 waits=0 sigs=1 cmds=1
[rtmod] SUBMIT tid=15281 cv=3161 waits=0 sigs=1 cmds=1
[rtmod] SUBMIT tid=15281 cv=3162 waits=0 sigs=1 cmds=1
[rtmod] SUBMIT tid=15281 cv=3163 waits=0 sigs=1 cmds=1
[rtmod] SUBMIT tid=15281 cv=3164 waits=0 sigs=1 cmds=1
[rtmod] SUBMIT tid=15281 cv=3165 waits=0 sigs=1 cmds=1
[rtmod] SUBMIT tid=15281 cv=3166 waits=0 sigs=1 cmds=1
[rtmod] SUBMIT tid=15281 cv=3167 waits=0 sigs=1 cmds=1
[rtmod] SUBMIT tid=15281 cv=3168 waits=0 sigs=1 cmds=1
[rtmod] SUBMIT tid=15281 cv=3169 waits=0 sigs=1 cmds=1
[rtmod] SUBMIT tid=15281 cv=3170 waits=0 sigs=1 cmds=1
[rtmod] SUBMIT tid=15281 cv=3171 waits=0 sigs=1 cmds=1
[rtmod] SUBMIT tid=15281 cv=3172 waits=0 sigs=1 cmds=1
[rtmod] SUBMIT tid=15281 cv=3173 waits=0 sigs=1 cmds=1
[rtmod] SUBMIT tid=15281 cv=3174 waits=0 sigs=1 cmds=1
[rtmod] SUBMIT tid=15281 cv=3175 waits=0 sigs=1 cmds=1
[rtmod] SUBMIT tid=15281 cv=3176 waits=0 sigs=1 cmds=1
[rtmod] SUBMIT tid=15281 cv=3177 waits=0 sigs=1 cmds=1
[rtmod] SUBMIT tid=15281 cv=3178 waits=0 sigs=1 cmds=1
[rtmod] SUBMIT tid=15281 cv=3179 waits=0 sigs=1 cmds=1
[rtmod] SUBMIT tid=15281 cv=3180 waits=0 sigs=1 cmds=1
[rtmod] SUBMIT tid=15281 cv=3181 waits=0 sigs=1 cmds=1
[rtmod] SUBMIT tid=15281 cv=3182 waits=0 sigs=1 cmds=1
[rtmod] SUBMIT tid=15281 cv=3183 waits=0 sigs=1 cmds=1
[rtmod] SUBMIT tid=15281 cv=3184 waits=0 sigs=1 cmds=1
[rtmod] SUBMIT tid=15281 cv=3185 waits=0 sigs=1 cmds=1
[rtmod] SUBMIT tid=15281 cv=3186 waits=0 sigs=1 cmds=1
[rtmod] SUBMIT tid=15281 cv=3187 waits=0 sigs=1 cmds=1
[rtmod] SUBMIT tid=15281 cv=3188 waits=0 sigs=1 cmds=1
[rtmod] SUBMIT tid=15281 cv=3189 waits=0 sigs=2 cmds=1
[rtmod] COMMIT-NOOP
[rtmod] SUBMIT tid=15281 cv=3190 waits=1 sigs=1 cmds=1
[rtmod] SUBMIT tid=15281 cv=3191 waits=0 sigs=1 cmds=1
[rtmod] SUBMIT tid=15281 cv=3192 waits=0 sigs=1 cmds=1
[rtmod] SUBMIT tid=15281 cv=3193 waits=0 sigs=1 cmds=1
[rtmod] SUBMIT tid=15281 cv=3194 waits=0 sigs=1 cmds=1
[rtmod] SUBMIT tid=15281 cv=3195 waits=0 sigs=1 cmds=1
[rtmod] SUBMIT tid=15281 cv=3196 waits=0 sigs=1 cmds=1
[rtmod] SUBMIT tid=15281 cv=3197 waits=0 sigs=1 cmds=1
[rtmod] SUBMIT tid=15281 cv=3198 waits=0 sigs=1 cmds=1
[rtmod] SUBMIT tid=15281 cv=3199 waits=0 sigs=1 cmds=1
[rtmod] SUBMIT tid=15281 cv=3200 waits=0 sigs=1 cmds=1
[rtmod] SUBMIT tid=15281 cv=3201 waits=0 sigs=1 cmds=1
[rtmod] SUBMIT tid=15281 cv=3202 waits=0 sigs=1 cmds=1
[rtmod] SUBMIT tid=15281 cv=3203 waits=0 sigs=1 cmds=1
[rtmod] SUBMIT tid=15281 cv=3204 waits=0 sigs=1 cmds=1
[rtmod] SUBMIT tid=15281 cv=3205 waits=0 sigs=1 cmds=1
[rtmod] SUBMIT tid=15281 cv=3206 waits=0 sigs=1 cmds=1
[rtmod] SUBMIT tid=15281 cv=3207 waits=0 sigs=1 cmds=1
[rtmod] SUBMIT tid=15281 cv=3208 waits=0 sigs=1 cmds=1
[rtmod] SUBMIT tid=15281 cv=3209 waits=0 sigs=1 cmds=1
[rtmod] SUBMIT tid=15281 cv=3210 waits=0 sigs=1 cmds=1
[rtmod] SUBMIT tid=15281 cv=3211 waits=0 sigs=1 cmds=1
[rtmod] SUBMIT tid=15281 cv=3212 waits=0 sigs=1 cmds=1
[rtmod] SUBMIT tid=15281 cv=3213 waits=0 sigs=1 cmds=1
[rtmod] SUBMIT tid=15281 cv=3214 waits=0 sigs=1 cmds=1
[rtmod] SUBMIT tid=15281 cv=3215 waits=0 sigs=1 cmds=1
[rtmod] SUBMIT tid=15281 cv=3216 waits=0 sigs=1 cmds=1
[rtmod] SUBMIT tid=15281 cv=3217 waits=0 sigs=1 cmds=1
[rtmod] SUBMIT tid=15281 cv=3218 waits=0 sigs=1 cmds=1
[rtmod] SUBMIT tid=15281 cv=3219 waits=0 sigs=1 cmds=1
[rtmod] SUBMIT tid=15281 cv=3220 waits=0 sigs=1 cmds=1
[rtmod] SUBMIT tid=15281 cv=3221 waits=0 sigs=1 cmds=1
[rtmod] SUBMIT tid=15281 cv=3222 waits=0 sigs=1 cmds=1
[rtmod] SUBMIT tid=15281 cv=3223 waits=0 sigs=1 cmds=1
[rtmod] SUBMIT tid=15281 cv=3224 waits=0 sigs=1 cmds=1
[rtmod] SUBMIT tid=15281 cv=3225 waits=0 sigs=1 cmds=1
[rtmod] SUBMIT tid=15281 cv=3226 waits=0 sigs=1 cmds=1
[rtmod] SUBMIT tid=15281 cv=3227 waits=0 sigs=1 cmds=1
[rtmod] SUBMIT tid=15281 cv=3228 waits=0 sigs=1 cmds=1
[rtmod] SUBMIT tid=15281 cv=3229 waits=0 sigs=1 cmds=1
[rtmod] SUBMIT tid=15281 cv=3230 waits=0 sigs=1 cmds=1
[rtmod] SUBMIT tid=15281 cv=3231 waits=0 sigs=1 cmds=1
[rtmod] SUBMIT tid=15281 cv=3232 waits=0 sigs=1 cmds=1
[rtmod] SUBMIT tid=15281 cv=3233 waits=0 sigs=1 cmds=1
[rtmod] SUBMIT tid=15281 cv=3234 waits=0 sigs=1 cmds=1
[rtmod] SUBMIT tid=15281 cv=3235 waits=0 sigs=1 cmds=1
[rtmod] SUBMIT tid=15281 cv=3236 waits=0 sigs=1 cmds=1
[rtmod] SUBMIT tid=15281 cv=3237 waits=0 sigs=1 cmds=1
[rtmod] SUBMIT tid=15281 cv=3238 waits=0 sigs=1 cmds=1
[rtmod] SUBMIT tid=15281 cv=3239 waits=0 sigs=1 cmds=1
[rtmod] SUBMIT tid=15281 cv=3240 waits=0 sigs=1 cmds=1
[rtmod] SUBMIT tid=15281 cv=3241 waits=0 sigs=1 cmds=1
[rtmod] SUBMIT tid=15281 cv=3242 waits=0 sigs=1 cmds=1
[rtmod] SUBMIT tid=15281 cv=3243 waits=0 sigs=1 cmds=1
[rtmod] SUBMIT tid=15281 cv=3244 waits=0 sigs=1 cmds=1
[rtmod] SUBMIT tid=15281 cv=3245 waits=0 sigs=1 cmds=1
[rtmod] SUBMIT tid=15281 cv=3246 waits=0 sigs=1 cmds=1
[rtmod] SUBMIT tid=15281 cv=3247 waits=0 sigs=1 cmds=1
[rtmod] SUBMIT tid=15281 cv=3248 waits=0 sigs=1 cmds=1
[rtmod] SUBMIT tid=15281 cv=3249 waits=0 sigs=1 cmds=1
[rtmod] SUBMIT tid=15281 cv=3250 waits=0 sigs=1 cmds=1
[rtmod] SUBMIT tid=15281 cv=3251 waits=0 sigs=1 cmds=1
[rtmod] SUBMIT tid=15281 cv=3252 waits=0 sigs=1 cmds=1
[rtmod] SUBMIT tid=15281 cv=3253 waits=0 sigs=1 cmds=1
[rtmod] SUBMIT tid=15281 cv=3254 waits=0 sigs=1 cmds=1
[rtmod] SUBMIT tid=15281 cv=3255 waits=0 sigs=1 cmds=1
[rtmod] SUBMIT tid=15281 cv=3256 waits=0 sigs=1 cmds=1
[rtmod] SUBMIT tid=15281 cv=3257 waits=0 sigs=1 cmds=1
[rtmod] SUBMIT tid=15281 cv=3258 waits=0 sigs=2 cmds=1
[rtmod] COMMIT-NOOP
[rtmod] SUBMIT tid=15281 cv=3259 waits=1 sigs=1 cmds=1
[rtmod] SUBMIT tid=15281 cv=3260 waits=0 sigs=1 cmds=1
[rtmod] SUBMIT tid=15281 cv=3261 waits=0 sigs=1 cmds=1
[rtmod] SUBMIT tid=15281 cv=3262 waits=0 sigs=1 cmds=1
[rtmod] SUBMIT tid=15281 cv=3263 waits=0 sigs=1 cmds=1
[rtmod] SUBMIT tid=15281 cv=3264 waits=0 sigs=1 cmds=1
[rtmod] SUBMIT tid=15281 cv=3265 waits=0 sigs=1 cmds=1
[rtmod] SUBMIT tid=15281 cv=3266 waits=0 sigs=1 cmds=1
[rtmod] SUBMIT tid=15281 cv=3267 waits=0 sigs=1 cmds=1
[rtmod] SUBMIT tid=15281 cv=3268 waits=0 sigs=1 cmds=1
[rtmod] SUBMIT tid=15281 cv=3269 waits=0 sigs=1 cmds=1
[rtmod] SUBMIT tid=15281 cv=3270 waits=0 sigs=1 cmds=1
[rtmod] SUBMIT tid=15281 cv=3271 waits=0 sigs=1 cmds=1
[rtmod] SUBMIT tid=15281 cv=3272 waits=0 sigs=1 cmds=1
[rtmod] SUBMIT tid=15281 cv=3273 waits=0 sigs=1 cmds=1
[rtmod] SUBMIT tid=15281 cv=3274 waits=0 sigs=1 cmds=1
[rtmod] SUBMIT tid=15281 cv=3275 waits=0 sigs=1 cmds=1
[rtmod] SUBMIT tid=15281 cv=3276 waits=0 sigs=1 cmds=1
[rtmod] SUBMIT tid=15281 cv=3277 waits=0 sigs=1 cmds=1
[rtmod] SUBMIT tid=15281 cv=3278 waits=0 sigs=1 cmds=1
[rtmod] SUBMIT tid=15281 cv=3279 waits=0 sigs=1 cmds=1
[rtmod] SUBMIT tid=15281 cv=3280 waits=0 sigs=1 cmds=1
[rtmod] SUBMIT tid=15281 cv=3281 waits=0 sigs=1 cmds=1
[rtmod] SUBMIT tid=15281 cv=3282 waits=0 sigs=1 cmds=1
[rtmod] SUBMIT tid=15281 cv=3283 waits=0 sigs=1 cmds=1
[rtmod] SUBMIT tid=15281 cv=3284 waits=0 sigs=1 cmds=1
[rtmod] SUBMIT tid=15281 cv=3285 waits=0 sigs=1 cmds=1
[rtmod] SUBMIT tid=15281 cv=3286 waits=0 sigs=1 cmds=1
[rtmod] SUBMIT tid=15281 cv=3287 waits=0 sigs=1 cmds=1
[rtmod] SUBMIT tid=15281 cv=3288 waits=0 sigs=1 cmds=1
[rtmod] SUBMIT tid=15281 cv=3289 waits=0 sigs=1 cmds=1
[rtmod] SUBMIT tid=15281 cv=3290 waits=0 sigs=1 cmds=1
[rtmod] SUBMIT tid=15281 cv=3291 waits=0 sigs=1 cmds=1
[rtmod] SUBMIT tid=15281 cv=3292 waits=0 sigs=1 cmds=1
[rtmod] SUBMIT tid=15281 cv=3293 waits=0 sigs=1 cmds=1
[rtmod] SUBMIT tid=15281 cv=3294 waits=0 sigs=1 cmds=1
[rtmod] SUBMIT tid=15281 cv=3295 waits=0 sigs=1 cmds=1
[rtmod] SUBMIT tid=15281 cv=3296 waits=0 sigs=1 cmds=1
[rtmod] SUBMIT tid=15281 cv=3297 waits=0 sigs=1 cmds=1
[rtmod] SUBMIT tid=15281 cv=3298 waits=0 sigs=1 cmds=1
[rtmod] SUBMIT tid=15281 cv=3299 waits=0 sigs=1 cmds=1
[rtmod] SUBMIT tid=15281 cv=3300 waits=0 sigs=1 cmds=1
[rtmod] SUBMIT tid=15281 cv=3301 waits=0 sigs=1 cmds=1
[rtmod] SUBMIT tid=15281 cv=3302 waits=0 sigs=1 cmds=1
[rtmod] SUBMIT tid=15281 cv=3303 waits=0 sigs=1 cmds=1
[rtmod] SUBMIT tid=15281 cv=3304 waits=0 sigs=1 cmds=1
[rtmod] SUBMIT tid=15281 cv=3305 waits=0 sigs=1 cmds=1
[rtmod] SUBMIT tid=15281 cv=3306 waits=0 sigs=1 cmds=1
[rtmod] SUBMIT tid=15281 cv=3307 waits=0 sigs=1 cmds=1
[rtmod] SUBMIT tid=15281 cv=3308 waits=0 sigs=1 cmds=1
[rtmod] SUBMIT tid=15281 cv=3309 waits=0 sigs=1 cmds=1
[rtmod] SUBMIT tid=15281 cv=3310 waits=0 sigs=1 cmds=1
[rtmod] SUBMIT tid=15281 cv=3311 waits=0 sigs=1 cmds=1
[rtmod] SUBMIT tid=15281 cv=3312 waits=0 sigs=1 cmds=1
[rtmod] SUBMIT tid=15281 cv=3313 waits=0 sigs=1 cmds=1
[rtmod] SUBMIT tid=15281 cv=3314 waits=0 sigs=1 cmds=1
[rtmod] SUBMIT tid=15281 cv=3315 waits=0 sigs=1 cmds=1
[rtmod] SUBMIT tid=15281 cv=3316 waits=0 sigs=1 cmds=1
[rtmod] SUBMIT tid=15281 cv=3317 waits=0 sigs=1 cmds=1
[rtmod] SUBMIT tid=15281 cv=3318 waits=0 sigs=1 cmds=1
[rtmod] SUBMIT tid=15281 cv=3319 waits=0 sigs=1 cmds=1
[rtmod] SUBMIT tid=15281 cv=3320 waits=0 sigs=1 cmds=1
[rtmod] SUBMIT tid=15281 cv=3321 waits=0 sigs=1 cmds=1
[rtmod] SUBMIT tid=15281 cv=3322 waits=0 sigs=1 cmds=1
[rtmod] SUBMIT tid=15281 cv=3323 waits=0 sigs=1 cmds=1
[rtmod] SUBMIT tid=15281 cv=3324 waits=0 sigs=1 cmds=1
[rtmod] SUBMIT tid=15281 cv=3325 waits=0 sigs=1 cmds=1
[rtmod] SUBMIT tid=15281 cv=3326 waits=0 sigs=1 cmds=1
[rtmod] SUBMIT tid=15281 cv=3327 waits=0 sigs=2 cmds=1
[rtmod] COMMIT-NOOP
[rtmod] SUBMIT tid=15281 cv=3328 waits=1 sigs=1 cmds=1
[rtmod] SUBMIT tid=15281 cv=3329 waits=0 sigs=1 cmds=1
[rtmod] SUBMIT tid=15281 cv=3330 waits=0 sigs=1 cmds=1
[rtmod] SUBMIT tid=15281 cv=3331 waits=0 sigs=1 cmds=1
[rtmod] SUBMIT tid=15281 cv=3332 waits=0 sigs=1 cmds=1
[rtmod] SUBMIT tid=15281 cv=3333 waits=0 sigs=1 cmds=1
[rtmod] SUBMIT tid=15281 cv=3334 waits=0 sigs=1 cmds=1
[rtmod] SUBMIT tid=15281 cv=3335 waits=0 sigs=1 cmds=1
[rtmod] SUBMIT tid=15281 cv=3336 waits=0 sigs=1 cmds=1
[rtmod] SUBMIT tid=15281 cv=3337 waits=0 sigs=1 cmds=1
[rtmod] SUBMIT tid=15281 cv=3338 waits=0 sigs=1 cmds=1
[rtmod] SUBMIT tid=15281 cv=3339 waits=0 sigs=1 cmds=1
[rtmod] SUBMIT tid=15281 cv=3340 waits=0 sigs=1 cmds=1
[rtmod] SUBMIT tid=15281 cv=3341 waits=0 sigs=1 cmds=1
[rtmod] SUBMIT tid=15281 cv=3342 waits=0 sigs=1 cmds=1
[rtmod] SUBMIT tid=15281 cv=3343 waits=0 sigs=1 cmds=1
[rtmod] SUBMIT tid=15281 cv=3344 waits=0 sigs=1 cmds=1
[rtmod] SUBMIT tid=15281 cv=3345 waits=0 sigs=1 cmds=1
[rtmod] SUBMIT tid=15281 cv=3346 waits=0 sigs=1 cmds=1
[rtmod] SUBMIT tid=15281 cv=3347 waits=0 sigs=1 cmds=1
[rtmod] SUBMIT tid=15281 cv=3348 waits=0 sigs=1 cmds=1
[rtmod] SUBMIT tid=15281 cv=3349 waits=0 sigs=1 cmds=1
[rtmod] SUBMIT tid=15281 cv=3350 waits=0 sigs=1 cmds=1
[rtmod] SUBMIT tid=15281 cv=3351 waits=0 sigs=1 cmds=1
[rtmod] SUBMIT tid=15281 cv=3352 waits=0 sigs=1 cmds=1
[rtmod] SUBMIT tid=15281 cv=3353 waits=0 sigs=1 cmds=1
[rtmod] SUBMIT tid=15281 cv=3354 waits=0 sigs=1 cmds=1
[rtmod] SUBMIT tid=15281 cv=3355 waits=0 sigs=1 cmds=1
[rtmod] SUBMIT tid=15281 cv=3356 waits=0 sigs=1 cmds=1
[rtmod] SUBMIT tid=15281 cv=3357 waits=0 sigs=1 cmds=1
[rtmod] SUBMIT tid=15281 cv=3358 waits=0 sigs=1 cmds=1
[rtmod] SUBMIT tid=15281 cv=3359 waits=0 sigs=1 cmds=1
[rtmod] SUBMIT tid=15281 cv=3360 waits=0 sigs=1 cmds=1
[rtmod] SUBMIT tid=15281 cv=3361 waits=0 sigs=1 cmds=1
[rtmod] SUBMIT tid=15281 cv=3362 waits=0 sigs=1 cmds=1
[rtmod] SUBMIT tid=15281 cv=3363 waits=0 sigs=1 cmds=1
[rtmod] SUBMIT tid=15281 cv=3364 waits=0 sigs=1 cmds=1
[rtmod] SUBMIT tid=15281 cv=3365 waits=0 sigs=1 cmds=1
[rtmod] SUBMIT tid=15281 cv=3366 waits=0 sigs=1 cmds=1
[rtmod] SUBMIT tid=15281 cv=3367 waits=0 sigs=1 cmds=1
[rtmod] SUBMIT tid=15281 cv=3368 waits=0 sigs=1 cmds=1
[rtmod] SUBMIT tid=15281 cv=3369 waits=0 sigs=1 cmds=1
[rtmod] SUBMIT tid=15281 cv=3370 waits=0 sigs=1 cmds=1
[rtmod] SUBMIT tid=15281 cv=3371 waits=0 sigs=1 cmds=1
[rtmod] SUBMIT tid=15281 cv=3372 waits=0 sigs=1 cmds=1
[rtmod] SUBMIT tid=15281 cv=3373 waits=0 sigs=1 cmds=1
[rtmod] SUBMIT tid=15281 cv=3374 waits=0 sigs=1 cmds=1
[rtmod] SUBMIT tid=15281 cv=3375 waits=0 sigs=1 cmds=1
[rtmod] SUBMIT tid=15281 cv=3376 waits=0 sigs=1 cmds=1
[rtmod] SUBMIT tid=15281 cv=3377 waits=0 sigs=1 cmds=1
[rtmod] SUBMIT tid=15281 cv=3378 waits=0 sigs=1 cmds=1
[rtmod] SUBMIT tid=15281 cv=3379 waits=0 sigs=1 cmds=1
[rtmod] SUBMIT tid=15281 cv=3380 waits=0 sigs=1 cmds=1
[rtmod] SUBMIT tid=15281 cv=3381 waits=0 sigs=1 cmds=1
[rtmod] SUBMIT tid=15281 cv=3382 waits=0 sigs=1 cmds=1
[rtmod] SUBMIT tid=15281 cv=3383 waits=0 sigs=1 cmds=1
[rtmod] SUBMIT tid=15281 cv=3384 waits=0 sigs=1 cmds=1
[rtmod] SUBMIT tid=15281 cv=3385 waits=0 sigs=1 cmds=1
[rtmod] SUBMIT tid=15281 cv=3386 waits=0 sigs=1 cmds=1
[rtmod] SUBMIT tid=15281 cv=3387 waits=0 sigs=1 cmds=1
[rtmod] SUBMIT tid=15281 cv=3388 waits=0 sigs=1 cmds=1
[rtmod] SUBMIT tid=15281 cv=3389 waits=0 sigs=1 cmds=1
[rtmod] SUBMIT tid=15281 cv=3390 waits=0 sigs=1 cmds=1
[rtmod] SUBMIT tid=15281 cv=3391 waits=0 sigs=1 cmds=1
[rtmod] SUBMIT tid=15281 cv=3392 waits=0 sigs=1 cmds=1
[rtmod] SUBMIT tid=15281 cv=3393 waits=0 sigs=1 cmds=1
[rtmod] SUBMIT tid=15281 cv=3394 waits=0 sigs=1 cmds=1
[rtmod] SUBMIT tid=15281 cv=3395 waits=0 sigs=1 cmds=1
[rtmod] SUBMIT tid=15281 cv=3396 waits=0 sigs=2 cmds=1
[rtmod] COMMIT-NOOP
[rtmod] SUBMIT tid=15281 cv=3397 waits=1 sigs=1 cmds=1
[rtmod] SUBMIT tid=15281 cv=3398 waits=0 sigs=1 cmds=1
[rtmod] SUBMIT tid=15281 cv=3399 waits=0 sigs=1 cmds=1
[rtmod] SUBMIT tid=15281 cv=3400 waits=0 sigs=1 cmds=1
[rtmod] SUBMIT tid=15281 cv=3401 waits=0 sigs=1 cmds=1
[rtmod] SUBMIT tid=15281 cv=3402 waits=0 sigs=1 cmds=1
[rtmod] SUBMIT tid=15281 cv=3403 waits=0 sigs=1 cmds=1
[rtmod] SUBMIT tid=15281 cv=3404 waits=0 sigs=1 cmds=1
[rtmod] SUBMIT tid=15281 cv=3405 waits=0 sigs=1 cmds=1
[rtmod] SUBMIT tid=15281 cv=3406 waits=0 sigs=1 cmds=1
[rtmod] SUBMIT tid=15281 cv=3407 waits=0 sigs=1 cmds=1
[rtmod] SUBMIT tid=15281 cv=3408 waits=0 sigs=1 cmds=1
[rtmod] SUBMIT tid=15281 cv=3409 waits=0 sigs=1 cmds=1
[rtmod] SUBMIT tid=15281 cv=3410 waits=0 sigs=1 cmds=1
[rtmod] SUBMIT tid=15281 cv=3411 waits=0 sigs=1 cmds=1
[rtmod] SUBMIT tid=15281 cv=3412 waits=0 sigs=1 cmds=1
[rtmod] SUBMIT tid=15281 cv=3413 waits=0 sigs=1 cmds=1
[rtmod] SUBMIT tid=15281 cv=3414 waits=0 sigs=1 cmds=1
[rtmod] SUBMIT tid=15281 cv=3415 waits=0 sigs=1 cmds=1
[rtmod] SUBMIT tid=15281 cv=3416 waits=0 sigs=1 cmds=1
[rtmod] SUBMIT tid=15281 cv=3417 waits=0 sigs=1 cmds=1
[rtmod] SUBMIT tid=15281 cv=3418 waits=0 sigs=1 cmds=1
[rtmod] SUBMIT tid=15281 cv=3419 waits=0 sigs=1 cmds=1
[rtmod] SUBMIT tid=15281 cv=3420 waits=0 sigs=1 cmds=1
[rtmod] SUBMIT tid=15281 cv=3421 waits=0 sigs=1 cmds=1
[rtmod] SUBMIT tid=15281 cv=3422 waits=0 sigs=1 cmds=1
[rtmod] SUBMIT tid=15281 cv=3423 waits=0 sigs=1 cmds=1
[rtmod] SUBMIT tid=15281 cv=3424 waits=0 sigs=1 cmds=1
[rtmod] SUBMIT tid=15281 cv=3425 waits=0 sigs=1 cmds=1
[rtmod] SUBMIT tid=15281 cv=3426 waits=0 sigs=1 cmds=1
[rtmod] SUBMIT tid=15281 cv=3427 waits=0 sigs=1 cmds=1
[rtmod] SUBMIT tid=15281 cv=3428 waits=0 sigs=1 cmds=1
[rtmod] SUBMIT tid=15281 cv=3429 waits=0 sigs=1 cmds=1
[rtmod] SUBMIT tid=15281 cv=3430 waits=0 sigs=1 cmds=1
[rtmod] SUBMIT tid=15281 cv=3431 waits=0 sigs=1 cmds=1
[rtmod] SUBMIT tid=15281 cv=3432 waits=0 sigs=1 cmds=1
[rtmod] SUBMIT tid=15281 cv=3433 waits=0 sigs=1 cmds=1
[rtmod] SUBMIT tid=15281 cv=3434 waits=0 sigs=1 cmds=1
[rtmod] SUBMIT tid=15281 cv=3435 waits=0 sigs=1 cmds=1
[rtmod] SUBMIT tid=15281 cv=3436 waits=0 sigs=1 cmds=1
[rtmod] SUBMIT tid=15281 cv=3437 waits=0 sigs=1 cmds=1
[rtmod] SUBMIT tid=15281 cv=3438 waits=0 sigs=1 cmds=1
[rtmod] SUBMIT tid=15281 cv=3439 waits=0 sigs=1 cmds=1
[rtmod] SUBMIT tid=15281 cv=3440 waits=0 sigs=1 cmds=1
[rtmod] SUBMIT tid=15281 cv=3441 waits=0 sigs=1 cmds=1
[rtmod] SUBMIT tid=15281 cv=3442 waits=0 sigs=1 cmds=1
[rtmod] SUBMIT tid=15281 cv=3443 waits=0 sigs=1 cmds=1
[rtmod] SUBMIT tid=15281 cv=3444 waits=0 sigs=1 cmds=1
[rtmod] SUBMIT tid=15281 cv=3445 waits=0 sigs=1 cmds=1
[rtmod] SUBMIT tid=15281 cv=3446 waits=0 sigs=1 cmds=1
[rtmod] SUBMIT tid=15281 cv=3447 waits=0 sigs=1 cmds=1
[rtmod] SUBMIT tid=15281 cv=3448 waits=0 sigs=1 cmds=1
[rtmod] SUBMIT tid=15281 cv=3449 waits=0 sigs=1 cmds=1
[rtmod] SUBMIT tid=15281 cv=3450 waits=0 sigs=1 cmds=1
[rtmod] SUBMIT tid=15281 cv=3451 waits=0 sigs=1 cmds=1
[rtmod] SUBMIT tid=15281 cv=3452 waits=0 sigs=1 cmds=1
[rtmod] SUBMIT tid=15281 cv=3453 waits=0 sigs=1 cmds=1
[rtmod] SUBMIT tid=15281 cv=3454 waits=0 sigs=1 cmds=1
[rtmod] SUBMIT tid=15281 cv=3455 waits=0 sigs=1 cmds=1
[rtmod] SUBMIT tid=15281 cv=3456 waits=0 sigs=1 cmds=1
[rtmod] SUBMIT tid=15281 cv=3457 waits=0 sigs=1 cmds=1
[rtmod] SUBMIT tid=15281 cv=3458 waits=0 sigs=1 cmds=1
[rtmod] SUBMIT tid=15281 cv=3459 waits=0 sigs=1 cmds=1
[rtmod] SUBMIT tid=15281 cv=3460 waits=0 sigs=1 cmds=1
[rtmod] SUBMIT tid=15281 cv=3461 waits=0 sigs=1 cmds=1
[rtmod] SUBMIT tid=15281 cv=3462 waits=0 sigs=1 cmds=1
[rtmod] SUBMIT tid=15281 cv=3463 waits=0 sigs=1 cmds=1
[rtmod] SUBMIT tid=15281 cv=3464 waits=0 sigs=1 cmds=1
[rtmod] SUBMIT tid=15281 cv=3465 waits=0 sigs=2 cmds=1
[rtmod] COMMIT-NOOP
[rtmod] SUBMIT tid=15281 cv=3466 waits=1 sigs=1 cmds=1
[rtmod] SUBMIT tid=15281 cv=3467 waits=0 sigs=1 cmds=1
[rtmod] SUBMIT tid=15281 cv=3468 waits=0 sigs=1 cmds=1
[rtmod] SUBMIT tid=15281 cv=3469 waits=0 sigs=1 cmds=1
[rtmod] SUBMIT tid=15281 cv=3470 waits=0 sigs=1 cmds=1
[rtmod] SUBMIT tid=15281 cv=3471 waits=0 sigs=1 cmds=1
[rtmod] SUBMIT tid=15281 cv=3472 waits=0 sigs=1 cmds=1
[rtmod] SUBMIT tid=15281 cv=3473 waits=0 sigs=1 cmds=1
[rtmod] SUBMIT tid=15281 cv=3474 waits=0 sigs=1 cmds=1
[rtmod] SUBMIT tid=15281 cv=3475 waits=0 sigs=1 cmds=1
[rtmod] SUBMIT tid=15281 cv=3476 waits=0 sigs=1 cmds=1
[rtmod] SUBMIT tid=15281 cv=3477 waits=0 sigs=1 cmds=1
[rtmod] SUBMIT tid=15281 cv=3478 waits=0 sigs=1 cmds=1
[rtmod] SUBMIT tid=15281 cv=3479 waits=0 sigs=1 cmds=1
[rtmod] SUBMIT tid=15281 cv=3480 waits=0 sigs=1 cmds=1
[rtmod] SUBMIT tid=15281 cv=3481 waits=0 sigs=1 cmds=1
[rtmod] SUBMIT tid=15281 cv=3482 waits=0 sigs=1 cmds=1
[rtmod] SUBMIT tid=15281 cv=3483 waits=0 sigs=1 cmds=1
[rtmod] SUBMIT tid=15281 cv=3484 waits=0 sigs=1 cmds=1
[rtmod] SUBMIT tid=15281 cv=3485 waits=0 sigs=1 cmds=1
[rtmod] SUBMIT tid=15281 cv=3486 waits=0 sigs=1 cmds=1
[rtmod] SUBMIT tid=15281 cv=3487 waits=0 sigs=1 cmds=1
[rtmod] SUBMIT tid=15281 cv=3488 waits=0 sigs=1 cmds=1
[rtmod] SUBMIT tid=15281 cv=3489 waits=0 sigs=1 cmds=1
[rtmod] SUBMIT tid=15281 cv=3490 waits=0 sigs=1 cmds=1
[rtmod] SUBMIT tid=15281 cv=3491 waits=0 sigs=1 cmds=1
[rtmod] SUBMIT tid=15281 cv=3492 waits=0 sigs=1 cmds=1
[rtmod] SUBMIT tid=15281 cv=3493 waits=0 sigs=1 cmds=1
[rtmod] SUBMIT tid=15281 cv=3494 waits=0 sigs=1 cmds=1
[rtmod] SUBMIT tid=15281 cv=3495 waits=0 sigs=1 cmds=1
[rtmod] SUBMIT tid=15281 cv=3496 waits=0 sigs=1 cmds=1
[rtmod] SUBMIT tid=15281 cv=3497 waits=0 sigs=1 cmds=1
[rtmod] SUBMIT tid=15281 cv=3498 waits=0 sigs=1 cmds=1
[rtmod] SUBMIT tid=15281 cv=3499 waits=0 sigs=1 cmds=1
[rtmod] SUBMIT tid=15281 cv=3500 waits=0 sigs=1 cmds=1
[rtmod] SUBMIT tid=15281 cv=3501 waits=0 sigs=1 cmds=1
[rtmod] SUBMIT tid=15281 cv=3502 waits=0 sigs=1 cmds=1
[rtmod] SUBMIT tid=15281 cv=3503 waits=0 sigs=1 cmds=1
[rtmod] SUBMIT tid=15281 cv=3504 waits=0 sigs=1 cmds=1
[rtmod] SUBMIT tid=15281 cv=3505 waits=0 sigs=1 cmds=1
[rtmod] SUBMIT tid=15281 cv=3506 waits=0 sigs=1 cmds=1
[rtmod] SUBMIT tid=15281 cv=3507 waits=0 sigs=1 cmds=1
[rtmod] SUBMIT tid=15281 cv=3508 waits=0 sigs=1 cmds=1
[rtmod] SUBMIT tid=15281 cv=3509 waits=0 sigs=1 cmds=1
[rtmod] SUBMIT tid=15281 cv=3510 waits=0 sigs=1 cmds=1
[rtmod] SUBMIT tid=15281 cv=3511 waits=0 sigs=1 cmds=1
[rtmod] SUBMIT tid=15281 cv=3512 waits=0 sigs=1 cmds=1
[rtmod] SUBMIT tid=15281 cv=3513 waits=0 sigs=1 cmds=1
[rtmod] SUBMIT tid=15281 cv=3514 waits=0 sigs=1 cmds=1
[rtmod] SUBMIT tid=15281 cv=3515 waits=0 sigs=1 cmds=1
[rtmod] SUBMIT tid=15281 cv=3516 waits=0 sigs=1 cmds=1
[rtmod] SUBMIT tid=15281 cv=3517 waits=0 sigs=1 cmds=1
[rtmod] SUBMIT tid=15281 cv=3518 waits=0 sigs=1 cmds=1
[rtmod] SUBMIT tid=15281 cv=3519 waits=0 sigs=1 cmds=1
[rtmod] SUBMIT tid=15281 cv=3520 waits=0 sigs=1 cmds=1
[rtmod] SUBMIT tid=15281 cv=3521 waits=0 sigs=1 cmds=1
[rtmod] SUBMIT tid=15281 cv=3522 waits=0 sigs=1 cmds=1
[rtmod] SUBMIT tid=15281 cv=3523 waits=0 sigs=1 cmds=1
[rtmod] SUBMIT tid=15281 cv=3524 waits=0 sigs=1 cmds=1
[rtmod] SUBMIT tid=15281 cv=3525 waits=0 sigs=1 cmds=1
[rtmod] SUBMIT tid=15281 cv=3526 waits=0 sigs=1 cmds=1
[rtmod] SUBMIT tid=15281 cv=3527 waits=0 sigs=1 cmds=1
[rtmod] SUBMIT tid=15281 cv=3528 waits=0 sigs=1 cmds=1
[rtmod] SUBMIT tid=15281 cv=3529 waits=0 sigs=1 cmds=1
[rtmod] SUBMIT tid=15281 cv=3530 waits=0 sigs=1 cmds=1
[rtmod] SUBMIT tid=15281 cv=3531 waits=0 sigs=1 cmds=1
[rtmod] SUBMIT tid=15281 cv=3532 waits=0 sigs=1 cmds=1
[rtmod] SUBMIT tid=15281 cv=3533 waits=0 sigs=1 cmds=1
[rtmod] SUBMIT tid=15281 cv=3534 waits=0 sigs=2 cmds=1
[rtmod] COMMIT-NOOP
[rtmod] SUBMIT tid=15281 cv=3535 waits=1 sigs=1 cmds=1
[rtmod] SUBMIT tid=15281 cv=3536 waits=0 sigs=1 cmds=1
[rtmod] SUBMIT tid=15281 cv=3537 waits=0 sigs=1 cmds=1
[rtmod] SUBMIT tid=15281 cv=3538 waits=0 sigs=1 cmds=1
[rtmod] SUBMIT tid=15281 cv=3539 waits=0 sigs=1 cmds=1
[rtmod] SUBMIT tid=15281 cv=3540 waits=0 sigs=1 cmds=1
[rtmod] SUBMIT tid=15281 cv=3541 waits=0 sigs=1 cmds=1
[rtmod] SUBMIT tid=15281 cv=3542 waits=0 sigs=1 cmds=1
[rtmod] SUBMIT tid=15281 cv=3543 waits=0 sigs=1 cmds=1
[rtmod] SUBMIT tid=15281 cv=3544 waits=0 sigs=1 cmds=1
[rtmod] SUBMIT tid=15281 cv=3545 waits=0 sigs=1 cmds=1
[rtmod] SUBMIT tid=15281 cv=3546 waits=0 sigs=1 cmds=1
[rtmod] SUBMIT tid=15281 cv=3547 waits=0 sigs=1 cmds=1
[rtmod] SUBMIT tid=15281 cv=3548 waits=0 sigs=1 cmds=1
[rtmod] SUBMIT tid=15281 cv=3549 waits=0 sigs=1 cmds=1
[rtmod] SUBMIT tid=15281 cv=3550 waits=0 sigs=1 cmds=1
[rtmod] SUBMIT tid=15281 cv=3551 waits=0 sigs=1 cmds=1
[rtmod] SUBMIT tid=15281 cv=3552 waits=0 sigs=1 cmds=1
[rtmod] SUBMIT tid=15281 cv=3553 waits=0 sigs=1 cmds=1
[rtmod] SUBMIT tid=15281 cv=3554 waits=0 sigs=1 cmds=1
[rtmod] SUBMIT tid=15281 cv=3555 waits=0 sigs=1 cmds=1
[rtmod] SUBMIT tid=15281 cv=3556 waits=0 sigs=1 cmds=1
[rtmod] SUBMIT tid=15281 cv=3557 waits=0 sigs=1 cmds=1
[rtmod] SUBMIT tid=15281 cv=3558 waits=0 sigs=1 cmds=1
[rtmod] SUBMIT tid=15281 cv=3559 waits=0 sigs=1 cmds=1
[rtmod] SUBMIT tid=15281 cv=3560 waits=0 sigs=1 cmds=1
[rtmod] SUBMIT tid=15281 cv=3561 waits=0 sigs=1 cmds=1
[rtmod] SUBMIT tid=15281 cv=3562 waits=0 sigs=1 cmds=1
[rtmod] SUBMIT tid=15281 cv=3563 waits=0 sigs=1 cmds=1
[rtmod] SUBMIT tid=15281 cv=3564 waits=0 sigs=1 cmds=1
[rtmod] SUBMIT tid=15281 cv=3565 waits=0 sigs=1 cmds=1
[rtmod] SUBMIT tid=15281 cv=3566 waits=0 sigs=1 cmds=1
[rtmod] SUBMIT tid=15281 cv=3567 waits=0 sigs=1 cmds=1
[rtmod] SUBMIT tid=15281 cv=3568 waits=0 sigs=1 cmds=1
[rtmod] SUBMIT tid=15281 cv=3569 waits=0 sigs=1 cmds=1
[rtmod] SUBMIT tid=15281 cv=3570 waits=0 sigs=1 cmds=1
[rtmod] SUBMIT tid=15281 cv=3571 waits=0 sigs=1 cmds=1
[rtmod] SUBMIT tid=15281 cv=3572 waits=0 sigs=1 cmds=1
[rtmod] SUBMIT tid=15281 cv=3573 waits=0 sigs=1 cmds=1
[rtmod] SUBMIT tid=15281 cv=3574 waits=0 sigs=1 cmds=1
[rtmod] SUBMIT tid=15281 cv=3575 waits=0 sigs=1 cmds=1
[rtmod] SUBMIT tid=15281 cv=3576 waits=0 sigs=1 cmds=1
[rtmod] SUBMIT tid=15281 cv=3577 waits=0 sigs=1 cmds=1
[rtmod] SUBMIT tid=15281 cv=3578 waits=0 sigs=1 cmds=1
[rtmod] SUBMIT tid=15281 cv=3579 waits=0 sigs=1 cmds=1
[rtmod] SUBMIT tid=15281 cv=3580 waits=0 sigs=1 cmds=1
[rtmod] SUBMIT tid=15281 cv=3581 waits=0 sigs=1 cmds=1
[rtmod] SUBMIT tid=15281 cv=3582 waits=0 sigs=1 cmds=1
[rtmod] SUBMIT tid=15281 cv=3583 waits=0 sigs=1 cmds=1
[rtmod] SUBMIT tid=15281 cv=3584 waits=0 sigs=1 cmds=1
[rtmod] SUBMIT tid=15281 cv=3585 waits=0 sigs=1 cmds=1
[rtmod] SUBMIT tid=15281 cv=3586 waits=0 sigs=1 cmds=1
[rtmod] SUBMIT tid=15281 cv=3587 waits=0 sigs=1 cmds=1
[rtmod] SUBMIT tid=15281 cv=3588 waits=0 sigs=1 cmds=1
[rtmod] SUBMIT tid=15281 cv=3589 waits=0 sigs=1 cmds=1
[rtmod] SUBMIT tid=15281 cv=3590 waits=0 sigs=1 cmds=1
[rtmod] SUBMIT tid=15281 cv=3591 waits=0 sigs=1 cmds=1
[rtmod] SUBMIT tid=15281 cv=3592 waits=0 sigs=1 cmds=1
[rtmod] SUBMIT tid=15281 cv=3593 waits=0 sigs=1 cmds=1
[rtmod] SUBMIT tid=15281 cv=3594 waits=0 sigs=1 cmds=1
[rtmod] SUBMIT tid=15281 cv=3595 waits=0 sigs=1 cmds=1
[rtmod] SUBMIT tid=15281 cv=3596 waits=0 sigs=1 cmds=1
[rtmod] SUBMIT tid=15281 cv=3597 waits=0 sigs=1 cmds=1
[rtmod] SUBMIT tid=15281 cv=3598 waits=0 sigs=1 cmds=1
[rtmod] SUBMIT tid=15281 cv=3599 waits=0 sigs=1 cmds=1
[rtmod] SUBMIT tid=15281 cv=3600 waits=0 sigs=1 cmds=1
[rtmod] SUBMIT tid=15281 cv=3601 waits=0 sigs=1 cmds=1
[rtmod] SUBMIT tid=15281 cv=3602 waits=0 sigs=1 cmds=1
[rtmod] SUBMIT tid=15281 cv=3603 waits=0 sigs=2 cmds=1
[rtmod] COMMIT-NOOP
[rtmod] SUBMIT tid=15281 cv=3604 waits=1 sigs=1 cmds=1
[rtmod] SUBMIT tid=15281 cv=3605 waits=0 sigs=1 cmds=1
[rtmod] SUBMIT tid=15281 cv=3606 waits=0 sigs=1 cmds=1
[rtmod] SUBMIT tid=15281 cv=3607 waits=0 sigs=1 cmds=1
[rtmod] SUBMIT tid=15281 cv=3608 waits=0 sigs=1 cmds=1
[rtmod] SUBMIT tid=15281 cv=3609 waits=0 sigs=1 cmds=1
[rtmod] SUBMIT tid=15281 cv=3610 waits=0 sigs=1 cmds=1
[rtmod] SUBMIT tid=15281 cv=3611 waits=0 sigs=1 cmds=1
[rtmod] SUBMIT tid=15281 cv=3612 waits=0 sigs=1 cmds=1
[rtmod] SUBMIT tid=15281 cv=3613 waits=0 sigs=1 cmds=1
[rtmod] SUBMIT tid=15281 cv=3614 waits=0 sigs=1 cmds=1
[rtmod] SUBMIT tid=15281 cv=3615 waits=0 sigs=1 cmds=1
[rtmod] SUBMIT tid=15281 cv=3616 waits=0 sigs=1 cmds=1
[rtmod] SUBMIT tid=15281 cv=3617 waits=0 sigs=1 cmds=1
[rtmod] SUBMIT tid=15281 cv=3618 waits=0 sigs=1 cmds=1
[rtmod] SUBMIT tid=15281 cv=3619 waits=0 sigs=1 cmds=1
[rtmod] SUBMIT tid=15281 cv=3620 waits=0 sigs=1 cmds=1
[rtmod] SUBMIT tid=15281 cv=3621 waits=0 sigs=1 cmds=1
[rtmod] SUBMIT tid=15281 cv=3622 waits=0 sigs=1 cmds=1
[rtmod] SUBMIT tid=15281 cv=3623 waits=0 sigs=1 cmds=1
[rtmod] SUBMIT tid=15281 cv=3624 waits=0 sigs=1 cmds=1
[rtmod] SUBMIT tid=15281 cv=3625 waits=0 sigs=1 cmds=1
[rtmod] SUBMIT tid=15281 cv=3626 waits=0 sigs=1 cmds=1
[rtmod] SUBMIT tid=15281 cv=3627 waits=0 sigs=1 cmds=1
[rtmod] SUBMIT tid=15281 cv=3628 waits=0 sigs=1 cmds=1
[rtmod] SUBMIT tid=15281 cv=3629 waits=0 sigs=1 cmds=1
[rtmod] SUBMIT tid=15281 cv=3630 waits=0 sigs=1 cmds=1
[rtmod] SUBMIT tid=15281 cv=3631 waits=0 sigs=1 cmds=1
[rtmod] SUBMIT tid=15281 cv=3632 waits=0 sigs=1 cmds=1
[rtmod] SUBMIT tid=15281 cv=3633 waits=0 sigs=1 cmds=1
[rtmod] SUBMIT tid=15281 cv=3634 waits=0 sigs=1 cmds=1
[rtmod] SUBMIT tid=15281 cv=3635 waits=0 sigs=1 cmds=1
[rtmod] SUBMIT tid=15281 cv=3636 waits=0 sigs=1 cmds=1
[rtmod] SUBMIT tid=15281 cv=3637 waits=0 sigs=1 cmds=1
[rtmod] SUBMIT tid=15281 cv=3638 waits=0 sigs=1 cmds=1
[rtmod] SUBMIT tid=15281 cv=3639 waits=0 sigs=1 cmds=1
[rtmod] SUBMIT tid=15281 cv=3640 waits=0 sigs=1 cmds=1
[rtmod] SUBMIT tid=15281 cv=3641 waits=0 sigs=1 cmds=1
[rtmod] SUBMIT tid=15281 cv=3642 waits=0 sigs=1 cmds=1
[rtmod] SUBMIT tid=15281 cv=3643 waits=0 sigs=1 cmds=1
[rtmod] SUBMIT tid=15281 cv=3644 waits=0 sigs=1 cmds=1
[rtmod] SUBMIT tid=15281 cv=3645 waits=0 sigs=1 cmds=1
[rtmod] SUBMIT tid=15281 cv=3646 waits=0 sigs=1 cmds=1
[rtmod] SUBMIT tid=15281 cv=3647 waits=0 sigs=1 cmds=1
[rtmod] SUBMIT tid=15281 cv=3648 waits=0 sigs=1 cmds=1
[rtmod] SUBMIT tid=15281 cv=3649 waits=0 sigs=1 cmds=1
[rtmod] SUBMIT tid=15281 cv=3650 waits=0 sigs=1 cmds=1
[rtmod] SUBMIT tid=15281 cv=3651 waits=0 sigs=1 cmds=1
[rtmod] SUBMIT tid=15281 cv=3652 waits=0 sigs=1 cmds=1
[rtmod] SUBMIT tid=15281 cv=3653 waits=0 sigs=1 cmds=1
[rtmod] SUBMIT tid=15281 cv=3654 waits=0 sigs=1 cmds=1
[rtmod] SUBMIT tid=15281 cv=3655 waits=0 sigs=1 cmds=1
[rtmod] SUBMIT tid=15281 cv=3656 waits=0 sigs=1 cmds=1
[rtmod] SUBMIT tid=15281 cv=3657 waits=0 sigs=1 cmds=1
[rtmod] SUBMIT tid=15281 cv=3658 waits=0 sigs=1 cmds=1
[rtmod] SUBMIT tid=15281 cv=3659 waits=0 sigs=1 cmds=1
[rtmod] SUBMIT tid=15281 cv=3660 waits=0 sigs=1 cmds=1
[rtmod] SUBMIT tid=15281 cv=3661 waits=0 sigs=1 cmds=1
[rtmod] SUBMIT tid=15281 cv=3662 waits=0 sigs=1 cmds=1
[rtmod] SUBMIT tid=15281 cv=3663 waits=0 sigs=1 cmds=1
[rtmod] SUBMIT tid=15281 cv=3664 waits=0 sigs=1 cmds=1
[rtmod] SUBMIT tid=15281 cv=3665 waits=0 sigs=1 cmds=1
[rtmod] SUBMIT tid=15281 cv=3666 waits=0 sigs=1 cmds=1
[rtmod] SUBMIT tid=15281 cv=3667 waits=0 sigs=1 cmds=1
[rtmod] SUBMIT tid=15281 cv=3668 waits=0 sigs=1 cmds=1
[rtmod] SUBMIT tid=15281 cv=3669 waits=0 sigs=1 cmds=1
[rtmod] SUBMIT tid=15281 cv=3670 waits=0 sigs=1 cmds=1
[rtmod] SUBMIT tid=15281 cv=3671 waits=0 sigs=1 cmds=1
[rtmod] SUBMIT tid=15281 cv=3672 waits=0 sigs=2 cmds=1
[rtmod] COMMIT-NOOP
[rtmod] SUBMIT tid=15281 cv=3673 waits=1 sigs=1 cmds=1
[rtmod] SUBMIT tid=15281 cv=3674 waits=0 sigs=1 cmds=1
[rtmod] SUBMIT tid=15281 cv=3675 waits=0 sigs=1 cmds=1
[rtmod] SUBMIT tid=15281 cv=3676 waits=0 sigs=1 cmds=1
[rtmod] SUBMIT tid=15281 cv=3677 waits=0 sigs=1 cmds=1
[rtmod] SUBMIT tid=15281 cv=3678 waits=0 sigs=1 cmds=1
[rtmod] SUBMIT tid=15281 cv=3679 waits=0 sigs=1 cmds=1
[rtmod] SUBMIT tid=15281 cv=3680 waits=0 sigs=1 cmds=1
[rtmod] SUBMIT tid=15281 cv=3681 waits=0 sigs=1 cmds=1
[rtmod] SUBMIT tid=15281 cv=3682 waits=0 sigs=1 cmds=1
[rtmod] SUBMIT tid=15281 cv=3683 waits=0 sigs=1 cmds=1
[rtmod] SUBMIT tid=15281 cv=3684 waits=0 sigs=1 cmds=1
[rtmod] SUBMIT tid=15281 cv=3685 waits=0 sigs=1 cmds=1
[rtmod] SUBMIT tid=15281 cv=3686 waits=0 sigs=1 cmds=1
[rtmod] SUBMIT tid=15281 cv=3687 waits=0 sigs=1 cmds=1
[rtmod] SUBMIT tid=15281 cv=3688 waits=0 sigs=1 cmds=1
[rtmod] SUBMIT tid=15281 cv=3689 waits=0 sigs=1 cmds=1
[rtmod] SUBMIT tid=15281 cv=3690 waits=0 sigs=1 cmds=1
[rtmod] SUBMIT tid=15281 cv=3691 waits=0 sigs=1 cmds=1
[rtmod] SUBMIT tid=15281 cv=3692 waits=0 sigs=1 cmds=1
[rtmod] SUBMIT tid=15281 cv=3693 waits=0 sigs=1 cmds=1
[rtmod] SUBMIT tid=15281 cv=3694 waits=0 sigs=1 cmds=1
[rtmod] SUBMIT tid=15281 cv=3695 waits=0 sigs=1 cmds=1
[rtmod] SUBMIT tid=15281 cv=3696 waits=0 sigs=1 cmds=1
[rtmod] SUBMIT tid=15281 cv=3697 waits=0 sigs=1 cmds=1
[rtmod] SUBMIT tid=15281 cv=3698 waits=0 sigs=1 cmds=1
[rtmod] SUBMIT tid=15281 cv=3699 waits=0 sigs=1 cmds=1
[rtmod] SUBMIT tid=15281 cv=3700 waits=0 sigs=1 cmds=1
[rtmod] SUBMIT tid=15281 cv=3701 waits=0 sigs=1 cmds=1
[rtmod] SUBMIT tid=15281 cv=3702 waits=0 sigs=1 cmds=1
[rtmod] SUBMIT tid=15281 cv=3703 waits=0 sigs=1 cmds=1
[rtmod] SUBMIT tid=15281 cv=3704 waits=0 sigs=1 cmds=1
[rtmod] SUBMIT tid=15281 cv=3705 waits=0 sigs=1 cmds=1
[rtmod] SUBMIT tid=15281 cv=3706 waits=0 sigs=1 cmds=1
[rtmod] SUBMIT tid=15281 cv=3707 waits=0 sigs=1 cmds=1
[rtmod] SUBMIT tid=15281 cv=3708 waits=0 sigs=1 cmds=1
[rtmod] SUBMIT tid=15281 cv=3709 waits=0 sigs=1 cmds=1
[rtmod] SUBMIT tid=15281 cv=3710 waits=0 sigs=1 cmds=1
[rtmod] SUBMIT tid=15281 cv=3711 waits=0 sigs=1 cmds=1
[rtmod] SUBMIT tid=15281 cv=3712 waits=0 sigs=1 cmds=1
[rtmod] SUBMIT tid=15281 cv=3713 waits=0 sigs=1 cmds=1
[rtmod] SUBMIT tid=15281 cv=3714 waits=0 sigs=1 cmds=1
[rtmod] SUBMIT tid=15281 cv=3715 waits=0 sigs=1 cmds=1
[rtmod] SUBMIT tid=15281 cv=3716 waits=0 sigs=1 cmds=1
[rtmod] SUBMIT tid=15281 cv=3717 waits=0 sigs=1 cmds=1
[rtmod] SUBMIT tid=15281 cv=3718 waits=0 sigs=1 cmds=1
[rtmod] SUBMIT tid=15281 cv=3719 waits=0 sigs=1 cmds=1
[rtmod] SUBMIT tid=15281 cv=3720 waits=0 sigs=1 cmds=1
[rtmod] SUBMIT tid=15281 cv=3721 waits=0 sigs=1 cmds=1
[rtmod] SUBMIT tid=15281 cv=3722 waits=0 sigs=1 cmds=1
[rtmod] SUBMIT tid=15281 cv=3723 waits=0 sigs=1 cmds=1
[rtmod] SUBMIT tid=15281 cv=3724 waits=0 sigs=1 cmds=1
[rtmod] SUBMIT tid=15281 cv=3725 waits=0 sigs=1 cmds=1
[rtmod] SUBMIT tid=15281 cv=3726 waits=0 sigs=1 cmds=1
[rtmod] SUBMIT tid=15281 cv=3727 waits=0 sigs=1 cmds=1
[rtmod] SUBMIT tid=15281 cv=3728 waits=0 sigs=1 cmds=1
[rtmod] SUBMIT tid=15281 cv=3729 waits=0 sigs=1 cmds=1
[rtmod] SUBMIT tid=15281 cv=3730 waits=0 sigs=1 cmds=1
[rtmod] SUBMIT tid=15281 cv=3731 waits=0 sigs=1 cmds=1
[rtmod] SUBMIT tid=15281 cv=3732 waits=0 sigs=1 cmds=1
[rtmod] SUBMIT tid=15281 cv=3733 waits=0 sigs=1 cmds=1
[rtmod] SUBMIT tid=15281 cv=3734 waits=0 sigs=1 cmds=1
[rtmod] SUBMIT tid=15281 cv=3735 waits=0 sigs=1 cmds=1
[rtmod] SUBMIT tid=15281 cv=3736 waits=0 sigs=1 cmds=1
[rtmod] SUBMIT tid=15281 cv=3737 waits=0 sigs=1 cmds=1
[rtmod] SUBMIT tid=15281 cv=3738 waits=0 sigs=1 cmds=1
[rtmod] SUBMIT tid=15281 cv=3739 waits=0 sigs=1 cmds=1
[rtmod] SUBMIT tid=15281 cv=3740 waits=0 sigs=1 cmds=1
[rtmod] SUBMIT tid=15281 cv=3741 waits=0 sigs=2 cmds=1
[rtmod] COMMIT-NOOP
[rtmod] SUBMIT tid=15281 cv=3742 waits=1 sigs=1 cmds=1
[rtmod] SUBMIT tid=15281 cv=3743 waits=0 sigs=1 cmds=1
[rtmod] SUBMIT tid=15281 cv=3744 waits=0 sigs=1 cmds=1
[rtmod] SUBMIT tid=15281 cv=3745 waits=0 sigs=1 cmds=1
[rtmod] SUBMIT tid=15281 cv=3746 waits=0 sigs=1 cmds=1
[rtmod] SUBMIT tid=15281 cv=3747 waits=0 sigs=1 cmds=1
[rtmod] SUBMIT tid=15281 cv=3748 waits=0 sigs=1 cmds=1
[rtmod] SUBMIT tid=15281 cv=3749 waits=0 sigs=1 cmds=1
[rtmod] SUBMIT tid=15281 cv=3750 waits=0 sigs=1 cmds=1
[rtmod] SUBMIT tid=15281 cv=3751 waits=0 sigs=1 cmds=1
[rtmod] SUBMIT tid=15281 cv=3752 waits=0 sigs=1 cmds=1
[rtmod] SUBMIT tid=15281 cv=3753 waits=0 sigs=1 cmds=1
[rtmod] SUBMIT tid=15281 cv=3754 waits=0 sigs=1 cmds=1
[rtmod] SUBMIT tid=15281 cv=3755 waits=0 sigs=1 cmds=1
[rtmod] SUBMIT tid=15281 cv=3756 waits=0 sigs=1 cmds=1
[rtmod] SUBMIT tid=15281 cv=3757 waits=0 sigs=1 cmds=1
[rtmod] SUBMIT tid=15281 cv=3758 waits=0 sigs=1 cmds=1
[rtmod] SUBMIT tid=15281 cv=3759 waits=0 sigs=1 cmds=1
[rtmod] SUBMIT tid=15281 cv=3760 waits=0 sigs=1 cmds=1
[rtmod] SUBMIT tid=15281 cv=3761 waits=0 sigs=1 cmds=1
[rtmod] SUBMIT tid=15281 cv=3762 waits=0 sigs=1 cmds=1
[rtmod] SUBMIT tid=15281 cv=3763 waits=0 sigs=1 cmds=1
[rtmod] SUBMIT tid=15281 cv=3764 waits=0 sigs=1 cmds=1
[rtmod] SUBMIT tid=15281 cv=3765 waits=0 sigs=1 cmds=1
[rtmod] SUBMIT tid=15281 cv=3766 waits=0 sigs=1 cmds=1
[rtmod] SUBMIT tid=15281 cv=3767 waits=0 sigs=1 cmds=1
[rtmod] SUBMIT tid=15281 cv=3768 waits=0 sigs=1 cmds=1
[rtmod] SUBMIT tid=15281 cv=3769 waits=0 sigs=1 cmds=1
[rtmod] SUBMIT tid=15281 cv=3770 waits=0 sigs=1 cmds=1
[rtmod] SUBMIT tid=15281 cv=3771 waits=0 sigs=1 cmds=1
[rtmod] SUBMIT tid=15281 cv=3772 waits=0 sigs=1 cmds=1
[rtmod] SUBMIT tid=15281 cv=3773 waits=0 sigs=1 cmds=1
[rtmod] SUBMIT tid=15281 cv=3774 waits=0 sigs=1 cmds=1
[rtmod] SUBMIT tid=15281 cv=3775 waits=0 sigs=1 cmds=1
[rtmod] SUBMIT tid=15281 cv=3776 waits=0 sigs=1 cmds=1
[rtmod] SUBMIT tid=15281 cv=3777 waits=0 sigs=1 cmds=1
[rtmod] SUBMIT tid=15281 cv=3778 waits=0 sigs=1 cmds=1
[rtmod] SUBMIT tid=15281 cv=3779 waits=0 sigs=1 cmds=1
[rtmod] SUBMIT tid=15281 cv=3780 waits=0 sigs=1 cmds=1
[rtmod] SUBMIT tid=15281 cv=3781 waits=0 sigs=1 cmds=1
[rtmod] SUBMIT tid=15281 cv=3782 waits=0 sigs=1 cmds=1
[rtmod] SUBMIT tid=15281 cv=3783 waits=0 sigs=1 cmds=1
[rtmod] SUBMIT tid=15281 cv=3784 waits=0 sigs=1 cmds=1
[rtmod] SUBMIT tid=15281 cv=3785 waits=0 sigs=1 cmds=1
[rtmod] SUBMIT tid=15281 cv=3786 waits=0 sigs=1 cmds=1
[rtmod] SUBMIT tid=15281 cv=3787 waits=0 sigs=1 cmds=1
[rtmod] SUBMIT tid=15281 cv=3788 waits=0 sigs=1 cmds=1
[rtmod] SUBMIT tid=15281 cv=3789 waits=0 sigs=1 cmds=1
[rtmod] SUBMIT tid=15281 cv=3790 waits=0 sigs=1 cmds=1
[rtmod] SUBMIT tid=15281 cv=3791 waits=0 sigs=1 cmds=1
[rtmod] SUBMIT tid=15281 cv=3792 waits=0 sigs=1 cmds=1
[rtmod] SUBMIT tid=15281 cv=3793 waits=0 sigs=1 cmds=1
[rtmod] SUBMIT tid=15281 cv=3794 waits=0 sigs=1 cmds=1
[rtmod] SUBMIT tid=15281 cv=3795 waits=0 sigs=1 cmds=1
[rtmod] SUBMIT tid=15281 cv=3796 waits=0 sigs=1 cmds=1
[rtmod] SUBMIT tid=15281 cv=3797 waits=0 sigs=1 cmds=1
[rtmod] SUBMIT tid=15281 cv=3798 waits=0 sigs=1 cmds=1
[rtmod] SUBMIT tid=15281 cv=3799 waits=0 sigs=1 cmds=1
[rtmod] SUBMIT tid=15281 cv=3800 waits=0 sigs=1 cmds=1
[rtmod] SUBMIT tid=15281 cv=3801 waits=0 sigs=1 cmds=1
[rtmod] SUBMIT tid=15281 cv=3802 waits=0 sigs=1 cmds=1
[rtmod] SUBMIT tid=15281 cv=3803 waits=0 sigs=1 cmds=1
[rtmod] SUBMIT tid=15281 cv=3804 waits=0 sigs=1 cmds=1
[rtmod] SUBMIT tid=15281 cv=3805 waits=0 sigs=1 cmds=1
[rtmod] SUBMIT tid=15281 cv=3806 waits=0 sigs=1 cmds=1
[rtmod] SUBMIT tid=15281 cv=3807 waits=0 sigs=1 cmds=1
[rtmod] SUBMIT tid=15281 cv=3808 waits=0 sigs=1 cmds=1
[rtmod] SUBMIT tid=15281 cv=3809 waits=0 sigs=1 cmds=1
[rtmod] SUBMIT tid=15281 cv=3810 waits=0 sigs=2 cmds=1
[rtmod] COMMIT-NOOP
[rtmod] SUBMIT tid=15281 cv=3811 waits=1 sigs=1 cmds=1
[rtmod] SUBMIT tid=15281 cv=3812 waits=0 sigs=1 cmds=1
[rtmod] SUBMIT tid=15281 cv=3813 waits=0 sigs=1 cmds=1
[rtmod] SUBMIT tid=15281 cv=3814 waits=0 sigs=1 cmds=1
[rtmod] SUBMIT tid=15281 cv=3815 waits=0 sigs=1 cmds=1
[rtmod] SUBMIT tid=15281 cv=3816 waits=0 sigs=1 cmds=1
[rtmod] SUBMIT tid=15281 cv=3817 waits=0 sigs=1 cmds=1
[rtmod] SUBMIT tid=15281 cv=3818 waits=0 sigs=1 cmds=1
[rtmod] SUBMIT tid=15281 cv=3819 waits=0 sigs=1 cmds=1
[rtmod] SUBMIT tid=15281 cv=3820 waits=0 sigs=1 cmds=1
[rtmod] SUBMIT tid=15281 cv=3821 waits=0 sigs=1 cmds=1
[rtmod] SUBMIT tid=15281 cv=3822 waits=0 sigs=1 cmds=1
[rtmod] SUBMIT tid=15281 cv=3823 waits=0 sigs=1 cmds=1
[rtmod] SUBMIT tid=15281 cv=3824 waits=0 sigs=1 cmds=1
[rtmod] SUBMIT tid=15281 cv=3825 waits=0 sigs=1 cmds=1
[rtmod] SUBMIT tid=15281 cv=3826 waits=0 sigs=1 cmds=1
[rtmod] SUBMIT tid=15281 cv=3827 waits=0 sigs=1 cmds=1
[rtmod] SUBMIT tid=15281 cv=3828 waits=0 sigs=1 cmds=1
[rtmod] SUBMIT tid=15281 cv=3829 waits=0 sigs=1 cmds=1
[rtmod] SUBMIT tid=15281 cv=3830 waits=0 sigs=1 cmds=1
[rtmod] SUBMIT tid=15281 cv=3831 waits=0 sigs=1 cmds=1
[rtmod] SUBMIT tid=15281 cv=3832 waits=0 sigs=1 cmds=1
[rtmod] SUBMIT tid=15281 cv=3833 waits=0 sigs=1 cmds=1
[rtmod] SUBMIT tid=15281 cv=3834 waits=0 sigs=1 cmds=1
[rtmod] SUBMIT tid=15281 cv=3835 waits=0 sigs=1 cmds=1
[rtmod] SUBMIT tid=15281 cv=3836 waits=0 sigs=1 cmds=1
[rtmod] SUBMIT tid=15281 cv=3837 waits=0 sigs=1 cmds=1
[rtmod] SUBMIT tid=15281 cv=3838 waits=0 sigs=1 cmds=1
[rtmod] SUBMIT tid=15281 cv=3839 waits=0 sigs=1 cmds=1
[rtmod] SUBMIT tid=15281 cv=3840 waits=0 sigs=1 cmds=1
[rtmod] SUBMIT tid=15281 cv=3841 waits=0 sigs=1 cmds=1
[rtmod] SUBMIT tid=15281 cv=3842 waits=0 sigs=1 cmds=1
[rtmod] SUBMIT tid=15281 cv=3843 waits=0 sigs=1 cmds=1
[rtmod] SUBMIT tid=15281 cv=3844 waits=0 sigs=1 cmds=1
[rtmod] SUBMIT tid=15281 cv=3845 waits=0 sigs=1 cmds=1
[rtmod] SUBMIT tid=15281 cv=3846 waits=0 sigs=1 cmds=1
[rtmod] SUBMIT tid=15281 cv=3847 waits=0 sigs=1 cmds=1
[rtmod] SUBMIT tid=15281 cv=3848 waits=0 sigs=1 cmds=1
[rtmod] SUBMIT tid=15281 cv=3849 waits=0 sigs=1 cmds=1
[rtmod] SUBMIT tid=15281 cv=3850 waits=0 sigs=1 cmds=1
[rtmod] SUBMIT tid=15281 cv=3851 waits=0 sigs=1 cmds=1
[rtmod] SUBMIT tid=15281 cv=3852 waits=0 sigs=1 cmds=1
[rtmod] SUBMIT tid=15281 cv=3853 waits=0 sigs=1 cmds=1
[rtmod] SUBMIT tid=15281 cv=3854 waits=0 sigs=1 cmds=1
[rtmod] SUBMIT tid=15281 cv=3855 waits=0 sigs=1 cmds=1
[rtmod] SUBMIT tid=15281 cv=3856 waits=0 sigs=1 cmds=1
[rtmod] SUBMIT tid=15281 cv=3857 waits=0 sigs=1 cmds=1
[rtmod] SUBMIT tid=15281 cv=3858 waits=0 sigs=1 cmds=1
[rtmod] SUBMIT tid=15281 cv=3859 waits=0 sigs=1 cmds=1
[rtmod] SUBMIT tid=15281 cv=3860 waits=0 sigs=1 cmds=1
[rtmod] SUBMIT tid=15281 cv=3861 waits=0 sigs=1 cmds=1
[rtmod] SUBMIT tid=15281 cv=3862 waits=0 sigs=1 cmds=1
[rtmod] SUBMIT tid=15281 cv=3863 waits=0 sigs=1 cmds=1
[rtmod] SUBMIT tid=15281 cv=3864 waits=0 sigs=1 cmds=1
[rtmod] SUBMIT tid=15281 cv=3865 waits=0 sigs=1 cmds=1
[rtmod] SUBMIT tid=15281 cv=3866 waits=0 sigs=1 cmds=1
[rtmod] SUBMIT tid=15281 cv=3867 waits=0 sigs=1 cmds=1
[rtmod] SUBMIT tid=15281 cv=3868 waits=0 sigs=1 cmds=1
[rtmod] SUBMIT tid=15281 cv=3869 waits=0 sigs=1 cmds=1
[rtmod] SUBMIT tid=15281 cv=3870 waits=0 sigs=1 cmds=1
[rtmod] SUBMIT tid=15281 cv=3871 waits=0 sigs=1 cmds=1
[rtmod] SUBMIT tid=15281 cv=3872 waits=0 sigs=1 cmds=1
[rtmod] SUBMIT tid=15281 cv=3873 waits=0 sigs=1 cmds=1
[rtmod] SUBMIT tid=15281 cv=3874 waits=0 sigs=1 cmds=1
[rtmod] SUBMIT tid=15281 cv=3875 waits=0 sigs=1 cmds=1
[rtmod] SUBMIT tid=15281 cv=3876 waits=0 sigs=1 cmds=1
[rtmod] SUBMIT tid=15281 cv=3877 waits=0 sigs=1 cmds=1
[rtmod] SUBMIT tid=15281 cv=3878 waits=0 sigs=1 cmds=1
[rtmod] SUBMIT tid=15281 cv=3879 waits=0 sigs=2 cmds=1
[rtmod] COMMIT-NOOP
[rtmod] SUBMIT tid=15281 cv=3880 waits=1 sigs=1 cmds=1
[rtmod] SUBMIT tid=15281 cv=3881 waits=0 sigs=1 cmds=1
[rtmod] SUBMIT tid=15281 cv=3882 waits=0 sigs=1 cmds=1
[rtmod] SUBMIT tid=15281 cv=3883 waits=0 sigs=1 cmds=1
[rtmod] SUBMIT tid=15281 cv=3884 waits=0 sigs=1 cmds=1
[rtmod] SUBMIT tid=15281 cv=3885 waits=0 sigs=1 cmds=1
[rtmod] SUBMIT tid=15281 cv=3886 waits=0 sigs=1 cmds=1
[rtmod] SUBMIT tid=15281 cv=3887 waits=0 sigs=1 cmds=1
[rtmod] SUBMIT tid=15281 cv=3888 waits=0 sigs=1 cmds=1
[rtmod] SUBMIT tid=15281 cv=3889 waits=0 sigs=1 cmds=1
[rtmod] SUBMIT tid=15281 cv=3890 waits=0 sigs=1 cmds=1
[rtmod] SUBMIT tid=15281 cv=3891 waits=0 sigs=1 cmds=1
[rtmod] SUBMIT tid=15281 cv=3892 waits=0 sigs=1 cmds=1
[rtmod] SUBMIT tid=15281 cv=3893 waits=0 sigs=1 cmds=1
[rtmod] SUBMIT tid=15281 cv=3894 waits=0 sigs=1 cmds=1
[rtmod] SUBMIT tid=15281 cv=3895 waits=0 sigs=1 cmds=1
[rtmod] SUBMIT tid=15281 cv=3896 waits=0 sigs=1 cmds=1
[rtmod] SUBMIT tid=15281 cv=3897 waits=0 sigs=1 cmds=1
[rtmod] SUBMIT tid=15281 cv=3898 waits=0 sigs=1 cmds=1
[rtmod] SUBMIT tid=15281 cv=3899 waits=0 sigs=1 cmds=1
[rtmod] SUBMIT tid=15281 cv=3900 waits=0 sigs=1 cmds=1
[rtmod] SUBMIT tid=15281 cv=3901 waits=0 sigs=1 cmds=1
[rtmod] SUBMIT tid=15281 cv=3902 waits=0 sigs=1 cmds=1
[rtmod] SUBMIT tid=15281 cv=3903 waits=0 sigs=1 cmds=1
[rtmod] SUBMIT tid=15281 cv=3904 waits=0 sigs=1 cmds=1
[rtmod] SUBMIT tid=15281 cv=3905 waits=0 sigs=1 cmds=1
[rtmod] SUBMIT tid=15281 cv=3906 waits=0 sigs=1 cmds=1
[rtmod] SUBMIT tid=15281 cv=3907 waits=0 sigs=1 cmds=1
[rtmod] SUBMIT tid=15281 cv=3908 waits=0 sigs=1 cmds=1
[rtmod] SUBMIT tid=15281 cv=3909 waits=0 sigs=1 cmds=1
[rtmod] SUBMIT tid=15281 cv=3910 waits=0 sigs=1 cmds=1
[rtmod] SUBMIT tid=15281 cv=3911 waits=0 sigs=1 cmds=1
[rtmod] SUBMIT tid=15281 cv=3912 waits=0 sigs=1 cmds=1
[rtmod] SUBMIT tid=15281 cv=3913 waits=0 sigs=1 cmds=1
[rtmod] SUBMIT tid=15281 cv=3914 waits=0 sigs=1 cmds=1
[rtmod] SUBMIT tid=15281 cv=3915 waits=0 sigs=1 cmds=1
[rtmod] SUBMIT tid=15281 cv=3916 waits=0 sigs=1 cmds=1
[rtmod] SUBMIT tid=15281 cv=3917 waits=0 sigs=1 cmds=1
[rtmod] SUBMIT tid=15281 cv=3918 waits=0 sigs=1 cmds=1
[rtmod] SUBMIT tid=15281 cv=3919 waits=0 sigs=1 cmds=1
[rtmod] SUBMIT tid=15281 cv=3920 waits=0 sigs=1 cmds=1
[rtmod] SUBMIT tid=15281 cv=3921 waits=0 sigs=1 cmds=1
[rtmod] SUBMIT tid=15281 cv=3922 waits=0 sigs=1 cmds=1
[rtmod] SUBMIT tid=15281 cv=3923 waits=0 sigs=1 cmds=1
[rtmod] SUBMIT tid=15281 cv=3924 waits=0 sigs=1 cmds=1
[rtmod] SUBMIT tid=15281 cv=3925 waits=0 sigs=1 cmds=1
[rtmod] SUBMIT tid=15281 cv=3926 waits=0 sigs=1 cmds=1
[rtmod] SUBMIT tid=15281 cv=3927 waits=0 sigs=1 cmds=1
[rtmod] SUBMIT tid=15281 cv=3928 waits=0 sigs=1 cmds=1
[rtmod] SUBMIT tid=15281 cv=3929 waits=0 sigs=1 cmds=1
[rtmod] SUBMIT tid=15281 cv=3930 waits=0 sigs=1 cmds=1
[rtmod] SUBMIT tid=15281 cv=3931 waits=0 sigs=1 cmds=1
[rtmod] SUBMIT tid=15281 cv=3932 waits=0 sigs=1 cmds=1
[rtmod] SUBMIT tid=15281 cv=3933 waits=0 sigs=1 cmds=1
[rtmod] SUBMIT tid=15281 cv=3934 waits=0 sigs=1 cmds=1
[rtmod] SUBMIT tid=15281 cv=3935 waits=0 sigs=1 cmds=1
[rtmod] SUBMIT tid=15281 cv=3936 waits=0 sigs=1 cmds=1
[rtmod] SUBMIT tid=15281 cv=3937 waits=0 sigs=1 cmds=1
[rtmod] SUBMIT tid=15281 cv=3938 waits=0 sigs=1 cmds=1
[rtmod] SUBMIT tid=15281 cv=3939 waits=0 sigs=1 cmds=1
[rtmod] SUBMIT tid=15281 cv=3940 waits=0 sigs=1 cmds=1
[rtmod] SUBMIT tid=15281 cv=3941 waits=0 sigs=1 cmds=1
[rtmod] SUBMIT tid=15281 cv=3942 waits=0 sigs=1 cmds=1
[rtmod] SUBMIT tid=15281 cv=3943 waits=0 sigs=1 cmds=1
[rtmod] SUBMIT tid=15281 cv=3944 waits=0 sigs=1 cmds=1
[rtmod] SUBMIT tid=15281 cv=3945 waits=0 sigs=1 cmds=1
[rtmod] SUBMIT tid=15281 cv=3946 waits=0 sigs=1 cmds=1
[rtmod] SUBMIT tid=15281 cv=3947 waits=0 sigs=1 cmds=1
[rtmod] SUBMIT tid=15281 cv=3948 waits=0 sigs=2 cmds=1
[rtmod] COMMIT-NOOP
[rtmod] SUBMIT tid=15281 cv=3949 waits=1 sigs=1 cmds=1
[rtmod] SUBMIT tid=15281 cv=3950 waits=0 sigs=1 cmds=1
[rtmod] SUBMIT tid=15281 cv=3951 waits=0 sigs=1 cmds=1
[rtmod] SUBMIT tid=15281 cv=3952 waits=0 sigs=1 cmds=1
[rtmod] SUBMIT tid=15281 cv=3953 waits=0 sigs=1 cmds=1
[rtmod] SUBMIT tid=15281 cv=3954 waits=0 sigs=1 cmds=1
[rtmod] SUBMIT tid=15281 cv=3955 waits=0 sigs=1 cmds=1
[rtmod] SUBMIT tid=15281 cv=3956 waits=0 sigs=1 cmds=1
[rtmod] SUBMIT tid=15281 cv=3957 waits=0 sigs=1 cmds=1
[rtmod] SUBMIT tid=15281 cv=3958 waits=0 sigs=1 cmds=1
[rtmod] SUBMIT tid=15281 cv=3959 waits=0 sigs=1 cmds=1
[rtmod] SUBMIT tid=15281 cv=3960 waits=0 sigs=1 cmds=1
[rtmod] SUBMIT tid=15281 cv=3961 waits=0 sigs=1 cmds=1
[rtmod] SUBMIT tid=15281 cv=3962 waits=0 sigs=1 cmds=1
[rtmod] SUBMIT tid=15281 cv=3963 waits=0 sigs=1 cmds=1
[rtmod] SUBMIT tid=15281 cv=3964 waits=0 sigs=1 cmds=1
[rtmod] SUBMIT tid=15281 cv=3965 waits=0 sigs=1 cmds=1
[rtmod] SUBMIT tid=15281 cv=3966 waits=0 sigs=1 cmds=1
[rtmod] SUBMIT tid=15281 cv=3967 waits=0 sigs=1 cmds=1
[rtmod] SUBMIT tid=15281 cv=3968 waits=0 sigs=1 cmds=1
[rtmod] SUBMIT tid=15281 cv=3969 waits=0 sigs=1 cmds=1
[rtmod] SUBMIT tid=15281 cv=3970 waits=0 sigs=1 cmds=1
[rtmod] SUBMIT tid=15281 cv=3971 waits=0 sigs=1 cmds=1
[rtmod] SUBMIT tid=15281 cv=3972 waits=0 sigs=1 cmds=1
[rtmod] SUBMIT tid=15281 cv=3973 waits=0 sigs=1 cmds=1
[rtmod] SUBMIT tid=15281 cv=3974 waits=0 sigs=1 cmds=1
[rtmod] SUBMIT tid=15281 cv=3975 waits=0 sigs=1 cmds=1
[rtmod] SUBMIT tid=15281 cv=3976 waits=0 sigs=1 cmds=1
[rtmod] SUBMIT tid=15281 cv=3977 waits=0 sigs=1 cmds=1
[rtmod] SUBMIT tid=15281 cv=3978 waits=0 sigs=1 cmds=1
[rtmod] SUBMIT tid=15281 cv=3979 waits=0 sigs=1 cmds=1
[rtmod] SUBMIT tid=15281 cv=3980 waits=0 sigs=1 cmds=1
[rtmod] SUBMIT tid=15281 cv=3981 waits=0 sigs=1 cmds=1
[rtmod] SUBMIT tid=15281 cv=3982 waits=0 sigs=1 cmds=1
[rtmod] SUBMIT tid=15281 cv=3983 waits=0 sigs=1 cmds=1
[rtmod] SUBMIT tid=15281 cv=3984 waits=0 sigs=1 cmds=1
[rtmod] SUBMIT tid=15281 cv=3985 waits=0 sigs=1 cmds=1
[rtmod] SUBMIT tid=15281 cv=3986 waits=0 sigs=1 cmds=1
[rtmod] SUBMIT tid=15281 cv=3987 waits=0 sigs=1 cmds=1
[rtmod] SUBMIT tid=15281 cv=3988 waits=0 sigs=1 cmds=1
[rtmod] SUBMIT tid=15281 cv=3989 waits=0 sigs=1 cmds=1
[rtmod] SUBMIT tid=15281 cv=3990 waits=0 sigs=1 cmds=1
[rtmod] SUBMIT tid=15281 cv=3991 waits=0 sigs=1 cmds=1
[rtmod] SUBMIT tid=15281 cv=3992 waits=0 sigs=1 cmds=1
[rtmod] SUBMIT tid=15281 cv=3993 waits=0 sigs=1 cmds=1
[rtmod] SUBMIT tid=15281 cv=3994 waits=0 sigs=1 cmds=1
[rtmod] SUBMIT tid=15281 cv=3995 waits=0 sigs=1 cmds=1
[rtmod] SUBMIT tid=15281 cv=3996 waits=0 sigs=1 cmds=1
[rtmod] SUBMIT tid=15281 cv=3997 waits=0 sigs=1 cmds=1
[rtmod] SUBMIT tid=15281 cv=3998 waits=0 sigs=1 cmds=1
[rtmod] SUBMIT tid=15281 cv=3999 waits=0 sigs=1 cmds=1
[rtmod] SUBMIT tid=15281 cv=4000 waits=0 sigs=1 cmds=1
[rtmod] SUBMIT tid=15281 cv=4001 waits=0 sigs=1 cmds=1
[rtmod] SUBMIT tid=15281 cv=4002 waits=0 sigs=1 cmds=1
[rtmod] SUBMIT tid=15281 cv=4003 waits=0 sigs=1 cmds=1
[rtmod] SUBMIT tid=15281 cv=4004 waits=0 sigs=1 cmds=1
[rtmod] SUBMIT tid=15281 cv=4005 waits=0 sigs=1 cmds=1
[rtmod] SUBMIT tid=15281 cv=4006 waits=0 sigs=1 cmds=1
[rtmod] SUBMIT tid=15281 cv=4007 waits=0 sigs=1 cmds=1
[rtmod] SUBMIT tid=15281 cv=4008 waits=0 sigs=1 cmds=1
[rtmod] SUBMIT tid=15281 cv=4009 waits=0 sigs=1 cmds=1
[rtmod] SUBMIT tid=15281 cv=4010 waits=0 sigs=1 cmds=1
[rtmod] SUBMIT tid=15281 cv=4011 waits=0 sigs=1 cmds=1
[rtmod] SUBMIT tid=15281 cv=4012 waits=0 sigs=1 cmds=1
[rtmod] SUBMIT tid=15281 cv=4013 waits=0 sigs=1 cmds=1
[rtmod] SUBMIT tid=15281 cv=4014 waits=0 sigs=1 cmds=1
[rtmod] SUBMIT tid=15281 cv=4015 waits=0 sigs=1 cmds=1
[rtmod] SUBMIT tid=15281 cv=4016 waits=0 sigs=1 cmds=1
[rtmod] SUBMIT tid=15281 cv=4017 waits=0 sigs=2 cmds=1
[rtmod] COMMIT-NOOP
[rtmod] SUBMIT tid=15281 cv=4018 waits=1 sigs=1 cmds=1
[rtmod] SUBMIT tid=15281 cv=4019 waits=0 sigs=1 cmds=1
[rtmod] SUBMIT tid=15281 cv=4020 waits=0 sigs=1 cmds=1
[rtmod] SUBMIT tid=15281 cv=4021 waits=0 sigs=1 cmds=1
[rtmod] SUBMIT tid=15281 cv=4022 waits=0 sigs=1 cmds=1
[rtmod] SUBMIT tid=15281 cv=4023 waits=0 sigs=1 cmds=1
[rtmod] SUBMIT tid=15281 cv=4024 waits=0 sigs=1 cmds=1
[rtmod] SUBMIT tid=15281 cv=4025 waits=0 sigs=1 cmds=1
[rtmod] SUBMIT tid=15281 cv=4026 waits=0 sigs=1 cmds=1
[rtmod] SUBMIT tid=15281 cv=4027 waits=0 sigs=1 cmds=1
[rtmod] SUBMIT tid=15281 cv=4028 waits=0 sigs=1 cmds=1
[rtmod] SUBMIT tid=15281 cv=4029 waits=0 sigs=1 cmds=1
[rtmod] SUBMIT tid=15281 cv=4030 waits=0 sigs=1 cmds=1
[rtmod] SUBMIT tid=15281 cv=4031 waits=0 sigs=1 cmds=1
[rtmod] SUBMIT tid=15281 cv=4032 waits=0 sigs=1 cmds=1
[rtmod] SUBMIT tid=15281 cv=4033 waits=0 sigs=1 cmds=1
[rtmod] SUBMIT tid=15281 cv=4034 waits=0 sigs=1 cmds=1
[rtmod] SUBMIT tid=15281 cv=4035 waits=0 sigs=1 cmds=1
[rtmod] SUBMIT tid=15281 cv=4036 waits=0 sigs=1 cmds=1
[rtmod] SUBMIT tid=15281 cv=4037 waits=0 sigs=1 cmds=1
[rtmod] SUBMIT tid=15281 cv=4038 waits=0 sigs=1 cmds=1
[rtmod] SUBMIT tid=15281 cv=4039 waits=0 sigs=1 cmds=1
[rtmod] SUBMIT tid=15281 cv=4040 waits=0 sigs=1 cmds=1
[rtmod] SUBMIT tid=15281 cv=4041 waits=0 sigs=1 cmds=1
[rtmod] SUBMIT tid=15281 cv=4042 waits=0 sigs=1 cmds=1
[rtmod] SUBMIT tid=15281 cv=4043 waits=0 sigs=1 cmds=1
[rtmod] SUBMIT tid=15281 cv=4044 waits=0 sigs=1 cmds=1
[rtmod] SUBMIT tid=15281 cv=4045 waits=0 sigs=1 cmds=1
[rtmod] SUBMIT tid=15281 cv=4046 waits=0 sigs=1 cmds=1
[rtmod] SUBMIT tid=15281 cv=4047 waits=0 sigs=1 cmds=1
[rtmod] SUBMIT tid=15281 cv=4048 waits=0 sigs=1 cmds=1
[rtmod] SUBMIT tid=15281 cv=4049 waits=0 sigs=1 cmds=1
[rtmod] SUBMIT tid=15281 cv=4050 waits=0 sigs=1 cmds=1
[rtmod] SUBMIT tid=15281 cv=4051 waits=0 sigs=1 cmds=1
[rtmod] SUBMIT tid=15281 cv=4052 waits=0 sigs=1 cmds=1
[rtmod] SUBMIT tid=15281 cv=4053 waits=0 sigs=1 cmds=1
[rtmod] SUBMIT tid=15281 cv=4054 waits=0 sigs=1 cmds=1
[rtmod] SUBMIT tid=15281 cv=4055 waits=0 sigs=1 cmds=1
[rtmod] SUBMIT tid=15281 cv=4056 waits=0 sigs=1 cmds=1
[rtmod] SUBMIT tid=15281 cv=4057 waits=0 sigs=1 cmds=1
[rtmod] SUBMIT tid=15281 cv=4058 waits=0 sigs=1 cmds=1
[rtmod] SUBMIT tid=15281 cv=4059 waits=0 sigs=1 cmds=1
[rtmod] SUBMIT tid=15281 cv=4060 waits=0 sigs=1 cmds=1
[rtmod] SUBMIT tid=15281 cv=4061 waits=0 sigs=1 cmds=1
[rtmod] SUBMIT tid=15281 cv=4062 waits=0 sigs=1 cmds=1
[rtmod] SUBMIT tid=15281 cv=4063 waits=0 sigs=1 cmds=1
[rtmod] SUBMIT tid=15281 cv=4064 waits=0 sigs=1 cmds=1
[rtmod] SUBMIT tid=15281 cv=4065 waits=0 sigs=1 cmds=1
[rtmod] SUBMIT tid=15281 cv=4066 waits=0 sigs=1 cmds=1
[rtmod] SUBMIT tid=15281 cv=4067 waits=0 sigs=1 cmds=1
[rtmod] SUBMIT tid=15281 cv=4068 waits=0 sigs=1 cmds=1
[rtmod] SUBMIT tid=15281 cv=4069 waits=0 sigs=1 cmds=1
[rtmod] SUBMIT tid=15281 cv=4070 waits=0 sigs=1 cmds=1
[rtmod] SUBMIT tid=15281 cv=4071 waits=0 sigs=1 cmds=1
[rtmod] SUBMIT tid=15281 cv=4072 waits=0 sigs=1 cmds=1
[rtmod] SUBMIT tid=15281 cv=4073 waits=0 sigs=1 cmds=1
[rtmod] SUBMIT tid=15281 cv=4074 waits=0 sigs=1 cmds=1
[rtmod] SUBMIT tid=15281 cv=4075 waits=0 sigs=1 cmds=1
[rtmod] SUBMIT tid=15281 cv=4076 waits=0 sigs=1 cmds=1
[rtmod] SUBMIT tid=15281 cv=4077 waits=0 sigs=1 cmds=1
[rtmod] SUBMIT tid=15281 cv=4078 waits=0 sigs=1 cmds=1
[rtmod] SUBMIT tid=15281 cv=4079 waits=0 sigs=1 cmds=1
[rtmod] SUBMIT tid=15281 cv=4080 waits=0 sigs=1 cmds=1
[rtmod] SUBMIT tid=15281 cv=4081 waits=0 sigs=1 cmds=1
[rtmod] SUBMIT tid=15281 cv=4082 waits=0 sigs=1 cmds=1
[rtmod] SUBMIT tid=15281 cv=4083 waits=0 sigs=1 cmds=1
[rtmod] SUBMIT tid=15281 cv=4084 waits=0 sigs=1 cmds=1
[rtmod] SUBMIT tid=15281 cv=4085 waits=0 sigs=1 cmds=1
[rtmod] SUBMIT tid=15281 cv=4086 waits=0 sigs=2 cmds=1
[rtmod] COMMIT-NOOP
[rtmod] SUBMIT tid=15281 cv=4087 waits=1 sigs=1 cmds=1
[rtmod] SUBMIT tid=15281 cv=4088 waits=0 sigs=1 cmds=1
[rtmod] SUBMIT tid=15281 cv=4089 waits=0 sigs=1 cmds=1
[rtmod] SUBMIT tid=15281 cv=4090 waits=0 sigs=1 cmds=1
[rtmod] SUBMIT tid=15281 cv=4091 waits=0 sigs=1 cmds=1
[rtmod] SUBMIT tid=15281 cv=4092 waits=0 sigs=1 cmds=1
[rtmod] SUBMIT tid=15281 cv=4093 waits=0 sigs=1 cmds=1
[rtmod] SUBMIT tid=15281 cv=4094 waits=0 sigs=1 cmds=1
[rtmod] SUBMIT tid=15281 cv=4095 waits=0 sigs=1 cmds=1
[rtmod] SUBMIT tid=15281 cv=4096 waits=0 sigs=1 cmds=1
[rtmod] SUBMIT tid=15281 cv=4097 waits=0 sigs=1 cmds=1
[rtmod] SUBMIT tid=15281 cv=4098 waits=0 sigs=1 cmds=1
[rtmod] SUBMIT tid=15281 cv=4099 waits=0 sigs=1 cmds=1
[rtmod] SUBMIT tid=15281 cv=4100 waits=0 sigs=1 cmds=1
[rtmod] SUBMIT tid=15281 cv=4101 waits=0 sigs=1 cmds=1
[rtmod] SUBMIT tid=15281 cv=4102 waits=0 sigs=1 cmds=1
[rtmod] SUBMIT tid=15281 cv=4103 waits=0 sigs=1 cmds=1
[rtmod] SUBMIT tid=15281 cv=4104 waits=0 sigs=1 cmds=1
[rtmod] SUBMIT tid=15281 cv=4105 waits=0 sigs=1 cmds=1
[rtmod] SUBMIT tid=15281 cv=4106 waits=0 sigs=1 cmds=1
[rtmod] SUBMIT tid=15281 cv=4107 waits=0 sigs=1 cmds=1
[rtmod] SUBMIT tid=15281 cv=4108 waits=0 sigs=1 cmds=1
[rtmod] SUBMIT tid=15281 cv=4109 waits=0 sigs=1 cmds=1
[rtmod] SUBMIT tid=15281 cv=4110 waits=0 sigs=1 cmds=1
[rtmod] SUBMIT tid=15281 cv=4111 waits=0 sigs=1 cmds=1
[rtmod] SUBMIT tid=15281 cv=4112 waits=0 sigs=1 cmds=1
[rtmod] SUBMIT tid=15281 cv=4113 waits=0 sigs=1 cmds=1
[rtmod] SUBMIT tid=15281 cv=4114 waits=0 sigs=1 cmds=1
[rtmod] SUBMIT tid=15281 cv=4115 waits=0 sigs=1 cmds=1
[rtmod] SUBMIT tid=15281 cv=4116 waits=0 sigs=1 cmds=1
[rtmod] SUBMIT tid=15281 cv=4117 waits=0 sigs=1 cmds=1
[rtmod] SUBMIT tid=15281 cv=4118 waits=0 sigs=1 cmds=1
[rtmod] SUBMIT tid=15281 cv=4119 waits=0 sigs=1 cmds=1
[rtmod] SUBMIT tid=15281 cv=4120 waits=0 sigs=1 cmds=1
[rtmod] SUBMIT tid=15281 cv=4121 waits=0 sigs=1 cmds=1
[rtmod] SUBMIT tid=15281 cv=4122 waits=0 sigs=1 cmds=1
[rtmod] SUBMIT tid=15281 cv=4123 waits=0 sigs=1 cmds=1
[rtmod] SUBMIT tid=15281 cv=4124 waits=0 sigs=1 cmds=1
[rtmod] SUBMIT tid=15281 cv=4125 waits=0 sigs=1 cmds=1
[rtmod] SUBMIT tid=15281 cv=4126 waits=0 sigs=1 cmds=1
[rtmod] SUBMIT tid=15281 cv=4127 waits=0 sigs=1 cmds=1
[rtmod] SUBMIT tid=15281 cv=4128 waits=0 sigs=1 cmds=1
[rtmod] SUBMIT tid=15281 cv=4129 waits=0 sigs=1 cmds=1
[rtmod] SUBMIT tid=15281 cv=4130 waits=0 sigs=1 cmds=1
[rtmod] SUBMIT tid=15281 cv=4131 waits=0 sigs=1 cmds=1
[rtmod] SUBMIT tid=15281 cv=4132 waits=0 sigs=1 cmds=1
[rtmod] SUBMIT tid=15281 cv=4133 waits=0 sigs=1 cmds=1
[rtmod] SUBMIT tid=15281 cv=4134 waits=0 sigs=1 cmds=1
[rtmod] SUBMIT tid=15281 cv=4135 waits=0 sigs=1 cmds=1
[rtmod] SUBMIT tid=15281 cv=4136 waits=0 sigs=1 cmds=1
[rtmod] SUBMIT tid=15281 cv=4137 waits=0 sigs=1 cmds=1
[rtmod] SUBMIT tid=15281 cv=4138 waits=0 sigs=1 cmds=1
[rtmod] SUBMIT tid=15281 cv=4139 waits=0 sigs=1 cmds=1
[rtmod] SUBMIT tid=15281 cv=4140 waits=0 sigs=1 cmds=1
[rtmod] SUBMIT tid=15281 cv=4141 waits=0 sigs=1 cmds=1
[rtmod] SUBMIT tid=15281 cv=4142 waits=0 sigs=1 cmds=1
[rtmod] SUBMIT tid=15281 cv=4143 waits=0 sigs=1 cmds=1
[rtmod] SUBMIT tid=15281 cv=4144 waits=0 sigs=1 cmds=1
[rtmod] SUBMIT tid=15281 cv=4145 waits=0 sigs=1 cmds=1
[rtmod] SUBMIT tid=15281 cv=4146 waits=0 sigs=1 cmds=1
[rtmod] SUBMIT tid=15281 cv=4147 waits=0 sigs=1 cmds=1
[rtmod] SUBMIT tid=15281 cv=4148 waits=0 sigs=1 cmds=1
[rtmod] SUBMIT tid=15281 cv=4149 waits=0 sigs=1 cmds=1
[rtmod] SUBMIT tid=15281 cv=4150 waits=0 sigs=1 cmds=1
[rtmod] SUBMIT tid=15281 cv=4151 waits=0 sigs=1 cmds=1
[rtmod] SUBMIT tid=15281 cv=4152 waits=0 sigs=1 cmds=1
[rtmod] SUBMIT tid=15281 cv=4153 waits=0 sigs=1 cmds=1
[rtmod] SUBMIT tid=15281 cv=4154 waits=0 sigs=1 cmds=1
[rtmod] SUBMIT tid=15281 cv=4155 waits=0 sigs=2 cmds=1
[rtmod] COMMIT-NOOP
[rtmod] SUBMIT tid=15281 cv=4156 waits=1 sigs=1 cmds=1
[rtmod] SUBMIT tid=15281 cv=4157 waits=0 sigs=1 cmds=1
[rtmod] SUBMIT tid=15281 cv=4158 waits=0 sigs=1 cmds=1
[rtmod] SUBMIT tid=15281 cv=4159 waits=0 sigs=1 cmds=1
[rtmod] SUBMIT tid=15281 cv=4160 waits=0 sigs=1 cmds=1
[rtmod] SUBMIT tid=15281 cv=4161 waits=0 sigs=1 cmds=1
[rtmod] SUBMIT tid=15281 cv=4162 waits=0 sigs=1 cmds=1
[rtmod] SUBMIT tid=15281 cv=4163 waits=0 sigs=1 cmds=1
[rtmod] SUBMIT tid=15281 cv=4164 waits=0 sigs=1 cmds=1
[rtmod] SUBMIT tid=15281 cv=4165 waits=0 sigs=1 cmds=1
[rtmod] SUBMIT tid=15281 cv=4166 waits=0 sigs=1 cmds=1
[rtmod] SUBMIT tid=15281 cv=4167 waits=0 sigs=1 cmds=1
[rtmod] SUBMIT tid=15281 cv=4168 waits=0 sigs=1 cmds=1
[rtmod] SUBMIT tid=15281 cv=4169 waits=0 sigs=1 cmds=1
[rtmod] SUBMIT tid=15281 cv=4170 waits=0 sigs=1 cmds=1
[rtmod] SUBMIT tid=15281 cv=4171 waits=0 sigs=1 cmds=1
[rtmod] SUBMIT tid=15281 cv=4172 waits=0 sigs=1 cmds=1
[rtmod] SUBMIT tid=15281 cv=4173 waits=0 sigs=1 cmds=1
[rtmod] SUBMIT tid=15281 cv=4174 waits=0 sigs=1 cmds=1
[rtmod] SUBMIT tid=15281 cv=4175 waits=0 sigs=1 cmds=1
[rtmod] SUBMIT tid=15281 cv=4176 waits=0 sigs=1 cmds=1
[rtmod] SUBMIT tid=15281 cv=4177 waits=0 sigs=1 cmds=1
[rtmod] SUBMIT tid=15281 cv=4178 waits=0 sigs=1 cmds=1
[rtmod] SUBMIT tid=15281 cv=4179 waits=0 sigs=1 cmds=1
[rtmod] SUBMIT tid=15281 cv=4180 waits=0 sigs=1 cmds=1
[rtmod] SUBMIT tid=15281 cv=4181 waits=0 sigs=1 cmds=1
[rtmod] SUBMIT tid=15281 cv=4182 waits=0 sigs=1 cmds=1
[rtmod] SUBMIT tid=15281 cv=4183 waits=0 sigs=1 cmds=1
[rtmod] SUBMIT tid=15281 cv=4184 waits=0 sigs=1 cmds=1
[rtmod] SUBMIT tid=15281 cv=4185 waits=0 sigs=1 cmds=1
[rtmod] SUBMIT tid=15281 cv=4186 waits=0 sigs=1 cmds=1
[rtmod] SUBMIT tid=15281 cv=4187 waits=0 sigs=1 cmds=1
[rtmod] SUBMIT tid=15281 cv=4188 waits=0 sigs=1 cmds=1
[rtmod] SUBMIT tid=15281 cv=4189 waits=0 sigs=1 cmds=1
[rtmod] SUBMIT tid=15281 cv=4190 waits=0 sigs=1 cmds=1
[rtmod] SUBMIT tid=15281 cv=4191 waits=0 sigs=1 cmds=1
[rtmod] SUBMIT tid=15281 cv=4192 waits=0 sigs=1 cmds=1
[rtmod] SUBMIT tid=15281 cv=4193 waits=0 sigs=1 cmds=1
[rtmod] SUBMIT tid=15281 cv=4194 waits=0 sigs=1 cmds=1
[rtmod] SUBMIT tid=15281 cv=4195 waits=0 sigs=1 cmds=1
[rtmod] SUBMIT tid=15281 cv=4196 waits=0 sigs=1 cmds=1
[rtmod] SUBMIT tid=15281 cv=4197 waits=0 sigs=1 cmds=1
[rtmod] SUBMIT tid=15281 cv=4198 waits=0 sigs=1 cmds=1
[rtmod] SUBMIT tid=15281 cv=4199 waits=0 sigs=1 cmds=1
[rtmod] SUBMIT tid=15281 cv=4200 waits=0 sigs=1 cmds=1
[rtmod] SUBMIT tid=15281 cv=4201 waits=0 sigs=1 cmds=1
[rtmod] SUBMIT tid=15281 cv=4202 waits=0 sigs=1 cmds=1
[rtmod] SUBMIT tid=15281 cv=4203 waits=0 sigs=1 cmds=1
[rtmod] SUBMIT tid=15281 cv=4204 waits=0 sigs=1 cmds=1
[rtmod] SUBMIT tid=15281 cv=4205 waits=0 sigs=1 cmds=1
[rtmod] SUBMIT tid=15281 cv=4206 waits=0 sigs=1 cmds=1
[rtmod] SUBMIT tid=15281 cv=4207 waits=0 sigs=1 cmds=1
[rtmod] SUBMIT tid=15281 cv=4208 waits=0 sigs=1 cmds=1
[rtmod] SUBMIT tid=15281 cv=4209 waits=0 sigs=1 cmds=1
[rtmod] SUBMIT tid=15281 cv=4210 waits=0 sigs=1 cmds=1
[rtmod] SUBMIT tid=15281 cv=4211 waits=0 sigs=1 cmds=1
[rtmod] SUBMIT tid=15281 cv=4212 waits=0 sigs=1 cmds=1
[rtmod] SUBMIT tid=15281 cv=4213 waits=0 sigs=1 cmds=1
[rtmod] SUBMIT tid=15281 cv=4214 waits=0 sigs=1 cmds=1
[rtmod] SUBMIT tid=15281 cv=4215 waits=0 sigs=1 cmds=1
[rtmod] SUBMIT tid=15281 cv=4216 waits=0 sigs=1 cmds=1
[rtmod] SUBMIT tid=15281 cv=4217 waits=0 sigs=1 cmds=1
[rtmod] SUBMIT tid=15281 cv=4218 waits=0 sigs=1 cmds=1
[rtmod] SUBMIT tid=15281 cv=4219 waits=0 sigs=1 cmds=1
[rtmod] SUBMIT tid=15281 cv=4220 waits=0 sigs=1 cmds=1
[rtmod] SUBMIT tid=15281 cv=4221 waits=0 sigs=1 cmds=1
[rtmod] SUBMIT tid=15281 cv=4222 waits=0 sigs=1 cmds=1
[rtmod] SUBMIT tid=15281 cv=4223 waits=0 sigs=1 cmds=1
[rtmod] SUBMIT tid=15281 cv=4224 waits=0 sigs=2 cmds=1
[rtmod] COMMIT-NOOP
[rtmod] SUBMIT tid=15281 cv=4225 waits=1 sigs=1 cmds=1
[rtmod] SUBMIT tid=15281 cv=4226 waits=0 sigs=1 cmds=1
[rtmod] SUBMIT tid=15281 cv=4227 waits=0 sigs=1 cmds=1
[rtmod] SUBMIT tid=15281 cv=4228 waits=0 sigs=1 cmds=1
[rtmod] SUBMIT tid=15281 cv=4229 waits=0 sigs=1 cmds=1
[rtmod] SUBMIT tid=15281 cv=4230 waits=0 sigs=1 cmds=1
[rtmod] SUBMIT tid=15281 cv=4231 waits=0 sigs=1 cmds=1
[rtmod] SUBMIT tid=15281 cv=4232 waits=0 sigs=1 cmds=1
[rtmod] SUBMIT tid=15281 cv=4233 waits=0 sigs=1 cmds=1
[rtmod] SUBMIT tid=15281 cv=4234 waits=0 sigs=1 cmds=1
[rtmod] SUBMIT tid=15281 cv=4235 waits=0 sigs=1 cmds=1
[rtmod] SUBMIT tid=15281 cv=4236 waits=0 sigs=1 cmds=1
[rtmod] SUBMIT tid=15281 cv=4237 waits=0 sigs=1 cmds=1
[rtmod] SUBMIT tid=15281 cv=4238 waits=0 sigs=1 cmds=1
[rtmod] SUBMIT tid=15281 cv=4239 waits=0 sigs=1 cmds=1
[rtmod] SUBMIT tid=15281 cv=4240 waits=0 sigs=1 cmds=1
[rtmod] SUBMIT tid=15281 cv=4241 waits=0 sigs=1 cmds=1
[rtmod] SUBMIT tid=15281 cv=4242 waits=0 sigs=1 cmds=1
[rtmod] SUBMIT tid=15281 cv=4243 waits=0 sigs=1 cmds=1
[rtmod] SUBMIT tid=15281 cv=4244 waits=0 sigs=1 cmds=1
[rtmod] SUBMIT tid=15281 cv=4245 waits=0 sigs=1 cmds=1
[rtmod] SUBMIT tid=15281 cv=4246 waits=0 sigs=1 cmds=1
[rtmod] SUBMIT tid=15281 cv=4247 waits=0 sigs=1 cmds=1
[rtmod] SUBMIT tid=15281 cv=4248 waits=0 sigs=1 cmds=1
[rtmod] SUBMIT tid=15281 cv=4249 waits=0 sigs=1 cmds=1
[rtmod] SUBMIT tid=15281 cv=4250 waits=0 sigs=1 cmds=1
[rtmod] SUBMIT tid=15281 cv=4251 waits=0 sigs=1 cmds=1
[rtmod] SUBMIT tid=15281 cv=4252 waits=0 sigs=1 cmds=1
[rtmod] SUBMIT tid=15281 cv=4253 waits=0 sigs=1 cmds=1
[rtmod] SUBMIT tid=15281 cv=4254 waits=0 sigs=1 cmds=1
[rtmod] SUBMIT tid=15281 cv=4255 waits=0 sigs=1 cmds=1
[rtmod] SUBMIT tid=15281 cv=4256 waits=0 sigs=1 cmds=1
[rtmod] SUBMIT tid=15281 cv=4257 waits=0 sigs=1 cmds=1
[rtmod] SUBMIT tid=15281 cv=4258 waits=0 sigs=1 cmds=1
[rtmod] SUBMIT tid=15281 cv=4259 waits=0 sigs=1 cmds=1
[rtmod] SUBMIT tid=15281 cv=4260 waits=0 sigs=1 cmds=1
[rtmod] SUBMIT tid=15281 cv=4261 waits=0 sigs=1 cmds=1
[rtmod] SUBMIT tid=15281 cv=4262 waits=0 sigs=1 cmds=1
[rtmod] SUBMIT tid=15281 cv=4263 waits=0 sigs=1 cmds=1
[rtmod] SUBMIT tid=15281 cv=4264 waits=0 sigs=1 cmds=1
[rtmod] SUBMIT tid=15281 cv=4265 waits=0 sigs=1 cmds=1
[rtmod] SUBMIT tid=15281 cv=4266 waits=0 sigs=1 cmds=1
[rtmod] SUBMIT tid=15281 cv=4267 waits=0 sigs=1 cmds=1
[rtmod] SUBMIT tid=15281 cv=4268 waits=0 sigs=1 cmds=1
[rtmod] SUBMIT tid=15281 cv=4269 waits=0 sigs=1 cmds=1
[rtmod] SUBMIT tid=15281 cv=4270 waits=0 sigs=1 cmds=1
[rtmod] SUBMIT tid=15281 cv=4271 waits=0 sigs=1 cmds=1
[rtmod] SUBMIT tid=15281 cv=4272 waits=0 sigs=1 cmds=1
[rtmod] SUBMIT tid=15281 cv=4273 waits=0 sigs=1 cmds=1
[rtmod] SUBMIT tid=15281 cv=4274 waits=0 sigs=1 cmds=1
[rtmod] SUBMIT tid=15281 cv=4275 waits=0 sigs=1 cmds=1
[rtmod] SUBMIT tid=15281 cv=4276 waits=0 sigs=1 cmds=1
[rtmod] SUBMIT tid=15281 cv=4277 waits=0 sigs=1 cmds=1
[rtmod] SUBMIT tid=15281 cv=4278 waits=0 sigs=1 cmds=1
[rtmod] SUBMIT tid=15281 cv=4279 waits=0 sigs=1 cmds=1
[rtmod] SUBMIT tid=15281 cv=4280 waits=0 sigs=1 cmds=1
[rtmod] SUBMIT tid=15281 cv=4281 waits=0 sigs=1 cmds=1
[rtmod] SUBMIT tid=15281 cv=4282 waits=0 sigs=1 cmds=1
[rtmod] SUBMIT tid=15281 cv=4283 waits=0 sigs=1 cmds=1
[rtmod] SUBMIT tid=15281 cv=4284 waits=0 sigs=1 cmds=1
[rtmod] SUBMIT tid=15281 cv=4285 waits=0 sigs=1 cmds=1
[rtmod] SUBMIT tid=15281 cv=4286 waits=0 sigs=1 cmds=1
[rtmod] SUBMIT tid=15281 cv=4287 waits=0 sigs=1 cmds=1
[rtmod] SUBMIT tid=15281 cv=4288 waits=0 sigs=1 cmds=1
[rtmod] SUBMIT tid=15281 cv=4289 waits=0 sigs=1 cmds=1
[rtmod] SUBMIT tid=15281 cv=4290 waits=0 sigs=1 cmds=1
[rtmod] SUBMIT tid=15281 cv=4291 waits=0 sigs=1 cmds=1
[rtmod] SUBMIT tid=15281 cv=4292 waits=0 sigs=1 cmds=1
[rtmod] SUBMIT tid=15281 cv=4293 waits=0 sigs=2 cmds=1
[rtmod] COMMIT-NOOP
[rtmod] SUBMIT tid=15281 cv=4294 waits=1 sigs=1 cmds=1
[rtmod] SUBMIT tid=15281 cv=4295 waits=0 sigs=1 cmds=1
[rtmod] SUBMIT tid=15281 cv=4296 waits=0 sigs=1 cmds=1
[rtmod] SUBMIT tid=15281 cv=4297 waits=0 sigs=1 cmds=1
[rtmod] SUBMIT tid=15281 cv=4298 waits=0 sigs=1 cmds=1
[rtmod] SUBMIT tid=15281 cv=4299 waits=0 sigs=1 cmds=1
[rtmod] SUBMIT tid=15281 cv=4300 waits=0 sigs=1 cmds=1
[rtmod] SUBMIT tid=15281 cv=4301 waits=0 sigs=1 cmds=1
[rtmod] SUBMIT tid=15281 cv=4302 waits=0 sigs=1 cmds=1
[rtmod] SUBMIT tid=15281 cv=4303 waits=0 sigs=1 cmds=1
[rtmod] SUBMIT tid=15281 cv=4304 waits=0 sigs=1 cmds=1
[rtmod] SUBMIT tid=15281 cv=4305 waits=0 sigs=1 cmds=1
[rtmod] SUBMIT tid=15281 cv=4306 waits=0 sigs=1 cmds=1
[rtmod] SUBMIT tid=15281 cv=4307 waits=0 sigs=1 cmds=1
[rtmod] SUBMIT tid=15281 cv=4308 waits=0 sigs=1 cmds=1
[rtmod] SUBMIT tid=15281 cv=4309 waits=0 sigs=1 cmds=1
[rtmod] SUBMIT tid=15281 cv=4310 waits=0 sigs=1 cmds=1
[rtmod] SUBMIT tid=15281 cv=4311 waits=0 sigs=1 cmds=1
[rtmod] SUBMIT tid=15281 cv=4312 waits=0 sigs=1 cmds=1
[rtmod] SUBMIT tid=15281 cv=4313 waits=0 sigs=1 cmds=1
[rtmod] SUBMIT tid=15281 cv=4314 waits=0 sigs=1 cmds=1
[rtmod] SUBMIT tid=15281 cv=4315 waits=0 sigs=1 cmds=1
[rtmod] SUBMIT tid=15281 cv=4316 waits=0 sigs=1 cmds=1
[rtmod] SUBMIT tid=15281 cv=4317 waits=0 sigs=1 cmds=1
[rtmod] SUBMIT tid=15281 cv=4318 waits=0 sigs=1 cmds=1
[rtmod] SUBMIT tid=15281 cv=4319 waits=0 sigs=1 cmds=1
[rtmod] SUBMIT tid=15281 cv=4320 waits=0 sigs=1 cmds=1
[rtmod] SUBMIT tid=15281 cv=4321 waits=0 sigs=1 cmds=1
[rtmod] SUBMIT tid=15281 cv=4322 waits=0 sigs=1 cmds=1
[rtmod] SUBMIT tid=15281 cv=4323 waits=0 sigs=1 cmds=1
[rtmod] SUBMIT tid=15281 cv=4324 waits=0 sigs=1 cmds=1
[rtmod] SUBMIT tid=15281 cv=4325 waits=0 sigs=1 cmds=1
[rtmod] SUBMIT tid=15281 cv=4326 waits=0 sigs=1 cmds=1
[rtmod] SUBMIT tid=15281 cv=4327 waits=0 sigs=1 cmds=1
[rtmod] SUBMIT tid=15281 cv=4328 waits=0 sigs=1 cmds=1
[rtmod] SUBMIT tid=15281 cv=4329 waits=0 sigs=1 cmds=1
[rtmod] SUBMIT tid=15281 cv=4330 waits=0 sigs=1 cmds=1
[rtmod] SUBMIT tid=15281 cv=4331 waits=0 sigs=1 cmds=1
[rtmod] SUBMIT tid=15281 cv=4332 waits=0 sigs=1 cmds=1
[rtmod] SUBMIT tid=15281 cv=4333 waits=0 sigs=1 cmds=1
[rtmod] SUBMIT tid=15281 cv=4334 waits=0 sigs=1 cmds=1
[rtmod] SUBMIT tid=15281 cv=4335 waits=0 sigs=1 cmds=1
[rtmod] SUBMIT tid=15281 cv=4336 waits=0 sigs=1 cmds=1
[rtmod] SUBMIT tid=15281 cv=4337 waits=0 sigs=1 cmds=1
[rtmod] SUBMIT tid=15281 cv=4338 waits=0 sigs=1 cmds=1
[rtmod] SUBMIT tid=15281 cv=4339 waits=0 sigs=1 cmds=1
[rtmod] SUBMIT tid=15281 cv=4340 waits=0 sigs=1 cmds=1
[rtmod] SUBMIT tid=15281 cv=4341 waits=0 sigs=1 cmds=1
[rtmod] SUBMIT tid=15281 cv=4342 waits=0 sigs=1 cmds=1
[rtmod] SUBMIT tid=15281 cv=4343 waits=0 sigs=1 cmds=1
[rtmod] SUBMIT tid=15281 cv=4344 waits=0 sigs=1 cmds=1
[rtmod] SUBMIT tid=15281 cv=4345 waits=0 sigs=1 cmds=1
[rtmod] SUBMIT tid=15281 cv=4346 waits=0 sigs=1 cmds=1
[rtmod] SUBMIT tid=15281 cv=4347 waits=0 sigs=1 cmds=1
[rtmod] SUBMIT tid=15281 cv=4348 waits=0 sigs=1 cmds=1
[rtmod] SUBMIT tid=15281 cv=4349 waits=0 sigs=1 cmds=1
[rtmod] SUBMIT tid=15281 cv=4350 waits=0 sigs=1 cmds=1
[rtmod] SUBMIT tid=15281 cv=4351 waits=0 sigs=1 cmds=1
[rtmod] SUBMIT tid=15281 cv=4352 waits=0 sigs=1 cmds=1
[rtmod] SUBMIT tid=15281 cv=4353 waits=0 sigs=1 cmds=1
[rtmod] SUBMIT tid=15281 cv=4354 waits=0 sigs=1 cmds=1
[rtmod] SUBMIT tid=15281 cv=4355 waits=0 sigs=1 cmds=1
[rtmod] SUBMIT tid=15281 cv=4356 waits=0 sigs=1 cmds=1
[rtmod] SUBMIT tid=15281 cv=4357 waits=0 sigs=1 cmds=1
[rtmod] SUBMIT tid=15281 cv=4358 waits=0 sigs=1 cmds=1
[rtmod] SUBMIT tid=15281 cv=4359 waits=0 sigs=1 cmds=1
[rtmod] SUBMIT tid=15281 cv=4360 waits=0 sigs=1 cmds=1
[rtmod] SUBMIT tid=15281 cv=4361 waits=0 sigs=1 cmds=1
[rtmod] SUBMIT tid=15281 cv=4362 waits=0 sigs=2 cmds=1
[rtmod] COMMIT-NOOP
[rtmod] SUBMIT tid=15281 cv=4363 waits=1 sigs=1 cmds=1
[rtmod] SUBMIT tid=15281 cv=4364 waits=0 sigs=1 cmds=1
[rtmod] SUBMIT tid=15281 cv=4365 waits=0 sigs=1 cmds=1
[rtmod] SUBMIT tid=15281 cv=4366 waits=0 sigs=1 cmds=1
[rtmod] SUBMIT tid=15281 cv=4367 waits=0 sigs=1 cmds=1
[rtmod] SUBMIT tid=15281 cv=4368 waits=0 sigs=1 cmds=1
[rtmod] SUBMIT tid=15281 cv=4369 waits=0 sigs=1 cmds=1
[rtmod] SUBMIT tid=15281 cv=4370 waits=0 sigs=1 cmds=1
[rtmod] SUBMIT tid=15281 cv=4371 waits=0 sigs=1 cmds=1
[rtmod] SUBMIT tid=15281 cv=4372 waits=0 sigs=1 cmds=1
[rtmod] SUBMIT tid=15281 cv=4373 waits=0 sigs=1 cmds=1
[rtmod] SUBMIT tid=15281 cv=4374 waits=0 sigs=1 cmds=1
[rtmod] SUBMIT tid=15281 cv=4375 waits=0 sigs=1 cmds=1
[rtmod] SUBMIT tid=15281 cv=4376 waits=0 sigs=1 cmds=1
[rtmod] SUBMIT tid=15281 cv=4377 waits=0 sigs=1 cmds=1
[rtmod] SUBMIT tid=15281 cv=4378 waits=0 sigs=1 cmds=1
[rtmod] SUBMIT tid=15281 cv=4379 waits=0 sigs=1 cmds=1
[rtmod] SUBMIT tid=15281 cv=4380 waits=0 sigs=1 cmds=1
[rtmod] SUBMIT tid=15281 cv=4381 waits=0 sigs=1 cmds=1
[rtmod] SUBMIT tid=15281 cv=4382 waits=0 sigs=1 cmds=1
[rtmod] SUBMIT tid=15281 cv=4383 waits=0 sigs=1 cmds=1
[rtmod] SUBMIT tid=15281 cv=4384 waits=0 sigs=1 cmds=1
[rtmod] SUBMIT tid=15281 cv=4385 waits=0 sigs=1 cmds=1
[rtmod] SUBMIT tid=15281 cv=4386 waits=0 sigs=1 cmds=1
[rtmod] SUBMIT tid=15281 cv=4387 waits=0 sigs=1 cmds=1
[rtmod] SUBMIT tid=15281 cv=4388 waits=0 sigs=1 cmds=1
[rtmod] SUBMIT tid=15281 cv=4389 waits=0 sigs=1 cmds=1
[rtmod] SUBMIT tid=15281 cv=4390 waits=0 sigs=1 cmds=1
[rtmod] SUBMIT tid=15281 cv=4391 waits=0 sigs=1 cmds=1
[rtmod] SUBMIT tid=15281 cv=4392 waits=0 sigs=1 cmds=1
[rtmod] SUBMIT tid=15281 cv=4393 waits=0 sigs=1 cmds=1
[rtmod] SUBMIT tid=15281 cv=4394 waits=0 sigs=1 cmds=1
[rtmod] SUBMIT tid=15281 cv=4395 waits=0 sigs=1 cmds=1
[rtmod] SUBMIT tid=15281 cv=4396 waits=0 sigs=1 cmds=1
[rtmod] SUBMIT tid=15281 cv=4397 waits=0 sigs=1 cmds=1
[rtmod] SUBMIT tid=15281 cv=4398 waits=0 sigs=1 cmds=1
[rtmod] SUBMIT tid=15281 cv=4399 waits=0 sigs=1 cmds=1
[rtmod] SUBMIT tid=15281 cv=4400 waits=0 sigs=1 cmds=1
[rtmod] SUBMIT tid=15281 cv=4401 waits=0 sigs=1 cmds=1
[rtmod] SUBMIT tid=15281 cv=4402 waits=0 sigs=1 cmds=1
[rtmod] SUBMIT tid=15281 cv=4403 waits=0 sigs=1 cmds=1
[rtmod] SUBMIT tid=15281 cv=4404 waits=0 sigs=1 cmds=1
[rtmod] SUBMIT tid=15281 cv=4405 waits=0 sigs=1 cmds=1
[rtmod] SUBMIT tid=15281 cv=4406 waits=0 sigs=1 cmds=1
[rtmod] SUBMIT tid=15281 cv=4407 waits=0 sigs=1 cmds=1
[rtmod] SUBMIT tid=15281 cv=4408 waits=0 sigs=1 cmds=1
[rtmod] SUBMIT tid=15281 cv=4409 waits=0 sigs=1 cmds=1
[rtmod] SUBMIT tid=15281 cv=4410 waits=0 sigs=1 cmds=1
[rtmod] SUBMIT tid=15281 cv=4411 waits=0 sigs=1 cmds=1
[rtmod] SUBMIT tid=15281 cv=4412 waits=0 sigs=1 cmds=1
[rtmod] SUBMIT tid=15281 cv=4413 waits=0 sigs=1 cmds=1
[rtmod] SUBMIT tid=15281 cv=4414 waits=0 sigs=1 cmds=1
[rtmod] SUBMIT tid=15281 cv=4415 waits=0 sigs=1 cmds=1
[rtmod] SUBMIT tid=15281 cv=4416 waits=0 sigs=1 cmds=1
[rtmod] SUBMIT tid=15281 cv=4417 waits=0 sigs=1 cmds=1
[rtmod] SUBMIT tid=15281 cv=4418 waits=0 sigs=1 cmds=1
[rtmod] SUBMIT tid=15281 cv=4419 waits=0 sigs=1 cmds=1
[rtmod] SUBMIT tid=15281 cv=4420 waits=0 sigs=1 cmds=1
[rtmod] SUBMIT tid=15281 cv=4421 waits=0 sigs=1 cmds=1
[rtmod] SUBMIT tid=15281 cv=4422 waits=0 sigs=1 cmds=1
[rtmod] SUBMIT tid=15281 cv=4423 waits=0 sigs=1 cmds=1
[rtmod] SUBMIT tid=15281 cv=4424 waits=0 sigs=1 cmds=1
[rtmod] SUBMIT tid=15281 cv=4425 waits=0 sigs=1 cmds=1
[rtmod] SUBMIT tid=15281 cv=4426 waits=0 sigs=1 cmds=1
[rtmod] SUBMIT tid=15281 cv=4427 waits=0 sigs=1 cmds=1
[rtmod] SUBMIT tid=15281 cv=4428 waits=0 sigs=1 cmds=1
[rtmod] SUBMIT tid=15281 cv=4429 waits=0 sigs=1 cmds=1
[rtmod] SUBMIT tid=15281 cv=4430 waits=0 sigs=1 cmds=1
[rtmod] SUBMIT tid=15281 cv=4431 waits=0 sigs=2 cmds=1
[rtmod] COMMIT-NOOP
[rtmod] SUBMIT tid=15281 cv=4432 waits=1 sigs=1 cmds=1
[rtmod] SUBMIT tid=15281 cv=4433 waits=0 sigs=1 cmds=1
[rtmod] SUBMIT tid=15281 cv=4434 waits=0 sigs=1 cmds=1
[rtmod] SUBMIT tid=15281 cv=4435 waits=0 sigs=1 cmds=1
[rtmod] SUBMIT tid=15281 cv=4436 waits=0 sigs=1 cmds=1
[rtmod] SUBMIT tid=15281 cv=4437 waits=0 sigs=1 cmds=1
[rtmod] SUBMIT tid=15281 cv=4438 waits=0 sigs=1 cmds=1
[rtmod] SUBMIT tid=15281 cv=4439 waits=0 sigs=1 cmds=1
[rtmod] SUBMIT tid=15281 cv=4440 waits=0 sigs=1 cmds=1
[rtmod] SUBMIT tid=15281 cv=4441 waits=0 sigs=1 cmds=1
[rtmod] SUBMIT tid=15281 cv=4442 waits=0 sigs=1 cmds=1
[rtmod] SUBMIT tid=15281 cv=4443 waits=0 sigs=1 cmds=1
[rtmod] SUBMIT tid=15281 cv=4444 waits=0 sigs=1 cmds=1
[rtmod] SUBMIT tid=15281 cv=4445 waits=0 sigs=1 cmds=1
[rtmod] SUBMIT tid=15281 cv=4446 waits=0 sigs=1 cmds=1
[rtmod] SUBMIT tid=15281 cv=4447 waits=0 sigs=1 cmds=1
[rtmod] SUBMIT tid=15281 cv=4448 waits=0 sigs=1 cmds=1
[rtmod] SUBMIT tid=15281 cv=4449 waits=0 sigs=1 cmds=1
[rtmod] SUBMIT tid=15281 cv=4450 waits=0 sigs=1 cmds=1
[rtmod] SUBMIT tid=15281 cv=4451 waits=0 sigs=1 cmds=1
[rtmod] SUBMIT tid=15281 cv=4452 waits=0 sigs=1 cmds=1
[rtmod] SUBMIT tid=15281 cv=4453 waits=0 sigs=1 cmds=1
[rtmod] SUBMIT tid=15281 cv=4454 waits=0 sigs=1 cmds=1
[rtmod] SUBMIT tid=15281 cv=4455 waits=0 sigs=1 cmds=1
[rtmod] SUBMIT tid=15281 cv=4456 waits=0 sigs=1 cmds=1
[rtmod] SUBMIT tid=15281 cv=4457 waits=0 sigs=1 cmds=1
[rtmod] SUBMIT tid=15281 cv=4458 waits=0 sigs=1 cmds=1
[rtmod] SUBMIT tid=15281 cv=4459 waits=0 sigs=1 cmds=1
[rtmod] SUBMIT tid=15281 cv=4460 waits=0 sigs=1 cmds=1
[rtmod] SUBMIT tid=15281 cv=4461 waits=0 sigs=1 cmds=1
[rtmod] SUBMIT tid=15281 cv=4462 waits=0 sigs=1 cmds=1
[rtmod] SUBMIT tid=15281 cv=4463 waits=0 sigs=1 cmds=1
[rtmod] SUBMIT tid=15281 cv=4464 waits=0 sigs=1 cmds=1
[rtmod] SUBMIT tid=15281 cv=4465 waits=0 sigs=1 cmds=1
[rtmod] SUBMIT tid=15281 cv=4466 waits=0 sigs=1 cmds=1
[rtmod] SUBMIT tid=15281 cv=4467 waits=0 sigs=1 cmds=1
[rtmod] SUBMIT tid=15281 cv=4468 waits=0 sigs=1 cmds=1
[rtmod] SUBMIT tid=15281 cv=4469 waits=0 sigs=1 cmds=1
[rtmod] SUBMIT tid=15281 cv=4470 waits=0 sigs=1 cmds=1
[rtmod] SUBMIT tid=15281 cv=4471 waits=0 sigs=1 cmds=1
[rtmod] SUBMIT tid=15281 cv=4472 waits=0 sigs=1 cmds=1
[rtmod] SUBMIT tid=15281 cv=4473 waits=0 sigs=1 cmds=1
[rtmod] SUBMIT tid=15281 cv=4474 waits=0 sigs=1 cmds=1
[rtmod] SUBMIT tid=15281 cv=4475 waits=0 sigs=1 cmds=1
[rtmod] SUBMIT tid=15281 cv=4476 waits=0 sigs=1 cmds=1
[rtmod] SUBMIT tid=15281 cv=4477 waits=0 sigs=1 cmds=1
[rtmod] SUBMIT tid=15281 cv=4478 waits=0 sigs=1 cmds=1
[rtmod] SUBMIT tid=15281 cv=4479 waits=0 sigs=1 cmds=1
[rtmod] SUBMIT tid=15281 cv=4480 waits=0 sigs=1 cmds=1
[rtmod] SUBMIT tid=15281 cv=4481 waits=0 sigs=1 cmds=1
[rtmod] SUBMIT tid=15281 cv=4482 waits=0 sigs=1 cmds=1
[rtmod] SUBMIT tid=15281 cv=4483 waits=0 sigs=1 cmds=1
[rtmod] SUBMIT tid=15281 cv=4484 waits=0 sigs=1 cmds=1
[rtmod] SUBMIT tid=15281 cv=4485 waits=0 sigs=1 cmds=1
[rtmod] SUBMIT tid=15281 cv=4486 waits=0 sigs=1 cmds=1
[rtmod] SUBMIT tid=15281 cv=4487 waits=0 sigs=1 cmds=1
[rtmod] SUBMIT tid=15281 cv=4488 waits=0 sigs=1 cmds=1
[rtmod] SUBMIT tid=15281 cv=4489 waits=0 sigs=1 cmds=1
[rtmod] SUBMIT tid=15281 cv=4490 waits=0 sigs=1 cmds=1
[rtmod] SUBMIT tid=15281 cv=4491 waits=0 sigs=1 cmds=1
[rtmod] SUBMIT tid=15281 cv=4492 waits=0 sigs=1 cmds=1
[rtmod] SUBMIT tid=15281 cv=4493 waits=0 sigs=1 cmds=1
[rtmod] SUBMIT tid=15281 cv=4494 waits=0 sigs=1 cmds=1
[rtmod] SUBMIT tid=15281 cv=4495 waits=0 sigs=1 cmds=1
[rtmod] SUBMIT tid=15281 cv=4496 waits=0 sigs=1 cmds=1
[rtmod] SUBMIT tid=15281 cv=4497 waits=0 sigs=1 cmds=1
[rtmod] SUBMIT tid=15281 cv=4498 waits=0 sigs=1 cmds=1
[rtmod] SUBMIT tid=15281 cv=4499 waits=0 sigs=1 cmds=1
[rtmod] SUBMIT tid=15281 cv=4500 waits=0 sigs=2 cmds=1
[rtmod] COMMIT-NOOP
[rtmod] SUBMIT tid=15281 cv=4501 waits=1 sigs=1 cmds=1
[rtmod] SUBMIT tid=15281 cv=4502 waits=0 sigs=1 cmds=1
[rtmod] SUBMIT tid=15281 cv=4503 waits=0 sigs=1 cmds=1
[rtmod] SUBMIT tid=15281 cv=4504 waits=0 sigs=1 cmds=1
[rtmod] SUBMIT tid=15281 cv=4505 waits=0 sigs=1 cmds=1
[rtmod] SUBMIT tid=15281 cv=4506 waits=0 sigs=1 cmds=1
[rtmod] SUBMIT tid=15281 cv=4507 waits=0 sigs=1 cmds=1
[rtmod] SUBMIT tid=15281 cv=4508 waits=0 sigs=1 cmds=1
[rtmod] SUBMIT tid=15281 cv=4509 waits=0 sigs=1 cmds=1
[rtmod] SUBMIT tid=15281 cv=4510 waits=0 sigs=1 cmds=1
[rtmod] SUBMIT tid=15281 cv=4511 waits=0 sigs=1 cmds=1
[rtmod] SUBMIT tid=15281 cv=4512 waits=0 sigs=1 cmds=1
[rtmod] SUBMIT tid=15281 cv=4513 waits=0 sigs=1 cmds=1
[rtmod] SUBMIT tid=15281 cv=4514 waits=0 sigs=1 cmds=1
[rtmod] SUBMIT tid=15281 cv=4515 waits=0 sigs=1 cmds=1
[rtmod] SUBMIT tid=15281 cv=4516 waits=0 sigs=1 cmds=1
[rtmod] SUBMIT tid=15281 cv=4517 waits=0 sigs=1 cmds=1
[rtmod] SUBMIT tid=15281 cv=4518 waits=0 sigs=1 cmds=1
[rtmod] SUBMIT tid=15281 cv=4519 waits=0 sigs=1 cmds=1
[rtmod] SUBMIT tid=15281 cv=4520 waits=0 sigs=1 cmds=1
[rtmod] SUBMIT tid=15281 cv=4521 waits=0 sigs=1 cmds=1
[rtmod] SUBMIT tid=15281 cv=4522 waits=0 sigs=1 cmds=1
[rtmod] SUBMIT tid=15281 cv=4523 waits=0 sigs=1 cmds=1
[rtmod] SUBMIT tid=15281 cv=4524 waits=0 sigs=1 cmds=1
[rtmod] SUBMIT tid=15281 cv=4525 waits=0 sigs=1 cmds=1
[rtmod] SUBMIT tid=15281 cv=4526 waits=0 sigs=1 cmds=1
[rtmod] SUBMIT tid=15281 cv=4527 waits=0 sigs=1 cmds=1
[rtmod] SUBMIT tid=15281 cv=4528 waits=0 sigs=1 cmds=1
[rtmod] SUBMIT tid=15281 cv=4529 waits=0 sigs=1 cmds=1
[rtmod] SUBMIT tid=15281 cv=4530 waits=0 sigs=1 cmds=1
[rtmod] SUBMIT tid=15281 cv=4531 waits=0 sigs=1 cmds=1
[rtmod] SUBMIT tid=15281 cv=4532 waits=0 sigs=1 cmds=1
[rtmod] SUBMIT tid=15281 cv=4533 waits=0 sigs=1 cmds=1
[rtmod] SUBMIT tid=15281 cv=4534 waits=0 sigs=1 cmds=1
[rtmod] SUBMIT tid=15281 cv=4535 waits=0 sigs=1 cmds=1
[rtmod] SUBMIT tid=15281 cv=4536 waits=0 sigs=1 cmds=1
[rtmod] SUBMIT tid=15281 cv=4537 waits=0 sigs=1 cmds=1
[rtmod] SUBMIT tid=15281 cv=4538 waits=0 sigs=1 cmds=1
[rtmod] SUBMIT tid=15281 cv=4539 waits=0 sigs=1 cmds=1
[rtmod] SUBMIT tid=15281 cv=4540 waits=0 sigs=1 cmds=1
[rtmod] SUBMIT tid=15281 cv=4541 waits=0 sigs=1 cmds=1
[rtmod] SUBMIT tid=15281 cv=4542 waits=0 sigs=1 cmds=1
[rtmod] SUBMIT tid=15281 cv=4543 waits=0 sigs=1 cmds=1
[rtmod] SUBMIT tid=15281 cv=4544 waits=0 sigs=1 cmds=1
[rtmod] SUBMIT tid=15281 cv=4545 waits=0 sigs=1 cmds=1
[rtmod] SUBMIT tid=15281 cv=4546 waits=0 sigs=1 cmds=1
[rtmod] SUBMIT tid=15281 cv=4547 waits=0 sigs=1 cmds=1
[rtmod] SUBMIT tid=15281 cv=4548 waits=0 sigs=1 cmds=1
[rtmod] SUBMIT tid=15281 cv=4549 waits=0 sigs=1 cmds=1
[rtmod] SUBMIT tid=15281 cv=4550 waits=0 sigs=1 cmds=1
[rtmod] SUBMIT tid=15281 cv=4551 waits=0 sigs=1 cmds=1
[rtmod] SUBMIT tid=15281 cv=4552 waits=0 sigs=1 cmds=1
[rtmod] SUBMIT tid=15281 cv=4553 waits=0 sigs=1 cmds=1
[rtmod] SUBMIT tid=15281 cv=4554 waits=0 sigs=1 cmds=1
[rtmod] SUBMIT tid=15281 cv=4555 waits=0 sigs=1 cmds=1
[rtmod] SUBMIT tid=15281 cv=4556 waits=0 sigs=1 cmds=1
[rtmod] SUBMIT tid=15281 cv=4557 waits=0 sigs=1 cmds=1
[rtmod] SUBMIT tid=15281 cv=4558 waits=0 sigs=1 cmds=1
[rtmod] SUBMIT tid=15281 cv=4559 waits=0 sigs=1 cmds=1
[rtmod] SUBMIT tid=15281 cv=4560 waits=0 sigs=1 cmds=1
[rtmod] SUBMIT tid=15281 cv=4561 waits=0 sigs=1 cmds=1
[rtmod] SUBMIT tid=15281 cv=4562 waits=0 sigs=1 cmds=1
[rtmod] SUBMIT tid=15281 cv=4563 waits=0 sigs=1 cmds=1
[rtmod] SUBMIT tid=15281 cv=4564 waits=0 sigs=1 cmds=1
[rtmod] SUBMIT tid=15281 cv=4565 waits=0 sigs=1 cmds=1
[rtmod] SUBMIT tid=15281 cv=4566 waits=0 sigs=1 cmds=1
[rtmod] SUBMIT tid=15281 cv=4567 waits=0 sigs=1 cmds=1
[rtmod] SUBMIT tid=15281 cv=4568 waits=0 sigs=1 cmds=1
[rtmod] SUBMIT tid=15281 cv=4569 waits=0 sigs=2 cmds=1
[rtmod] COMMIT-NOOP
[rtmod] SUBMIT tid=15281 cv=4570 waits=1 sigs=1 cmds=1
[rtmod] SUBMIT tid=15281 cv=4571 waits=0 sigs=1 cmds=1
[rtmod] SUBMIT tid=15281 cv=4572 waits=0 sigs=1 cmds=1
[rtmod] SUBMIT tid=15281 cv=4573 waits=0 sigs=1 cmds=1
[rtmod] SUBMIT tid=15281 cv=4574 waits=0 sigs=1 cmds=1
[rtmod] SUBMIT tid=15281 cv=4575 waits=0 sigs=1 cmds=1
[rtmod] SUBMIT tid=15281 cv=4576 waits=0 sigs=1 cmds=1
[rtmod] SUBMIT tid=15281 cv=4577 waits=0 sigs=1 cmds=1
[rtmod] SUBMIT tid=15281 cv=4578 waits=0 sigs=1 cmds=1
[rtmod] SUBMIT tid=15281 cv=4579 waits=0 sigs=1 cmds=1
[rtmod] SUBMIT tid=15281 cv=4580 waits=0 sigs=1 cmds=1
[rtmod] SUBMIT tid=15281 cv=4581 waits=0 sigs=1 cmds=1
[rtmod] SUBMIT tid=15281 cv=4582 waits=0 sigs=1 cmds=1
[rtmod] SUBMIT tid=15281 cv=4583 waits=0 sigs=1 cmds=1
[rtmod] SUBMIT tid=15281 cv=4584 waits=0 sigs=1 cmds=1
[rtmod] SUBMIT tid=15281 cv=4585 waits=0 sigs=1 cmds=1
[rtmod] SUBMIT tid=15281 cv=4586 waits=0 sigs=1 cmds=1
[rtmod] SUBMIT tid=15281 cv=4587 waits=0 sigs=1 cmds=1
[rtmod] SUBMIT tid=15281 cv=4588 waits=0 sigs=1 cmds=1
[rtmod] SUBMIT tid=15281 cv=4589 waits=0 sigs=1 cmds=1
[rtmod] SUBMIT tid=15281 cv=4590 waits=0 sigs=1 cmds=1
[rtmod] SUBMIT tid=15281 cv=4591 waits=0 sigs=1 cmds=1
[rtmod] SUBMIT tid=15281 cv=4592 waits=0 sigs=1 cmds=1
[rtmod] SUBMIT tid=15281 cv=4593 waits=0 sigs=1 cmds=1
[rtmod] SUBMIT tid=15281 cv=4594 waits=0 sigs=1 cmds=1
[rtmod] SUBMIT tid=15281 cv=4595 waits=0 sigs=1 cmds=1
[rtmod] SUBMIT tid=15281 cv=4596 waits=0 sigs=1 cmds=1
[rtmod] SUBMIT tid=15281 cv=4597 waits=0 sigs=1 cmds=1
[rtmod] SUBMIT tid=15281 cv=4598 waits=0 sigs=1 cmds=1
[rtmod] SUBMIT tid=15281 cv=4599 waits=0 sigs=1 cmds=1
[rtmod] SUBMIT tid=15281 cv=4600 waits=0 sigs=1 cmds=1
[rtmod] SUBMIT tid=15281 cv=4601 waits=0 sigs=1 cmds=1
[rtmod] SUBMIT tid=15281 cv=4602 waits=0 sigs=1 cmds=1
[rtmod] SUBMIT tid=15281 cv=4603 waits=0 sigs=1 cmds=1
[rtmod] SUBMIT tid=15281 cv=4604 waits=0 sigs=1 cmds=1
[rtmod] SUBMIT tid=15281 cv=4605 waits=0 sigs=1 cmds=1
[rtmod] SUBMIT tid=15281 cv=4606 waits=0 sigs=1 cmds=1
[rtmod] SUBMIT tid=15281 cv=4607 waits=0 sigs=1 cmds=1
[rtmod] SUBMIT tid=15281 cv=4608 waits=0 sigs=1 cmds=1
[rtmod] SUBMIT tid=15281 cv=4609 waits=0 sigs=1 cmds=1
[rtmod] SUBMIT tid=15281 cv=4610 waits=0 sigs=1 cmds=1
[rtmod] SUBMIT tid=15281 cv=4611 waits=0 sigs=1 cmds=1
[rtmod] SUBMIT tid=15281 cv=4612 waits=0 sigs=1 cmds=1
[rtmod] SUBMIT tid=15281 cv=4613 waits=0 sigs=1 cmds=1
[rtmod] SUBMIT tid=15281 cv=4614 waits=0 sigs=1 cmds=1
[rtmod] SUBMIT tid=15281 cv=4615 waits=0 sigs=1 cmds=1
[rtmod] SUBMIT tid=15281 cv=4616 waits=0 sigs=1 cmds=1
[rtmod] SUBMIT tid=15281 cv=4617 waits=0 sigs=1 cmds=1
[rtmod] SUBMIT tid=15281 cv=4618 waits=0 sigs=1 cmds=1
[rtmod] SUBMIT tid=15281 cv=4619 waits=0 sigs=1 cmds=1
[rtmod] SUBMIT tid=15281 cv=4620 waits=0 sigs=1 cmds=1
[rtmod] SUBMIT tid=15281 cv=4621 waits=0 sigs=1 cmds=1
[rtmod] SUBMIT tid=15281 cv=4622 waits=0 sigs=1 cmds=1
[rtmod] SUBMIT tid=15281 cv=4623 waits=0 sigs=1 cmds=1
[rtmod] SUBMIT tid=15281 cv=4624 waits=0 sigs=1 cmds=1
[rtmod] SUBMIT tid=15281 cv=4625 waits=0 sigs=1 cmds=1
[rtmod] SUBMIT tid=15281 cv=4626 waits=0 sigs=1 cmds=1
[rtmod] SUBMIT tid=15281 cv=4627 waits=0 sigs=1 cmds=1
[rtmod] SUBMIT tid=15281 cv=4628 waits=0 sigs=1 cmds=1
[rtmod] SUBMIT tid=15281 cv=4629 waits=0 sigs=1 cmds=1
[rtmod] SUBMIT tid=15281 cv=4630 waits=0 sigs=1 cmds=1
[rtmod] SUBMIT tid=15281 cv=4631 waits=0 sigs=1 cmds=1
[rtmod] SUBMIT tid=15281 cv=4632 waits=0 sigs=1 cmds=1
[rtmod] SUBMIT tid=15281 cv=4633 waits=0 sigs=1 cmds=1
[rtmod] SUBMIT tid=15281 cv=4634 waits=0 sigs=1 cmds=1
[rtmod] SUBMIT tid=15281 cv=4635 waits=0 sigs=1 cmds=1
[rtmod] SUBMIT tid=15281 cv=4636 waits=0 sigs=1 cmds=1
[rtmod] SUBMIT tid=15281 cv=4637 waits=0 sigs=1 cmds=1
[rtmod] SUBMIT tid=15281 cv=4638 waits=0 sigs=2 cmds=1
[rtmod] COMMIT-NOOP
[rtmod] SUBMIT tid=15281 cv=4639 waits=1 sigs=1 cmds=1
[rtmod] SUBMIT tid=15281 cv=4640 waits=0 sigs=1 cmds=1
[rtmod] SUBMIT tid=15281 cv=4641 waits=0 sigs=1 cmds=1
[rtmod] SUBMIT tid=15281 cv=4642 waits=0 sigs=1 cmds=1
[rtmod] SUBMIT tid=15281 cv=4643 waits=0 sigs=1 cmds=1
[rtmod] SUBMIT tid=15281 cv=4644 waits=0 sigs=1 cmds=1
[rtmod] SUBMIT tid=15281 cv=4645 waits=0 sigs=1 cmds=1
[rtmod] SUBMIT tid=15281 cv=4646 waits=0 sigs=1 cmds=1
[rtmod] SUBMIT tid=15281 cv=4647 waits=0 sigs=1 cmds=1
[rtmod] SUBMIT tid=15281 cv=4648 waits=0 sigs=1 cmds=1
[rtmod] SUBMIT tid=15281 cv=4649 waits=0 sigs=1 cmds=1
[rtmod] SUBMIT tid=15281 cv=4650 waits=0 sigs=1 cmds=1
[rtmod] SUBMIT tid=15281 cv=4651 waits=0 sigs=1 cmds=1
[rtmod] SUBMIT tid=15281 cv=4652 waits=0 sigs=1 cmds=1
[rtmod] SUBMIT tid=15281 cv=4653 waits=0 sigs=1 cmds=1
[rtmod] SUBMIT tid=15281 cv=4654 waits=0 sigs=1 cmds=1
[rtmod] SUBMIT tid=15281 cv=4655 waits=0 sigs=1 cmds=1
[rtmod] SUBMIT tid=15281 cv=4656 waits=0 sigs=1 cmds=1
[rtmod] SUBMIT tid=15281 cv=4657 waits=0 sigs=1 cmds=1
[rtmod] SUBMIT tid=15281 cv=4658 waits=0 sigs=1 cmds=1
[rtmod] SUBMIT tid=15281 cv=4659 waits=0 sigs=1 cmds=1
[rtmod] SUBMIT tid=15281 cv=4660 waits=0 sigs=1 cmds=1
[rtmod] SUBMIT tid=15281 cv=4661 waits=0 sigs=1 cmds=1
[rtmod] SUBMIT tid=15281 cv=4662 waits=0 sigs=1 cmds=1
[rtmod] SUBMIT tid=15281 cv=4663 waits=0 sigs=1 cmds=1
[rtmod] SUBMIT tid=15281 cv=4664 waits=0 sigs=1 cmds=1
[rtmod] SUBMIT tid=15281 cv=4665 waits=0 sigs=1 cmds=1
[rtmod] SUBMIT tid=15281 cv=4666 waits=0 sigs=1 cmds=1
[rtmod] SUBMIT tid=15281 cv=4667 waits=0 sigs=1 cmds=1
[rtmod] SUBMIT tid=15281 cv=4668 waits=0 sigs=1 cmds=1
[rtmod] SUBMIT tid=15281 cv=4669 waits=0 sigs=1 cmds=1
[rtmod] SUBMIT tid=15281 cv=4670 waits=0 sigs=1 cmds=1
[rtmod] SUBMIT tid=15281 cv=4671 waits=0 sigs=1 cmds=1
[rtmod] SUBMIT tid=15281 cv=4672 waits=0 sigs=1 cmds=1
[rtmod] SUBMIT tid=15281 cv=4673 waits=0 sigs=1 cmds=1
[rtmod] SUBMIT tid=15281 cv=4674 waits=0 sigs=1 cmds=1
[rtmod] SUBMIT tid=15281 cv=4675 waits=0 sigs=1 cmds=1
[rtmod] SUBMIT tid=15281 cv=4676 waits=0 sigs=1 cmds=1
[rtmod] SUBMIT tid=15281 cv=4677 waits=0 sigs=1 cmds=1
[rtmod] SUBMIT tid=15281 cv=4678 waits=0 sigs=1 cmds=1
[rtmod] SUBMIT tid=15281 cv=4679 waits=0 sigs=1 cmds=1
[rtmod] SUBMIT tid=15281 cv=4680 waits=0 sigs=1 cmds=1
[rtmod] SUBMIT tid=15281 cv=4681 waits=0 sigs=1 cmds=1
[rtmod] SUBMIT tid=15281 cv=4682 waits=0 sigs=1 cmds=1
[rtmod] SUBMIT tid=15281 cv=4683 waits=0 sigs=1 cmds=1
[rtmod] SUBMIT tid=15281 cv=4684 waits=0 sigs=1 cmds=1
[rtmod] SUBMIT tid=15281 cv=4685 waits=0 sigs=1 cmds=1
[rtmod] SUBMIT tid=15281 cv=4686 waits=0 sigs=1 cmds=1
[rtmod] SUBMIT tid=15281 cv=4687 waits=0 sigs=1 cmds=1
[rtmod] SUBMIT tid=15281 cv=4688 waits=0 sigs=1 cmds=1
[rtmod] SUBMIT tid=15281 cv=4689 waits=0 sigs=1 cmds=1
[rtmod] SUBMIT tid=15281 cv=4690 waits=0 sigs=1 cmds=1
[rtmod] SUBMIT tid=15281 cv=4691 waits=0 sigs=1 cmds=1
[rtmod] SUBMIT tid=15281 cv=4692 waits=0 sigs=1 cmds=1
[rtmod] SUBMIT tid=15281 cv=4693 waits=0 sigs=1 cmds=1
[rtmod] SUBMIT tid=15281 cv=4694 waits=0 sigs=1 cmds=1
[rtmod] SUBMIT tid=15281 cv=4695 waits=0 sigs=1 cmds=1
[rtmod] SUBMIT tid=15281 cv=4696 waits=0 sigs=1 cmds=1
[rtmod] SUBMIT tid=15281 cv=4697 waits=0 sigs=1 cmds=1
[rtmod] SUBMIT tid=15281 cv=4698 waits=0 sigs=1 cmds=1
[rtmod] SUBMIT tid=15281 cv=4699 waits=0 sigs=1 cmds=1
[rtmod] SUBMIT tid=15281 cv=4700 waits=0 sigs=1 cmds=1
[rtmod] SUBMIT tid=15281 cv=4701 waits=0 sigs=1 cmds=1
[rtmod] SUBMIT tid=15281 cv=4702 waits=0 sigs=1 cmds=1
[rtmod] SUBMIT tid=15281 cv=4703 waits=0 sigs=1 cmds=1
[rtmod] SUBMIT tid=15281 cv=4704 waits=0 sigs=1 cmds=1
[rtmod] SUBMIT tid=15281 cv=4705 waits=0 sigs=1 cmds=1
[rtmod] SUBMIT tid=15281 cv=4706 waits=0 sigs=1 cmds=1
[rtmod] SUBMIT tid=15281 cv=4707 waits=0 sigs=2 cmds=1
[rtmod] COMMIT-NOOP
[rtmod] SUBMIT tid=15281 cv=4708 waits=1 sigs=1 cmds=1
[rtmod] SUBMIT tid=15281 cv=4709 waits=0 sigs=1 cmds=1
[rtmod] SUBMIT tid=15281 cv=4710 waits=0 sigs=1 cmds=1
[rtmod] SUBMIT tid=15281 cv=4711 waits=0 sigs=1 cmds=1
[rtmod] SUBMIT tid=15281 cv=4712 waits=0 sigs=1 cmds=1
[rtmod] SUBMIT tid=15281 cv=4713 waits=0 sigs=1 cmds=1
[rtmod] SUBMIT tid=15281 cv=4714 waits=0 sigs=1 cmds=1
[rtmod] SUBMIT tid=15281 cv=4715 waits=0 sigs=1 cmds=1
[rtmod] SUBMIT tid=15281 cv=4716 waits=0 sigs=1 cmds=1
[rtmod] SUBMIT tid=15281 cv=4717 waits=0 sigs=1 cmds=1
[rtmod] SUBMIT tid=15281 cv=4718 waits=0 sigs=1 cmds=1
[rtmod] SUBMIT tid=15281 cv=4719 waits=0 sigs=1 cmds=1
[rtmod] SUBMIT tid=15281 cv=4720 waits=0 sigs=1 cmds=1
[rtmod] SUBMIT tid=15281 cv=4721 waits=0 sigs=1 cmds=1
[rtmod] SUBMIT tid=15281 cv=4722 waits=0 sigs=1 cmds=1
[rtmod] SUBMIT tid=15281 cv=4723 waits=0 sigs=1 cmds=1
[rtmod] SUBMIT tid=15281 cv=4724 waits=0 sigs=1 cmds=1
[rtmod] SUBMIT tid=15281 cv=4725 waits=0 sigs=1 cmds=1
[rtmod] SUBMIT tid=15281 cv=4726 waits=0 sigs=1 cmds=1
[rtmod] SUBMIT tid=15281 cv=4727 waits=0 sigs=1 cmds=1
[rtmod] SUBMIT tid=15281 cv=4728 waits=0 sigs=1 cmds=1
[rtmod] SUBMIT tid=15281 cv=4729 waits=0 sigs=1 cmds=1
[rtmod] SUBMIT tid=15281 cv=4730 waits=0 sigs=1 cmds=1
[rtmod] SUBMIT tid=15281 cv=4731 waits=0 sigs=1 cmds=1
[rtmod] SUBMIT tid=15281 cv=4732 waits=0 sigs=1 cmds=1
[rtmod] SUBMIT tid=15281 cv=4733 waits=0 sigs=1 cmds=1
[rtmod] SUBMIT tid=15281 cv=4734 waits=0 sigs=1 cmds=1
[rtmod] SUBMIT tid=15281 cv=4735 waits=0 sigs=1 cmds=1
[rtmod] SUBMIT tid=15281 cv=4736 waits=0 sigs=1 cmds=1
[rtmod] SUBMIT tid=15281 cv=4737 waits=0 sigs=1 cmds=1
[rtmod] SUBMIT tid=15281 cv=4738 waits=0 sigs=1 cmds=1
[rtmod] SUBMIT tid=15281 cv=4739 waits=0 sigs=1 cmds=1
[rtmod] SUBMIT tid=15281 cv=4740 waits=0 sigs=1 cmds=1
[rtmod] SUBMIT tid=15281 cv=4741 waits=0 sigs=1 cmds=1
[rtmod] SUBMIT tid=15281 cv=4742 waits=0 sigs=1 cmds=1
[rtmod] SUBMIT tid=15281 cv=4743 waits=0 sigs=1 cmds=1
[rtmod] SUBMIT tid=15281 cv=4744 waits=0 sigs=1 cmds=1
[rtmod] SUBMIT tid=15281 cv=4745 waits=0 sigs=1 cmds=1
[rtmod] SUBMIT tid=15281 cv=4746 waits=0 sigs=1 cmds=1
[rtmod] SUBMIT tid=15281 cv=4747 waits=0 sigs=1 cmds=1
[rtmod] SUBMIT tid=15281 cv=4748 waits=0 sigs=1 cmds=1
[rtmod] SUBMIT tid=15281 cv=4749 waits=0 sigs=1 cmds=1
[rtmod] SUBMIT tid=15281 cv=4750 waits=0 sigs=1 cmds=1
[rtmod] SUBMIT tid=15281 cv=4751 waits=0 sigs=1 cmds=1
[rtmod] SUBMIT tid=15281 cv=4752 waits=0 sigs=1 cmds=1
[rtmod] SUBMIT tid=15281 cv=4753 waits=0 sigs=1 cmds=1
[rtmod] SUBMIT tid=15281 cv=4754 waits=0 sigs=1 cmds=1
[rtmod] SUBMIT tid=15281 cv=4755 waits=0 sigs=1 cmds=1
[rtmod] SUBMIT tid=15281 cv=4756 waits=0 sigs=1 cmds=1
[rtmod] SUBMIT tid=15281 cv=4757 waits=0 sigs=1 cmds=1
[rtmod] SUBMIT tid=15281 cv=4758 waits=0 sigs=1 cmds=1
[rtmod] SUBMIT tid=15281 cv=4759 waits=0 sigs=1 cmds=1
[rtmod] SUBMIT tid=15281 cv=4760 waits=0 sigs=1 cmds=1
[rtmod] SUBMIT tid=15281 cv=4761 waits=0 sigs=1 cmds=1
[rtmod] SUBMIT tid=15281 cv=4762 waits=0 sigs=1 cmds=1
[rtmod] SUBMIT tid=15281 cv=4763 waits=0 sigs=1 cmds=1
[rtmod] SUBMIT tid=15281 cv=4764 waits=0 sigs=1 cmds=1
[rtmod] SUBMIT tid=15281 cv=4765 waits=0 sigs=1 cmds=1
[rtmod] SUBMIT tid=15281 cv=4766 waits=0 sigs=1 cmds=1
[rtmod] SUBMIT tid=15281 cv=4767 waits=0 sigs=1 cmds=1
[rtmod] SUBMIT tid=15281 cv=4768 waits=0 sigs=1 cmds=1
[rtmod] SUBMIT tid=15281 cv=4769 waits=0 sigs=1 cmds=1
[rtmod] SUBMIT tid=15281 cv=4770 waits=0 sigs=1 cmds=1
[rtmod] SUBMIT tid=15281 cv=4771 waits=0 sigs=1 cmds=1
[rtmod] SUBMIT tid=15281 cv=4772 waits=0 sigs=1 cmds=1
[rtmod] SUBMIT tid=15281 cv=4773 waits=0 sigs=1 cmds=1
[rtmod] SUBMIT tid=15281 cv=4774 waits=0 sigs=1 cmds=1
[rtmod] SUBMIT tid=15281 cv=4775 waits=0 sigs=1 cmds=1
[rtmod] SUBMIT tid=15281 cv=4776 waits=0 sigs=2 cmds=1
[rtmod] COMMIT-NOOP
[rtmod] SUBMIT tid=15281 cv=4777 waits=1 sigs=1 cmds=1
[rtmod] SUBMIT tid=15281 cv=4778 waits=0 sigs=1 cmds=1
[rtmod] SUBMIT tid=15281 cv=4779 waits=0 sigs=1 cmds=1
[rtmod] SUBMIT tid=15281 cv=4780 waits=0 sigs=1 cmds=1
[rtmod] SUBMIT tid=15281 cv=4781 waits=0 sigs=1 cmds=1
[rtmod] SUBMIT tid=15281 cv=4782 waits=0 sigs=1 cmds=1
[rtmod] SUBMIT tid=15281 cv=4783 waits=0 sigs=1 cmds=1
[rtmod] SUBMIT tid=15281 cv=4784 waits=0 sigs=1 cmds=1
[rtmod] SUBMIT tid=15281 cv=4785 waits=0 sigs=1 cmds=1
[rtmod] SUBMIT tid=15281 cv=4786 waits=0 sigs=1 cmds=1
[rtmod] SUBMIT tid=15281 cv=4787 waits=0 sigs=1 cmds=1
[rtmod] SUBMIT tid=15281 cv=4788 waits=0 sigs=1 cmds=1
[rtmod] SUBMIT tid=15281 cv=4789 waits=0 sigs=1 cmds=1
[rtmod] SUBMIT tid=15281 cv=4790 waits=0 sigs=1 cmds=1
[rtmod] SUBMIT tid=15281 cv=4791 waits=0 sigs=1 cmds=1
[rtmod] SUBMIT tid=15281 cv=4792 waits=0 sigs=1 cmds=1
[rtmod] SUBMIT tid=15281 cv=4793 waits=0 sigs=1 cmds=1
[rtmod] SUBMIT tid=15281 cv=4794 waits=0 sigs=1 cmds=1
[rtmod] SUBMIT tid=15281 cv=4795 waits=0 sigs=1 cmds=1
[rtmod] SUBMIT tid=15281 cv=4796 waits=0 sigs=1 cmds=1
[rtmod] SUBMIT tid=15281 cv=4797 waits=0 sigs=1 cmds=1
[rtmod] SUBMIT tid=15281 cv=4798 waits=0 sigs=1 cmds=1
[rtmod] SUBMIT tid=15281 cv=4799 waits=0 sigs=1 cmds=1
[rtmod] SUBMIT tid=15281 cv=4800 waits=0 sigs=1 cmds=1
[rtmod] SUBMIT tid=15281 cv=4801 waits=0 sigs=1 cmds=1
[rtmod] SUBMIT tid=15281 cv=4802 waits=0 sigs=1 cmds=1
[rtmod] SUBMIT tid=15281 cv=4803 waits=0 sigs=1 cmds=1
[rtmod] SUBMIT tid=15281 cv=4804 waits=0 sigs=1 cmds=1
[rtmod] SUBMIT tid=15281 cv=4805 waits=0 sigs=1 cmds=1
[rtmod] SUBMIT tid=15281 cv=4806 waits=0 sigs=1 cmds=1
[rtmod] SUBMIT tid=15281 cv=4807 waits=0 sigs=1 cmds=1
[rtmod] SUBMIT tid=15281 cv=4808 waits=0 sigs=1 cmds=1
[rtmod] SUBMIT tid=15281 cv=4809 waits=0 sigs=1 cmds=1
[rtmod] SUBMIT tid=15281 cv=4810 waits=0 sigs=1 cmds=1
[rtmod] SUBMIT tid=15281 cv=4811 waits=0 sigs=1 cmds=1
[rtmod] SUBMIT tid=15281 cv=4812 waits=0 sigs=1 cmds=1
[rtmod] SUBMIT tid=15281 cv=4813 waits=0 sigs=1 cmds=1
[rtmod] SUBMIT tid=15281 cv=4814 waits=0 sigs=1 cmds=1
[rtmod] SUBMIT tid=15281 cv=4815 waits=0 sigs=1 cmds=1
[rtmod] SUBMIT tid=15281 cv=4816 waits=0 sigs=1 cmds=1
[rtmod] SUBMIT tid=15281 cv=4817 waits=0 sigs=1 cmds=1
[rtmod] SUBMIT tid=15281 cv=4818 waits=0 sigs=1 cmds=1
[rtmod] SUBMIT tid=15281 cv=4819 waits=0 sigs=1 cmds=1
[rtmod] SUBMIT tid=15281 cv=4820 waits=0 sigs=1 cmds=1
[rtmod] SUBMIT tid=15281 cv=4821 waits=0 sigs=1 cmds=1
[rtmod] SUBMIT tid=15281 cv=4822 waits=0 sigs=1 cmds=1
[rtmod] SUBMIT tid=15281 cv=4823 waits=0 sigs=1 cmds=1
[rtmod] SUBMIT tid=15281 cv=4824 waits=0 sigs=1 cmds=1
[rtmod] SUBMIT tid=15281 cv=4825 waits=0 sigs=1 cmds=1
[rtmod] SUBMIT tid=15281 cv=4826 waits=0 sigs=1 cmds=1
[rtmod] SUBMIT tid=15281 cv=4827 waits=0 sigs=1 cmds=1
[rtmod] SUBMIT tid=15281 cv=4828 waits=0 sigs=1 cmds=1
[rtmod] SUBMIT tid=15281 cv=4829 waits=0 sigs=1 cmds=1
[rtmod] SUBMIT tid=15281 cv=4830 waits=0 sigs=1 cmds=1
[rtmod] SUBMIT tid=15281 cv=4831 waits=0 sigs=1 cmds=1
[rtmod] SUBMIT tid=15281 cv=4832 waits=0 sigs=1 cmds=1
[rtmod] SUBMIT tid=15281 cv=4833 waits=0 sigs=1 cmds=1
[rtmod] SUBMIT tid=15281 cv=4834 waits=0 sigs=1 cmds=1
[rtmod] SUBMIT tid=15281 cv=4835 waits=0 sigs=1 cmds=1
[rtmod] SUBMIT tid=15281 cv=4836 waits=0 sigs=1 cmds=1
[rtmod] SUBMIT tid=15281 cv=4837 waits=0 sigs=1 cmds=1
[rtmod] SUBMIT tid=15281 cv=4838 waits=0 sigs=1 cmds=1
[rtmod] SUBMIT tid=15281 cv=4839 waits=0 sigs=1 cmds=1
[rtmod] SUBMIT tid=15281 cv=4840 waits=0 sigs=1 cmds=1
[rtmod] SUBMIT tid=15281 cv=4841 waits=0 sigs=1 cmds=1
[rtmod] SUBMIT tid=15281 cv=4842 waits=0 sigs=1 cmds=1
[rtmod] SUBMIT tid=15281 cv=4843 waits=0 sigs=1 cmds=1
[rtmod] SUBMIT tid=15281 cv=4844 waits=0 sigs=1 cmds=1
[rtmod] SUBMIT tid=15281 cv=4845 waits=0 sigs=2 cmds=1
[rtmod] COMMIT-NOOP
[rtmod] SUBMIT tid=15281 cv=4846 waits=1 sigs=1 cmds=1
[rtmod] SUBMIT tid=15281 cv=4847 waits=0 sigs=1 cmds=1
[rtmod] SUBMIT tid=15281 cv=4848 waits=0 sigs=1 cmds=1
[rtmod] SUBMIT tid=15281 cv=4849 waits=0 sigs=1 cmds=1
[rtmod] SUBMIT tid=15281 cv=4850 waits=0 sigs=1 cmds=1
[rtmod] SUBMIT tid=15281 cv=4851 waits=0 sigs=1 cmds=1
[rtmod] SUBMIT tid=15281 cv=4852 waits=0 sigs=1 cmds=1
[rtmod] SUBMIT tid=15281 cv=4853 waits=0 sigs=1 cmds=1
[rtmod] SUBMIT tid=15281 cv=4854 waits=0 sigs=1 cmds=1
[rtmod] SUBMIT tid=15281 cv=4855 waits=0 sigs=1 cmds=1
[rtmod] SUBMIT tid=15281 cv=4856 waits=0 sigs=1 cmds=1
[rtmod] SUBMIT tid=15281 cv=4857 waits=0 sigs=1 cmds=1
[rtmod] SUBMIT tid=15281 cv=4858 waits=0 sigs=1 cmds=1
[rtmod] SUBMIT tid=15281 cv=4859 waits=0 sigs=1 cmds=1
[rtmod] SUBMIT tid=15281 cv=4860 waits=0 sigs=1 cmds=1
[rtmod] SUBMIT tid=15281 cv=4861 waits=0 sigs=1 cmds=1
[rtmod] SUBMIT tid=15281 cv=4862 waits=0 sigs=1 cmds=1
[rtmod] SUBMIT tid=15281 cv=4863 waits=0 sigs=1 cmds=1
[rtmod] SUBMIT tid=15281 cv=4864 waits=0 sigs=1 cmds=1
[rtmod] SUBMIT tid=15281 cv=4865 waits=0 sigs=1 cmds=1
[rtmod] SUBMIT tid=15281 cv=4866 waits=0 sigs=1 cmds=1
[rtmod] SUBMIT tid=15281 cv=4867 waits=0 sigs=1 cmds=1
[rtmod] SUBMIT tid=15281 cv=4868 waits=0 sigs=1 cmds=1
[rtmod] SUBMIT tid=15281 cv=4869 waits=0 sigs=1 cmds=1
[rtmod] SUBMIT tid=15281 cv=4870 waits=0 sigs=1 cmds=1
[rtmod] SUBMIT tid=15281 cv=4871 waits=0 sigs=1 cmds=1
[rtmod] SUBMIT tid=15281 cv=4872 waits=0 sigs=1 cmds=1
[rtmod] SUBMIT tid=15281 cv=4873 waits=0 sigs=1 cmds=1
[rtmod] SUBMIT tid=15281 cv=4874 waits=0 sigs=1 cmds=1
[rtmod] SUBMIT tid=15281 cv=4875 waits=0 sigs=1 cmds=1
[rtmod] SUBMIT tid=15281 cv=4876 waits=0 sigs=1 cmds=1
[rtmod] SUBMIT tid=15281 cv=4877 waits=0 sigs=1 cmds=1
[rtmod] SUBMIT tid=15281 cv=4878 waits=0 sigs=1 cmds=1
[rtmod] SUBMIT tid=15281 cv=4879 waits=0 sigs=1 cmds=1
[rtmod] SUBMIT tid=15281 cv=4880 waits=0 sigs=1 cmds=1
[rtmod] SUBMIT tid=15281 cv=4881 waits=0 sigs=1 cmds=1
[rtmod] SUBMIT tid=15281 cv=4882 waits=0 sigs=1 cmds=1
[rtmod] SUBMIT tid=15281 cv=4883 waits=0 sigs=1 cmds=1
[rtmod] SUBMIT tid=15281 cv=4884 waits=0 sigs=1 cmds=1
[rtmod] SUBMIT tid=15281 cv=4885 waits=0 sigs=1 cmds=1
[rtmod] SUBMIT tid=15281 cv=4886 waits=0 sigs=1 cmds=1
[rtmod] SUBMIT tid=15281 cv=4887 waits=0 sigs=1 cmds=1
[rtmod] SUBMIT tid=15281 cv=4888 waits=0 sigs=1 cmds=1
[rtmod] SUBMIT tid=15281 cv=4889 waits=0 sigs=1 cmds=1
[rtmod] SUBMIT tid=15281 cv=4890 waits=0 sigs=1 cmds=1
[rtmod] SUBMIT tid=15281 cv=4891 waits=0 sigs=1 cmds=1
[rtmod] SUBMIT tid=15281 cv=4892 waits=0 sigs=1 cmds=1
[rtmod] SUBMIT tid=15281 cv=4893 waits=0 sigs=1 cmds=1
[rtmod] SUBMIT tid=15281 cv=4894 waits=0 sigs=1 cmds=1
[rtmod] SUBMIT tid=15281 cv=4895 waits=0 sigs=1 cmds=1
[rtmod] SUBMIT tid=15281 cv=4896 waits=0 sigs=1 cmds=1
[rtmod] SUBMIT tid=15281 cv=4897 waits=0 sigs=1 cmds=1
[rtmod] SUBMIT tid=15281 cv=4898 waits=0 sigs=1 cmds=1
[rtmod] SUBMIT tid=15281 cv=4899 waits=0 sigs=1 cmds=1
[rtmod] SUBMIT tid=15281 cv=4900 waits=0 sigs=1 cmds=1
[rtmod] SUBMIT tid=15281 cv=4901 waits=0 sigs=1 cmds=1
[rtmod] SUBMIT tid=15281 cv=4902 waits=0 sigs=1 cmds=1
[rtmod] SUBMIT tid=15281 cv=4903 waits=0 sigs=1 cmds=1
[rtmod] SUBMIT tid=15281 cv=4904 waits=0 sigs=1 cmds=1
[rtmod] SUBMIT tid=15281 cv=4905 waits=0 sigs=1 cmds=1
[rtmod] SUBMIT tid=15281 cv=4906 waits=0 sigs=1 cmds=1
[rtmod] SUBMIT tid=15281 cv=4907 waits=0 sigs=1 cmds=1
[rtmod] SUBMIT tid=15281 cv=4908 waits=0 sigs=1 cmds=1
[rtmod] SUBMIT tid=15281 cv=4909 waits=0 sigs=1 cmds=1
[rtmod] SUBMIT tid=15281 cv=4910 waits=0 sigs=1 cmds=1
[rtmod] SUBMIT tid=15281 cv=4911 waits=0 sigs=1 cmds=1
[rtmod] SUBMIT tid=15281 cv=4912 waits=0 sigs=1 cmds=1
[rtmod] SUBMIT tid=15281 cv=4913 waits=0 sigs=1 cmds=1
[rtmod] SUBMIT tid=15281 cv=4914 waits=0 sigs=2 cmds=1
[rtmod] COMMIT-NOOP
[rtmod] SUBMIT tid=15281 cv=4915 waits=1 sigs=1 cmds=1
[rtmod] SUBMIT tid=15281 cv=4916 waits=0 sigs=1 cmds=1
[rtmod] SUBMIT tid=15281 cv=4917 waits=0 sigs=1 cmds=1
[rtmod] SUBMIT tid=15281 cv=4918 waits=0 sigs=1 cmds=1
[rtmod] SUBMIT tid=15281 cv=4919 waits=0 sigs=1 cmds=1
[rtmod] SUBMIT tid=15281 cv=4920 waits=0 sigs=1 cmds=1
[rtmod] SUBMIT tid=15281 cv=4921 waits=0 sigs=1 cmds=1
[rtmod] SUBMIT tid=15281 cv=4922 waits=0 sigs=1 cmds=1
[rtmod] SUBMIT tid=15281 cv=4923 waits=0 sigs=1 cmds=1
[rtmod] SUBMIT tid=15281 cv=4924 waits=0 sigs=1 cmds=1
[rtmod] SUBMIT tid=15281 cv=4925 waits=0 sigs=1 cmds=1
[rtmod] SUBMIT tid=15281 cv=4926 waits=0 sigs=1 cmds=1
[rtmod] SUBMIT tid=15281 cv=4927 waits=0 sigs=1 cmds=1
[rtmod] SUBMIT tid=15281 cv=4928 waits=0 sigs=1 cmds=1
[rtmod] SUBMIT tid=15281 cv=4929 waits=0 sigs=1 cmds=1
[rtmod] SUBMIT tid=15281 cv=4930 waits=0 sigs=1 cmds=1
[rtmod] SUBMIT tid=15281 cv=4931 waits=0 sigs=1 cmds=1
[rtmod] SUBMIT tid=15281 cv=4932 waits=0 sigs=1 cmds=1
[rtmod] SUBMIT tid=15281 cv=4933 waits=0 sigs=1 cmds=1
[rtmod] SUBMIT tid=15281 cv=4934 waits=0 sigs=1 cmds=1
[rtmod] SUBMIT tid=15281 cv=4935 waits=0 sigs=1 cmds=1
[rtmod] SUBMIT tid=15281 cv=4936 waits=0 sigs=1 cmds=1
[rtmod] SUBMIT tid=15281 cv=4937 waits=0 sigs=1 cmds=1
[rtmod] SUBMIT tid=15281 cv=4938 waits=0 sigs=1 cmds=1
[rtmod] SUBMIT tid=15281 cv=4939 waits=0 sigs=1 cmds=1
[rtmod] SUBMIT tid=15281 cv=4940 waits=0 sigs=1 cmds=1
[rtmod] SUBMIT tid=15281 cv=4941 waits=0 sigs=1 cmds=1
[rtmod] SUBMIT tid=15281 cv=4942 waits=0 sigs=1 cmds=1
[rtmod] SUBMIT tid=15281 cv=4943 waits=0 sigs=1 cmds=1
[rtmod] SUBMIT tid=15281 cv=4944 waits=0 sigs=1 cmds=1
[rtmod] SUBMIT tid=15281 cv=4945 waits=0 sigs=1 cmds=1
[rtmod] SUBMIT tid=15281 cv=4946 waits=0 sigs=1 cmds=1
[rtmod] SUBMIT tid=15281 cv=4947 waits=0 sigs=1 cmds=1
[rtmod] SUBMIT tid=15281 cv=4948 waits=0 sigs=1 cmds=1
[rtmod] SUBMIT tid=15281 cv=4949 waits=0 sigs=1 cmds=1
[rtmod] SUBMIT tid=15281 cv=4950 waits=0 sigs=1 cmds=1
[rtmod] SUBMIT tid=15281 cv=4951 waits=0 sigs=1 cmds=1
[rtmod] SUBMIT tid=15281 cv=4952 waits=0 sigs=1 cmds=1
[rtmod] SUBMIT tid=15281 cv=4953 waits=0 sigs=1 cmds=1
[rtmod] SUBMIT tid=15281 cv=4954 waits=0 sigs=1 cmds=1
[rtmod] SUBMIT tid=15281 cv=4955 waits=0 sigs=1 cmds=1
[rtmod] SUBMIT tid=15281 cv=4956 waits=0 sigs=1 cmds=1
[rtmod] SUBMIT tid=15281 cv=4957 waits=0 sigs=1 cmds=1
[rtmod] SUBMIT tid=15281 cv=4958 waits=0 sigs=1 cmds=1
[rtmod] SUBMIT tid=15281 cv=4959 waits=0 sigs=1 cmds=1
[rtmod] SUBMIT tid=15281 cv=4960 waits=0 sigs=1 cmds=1
[rtmod] SUBMIT tid=15281 cv=4961 waits=0 sigs=1 cmds=1
[rtmod] SUBMIT tid=15281 cv=4962 waits=0 sigs=1 cmds=1
[rtmod] SUBMIT tid=15281 cv=4963 waits=0 sigs=1 cmds=1
[rtmod] SUBMIT tid=15281 cv=4964 waits=0 sigs=1 cmds=1
[rtmod] SUBMIT tid=15281 cv=4965 waits=0 sigs=1 cmds=1
[rtmod] SUBMIT tid=15281 cv=4966 waits=0 sigs=1 cmds=1
[rtmod] SUBMIT tid=15281 cv=4967 waits=0 sigs=1 cmds=1
[rtmod] SUBMIT tid=15281 cv=4968 waits=0 sigs=1 cmds=1
[rtmod] SUBMIT tid=15281 cv=4969 waits=0 sigs=1 cmds=1
[rtmod] SUBMIT tid=15281 cv=4970 waits=0 sigs=1 cmds=1
[rtmod] SUBMIT tid=15281 cv=4971 waits=0 sigs=1 cmds=1
[rtmod] SUBMIT tid=15281 cv=4972 waits=0 sigs=1 cmds=1
[rtmod] SUBMIT tid=15281 cv=4973 waits=0 sigs=1 cmds=1
[rtmod] SUBMIT tid=15281 cv=4974 waits=0 sigs=1 cmds=1
[rtmod] SUBMIT tid=15281 cv=4975 waits=0 sigs=1 cmds=1
[rtmod] SUBMIT tid=15281 cv=4976 waits=0 sigs=1 cmds=1
[rtmod] SUBMIT tid=15281 cv=4977 waits=0 sigs=1 cmds=1
[rtmod] SUBMIT tid=15281 cv=4978 waits=0 sigs=1 cmds=1
[rtmod] SUBMIT tid=15281 cv=4979 waits=0 sigs=1 cmds=1
[rtmod] SUBMIT tid=15281 cv=4980 waits=0 sigs=1 cmds=1
[rtmod] SUBMIT tid=15281 cv=4981 waits=0 sigs=1 cmds=1
[rtmod] SUBMIT tid=15281 cv=4982 waits=0 sigs=1 cmds=1
[rtmod] SUBMIT tid=15281 cv=4983 waits=0 sigs=2 cmds=1
[rtmod] COMMIT-NOOP
[rtmod] SUBMIT tid=15281 cv=4984 waits=1 sigs=1 cmds=1
[rtmod] SUBMIT tid=15281 cv=4985 waits=0 sigs=1 cmds=1
[rtmod] SUBMIT tid=15281 cv=4986 waits=0 sigs=1 cmds=1
[rtmod] SUBMIT tid=15281 cv=4987 waits=0 sigs=1 cmds=1
[rtmod] SUBMIT tid=15281 cv=4988 waits=0 sigs=1 cmds=1
[rtmod] SUBMIT tid=15281 cv=4989 waits=0 sigs=1 cmds=1
[rtmod] SUBMIT tid=15281 cv=4990 waits=0 sigs=1 cmds=1
[rtmod] SUBMIT tid=15281 cv=4991 waits=0 sigs=1 cmds=1
[rtmod] SUBMIT tid=15281 cv=4992 waits=0 sigs=1 cmds=1
[rtmod] SUBMIT tid=15281 cv=4993 waits=0 sigs=1 cmds=1
[rtmod] SUBMIT tid=15281 cv=4994 waits=0 sigs=1 cmds=1
[rtmod] SUBMIT tid=15281 cv=4995 waits=0 sigs=1 cmds=1
[rtmod] SUBMIT tid=15281 cv=4996 waits=0 sigs=1 cmds=1
[rtmod] SUBMIT tid=15281 cv=4997 waits=0 sigs=1 cmds=1
[rtmod] SUBMIT tid=15281 cv=4998 waits=0 sigs=1 cmds=1
[rtmod] SUBMIT tid=15281 cv=4999 waits=0 sigs=1 cmds=1
[rtmod] SUBMIT tid=15281 cv=5000 waits=0 sigs=1 cmds=1
[rtmod] SUBMIT tid=15281 cv=5001 waits=0 sigs=1 cmds=1
[rtmod] SUBMIT tid=15281 cv=5002 waits=0 sigs=1 cmds=1
[rtmod] SUBMIT tid=15281 cv=5003 waits=0 sigs=1 cmds=1
[rtmod] SUBMIT tid=15281 cv=5004 waits=0 sigs=1 cmds=1
[rtmod] SUBMIT tid=15281 cv=5005 waits=0 sigs=1 cmds=1
[rtmod] SUBMIT tid=15281 cv=5006 waits=0 sigs=1 cmds=1
[rtmod] SUBMIT tid=15281 cv=5007 waits=0 sigs=1 cmds=1
[rtmod] SUBMIT tid=15281 cv=5008 waits=0 sigs=1 cmds=1
[rtmod] SUBMIT tid=15281 cv=5009 waits=0 sigs=1 cmds=1
[rtmod] SUBMIT tid=15281 cv=5010 waits=0 sigs=1 cmds=1
[rtmod] SUBMIT tid=15281 cv=5011 waits=0 sigs=1 cmds=1
[rtmod] SUBMIT tid=15281 cv=5012 waits=0 sigs=1 cmds=1
[rtmod] SUBMIT tid=15281 cv=5013 waits=0 sigs=1 cmds=1
[rtmod] SUBMIT tid=15281 cv=5014 waits=0 sigs=1 cmds=1
[rtmod] SUBMIT tid=15281 cv=5015 waits=0 sigs=1 cmds=1
[rtmod] SUBMIT tid=15281 cv=5016 waits=0 sigs=1 cmds=1
[rtmod] SUBMIT tid=15281 cv=5017 waits=0 sigs=1 cmds=1
[rtmod] SUBMIT tid=15281 cv=5018 waits=0 sigs=1 cmds=1
[rtmod] SUBMIT tid=15281 cv=5019 waits=0 sigs=1 cmds=1
[rtmod] SUBMIT tid=15281 cv=5020 waits=0 sigs=1 cmds=1
[rtmod] SUBMIT tid=15281 cv=5021 waits=0 sigs=1 cmds=1
[rtmod] SUBMIT tid=15281 cv=5022 waits=0 sigs=1 cmds=1
[rtmod] SUBMIT tid=15281 cv=5023 waits=0 sigs=1 cmds=1
[rtmod] SUBMIT tid=15281 cv=5024 waits=0 sigs=1 cmds=1
[rtmod] SUBMIT tid=15281 cv=5025 waits=0 sigs=1 cmds=1
[rtmod] SUBMIT tid=15281 cv=5026 waits=0 sigs=1 cmds=1
[rtmod] SUBMIT tid=15281 cv=5027 waits=0 sigs=1 cmds=1
[rtmod] SUBMIT tid=15281 cv=5028 waits=0 sigs=1 cmds=1
[rtmod] SUBMIT tid=15281 cv=5029 waits=0 sigs=1 cmds=1
[rtmod] SUBMIT tid=15281 cv=5030 waits=0 sigs=1 cmds=1
[rtmod] SUBMIT tid=15281 cv=5031 waits=0 sigs=1 cmds=1
[rtmod] SUBMIT tid=15281 cv=5032 waits=0 sigs=1 cmds=1
[rtmod] SUBMIT tid=15281 cv=5033 waits=0 sigs=1 cmds=1
[rtmod] SUBMIT tid=15281 cv=5034 waits=0 sigs=1 cmds=1
[rtmod] SUBMIT tid=15281 cv=5035 waits=0 sigs=1 cmds=1
[rtmod] SUBMIT tid=15281 cv=5036 waits=0 sigs=1 cmds=1
[rtmod] SUBMIT tid=15281 cv=5037 waits=0 sigs=1 cmds=1
[rtmod] SUBMIT tid=15281 cv=5038 waits=0 sigs=1 cmds=1
[rtmod] SUBMIT tid=15281 cv=5039 waits=0 sigs=1 cmds=1
[rtmod] SUBMIT tid=15281 cv=5040 waits=0 sigs=1 cmds=1
[rtmod] SUBMIT tid=15281 cv=5041 waits=0 sigs=1 cmds=1
[rtmod] SUBMIT tid=15281 cv=5042 waits=0 sigs=1 cmds=1
[rtmod] SUBMIT tid=15281 cv=5043 waits=0 sigs=1 cmds=1
[rtmod] SUBMIT tid=15281 cv=5044 waits=0 sigs=1 cmds=1
[rtmod] SUBMIT tid=15281 cv=5045 waits=0 sigs=1 cmds=1
[rtmod] SUBMIT tid=15281 cv=5046 waits=0 sigs=1 cmds=1
[rtmod] SUBMIT tid=15281 cv=5047 waits=0 sigs=1 cmds=1
[rtmod] SUBMIT tid=15281 cv=5048 waits=0 sigs=1 cmds=1
[rtmod] SUBMIT tid=15281 cv=5049 waits=0 sigs=1 cmds=1
[rtmod] SUBMIT tid=15281 cv=5050 waits=0 sigs=1 cmds=1
[rtmod] SUBMIT tid=15281 cv=5051 waits=0 sigs=1 cmds=1
[rtmod] SUBMIT tid=15281 cv=5052 waits=0 sigs=2 cmds=1
[rtmod] COMMIT-NOOP
[rtmod] SUBMIT tid=15281 cv=5053 waits=1 sigs=1 cmds=1
[rtmod] SUBMIT tid=15281 cv=5054 waits=0 sigs=1 cmds=1
[rtmod] SUBMIT tid=15281 cv=5055 waits=0 sigs=1 cmds=1
[rtmod] SUBMIT tid=15281 cv=5056 waits=0 sigs=1 cmds=1
[rtmod] SUBMIT tid=15281 cv=5057 waits=0 sigs=1 cmds=1
[rtmod] SUBMIT tid=15281 cv=5058 waits=0 sigs=1 cmds=1
[rtmod] SUBMIT tid=15281 cv=5059 waits=0 sigs=1 cmds=1
[rtmod] SUBMIT tid=15281 cv=5060 waits=0 sigs=1 cmds=1
[rtmod] SUBMIT tid=15281 cv=5061 waits=0 sigs=1 cmds=1
[rtmod] SUBMIT tid=15281 cv=5062 waits=0 sigs=1 cmds=1
[rtmod] SUBMIT tid=15281 cv=5063 waits=0 sigs=1 cmds=1
[rtmod] SUBMIT tid=15281 cv=5064 waits=0 sigs=1 cmds=1
[rtmod] SUBMIT tid=15281 cv=5065 waits=0 sigs=1 cmds=1
[rtmod] SUBMIT tid=15281 cv=5066 waits=0 sigs=1 cmds=1
[rtmod] SUBMIT tid=15281 cv=5067 waits=0 sigs=1 cmds=1
[rtmod] SUBMIT tid=15281 cv=5068 waits=0 sigs=1 cmds=1
[rtmod] SUBMIT tid=15281 cv=5069 waits=0 sigs=1 cmds=1
[rtmod] SUBMIT tid=15281 cv=5070 waits=0 sigs=1 cmds=1
[rtmod] SUBMIT tid=15281 cv=5071 waits=0 sigs=1 cmds=1
[rtmod] SUBMIT tid=15281 cv=5072 waits=0 sigs=1 cmds=1
[rtmod] SUBMIT tid=15281 cv=5073 waits=0 sigs=1 cmds=1
[rtmod] SUBMIT tid=15281 cv=5074 waits=0 sigs=1 cmds=1
[rtmod] SUBMIT tid=15281 cv=5075 waits=0 sigs=1 cmds=1
[rtmod] SUBMIT tid=15281 cv=5076 waits=0 sigs=1 cmds=1
[rtmod] SUBMIT tid=15281 cv=5077 waits=0 sigs=1 cmds=1
[rtmod] SUBMIT tid=15281 cv=5078 waits=0 sigs=1 cmds=1
[rtmod] SUBMIT tid=15281 cv=5079 waits=0 sigs=1 cmds=1
[rtmod] SUBMIT tid=15281 cv=5080 waits=0 sigs=1 cmds=1
[rtmod] SUBMIT tid=15281 cv=5081 waits=0 sigs=1 cmds=1
[rtmod] SUBMIT tid=15281 cv=5082 waits=0 sigs=1 cmds=1
[rtmod] SUBMIT tid=15281 cv=5083 waits=0 sigs=1 cmds=1
[rtmod] SUBMIT tid=15281 cv=5084 waits=0 sigs=1 cmds=1
[rtmod] SUBMIT tid=15281 cv=5085 waits=0 sigs=1 cmds=1
[rtmod] SUBMIT tid=15281 cv=5086 waits=0 sigs=1 cmds=1
[rtmod] SUBMIT tid=15281 cv=5087 waits=0 sigs=1 cmds=1
[rtmod] SUBMIT tid=15281 cv=5088 waits=0 sigs=1 cmds=1
[rtmod] SUBMIT tid=15281 cv=5089 waits=0 sigs=1 cmds=1
[rtmod] SUBMIT tid=15281 cv=5090 waits=0 sigs=1 cmds=1
[rtmod] SUBMIT tid=15281 cv=5091 waits=0 sigs=1 cmds=1
[rtmod] SUBMIT tid=15281 cv=5092 waits=0 sigs=1 cmds=1
[rtmod] SUBMIT tid=15281 cv=5093 waits=0 sigs=1 cmds=1
[rtmod] SUBMIT tid=15281 cv=5094 waits=0 sigs=1 cmds=1
[rtmod] SUBMIT tid=15281 cv=5095 waits=0 sigs=1 cmds=1
[rtmod] SUBMIT tid=15281 cv=5096 waits=0 sigs=1 cmds=1
[rtmod] SUBMIT tid=15281 cv=5097 waits=0 sigs=1 cmds=1
[rtmod] SUBMIT tid=15281 cv=5098 waits=0 sigs=1 cmds=1
[rtmod] SUBMIT tid=15281 cv=5099 waits=0 sigs=1 cmds=1
[rtmod] SUBMIT tid=15281 cv=5100 waits=0 sigs=1 cmds=1
[rtmod] SUBMIT tid=15281 cv=5101 waits=0 sigs=1 cmds=1
[rtmod] SUBMIT tid=15281 cv=5102 waits=0 sigs=1 cmds=1
[rtmod] SUBMIT tid=15281 cv=5103 waits=0 sigs=1 cmds=1
[rtmod] SUBMIT tid=15281 cv=5104 waits=0 sigs=1 cmds=1
[rtmod] SUBMIT tid=15281 cv=5105 waits=0 sigs=1 cmds=1
[rtmod] SUBMIT tid=15281 cv=5106 waits=0 sigs=1 cmds=1
[rtmod] SUBMIT tid=15281 cv=5107 waits=0 sigs=1 cmds=1
[rtmod] SUBMIT tid=15281 cv=5108 waits=0 sigs=1 cmds=1
[rtmod] SUBMIT tid=15281 cv=5109 waits=0 sigs=1 cmds=1
[rtmod] SUBMIT tid=15281 cv=5110 waits=0 sigs=1 cmds=1
[rtmod] SUBMIT tid=15281 cv=5111 waits=0 sigs=1 cmds=1
[rtmod] SUBMIT tid=15281 cv=5112 waits=0 sigs=1 cmds=1
[rtmod] SUBMIT tid=15281 cv=5113 waits=0 sigs=1 cmds=1
[rtmod] SUBMIT tid=15281 cv=5114 waits=0 sigs=1 cmds=1
[rtmod] SUBMIT tid=15281 cv=5115 waits=0 sigs=1 cmds=1
[rtmod] SUBMIT tid=15281 cv=5116 waits=0 sigs=1 cmds=1
[rtmod] SUBMIT tid=15281 cv=5117 waits=0 sigs=1 cmds=1
[rtmod] SUBMIT tid=15281 cv=5118 waits=0 sigs=1 cmds=1
[rtmod] SUBMIT tid=15281 cv=5119 waits=0 sigs=1 cmds=1
[rtmod] SUBMIT tid=15281 cv=5120 waits=0 sigs=1 cmds=1
[rtmod] SUBMIT tid=15281 cv=5121 waits=0 sigs=2 cmds=1
[rtmod] COMMIT-NOOP
[rtmod] SUBMIT tid=15281 cv=5122 waits=1 sigs=1 cmds=1
[rtmod] SUBMIT tid=15281 cv=5123 waits=0 sigs=1 cmds=1
[rtmod] SUBMIT tid=15281 cv=5124 waits=0 sigs=1 cmds=1
[rtmod] SUBMIT tid=15281 cv=5125 waits=0 sigs=1 cmds=1
[rtmod] SUBMIT tid=15281 cv=5126 waits=0 sigs=1 cmds=1
[rtmod] SUBMIT tid=15281 cv=5127 waits=0 sigs=1 cmds=1
[rtmod] SUBMIT tid=15281 cv=5128 waits=0 sigs=1 cmds=1
[rtmod] SUBMIT tid=15281 cv=5129 waits=0 sigs=1 cmds=1
[rtmod] SUBMIT tid=15281 cv=5130 waits=0 sigs=1 cmds=1
[rtmod] SUBMIT tid=15281 cv=5131 waits=0 sigs=1 cmds=1
[rtmod] SUBMIT tid=15281 cv=5132 waits=0 sigs=1 cmds=1
[rtmod] SUBMIT tid=15281 cv=5133 waits=0 sigs=1 cmds=1
[rtmod] SUBMIT tid=15281 cv=5134 waits=0 sigs=1 cmds=1
[rtmod] SUBMIT tid=15281 cv=5135 waits=0 sigs=1 cmds=1
[rtmod] SUBMIT tid=15281 cv=5136 waits=0 sigs=1 cmds=1
[rtmod] SUBMIT tid=15281 cv=5137 waits=0 sigs=1 cmds=1
[rtmod] SUBMIT tid=15281 cv=5138 waits=0 sigs=1 cmds=1
[rtmod] SUBMIT tid=15281 cv=5139 waits=0 sigs=1 cmds=1
[rtmod] SUBMIT tid=15281 cv=5140 waits=0 sigs=1 cmds=1
[rtmod] SUBMIT tid=15281 cv=5141 waits=0 sigs=1 cmds=1
[rtmod] SUBMIT tid=15281 cv=5142 waits=0 sigs=1 cmds=1
[rtmod] SUBMIT tid=15281 cv=5143 waits=0 sigs=1 cmds=1
[rtmod] SUBMIT tid=15281 cv=5144 waits=0 sigs=1 cmds=1
[rtmod] SUBMIT tid=15281 cv=5145 waits=0 sigs=1 cmds=1
[rtmod] SUBMIT tid=15281 cv=5146 waits=0 sigs=1 cmds=1
[rtmod] SUBMIT tid=15281 cv=5147 waits=0 sigs=1 cmds=1
[rtmod] SUBMIT tid=15281 cv=5148 waits=0 sigs=1 cmds=1
[rtmod] SUBMIT tid=15281 cv=5149 waits=0 sigs=1 cmds=1
[rtmod] SUBMIT tid=15281 cv=5150 waits=0 sigs=1 cmds=1
[rtmod] SUBMIT tid=15281 cv=5151 waits=0 sigs=1 cmds=1
[rtmod] SUBMIT tid=15281 cv=5152 waits=0 sigs=1 cmds=1
[rtmod] SUBMIT tid=15281 cv=5153 waits=0 sigs=1 cmds=1
[rtmod] SUBMIT tid=15281 cv=5154 waits=0 sigs=1 cmds=1
[rtmod] SUBMIT tid=15281 cv=5155 waits=0 sigs=1 cmds=1
[rtmod] SUBMIT tid=15281 cv=5156 waits=0 sigs=1 cmds=1
[rtmod] SUBMIT tid=15281 cv=5157 waits=0 sigs=1 cmds=1
[rtmod] SUBMIT tid=15281 cv=5158 waits=0 sigs=1 cmds=1
[rtmod] SUBMIT tid=15281 cv=5159 waits=0 sigs=1 cmds=1
[rtmod] SUBMIT tid=15281 cv=5160 waits=0 sigs=1 cmds=1
[rtmod] SUBMIT tid=15281 cv=5161 waits=0 sigs=1 cmds=1
[rtmod] SUBMIT tid=15281 cv=5162 waits=0 sigs=1 cmds=1
[rtmod] SUBMIT tid=15281 cv=5163 waits=0 sigs=1 cmds=1
[rtmod] SUBMIT tid=15281 cv=5164 waits=0 sigs=1 cmds=1
[rtmod] SUBMIT tid=15281 cv=5165 waits=0 sigs=1 cmds=1
[rtmod] SUBMIT tid=15281 cv=5166 waits=0 sigs=1 cmds=1
[rtmod] SUBMIT tid=15281 cv=5167 waits=0 sigs=1 cmds=1
[rtmod] SUBMIT tid=15281 cv=5168 waits=0 sigs=1 cmds=1
[rtmod] SUBMIT tid=15281 cv=5169 waits=0 sigs=1 cmds=1
[rtmod] SUBMIT tid=15281 cv=5170 waits=0 sigs=1 cmds=1
[rtmod] SUBMIT tid=15281 cv=5171 waits=0 sigs=1 cmds=1
[rtmod] SUBMIT tid=15281 cv=5172 waits=0 sigs=1 cmds=1
[rtmod] SUBMIT tid=15281 cv=5173 waits=0 sigs=1 cmds=1
[rtmod] SUBMIT tid=15281 cv=5174 waits=0 sigs=1 cmds=1
[rtmod] SUBMIT tid=15281 cv=5175 waits=0 sigs=1 cmds=1
[rtmod] SUBMIT tid=15281 cv=5176 waits=0 sigs=1 cmds=1
[rtmod] SUBMIT tid=15281 cv=5177 waits=0 sigs=1 cmds=1
[rtmod] SUBMIT tid=15281 cv=5178 waits=0 sigs=1 cmds=1
[rtmod] SUBMIT tid=15281 cv=5179 waits=0 sigs=1 cmds=1
[rtmod] SUBMIT tid=15281 cv=5180 waits=0 sigs=1 cmds=1
[rtmod] SUBMIT tid=15281 cv=5181 waits=0 sigs=1 cmds=1
[rtmod] SUBMIT tid=15281 cv=5182 waits=0 sigs=1 cmds=1
[rtmod] SUBMIT tid=15281 cv=5183 waits=0 sigs=1 cmds=1
[rtmod] SUBMIT tid=15281 cv=5184 waits=0 sigs=1 cmds=1
[rtmod] SUBMIT tid=15281 cv=5185 waits=0 sigs=1 cmds=1
[rtmod] SUBMIT tid=15281 cv=5186 waits=0 sigs=1 cmds=1
[rtmod] SUBMIT tid=15281 cv=5187 waits=0 sigs=1 cmds=1
[rtmod] SUBMIT tid=15281 cv=5188 waits=0 sigs=1 cmds=1
[rtmod] SUBMIT tid=15281 cv=5189 waits=0 sigs=1 cmds=1
[rtmod] SUBMIT tid=15281 cv=5190 waits=0 sigs=2 cmds=1
[rtmod] COMMIT-NOOP
[rtmod] SUBMIT tid=15281 cv=5191 waits=1 sigs=1 cmds=1
[rtmod] SUBMIT tid=15281 cv=5192 waits=0 sigs=1 cmds=1
[rtmod] SUBMIT tid=15281 cv=5193 waits=0 sigs=1 cmds=1
[rtmod] SUBMIT tid=15281 cv=5194 waits=0 sigs=1 cmds=1
[rtmod] SUBMIT tid=15281 cv=5195 waits=0 sigs=1 cmds=1
[rtmod] SUBMIT tid=15281 cv=5196 waits=0 sigs=1 cmds=1
[rtmod] SUBMIT tid=15281 cv=5197 waits=0 sigs=1 cmds=1
[rtmod] SUBMIT tid=15281 cv=5198 waits=0 sigs=1 cmds=1
[rtmod] SUBMIT tid=15281 cv=5199 waits=0 sigs=1 cmds=1
[rtmod] SUBMIT tid=15281 cv=5200 waits=0 sigs=1 cmds=1
[rtmod] SUBMIT tid=15281 cv=5201 waits=0 sigs=1 cmds=1
[rtmod] SUBMIT tid=15281 cv=5202 waits=0 sigs=1 cmds=1
[rtmod] SUBMIT tid=15281 cv=5203 waits=0 sigs=1 cmds=1
[rtmod] SUBMIT tid=15281 cv=5204 waits=0 sigs=1 cmds=1
[rtmod] SUBMIT tid=15281 cv=5205 waits=0 sigs=1 cmds=1
[rtmod] SUBMIT tid=15281 cv=5206 waits=0 sigs=1 cmds=1
[rtmod] SUBMIT tid=15281 cv=5207 waits=0 sigs=1 cmds=1
[rtmod] SUBMIT tid=15281 cv=5208 waits=0 sigs=1 cmds=1
[rtmod] SUBMIT tid=15281 cv=5209 waits=0 sigs=1 cmds=1
[rtmod] SUBMIT tid=15281 cv=5210 waits=0 sigs=1 cmds=1
[rtmod] SUBMIT tid=15281 cv=5211 waits=0 sigs=1 cmds=1
[rtmod] SUBMIT tid=15281 cv=5212 waits=0 sigs=1 cmds=1
[rtmod] SUBMIT tid=15281 cv=5213 waits=0 sigs=1 cmds=1
[rtmod] SUBMIT tid=15281 cv=5214 waits=0 sigs=1 cmds=1
[rtmod] SUBMIT tid=15281 cv=5215 waits=0 sigs=1 cmds=1
[rtmod] SUBMIT tid=15281 cv=5216 waits=0 sigs=1 cmds=1
[rtmod] SUBMIT tid=15281 cv=5217 waits=0 sigs=1 cmds=1
[rtmod] SUBMIT tid=15281 cv=5218 waits=0 sigs=1 cmds=1
[rtmod] SUBMIT tid=15281 cv=5219 waits=0 sigs=1 cmds=1
[rtmod] SUBMIT tid=15281 cv=5220 waits=0 sigs=1 cmds=1
[rtmod] SUBMIT tid=15281 cv=5221 waits=0 sigs=1 cmds=1
[rtmod] SUBMIT tid=15281 cv=5222 waits=0 sigs=1 cmds=1
[rtmod] SUBMIT tid=15281 cv=5223 waits=0 sigs=1 cmds=1
[rtmod] SUBMIT tid=15281 cv=5224 waits=0 sigs=1 cmds=1
[rtmod] SUBMIT tid=15281 cv=5225 waits=0 sigs=1 cmds=1
[rtmod] SUBMIT tid=15281 cv=5226 waits=0 sigs=1 cmds=1
[rtmod] SUBMIT tid=15281 cv=5227 waits=0 sigs=1 cmds=1
[rtmod] SUBMIT tid=15281 cv=5228 waits=0 sigs=1 cmds=1
[rtmod] SUBMIT tid=15281 cv=5229 waits=0 sigs=1 cmds=1
[rtmod] SUBMIT tid=15281 cv=5230 waits=0 sigs=1 cmds=1
[rtmod] SUBMIT tid=15281 cv=5231 waits=0 sigs=1 cmds=1
[rtmod] SUBMIT tid=15281 cv=5232 waits=0 sigs=1 cmds=1
[rtmod] SUBMIT tid=15281 cv=5233 waits=0 sigs=1 cmds=1
[rtmod] SUBMIT tid=15281 cv=5234 waits=0 sigs=1 cmds=1
[rtmod] SUBMIT tid=15281 cv=5235 waits=0 sigs=1 cmds=1
[rtmod] SUBMIT tid=15281 cv=5236 waits=0 sigs=1 cmds=1
[rtmod] SUBMIT tid=15281 cv=5237 waits=0 sigs=1 cmds=1
[rtmod] SUBMIT tid=15281 cv=5238 waits=0 sigs=1 cmds=1
[rtmod] SUBMIT tid=15281 cv=5239 waits=0 sigs=1 cmds=1
[rtmod] SUBMIT tid=15281 cv=5240 waits=0 sigs=1 cmds=1
[rtmod] SUBMIT tid=15281 cv=5241 waits=0 sigs=1 cmds=1
[rtmod] SUBMIT tid=15281 cv=5242 waits=0 sigs=1 cmds=1
[rtmod] SUBMIT tid=15281 cv=5243 waits=0 sigs=1 cmds=1
[rtmod] SUBMIT tid=15281 cv=5244 waits=0 sigs=1 cmds=1
[rtmod] SUBMIT tid=15281 cv=5245 waits=0 sigs=1 cmds=1
[rtmod] SUBMIT tid=15281 cv=5246 waits=0 sigs=1 cmds=1
[rtmod] SUBMIT tid=15281 cv=5247 waits=0 sigs=1 cmds=1
[rtmod] SUBMIT tid=15281 cv=5248 waits=0 sigs=1 cmds=1
[rtmod] SUBMIT tid=15281 cv=5249 waits=0 sigs=1 cmds=1
[rtmod] SUBMIT tid=15281 cv=5250 waits=0 sigs=1 cmds=1
[rtmod] SUBMIT tid=15281 cv=5251 waits=0 sigs=1 cmds=1
[rtmod] SUBMIT tid=15281 cv=5252 waits=0 sigs=1 cmds=1
[rtmod] SUBMIT tid=15281 cv=5253 waits=0 sigs=1 cmds=1
[rtmod] SUBMIT tid=15281 cv=5254 waits=0 sigs=1 cmds=1
[rtmod] SUBMIT tid=15281 cv=5255 waits=0 sigs=1 cmds=1
[rtmod] SUBMIT tid=15281 cv=5256 waits=0 sigs=1 cmds=1
[rtmod] SUBMIT tid=15281 cv=5257 waits=0 sigs=1 cmds=1
[rtmod] SUBMIT tid=15281 cv=5258 waits=0 sigs=1 cmds=1
[rtmod] SUBMIT tid=15281 cv=5259 waits=0 sigs=2 cmds=1
[rtmod] COMMIT-NOOP
[rtmod] SUBMIT tid=15281 cv=5260 waits=1 sigs=1 cmds=1
[rtmod] SUBMIT tid=15281 cv=5261 waits=0 sigs=1 cmds=1
[rtmod] SUBMIT tid=15281 cv=5262 waits=0 sigs=1 cmds=1
[rtmod] SUBMIT tid=15281 cv=5263 waits=0 sigs=1 cmds=1
[rtmod] SUBMIT tid=15281 cv=5264 waits=0 sigs=1 cmds=1
[rtmod] SUBMIT tid=15281 cv=5265 waits=0 sigs=1 cmds=1
[rtmod] SUBMIT tid=15281 cv=5266 waits=0 sigs=1 cmds=1
[rtmod] SUBMIT tid=15281 cv=5267 waits=0 sigs=1 cmds=1
[rtmod] SUBMIT tid=15281 cv=5268 waits=0 sigs=1 cmds=1
[rtmod] SUBMIT tid=15281 cv=5269 waits=0 sigs=1 cmds=1
[rtmod] SUBMIT tid=15281 cv=5270 waits=0 sigs=1 cmds=1
[rtmod] SUBMIT tid=15281 cv=5271 waits=0 sigs=1 cmds=1
[rtmod] SUBMIT tid=15281 cv=5272 waits=0 sigs=1 cmds=1
[rtmod] SUBMIT tid=15281 cv=5273 waits=0 sigs=1 cmds=1
[rtmod] SUBMIT tid=15281 cv=5274 waits=0 sigs=1 cmds=1
[rtmod] SUBMIT tid=15281 cv=5275 waits=0 sigs=1 cmds=1
[rtmod] SUBMIT tid=15281 cv=5276 waits=0 sigs=1 cmds=1
[rtmod] SUBMIT tid=15281 cv=5277 waits=0 sigs=1 cmds=1
[rtmod] SUBMIT tid=15281 cv=5278 waits=0 sigs=1 cmds=1
[rtmod] SUBMIT tid=15281 cv=5279 waits=0 sigs=1 cmds=1
[rtmod] SUBMIT tid=15281 cv=5280 waits=0 sigs=1 cmds=1
[rtmod] SUBMIT tid=15281 cv=5281 waits=0 sigs=1 cmds=1
[rtmod] SUBMIT tid=15281 cv=5282 waits=0 sigs=1 cmds=1
[rtmod] SUBMIT tid=15281 cv=5283 waits=0 sigs=1 cmds=1
[rtmod] SUBMIT tid=15281 cv=5284 waits=0 sigs=1 cmds=1
[rtmod] SUBMIT tid=15281 cv=5285 waits=0 sigs=1 cmds=1
[rtmod] SUBMIT tid=15281 cv=5286 waits=0 sigs=1 cmds=1
[rtmod] SUBMIT tid=15281 cv=5287 waits=0 sigs=1 cmds=1
[rtmod] SUBMIT tid=15281 cv=5288 waits=0 sigs=1 cmds=1
[rtmod] SUBMIT tid=15281 cv=5289 waits=0 sigs=1 cmds=1
[rtmod] SUBMIT tid=15281 cv=5290 waits=0 sigs=1 cmds=1
[rtmod] SUBMIT tid=15281 cv=5291 waits=0 sigs=1 cmds=1
[rtmod] SUBMIT tid=15281 cv=5292 waits=0 sigs=1 cmds=1
[rtmod] SUBMIT tid=15281 cv=5293 waits=0 sigs=1 cmds=1
[rtmod] SUBMIT tid=15281 cv=5294 waits=0 sigs=1 cmds=1
[rtmod] SUBMIT tid=15281 cv=5295 waits=0 sigs=1 cmds=1
[rtmod] SUBMIT tid=15281 cv=5296 waits=0 sigs=1 cmds=1
[rtmod] SUBMIT tid=15281 cv=5297 waits=0 sigs=1 cmds=1
[rtmod] SUBMIT tid=15281 cv=5298 waits=0 sigs=1 cmds=1
[rtmod] SUBMIT tid=15281 cv=5299 waits=0 sigs=1 cmds=1
[rtmod] SUBMIT tid=15281 cv=5300 waits=0 sigs=1 cmds=1
[rtmod] SUBMIT tid=15281 cv=5301 waits=0 sigs=1 cmds=1
[rtmod] SUBMIT tid=15281 cv=5302 waits=0 sigs=1 cmds=1
[rtmod] SUBMIT tid=15281 cv=5303 waits=0 sigs=1 cmds=1
[rtmod] SUBMIT tid=15281 cv=5304 waits=0 sigs=1 cmds=1
[rtmod] SUBMIT tid=15281 cv=5305 waits=0 sigs=1 cmds=1
[rtmod] SUBMIT tid=15281 cv=5306 waits=0 sigs=1 cmds=1
[rtmod] SUBMIT tid=15281 cv=5307 waits=0 sigs=1 cmds=1
[rtmod] SUBMIT tid=15281 cv=5308 waits=0 sigs=1 cmds=1
[rtmod] SUBMIT tid=15281 cv=5309 waits=0 sigs=1 cmds=1
[rtmod] SUBMIT tid=15281 cv=5310 waits=0 sigs=1 cmds=1
[rtmod] SUBMIT tid=15281 cv=5311 waits=0 sigs=1 cmds=1
[rtmod] SUBMIT tid=15281 cv=5312 waits=0 sigs=1 cmds=1
[rtmod] SUBMIT tid=15281 cv=5313 waits=0 sigs=1 cmds=1
[rtmod] SUBMIT tid=15281 cv=5314 waits=0 sigs=1 cmds=1
[rtmod] SUBMIT tid=15281 cv=5315 waits=0 sigs=1 cmds=1
[rtmod] SUBMIT tid=15281 cv=5316 waits=0 sigs=1 cmds=1
[rtmod] SUBMIT tid=15281 cv=5317 waits=0 sigs=1 cmds=1
[rtmod] SUBMIT tid=15281 cv=5318 waits=0 sigs=1 cmds=1
[rtmod] SUBMIT tid=15281 cv=5319 waits=0 sigs=1 cmds=1
[rtmod] SUBMIT tid=15281 cv=5320 waits=0 sigs=1 cmds=1
[rtmod] SUBMIT tid=15281 cv=5321 waits=0 sigs=1 cmds=1
[rtmod] SUBMIT tid=15281 cv=5322 waits=0 sigs=1 cmds=1
[rtmod] SUBMIT tid=15281 cv=5323 waits=0 sigs=1 cmds=1
[rtmod] SUBMIT tid=15281 cv=5324 waits=0 sigs=1 cmds=1
[rtmod] SUBMIT tid=15281 cv=5325 waits=0 sigs=1 cmds=1
[rtmod] SUBMIT tid=15281 cv=5326 waits=0 sigs=1 cmds=1
[rtmod] SUBMIT tid=15281 cv=5327 waits=0 sigs=1 cmds=1
[rtmod] SUBMIT tid=15281 cv=5328 waits=0 sigs=2 cmds=1
[rtmod] COMMIT-NOOP
[rtmod] SUBMIT tid=15281 cv=5329 waits=1 sigs=1 cmds=1
[rtmod] SUBMIT tid=15281 cv=5330 waits=0 sigs=1 cmds=1
[rtmod] SUBMIT tid=15281 cv=5331 waits=0 sigs=1 cmds=1
[rtmod] SUBMIT tid=15281 cv=5332 waits=0 sigs=1 cmds=1
[rtmod] SUBMIT tid=15281 cv=5333 waits=0 sigs=1 cmds=1
[rtmod] SUBMIT tid=15281 cv=5334 waits=0 sigs=1 cmds=1
[rtmod] SUBMIT tid=15281 cv=5335 waits=0 sigs=1 cmds=1
[rtmod] SUBMIT tid=15281 cv=5336 waits=0 sigs=1 cmds=1
[rtmod] SUBMIT tid=15281 cv=5337 waits=0 sigs=1 cmds=1
[rtmod] SUBMIT tid=15281 cv=5338 waits=0 sigs=1 cmds=1
[rtmod] SUBMIT tid=15281 cv=5339 waits=0 sigs=1 cmds=1
[rtmod] SUBMIT tid=15281 cv=5340 waits=0 sigs=1 cmds=1
[rtmod] SUBMIT tid=15281 cv=5341 waits=0 sigs=1 cmds=1
[rtmod] SUBMIT tid=15281 cv=5342 waits=0 sigs=1 cmds=1
[rtmod] SUBMIT tid=15281 cv=5343 waits=0 sigs=1 cmds=1
[rtmod] SUBMIT tid=15281 cv=5344 waits=0 sigs=1 cmds=1
[rtmod] SUBMIT tid=15281 cv=5345 waits=0 sigs=1 cmds=1
[rtmod] SUBMIT tid=15281 cv=5346 waits=0 sigs=1 cmds=1
[rtmod] SUBMIT tid=15281 cv=5347 waits=0 sigs=1 cmds=1
[rtmod] SUBMIT tid=15281 cv=5348 waits=0 sigs=1 cmds=1
[rtmod] SUBMIT tid=15281 cv=5349 waits=0 sigs=1 cmds=1
[rtmod] SUBMIT tid=15281 cv=5350 waits=0 sigs=1 cmds=1
[rtmod] SUBMIT tid=15281 cv=5351 waits=0 sigs=1 cmds=1
[rtmod] SUBMIT tid=15281 cv=5352 waits=0 sigs=1 cmds=1
[rtmod] SUBMIT tid=15281 cv=5353 waits=0 sigs=1 cmds=1
[rtmod] SUBMIT tid=15281 cv=5354 waits=0 sigs=1 cmds=1
[rtmod] SUBMIT tid=15281 cv=5355 waits=0 sigs=1 cmds=1
[rtmod] SUBMIT tid=15281 cv=5356 waits=0 sigs=1 cmds=1
[rtmod] SUBMIT tid=15281 cv=5357 waits=0 sigs=1 cmds=1
[rtmod] SUBMIT tid=15281 cv=5358 waits=0 sigs=1 cmds=1
[rtmod] SUBMIT tid=15281 cv=5359 waits=0 sigs=1 cmds=1
[rtmod] SUBMIT tid=15281 cv=5360 waits=0 sigs=1 cmds=1
[rtmod] SUBMIT tid=15281 cv=5361 waits=0 sigs=1 cmds=1
[rtmod] SUBMIT tid=15281 cv=5362 waits=0 sigs=1 cmds=1
[rtmod] SUBMIT tid=15281 cv=5363 waits=0 sigs=1 cmds=1
[rtmod] SUBMIT tid=15281 cv=5364 waits=0 sigs=1 cmds=1
[rtmod] SUBMIT tid=15281 cv=5365 waits=0 sigs=1 cmds=1
[rtmod] SUBMIT tid=15281 cv=5366 waits=0 sigs=1 cmds=1
[rtmod] SUBMIT tid=15281 cv=5367 waits=0 sigs=1 cmds=1
[rtmod] SUBMIT tid=15281 cv=5368 waits=0 sigs=1 cmds=1
[rtmod] SUBMIT tid=15281 cv=5369 waits=0 sigs=1 cmds=1
[rtmod] SUBMIT tid=15281 cv=5370 waits=0 sigs=1 cmds=1
[rtmod] SUBMIT tid=15281 cv=5371 waits=0 sigs=1 cmds=1
[rtmod] SUBMIT tid=15281 cv=5372 waits=0 sigs=1 cmds=1
[rtmod] SUBMIT tid=15281 cv=5373 waits=0 sigs=1 cmds=1
[rtmod] SUBMIT tid=15281 cv=5374 waits=0 sigs=1 cmds=1
[rtmod] SUBMIT tid=15281 cv=5375 waits=0 sigs=1 cmds=1
[rtmod] SUBMIT tid=15281 cv=5376 waits=0 sigs=1 cmds=1
[rtmod] SUBMIT tid=15281 cv=5377 waits=0 sigs=1 cmds=1
[rtmod] SUBMIT tid=15281 cv=5378 waits=0 sigs=1 cmds=1
[rtmod] SUBMIT tid=15281 cv=5379 waits=0 sigs=1 cmds=1
[rtmod] SUBMIT tid=15281 cv=5380 waits=0 sigs=1 cmds=1
[rtmod] SUBMIT tid=15281 cv=5381 waits=0 sigs=1 cmds=1
[rtmod] SUBMIT tid=15281 cv=5382 waits=0 sigs=1 cmds=1
[rtmod] SUBMIT tid=15281 cv=5383 waits=0 sigs=1 cmds=1
[rtmod] SUBMIT tid=15281 cv=5384 waits=0 sigs=1 cmds=1
[rtmod] SUBMIT tid=15281 cv=5385 waits=0 sigs=1 cmds=1
[rtmod] SUBMIT tid=15281 cv=5386 waits=0 sigs=1 cmds=1
[rtmod] SUBMIT tid=15281 cv=5387 waits=0 sigs=1 cmds=1
[rtmod] SUBMIT tid=15281 cv=5388 waits=0 sigs=1 cmds=1
[rtmod] SUBMIT tid=15281 cv=5389 waits=0 sigs=1 cmds=1
[rtmod] SUBMIT tid=15281 cv=5390 waits=0 sigs=1 cmds=1
[rtmod] SUBMIT tid=15281 cv=5391 waits=0 sigs=1 cmds=1
[rtmod] SUBMIT tid=15281 cv=5392 waits=0 sigs=1 cmds=1
[rtmod] SUBMIT tid=15281 cv=5393 waits=0 sigs=1 cmds=1
[rtmod] SUBMIT tid=15281 cv=5394 waits=0 sigs=1 cmds=1
[rtmod] SUBMIT tid=15281 cv=5395 waits=0 sigs=1 cmds=1
[rtmod] SUBMIT tid=15281 cv=5396 waits=0 sigs=1 cmds=1
[rtmod] SUBMIT tid=15281 cv=5397 waits=0 sigs=2 cmds=1
[rtmod] COMMIT-NOOP
[rtmod] SUBMIT tid=15281 cv=5398 waits=1 sigs=1 cmds=1
[rtmod] SUBMIT tid=15281 cv=5399 waits=0 sigs=1 cmds=1
[rtmod] SUBMIT tid=15281 cv=5400 waits=0 sigs=1 cmds=1
[rtmod] SUBMIT tid=15281 cv=5401 waits=0 sigs=1 cmds=1
[rtmod] SUBMIT tid=15281 cv=5402 waits=0 sigs=1 cmds=1
[rtmod] SUBMIT tid=15281 cv=5403 waits=0 sigs=1 cmds=1
[rtmod] SUBMIT tid=15281 cv=5404 waits=0 sigs=1 cmds=1
[rtmod] SUBMIT tid=15281 cv=5405 waits=0 sigs=1 cmds=1
[rtmod] SUBMIT tid=15281 cv=5406 waits=0 sigs=1 cmds=1
[rtmod] SUBMIT tid=15281 cv=5407 waits=0 sigs=1 cmds=1
[rtmod] SUBMIT tid=15281 cv=5408 waits=0 sigs=1 cmds=1
[rtmod] SUBMIT tid=15281 cv=5409 waits=0 sigs=1 cmds=1
[rtmod] SUBMIT tid=15281 cv=5410 waits=0 sigs=1 cmds=1
[rtmod] SUBMIT tid=15281 cv=5411 waits=0 sigs=1 cmds=1
[rtmod] SUBMIT tid=15281 cv=5412 waits=0 sigs=1 cmds=1
[rtmod] SUBMIT tid=15281 cv=5413 waits=0 sigs=1 cmds=1
[rtmod] SUBMIT tid=15281 cv=5414 waits=0 sigs=1 cmds=1
[rtmod] SUBMIT tid=15281 cv=5415 waits=0 sigs=1 cmds=1
[rtmod] SUBMIT tid=15281 cv=5416 waits=0 sigs=1 cmds=1
[rtmod] SUBMIT tid=15281 cv=5417 waits=0 sigs=1 cmds=1
[rtmod] SUBMIT tid=15281 cv=5418 waits=0 sigs=1 cmds=1
[rtmod] SUBMIT tid=15281 cv=5419 waits=0 sigs=1 cmds=1
[rtmod] SUBMIT tid=15281 cv=5420 waits=0 sigs=1 cmds=1
[rtmod] SUBMIT tid=15281 cv=5421 waits=0 sigs=1 cmds=1
[rtmod] SUBMIT tid=15281 cv=5422 waits=0 sigs=1 cmds=1
[rtmod] SUBMIT tid=15281 cv=5423 waits=0 sigs=1 cmds=1
[rtmod] SUBMIT tid=15281 cv=5424 waits=0 sigs=1 cmds=1
[rtmod] SUBMIT tid=15281 cv=5425 waits=0 sigs=1 cmds=1
[rtmod] SUBMIT tid=15281 cv=5426 waits=0 sigs=1 cmds=1
[rtmod] SUBMIT tid=15281 cv=5427 waits=0 sigs=1 cmds=1
[rtmod] SUBMIT tid=15281 cv=5428 waits=0 sigs=1 cmds=1
[rtmod] SUBMIT tid=15281 cv=5429 waits=0 sigs=1 cmds=1
[rtmod] SUBMIT tid=15281 cv=5430 waits=0 sigs=1 cmds=1
[rtmod] SUBMIT tid=15281 cv=5431 waits=0 sigs=1 cmds=1
[rtmod] SUBMIT tid=15281 cv=5432 waits=0 sigs=1 cmds=1
[rtmod] SUBMIT tid=15281 cv=5433 waits=0 sigs=1 cmds=1
[rtmod] SUBMIT tid=15281 cv=5434 waits=0 sigs=1 cmds=1
[rtmod] SUBMIT tid=15281 cv=5435 waits=0 sigs=1 cmds=1
[rtmod] SUBMIT tid=15281 cv=5436 waits=0 sigs=1 cmds=1
[rtmod] SUBMIT tid=15281 cv=5437 waits=0 sigs=1 cmds=1
[rtmod] SUBMIT tid=15281 cv=5438 waits=0 sigs=1 cmds=1
[rtmod] SUBMIT tid=15281 cv=5439 waits=0 sigs=1 cmds=1
[rtmod] SUBMIT tid=15281 cv=5440 waits=0 sigs=1 cmds=1
[rtmod] SUBMIT tid=15281 cv=5441 waits=0 sigs=1 cmds=1
[rtmod] SUBMIT tid=15281 cv=5442 waits=0 sigs=1 cmds=1
[rtmod] SUBMIT tid=15281 cv=5443 waits=0 sigs=1 cmds=1
[rtmod] SUBMIT tid=15281 cv=5444 waits=0 sigs=1 cmds=1
[rtmod] SUBMIT tid=15281 cv=5445 waits=0 sigs=1 cmds=1
[rtmod] SUBMIT tid=15281 cv=5446 waits=0 sigs=1 cmds=1
[rtmod] SUBMIT tid=15281 cv=5447 waits=0 sigs=1 cmds=1
[rtmod] SUBMIT tid=15281 cv=5448 waits=0 sigs=1 cmds=1
[rtmod] SUBMIT tid=15281 cv=5449 waits=0 sigs=1 cmds=1
[rtmod] SUBMIT tid=15281 cv=5450 waits=0 sigs=1 cmds=1
[rtmod] SUBMIT tid=15281 cv=5451 waits=0 sigs=1 cmds=1
[rtmod] SUBMIT tid=15281 cv=5452 waits=0 sigs=1 cmds=1
[rtmod] SUBMIT tid=15281 cv=5453 waits=0 sigs=1 cmds=1
[rtmod] SUBMIT tid=15281 cv=5454 waits=0 sigs=1 cmds=1
[rtmod] SUBMIT tid=15281 cv=5455 waits=0 sigs=1 cmds=1
[rtmod] SUBMIT tid=15281 cv=5456 waits=0 sigs=1 cmds=1
[rtmod] SUBMIT tid=15281 cv=5457 waits=0 sigs=1 cmds=1
[rtmod] SUBMIT tid=15281 cv=5458 waits=0 sigs=1 cmds=1
[rtmod] SUBMIT tid=15281 cv=5459 waits=0 sigs=1 cmds=1
[rtmod] SUBMIT tid=15281 cv=5460 waits=0 sigs=1 cmds=1
[rtmod] SUBMIT tid=15281 cv=5461 waits=0 sigs=1 cmds=1
[rtmod] SUBMIT tid=15281 cv=5462 waits=0 sigs=1 cmds=1
[rtmod] SUBMIT tid=15281 cv=5463 waits=0 sigs=1 cmds=1
[rtmod] SUBMIT tid=15281 cv=5464 waits=0 sigs=1 cmds=1
[rtmod] SUBMIT tid=15281 cv=5465 waits=0 sigs=1 cmds=1
[rtmod] SUBMIT tid=15281 cv=5466 waits=0 sigs=2 cmds=1
[rtmod] COMMIT-NOOP
[rtmod] SUBMIT tid=15281 cv=5467 waits=1 sigs=1 cmds=1
[rtmod] SUBMIT tid=15281 cv=5468 waits=0 sigs=1 cmds=1
[rtmod] SUBMIT tid=15281 cv=5469 waits=0 sigs=1 cmds=1
[rtmod] SUBMIT tid=15281 cv=5470 waits=0 sigs=1 cmds=1
[rtmod] SUBMIT tid=15281 cv=5471 waits=0 sigs=1 cmds=1
[rtmod] SUBMIT tid=15281 cv=5472 waits=0 sigs=1 cmds=1
[rtmod] SUBMIT tid=15281 cv=5473 waits=0 sigs=1 cmds=1
[rtmod] SUBMIT tid=15281 cv=5474 waits=0 sigs=1 cmds=1
[rtmod] SUBMIT tid=15281 cv=5475 waits=0 sigs=1 cmds=1
[rtmod] SUBMIT tid=15281 cv=5476 waits=0 sigs=1 cmds=1
[rtmod] SUBMIT tid=15281 cv=5477 waits=0 sigs=1 cmds=1
[rtmod] SUBMIT tid=15281 cv=5478 waits=0 sigs=1 cmds=1
[rtmod] SUBMIT tid=15281 cv=5479 waits=0 sigs=1 cmds=1
[rtmod] SUBMIT tid=15281 cv=5480 waits=0 sigs=1 cmds=1
[rtmod] SUBMIT tid=15281 cv=5481 waits=0 sigs=1 cmds=1
[rtmod] SUBMIT tid=15281 cv=5482 waits=0 sigs=1 cmds=1
[rtmod] SUBMIT tid=15281 cv=5483 waits=0 sigs=1 cmds=1
[rtmod] SUBMIT tid=15281 cv=5484 waits=0 sigs=1 cmds=1
[rtmod] SUBMIT tid=15281 cv=5485 waits=0 sigs=1 cmds=1
[rtmod] SUBMIT tid=15281 cv=5486 waits=0 sigs=1 cmds=1
[rtmod] SUBMIT tid=15281 cv=5487 waits=0 sigs=1 cmds=1
[rtmod] SUBMIT tid=15281 cv=5488 waits=0 sigs=1 cmds=1
[rtmod] SUBMIT tid=15281 cv=5489 waits=0 sigs=1 cmds=1
[rtmod] SUBMIT tid=15281 cv=5490 waits=0 sigs=1 cmds=1
[rtmod] SUBMIT tid=15281 cv=5491 waits=0 sigs=1 cmds=1
[rtmod] SUBMIT tid=15281 cv=5492 waits=0 sigs=1 cmds=1
[rtmod] SUBMIT tid=15281 cv=5493 waits=0 sigs=1 cmds=1
[rtmod] SUBMIT tid=15281 cv=5494 waits=0 sigs=1 cmds=1
[rtmod] SUBMIT tid=15281 cv=5495 waits=0 sigs=1 cmds=1
[rtmod] SUBMIT tid=15281 cv=5496 waits=0 sigs=1 cmds=1
[rtmod] SUBMIT tid=15281 cv=5497 waits=0 sigs=1 cmds=1
[rtmod] SUBMIT tid=15281 cv=5498 waits=0 sigs=1 cmds=1
[rtmod] SUBMIT tid=15281 cv=5499 waits=0 sigs=1 cmds=1
[rtmod] SUBMIT tid=15281 cv=5500 waits=0 sigs=1 cmds=1
[rtmod] SUBMIT tid=15281 cv=5501 waits=0 sigs=1 cmds=1
[rtmod] SUBMIT tid=15281 cv=5502 waits=0 sigs=1 cmds=1
[rtmod] SUBMIT tid=15281 cv=5503 waits=0 sigs=1 cmds=1
[rtmod] SUBMIT tid=15281 cv=5504 waits=0 sigs=1 cmds=1
[rtmod] SUBMIT tid=15281 cv=5505 waits=0 sigs=1 cmds=1
[rtmod] SUBMIT tid=15281 cv=5506 waits=0 sigs=1 cmds=1
[rtmod] SUBMIT tid=15281 cv=5507 waits=0 sigs=1 cmds=1
[rtmod] SUBMIT tid=15281 cv=5508 waits=0 sigs=1 cmds=1
[rtmod] SUBMIT tid=15281 cv=5509 waits=0 sigs=1 cmds=1
[rtmod] SUBMIT tid=15281 cv=5510 waits=0 sigs=1 cmds=1
[rtmod] SUBMIT tid=15281 cv=5511 waits=0 sigs=1 cmds=1
[rtmod] SUBMIT tid=15281 cv=5512 waits=0 sigs=1 cmds=1
[rtmod] SUBMIT tid=15281 cv=5513 waits=0 sigs=1 cmds=1
[rtmod] SUBMIT tid=15281 cv=5514 waits=0 sigs=1 cmds=1
[rtmod] SUBMIT tid=15281 cv=5515 waits=0 sigs=1 cmds=1
[rtmod] SUBMIT tid=15281 cv=5516 waits=0 sigs=1 cmds=1
[rtmod] SUBMIT tid=15281 cv=5517 waits=0 sigs=1 cmds=1
[rtmod] SUBMIT tid=15281 cv=5518 waits=0 sigs=1 cmds=1
[rtmod] SUBMIT tid=15281 cv=5519 waits=0 sigs=1 cmds=1
[rtmod] SUBMIT tid=15281 cv=5520 waits=0 sigs=1 cmds=1
[rtmod] SUBMIT tid=15281 cv=5521 waits=0 sigs=1 cmds=1
[rtmod] SUBMIT tid=15281 cv=5522 waits=0 sigs=1 cmds=1
[rtmod] SUBMIT tid=15281 cv=5523 waits=0 sigs=1 cmds=1
[rtmod] SUBMIT tid=15281 cv=5524 waits=0 sigs=1 cmds=1
[rtmod] SUBMIT tid=15281 cv=5525 waits=0 sigs=1 cmds=1
[rtmod] SUBMIT tid=15281 cv=5526 waits=0 sigs=1 cmds=1
[rtmod] SUBMIT tid=15281 cv=5527 waits=0 sigs=1 cmds=1
[rtmod] SUBMIT tid=15281 cv=5528 waits=0 sigs=1 cmds=1
[rtmod] SUBMIT tid=15281 cv=5529 waits=0 sigs=1 cmds=1
[rtmod] SUBMIT tid=15281 cv=5530 waits=0 sigs=1 cmds=1
[rtmod] SUBMIT tid=15281 cv=5531 waits=0 sigs=1 cmds=1
[rtmod] SUBMIT tid=15281 cv=5532 waits=0 sigs=1 cmds=1
[rtmod] SUBMIT tid=15281 cv=5533 waits=0 sigs=1 cmds=1
[rtmod] SUBMIT tid=15281 cv=5534 waits=0 sigs=1 cmds=1
[rtmod] SUBMIT tid=15281 cv=5535 waits=0 sigs=2 cmds=1
[rtmod] COMMIT-NOOP
[rtmod] SUBMIT tid=15281 cv=5536 waits=1 sigs=1 cmds=1
[rtmod] SUBMIT tid=15281 cv=5537 waits=0 sigs=1 cmds=1
[rtmod] SUBMIT tid=15281 cv=5538 waits=0 sigs=1 cmds=1
[rtmod] SUBMIT tid=15281 cv=5539 waits=0 sigs=1 cmds=1
[rtmod] SUBMIT tid=15281 cv=5540 waits=0 sigs=1 cmds=1
[rtmod] SUBMIT tid=15281 cv=5541 waits=0 sigs=1 cmds=1
[rtmod] SUBMIT tid=15281 cv=5542 waits=0 sigs=1 cmds=1
[rtmod] SUBMIT tid=15281 cv=5543 waits=0 sigs=1 cmds=1
[rtmod] SUBMIT tid=15281 cv=5544 waits=0 sigs=1 cmds=1
[rtmod] SUBMIT tid=15281 cv=5545 waits=0 sigs=1 cmds=1
[rtmod] SUBMIT tid=15281 cv=5546 waits=0 sigs=1 cmds=1
[rtmod] SUBMIT tid=15281 cv=5547 waits=0 sigs=1 cmds=1
[rtmod] SUBMIT tid=15281 cv=5548 waits=0 sigs=1 cmds=1
[rtmod] SUBMIT tid=15281 cv=5549 waits=0 sigs=1 cmds=1
[rtmod] SUBMIT tid=15281 cv=5550 waits=0 sigs=1 cmds=1
[rtmod] SUBMIT tid=15281 cv=5551 waits=0 sigs=1 cmds=1
[rtmod] SUBMIT tid=15281 cv=5552 waits=0 sigs=1 cmds=1
[rtmod] SUBMIT tid=15281 cv=5553 waits=0 sigs=1 cmds=1
[rtmod] SUBMIT tid=15281 cv=5554 waits=0 sigs=1 cmds=1
[rtmod] SUBMIT tid=15281 cv=5555 waits=0 sigs=1 cmds=1
[rtmod] SUBMIT tid=15281 cv=5556 waits=0 sigs=1 cmds=1
[rtmod] SUBMIT tid=15281 cv=5557 waits=0 sigs=1 cmds=1
[rtmod] SUBMIT tid=15281 cv=5558 waits=0 sigs=1 cmds=1
[rtmod] SUBMIT tid=15281 cv=5559 waits=0 sigs=1 cmds=1
[rtmod] SUBMIT tid=15281 cv=5560 waits=0 sigs=1 cmds=1
[rtmod] SUBMIT tid=15281 cv=5561 waits=0 sigs=1 cmds=1
[rtmod] SUBMIT tid=15281 cv=5562 waits=0 sigs=1 cmds=1
[rtmod] SUBMIT tid=15281 cv=5563 waits=0 sigs=1 cmds=1
[rtmod] SUBMIT tid=15281 cv=5564 waits=0 sigs=1 cmds=1
[rtmod] SUBMIT tid=15281 cv=5565 waits=0 sigs=1 cmds=1
[rtmod] SUBMIT tid=15281 cv=5566 waits=0 sigs=1 cmds=1
[rtmod] SUBMIT tid=15281 cv=5567 waits=0 sigs=1 cmds=1
[rtmod] SUBMIT tid=15281 cv=5568 waits=0 sigs=1 cmds=1
[rtmod] SUBMIT tid=15281 cv=5569 waits=0 sigs=1 cmds=1
[rtmod] SUBMIT tid=15281 cv=5570 waits=0 sigs=1 cmds=1
[rtmod] SUBMIT tid=15281 cv=5571 waits=0 sigs=1 cmds=1
[rtmod] SUBMIT tid=15281 cv=5572 waits=0 sigs=1 cmds=1
[rtmod] SUBMIT tid=15281 cv=5573 waits=0 sigs=1 cmds=1
[rtmod] SUBMIT tid=15281 cv=5574 waits=0 sigs=1 cmds=1
[rtmod] SUBMIT tid=15281 cv=5575 waits=0 sigs=1 cmds=1
[rtmod] SUBMIT tid=15281 cv=5576 waits=0 sigs=1 cmds=1
[rtmod] SUBMIT tid=15281 cv=5577 waits=0 sigs=1 cmds=1
[rtmod] SUBMIT tid=15281 cv=5578 waits=0 sigs=1 cmds=1
[rtmod] SUBMIT tid=15281 cv=5579 waits=0 sigs=1 cmds=1
[rtmod] SUBMIT tid=15281 cv=5580 waits=0 sigs=1 cmds=1
[rtmod] SUBMIT tid=15281 cv=5581 waits=0 sigs=1 cmds=1
[rtmod] SUBMIT tid=15281 cv=5582 waits=0 sigs=1 cmds=1
[rtmod] SUBMIT tid=15281 cv=5583 waits=0 sigs=1 cmds=1
[rtmod] SUBMIT tid=15281 cv=5584 waits=0 sigs=1 cmds=1
[rtmod] SUBMIT tid=15281 cv=5585 waits=0 sigs=1 cmds=1
[rtmod] SUBMIT tid=15281 cv=5586 waits=0 sigs=1 cmds=1
[rtmod] SUBMIT tid=15281 cv=5587 waits=0 sigs=1 cmds=1
[rtmod] SUBMIT tid=15281 cv=5588 waits=0 sigs=1 cmds=1
[rtmod] SUBMIT tid=15281 cv=5589 waits=0 sigs=1 cmds=1
[rtmod] SUBMIT tid=15281 cv=5590 waits=0 sigs=1 cmds=1
[rtmod] SUBMIT tid=15281 cv=5591 waits=0 sigs=1 cmds=1
[rtmod] SUBMIT tid=15281 cv=5592 waits=0 sigs=1 cmds=1
[rtmod] SUBMIT tid=15281 cv=5593 waits=0 sigs=1 cmds=1
[rtmod] SUBMIT tid=15281 cv=5594 waits=0 sigs=1 cmds=1
[rtmod] SUBMIT tid=15281 cv=5595 waits=0 sigs=1 cmds=1
[rtmod] SUBMIT tid=15281 cv=5596 waits=0 sigs=1 cmds=1
[rtmod] SUBMIT tid=15281 cv=5597 waits=0 sigs=1 cmds=1
[rtmod] SUBMIT tid=15281 cv=5598 waits=0 sigs=1 cmds=1
[rtmod] SUBMIT tid=15281 cv=5599 waits=0 sigs=1 cmds=1
[rtmod] SUBMIT tid=15281 cv=5600 waits=0 sigs=1 cmds=1
[rtmod] SUBMIT tid=15281 cv=5601 waits=0 sigs=1 cmds=1
[rtmod] SUBMIT tid=15281 cv=5602 waits=0 sigs=1 cmds=1
[rtmod] SUBMIT tid=15281 cv=5603 waits=0 sigs=1 cmds=1
[rtmod] SUBMIT tid=15281 cv=5604 waits=0 sigs=2 cmds=1
[rtmod] COMMIT-NOOP
[rtmod] SUBMIT tid=15281 cv=5605 waits=1 sigs=1 cmds=1
[rtmod] SUBMIT tid=15281 cv=5606 waits=0 sigs=1 cmds=1
[rtmod] SUBMIT tid=15281 cv=5607 waits=0 sigs=1 cmds=1
[rtmod] SUBMIT tid=15281 cv=5608 waits=0 sigs=1 cmds=1
[rtmod] SUBMIT tid=15281 cv=5609 waits=0 sigs=1 cmds=1
[rtmod] SUBMIT tid=15281 cv=5610 waits=0 sigs=1 cmds=1
[rtmod] SUBMIT tid=15281 cv=5611 waits=0 sigs=1 cmds=1
[rtmod] SUBMIT tid=15281 cv=5612 waits=0 sigs=1 cmds=1
[rtmod] SUBMIT tid=15281 cv=5613 waits=0 sigs=1 cmds=1
[rtmod] SUBMIT tid=15281 cv=5614 waits=0 sigs=1 cmds=1
[rtmod] SUBMIT tid=15281 cv=5615 waits=0 sigs=1 cmds=1
[rtmod] SUBMIT tid=15281 cv=5616 waits=0 sigs=1 cmds=1
[rtmod] SUBMIT tid=15281 cv=5617 waits=0 sigs=1 cmds=1
[rtmod] SUBMIT tid=15281 cv=5618 waits=0 sigs=1 cmds=1
[rtmod] SUBMIT tid=15281 cv=5619 waits=0 sigs=1 cmds=1
[rtmod] SUBMIT tid=15281 cv=5620 waits=0 sigs=1 cmds=1
[rtmod] SUBMIT tid=15281 cv=5621 waits=0 sigs=1 cmds=1
[rtmod] SUBMIT tid=15281 cv=5622 waits=0 sigs=1 cmds=1
[rtmod] SUBMIT tid=15281 cv=5623 waits=0 sigs=1 cmds=1
[rtmod] SUBMIT tid=15281 cv=5624 waits=0 sigs=1 cmds=1
[rtmod] SUBMIT tid=15281 cv=5625 waits=0 sigs=1 cmds=1
[rtmod] SUBMIT tid=15281 cv=5626 waits=0 sigs=1 cmds=1
[rtmod] SUBMIT tid=15281 cv=5627 waits=0 sigs=1 cmds=1
[rtmod] SUBMIT tid=15281 cv=5628 waits=0 sigs=1 cmds=1
[rtmod] SUBMIT tid=15281 cv=5629 waits=0 sigs=1 cmds=1
[rtmod] SUBMIT tid=15281 cv=5630 waits=0 sigs=1 cmds=1
[rtmod] SUBMIT tid=15281 cv=5631 waits=0 sigs=1 cmds=1
[rtmod] SUBMIT tid=15281 cv=5632 waits=0 sigs=1 cmds=1
[rtmod] SUBMIT tid=15281 cv=5633 waits=0 sigs=1 cmds=1
[rtmod] SUBMIT tid=15281 cv=5634 waits=0 sigs=1 cmds=1
[rtmod] SUBMIT tid=15281 cv=5635 waits=0 sigs=1 cmds=1
[rtmod] SUBMIT tid=15281 cv=5636 waits=0 sigs=1 cmds=1
[rtmod] SUBMIT tid=15281 cv=5637 waits=0 sigs=1 cmds=1
[rtmod] SUBMIT tid=15281 cv=5638 waits=0 sigs=1 cmds=1
[rtmod] SUBMIT tid=15281 cv=5639 waits=0 sigs=1 cmds=1
[rtmod] SUBMIT tid=15281 cv=5640 waits=0 sigs=1 cmds=1
[rtmod] SUBMIT tid=15281 cv=5641 waits=0 sigs=1 cmds=1
[rtmod] SUBMIT tid=15281 cv=5642 waits=0 sigs=1 cmds=1
[rtmod] SUBMIT tid=15281 cv=5643 waits=0 sigs=1 cmds=1
[rtmod] SUBMIT tid=15281 cv=5644 waits=0 sigs=1 cmds=1
[rtmod] SUBMIT tid=15281 cv=5645 waits=0 sigs=1 cmds=1
[rtmod] SUBMIT tid=15281 cv=5646 waits=0 sigs=1 cmds=1
[rtmod] SUBMIT tid=15281 cv=5647 waits=0 sigs=1 cmds=1
[rtmod] SUBMIT tid=15281 cv=5648 waits=0 sigs=1 cmds=1
[rtmod] SUBMIT tid=15281 cv=5649 waits=0 sigs=1 cmds=1
[rtmod] SUBMIT tid=15281 cv=5650 waits=0 sigs=1 cmds=1
[rtmod] SUBMIT tid=15281 cv=5651 waits=0 sigs=1 cmds=1
[rtmod] SUBMIT tid=15281 cv=5652 waits=0 sigs=1 cmds=1
[rtmod] SUBMIT tid=15281 cv=5653 waits=0 sigs=1 cmds=1
[rtmod] SUBMIT tid=15281 cv=5654 waits=0 sigs=1 cmds=1
[rtmod] SUBMIT tid=15281 cv=5655 waits=0 sigs=1 cmds=1
[rtmod] SUBMIT tid=15281 cv=5656 waits=0 sigs=1 cmds=1
[rtmod] SUBMIT tid=15281 cv=5657 waits=0 sigs=1 cmds=1
[rtmod] SUBMIT tid=15281 cv=5658 waits=0 sigs=1 cmds=1
[rtmod] SUBMIT tid=15281 cv=5659 waits=0 sigs=1 cmds=1
[rtmod] SUBMIT tid=15281 cv=5660 waits=0 sigs=1 cmds=1
[rtmod] SUBMIT tid=15281 cv=5661 waits=0 sigs=1 cmds=1
[rtmod] SUBMIT tid=15281 cv=5662 waits=0 sigs=1 cmds=1
[rtmod] SUBMIT tid=15281 cv=5663 waits=0 sigs=1 cmds=1
[rtmod] SUBMIT tid=15281 cv=5664 waits=0 sigs=1 cmds=1
[rtmod] SUBMIT tid=15281 cv=5665 waits=0 sigs=1 cmds=1
[rtmod] SUBMIT tid=15281 cv=5666 waits=0 sigs=1 cmds=1
[rtmod] SUBMIT tid=15281 cv=5667 waits=0 sigs=1 cmds=1
[rtmod] SUBMIT tid=15281 cv=5668 waits=0 sigs=1 cmds=1
[rtmod] SUBMIT tid=15281 cv=5669 waits=0 sigs=1 cmds=1
[rtmod] SUBMIT tid=15281 cv=5670 waits=0 sigs=1 cmds=1
[rtmod] SUBMIT tid=15281 cv=5671 waits=0 sigs=1 cmds=1
[rtmod] SUBMIT tid=15281 cv=5672 waits=0 sigs=1 cmds=1
[rtmod] SUBMIT tid=15281 cv=5673 waits=0 sigs=2 cmds=1
[rtmod] COMMIT-NOOP
{
  "model": "mlx-community/Ministral-3-8B-Instruct-2512-4bit",
  "load_s": 2.21,
  "first_token_s": 11.336,
  "gen_s": 15.49,
  "tokens": 41,
  "tok_s": 2.65,
  "error": null,
  "output": "Photosynthesis is the process by which green plants, algae, and some bacteria convert sunlight, carbon dioxide, and water into glucose (a sugar for energy) and oxygen, using chlorophyll in plant cells."
}
=== mlx-community/Qwen3.5-9B-MLX-4bit
Fetching 11 files:   0%|          | 0/11 [00:00<?, ?it/s]Fetching 11 files: 100%|██████████| 11/11 [00:00<00:00, 2738.77it/s]
[rtmod] COMMIT-NOOP
[rtmod] SUBMIT tid=15281 cv=5674 waits=1 sigs=1 cmds=1
[rtmod] SUBMIT tid=15281 cv=5675 waits=1 sigs=1 cmds=1
[rtmod] SUBMIT tid=15281 cv=5676 waits=1 sigs=1 cmds=1
[rtmod] SUBMIT tid=15281 cv=5677 waits=1 sigs=1 cmds=1
[rtmod] SUBMIT tid=15281 cv=5678 waits=1 sigs=1 cmds=1
[rtmod] SUBMIT tid=15281 cv=5679 waits=1 sigs=1 cmds=1
[rtmod] SUBMIT tid=15281 cv=5680 waits=1 sigs=1 cmds=1
[rtmod] SUBMIT tid=15281 cv=5681 waits=1 sigs=1 cmds=1
[rtmod] SUBMIT tid=15281 cv=5682 waits=1 sigs=1 cmds=1
[rtmod] SUBMIT tid=15281 cv=5683 waits=1 sigs=1 cmds=1
[rtmod] SUBMIT tid=15281 cv=5684 waits=1 sigs=1 cmds=1
[rtmod] SUBMIT tid=15281 cv=5685 waits=1 sigs=1 cmds=1
[rtmod] SUBMIT tid=15281 cv=5686 waits=1 sigs=1 cmds=1
[rtmod] SUBMIT tid=15281 cv=5687 waits=1 sigs=1 cmds=1
[rtmod] SUBMIT tid=15281 cv=5688 waits=1 sigs=1 cmds=1
[rtmod] SUBMIT tid=15281 cv=5689 waits=1 sigs=1 cmds=1
[rtmod] SUBMIT tid=15281 cv=5690 waits=1 sigs=1 cmds=1
[rtmod] SUBMIT tid=15281 cv=5691 waits=1 sigs=1 cmds=1
[rtmod] SUBMIT tid=15281 cv=5692 waits=1 sigs=1 cmds=1
[rtmod] SUBMIT tid=15281 cv=5693 waits=1 sigs=1 cmds=1
[rtmod] SUBMIT tid=15281 cv=5694 waits=1 sigs=1 cmds=1
[rtmod] SUBMIT tid=15281 cv=5695 waits=1 sigs=1 cmds=1
[rtmod] SUBMIT tid=15281 cv=5696 waits=1 sigs=1 cmds=1
[rtmod] SUBMIT tid=15281 cv=5697 waits=1 sigs=1 cmds=1
[rtmod] SUBMIT tid=15281 cv=5698 waits=1 sigs=1 cmds=1
[rtmod] SUBMIT tid=15281 cv=5699 waits=1 sigs=1 cmds=1
[rtmod] SUBMIT tid=15281 cv=5700 waits=1 sigs=1 cmds=1
[rtmod] SUBMIT tid=15281 cv=5701 waits=1 sigs=1 cmds=1
[rtmod] SUBMIT tid=15281 cv=5702 waits=1 sigs=1 cmds=1
[rtmod] SUBMIT tid=15281 cv=5703 waits=1 sigs=1 cmds=1
[rtmod] SUBMIT tid=15281 cv=5704 waits=1 sigs=1 cmds=1
[rtmod] SUBMIT tid=15281 cv=5705 waits=1 sigs=1 cmds=1
[rtmod] SUBMIT tid=15281 cv=5706 waits=1 sigs=1 cmds=1
[rtmod] SUBMIT tid=15281 cv=5707 waits=1 sigs=2 cmds=1
[rtmod] COMMIT-NOOP
[rtmod] SUBMIT tid=15281 cv=5708 waits=1 sigs=1 cmds=1
[rtmod] SUBMIT tid=15281 cv=5709 waits=1 sigs=1 cmds=1
[rtmod] SUBMIT tid=15281 cv=5710 waits=1 sigs=1 cmds=1
[rtmod] SUBMIT tid=15281 cv=5711 waits=1 sigs=1 cmds=1
[rtmod] SUBMIT tid=15281 cv=5712 waits=1 sigs=1 cmds=1
[rtmod] SUBMIT tid=15281 cv=5713 waits=1 sigs=2 cmds=1
[rtmod] COMMIT-NOOP
[rtmod] SUBMIT tid=15281 cv=5714 waits=1 sigs=1 cmds=1
[rtmod] SUBMIT tid=15281 cv=5715 waits=1 sigs=1 cmds=1
[rtmod] SUBMIT tid=15281 cv=5716 waits=1 sigs=1 cmds=1
[rtmod] SUBMIT tid=15281 cv=5717 waits=1 sigs=1 cmds=1
[rtmod] SUBMIT tid=15281 cv=5718 waits=1 sigs=1 cmds=1
[rtmod] SUBMIT tid=15281 cv=5719 waits=1 sigs=2 cmds=1
[rtmod] COMMIT-NOOP
[rtmod] SUBMIT tid=15281 cv=5720 waits=1 sigs=1 cmds=1
[rtmod] SUBMIT tid=15281 cv=5721 waits=1 sigs=1 cmds=1
[rtmod] SUBMIT tid=15281 cv=5722 waits=1 sigs=1 cmds=1
[rtmod] SUBMIT tid=15281 cv=5723 waits=1 sigs=1 cmds=1
[rtmod] SUBMIT tid=15281 cv=5724 waits=1 sigs=1 cmds=1
[rtmod] SUBMIT tid=15281 cv=5725 waits=1 sigs=2 cmds=1
[rtmod] COMMIT-NOOP
[rtmod] SUBMIT tid=15281 cv=5726 waits=1 sigs=1 cmds=1
[rtmod] SUBMIT tid=15281 cv=5727 waits=1 sigs=1 cmds=1
[rtmod] SUBMIT tid=15281 cv=5728 waits=1 sigs=1 cmds=1
[rtmod] SUBMIT tid=15281 cv=5729 waits=1 sigs=1 cmds=1
[rtmod] SUBMIT tid=15281 cv=5730 waits=1 sigs=1 cmds=1
[rtmod] SUBMIT tid=15281 cv=5731 waits=1 sigs=2 cmds=1
[rtmod] COMMIT-NOOP
[rtmod] SUBMIT tid=15281 cv=5732 waits=1 sigs=1 cmds=1
[rtmod] SUBMIT tid=15281 cv=5733 waits=1 sigs=1 cmds=1
[rtmod] SUBMIT tid=15281 cv=5734 waits=1 sigs=1 cmds=1
[rtmod] SUBMIT tid=15281 cv=5735 waits=1 sigs=1 cmds=1
[rtmod] SUBMIT tid=15281 cv=5736 waits=1 sigs=1 cmds=1
[rtmod] SUBMIT tid=15281 cv=5737 waits=1 sigs=2 cmds=1
[rtmod] COMMIT-NOOP
[rtmod] SUBMIT tid=15281 cv=5738 waits=1 sigs=1 cmds=1
[rtmod] SUBMIT tid=15281 cv=5739 waits=1 sigs=1 cmds=1
[rtmod] SUBMIT tid=15281 cv=5740 waits=1 sigs=1 cmds=1
[rtmod] SUBMIT tid=15281 cv=5741 waits=1 sigs=1 cmds=1
[rtmod] SUBMIT tid=15281 cv=5742 waits=1 sigs=1 cmds=1
[rtmod] SUBMIT tid=15281 cv=5743 waits=1 sigs=2 cmds=1
[rtmod] COMMIT-NOOP
[rtmod] SUBMIT tid=15281 cv=5744 waits=1 sigs=1 cmds=1
[rtmod] SUBMIT tid=15281 cv=5745 waits=1 sigs=1 cmds=1
[rtmod] SUBMIT tid=15281 cv=5746 waits=1 sigs=1 cmds=1
[rtmod] SUBMIT tid=15281 cv=5747 waits=1 sigs=1 cmds=1
[rtmod] SUBMIT tid=15281 cv=5748 waits=1 sigs=1 cmds=1
[rtmod] SUBMIT tid=15281 cv=5749 waits=1 sigs=2 cmds=1
[rtmod] COMMIT-NOOP
[rtmod] SUBMIT tid=15281 cv=5750 waits=1 sigs=1 cmds=1
[rtmod] SUBMIT tid=15281 cv=5751 waits=1 sigs=1 cmds=1
[rtmod] SUBMIT tid=15281 cv=5752 waits=1 sigs=1 cmds=1
[rtmod] SUBMIT tid=15281 cv=5753 waits=1 sigs=1 cmds=1
[rtmod] SUBMIT tid=15281 cv=5754 waits=1 sigs=1 cmds=1
[rtmod] SUBMIT tid=15281 cv=5755 waits=1 sigs=2 cmds=1
[rtmod] COMMIT-NOOP
[rtmod] SUBMIT tid=15281 cv=5756 waits=1 sigs=1 cmds=1
[rtmod] SUBMIT tid=15281 cv=5757 waits=1 sigs=1 cmds=1
[rtmod] SUBMIT tid=15281 cv=5758 waits=1 sigs=1 cmds=1
[rtmod] SUBMIT tid=15281 cv=5759 waits=1 sigs=1 cmds=1
[rtmod] SUBMIT tid=15281 cv=5760 waits=1 sigs=1 cmds=1
[rtmod] SUBMIT tid=15281 cv=5761 waits=1 sigs=2 cmds=1
[rtmod] COMMIT-NOOP
[rtmod] SUBMIT tid=15281 cv=5762 waits=1 sigs=1 cmds=1
[rtmod] SUBMIT tid=15281 cv=5763 waits=1 sigs=1 cmds=1
[rtmod] SUBMIT tid=15281 cv=5764 waits=1 sigs=1 cmds=1
[rtmod] SUBMIT tid=15281 cv=5765 waits=1 sigs=1 cmds=1
[rtmod] SUBMIT tid=15281 cv=5766 waits=1 sigs=1 cmds=1
[rtmod] SUBMIT tid=15281 cv=5767 waits=1 sigs=2 cmds=1
[rtmod] COMMIT-NOOP
[rtmod] SUBMIT tid=15281 cv=5768 waits=1 sigs=1 cmds=1
[rtmod] SUBMIT tid=15281 cv=5769 waits=1 sigs=1 cmds=1
[rtmod] SUBMIT tid=15281 cv=5770 waits=1 sigs=1 cmds=1
[rtmod] SUBMIT tid=15281 cv=5771 waits=1 sigs=1 cmds=1
[rtmod] SUBMIT tid=15281 cv=5772 waits=1 sigs=1 cmds=1
[rtmod] SUBMIT tid=15281 cv=5773 waits=1 sigs=2 cmds=1
[rtmod] COMMIT-NOOP
[rtmod] SUBMIT tid=15281 cv=5774 waits=1 sigs=1 cmds=1
[rtmod] SUBMIT tid=15281 cv=5775 waits=1 sigs=1 cmds=1
[rtmod] SUBMIT tid=15281 cv=5776 waits=1 sigs=1 cmds=1
[rtmod] SUBMIT tid=15281 cv=5777 waits=1 sigs=1 cmds=1
[rtmod] SUBMIT tid=15281 cv=5778 waits=1 sigs=1 cmds=1
[rtmod] SUBMIT tid=15281 cv=5779 waits=1 sigs=2 cmds=1
[rtmod] COMMIT-NOOP
[rtmod] SUBMIT tid=15281 cv=5780 waits=1 sigs=1 cmds=1
[rtmod] SUBMIT tid=15281 cv=5781 waits=1 sigs=1 cmds=1
[rtmod] SUBMIT tid=15281 cv=5782 waits=1 sigs=1 cmds=1
[rtmod] SUBMIT tid=15281 cv=5783 waits=1 sigs=1 cmds=1
[rtmod] SUBMIT tid=15281 cv=5784 waits=1 sigs=1 cmds=1
[rtmod] SUBMIT tid=15281 cv=5785 waits=1 sigs=2 cmds=1
[rtmod] COMMIT-NOOP
[rtmod] SUBMIT tid=15281 cv=5786 waits=1 sigs=1 cmds=1
[rtmod] SUBMIT tid=15281 cv=5787 waits=1 sigs=1 cmds=1
[rtmod] SUBMIT tid=15281 cv=5788 waits=1 sigs=1 cmds=1
[rtmod] SUBMIT tid=15281 cv=5789 waits=1 sigs=1 cmds=1
[rtmod] SUBMIT tid=15281 cv=5790 waits=1 sigs=1 cmds=1
[rtmod] SUBMIT tid=15281 cv=5791 waits=1 sigs=2 cmds=1
[rtmod] COMMIT-NOOP
[rtmod] SUBMIT tid=15281 cv=5792 waits=1 sigs=1 cmds=1
[rtmod] SUBMIT tid=15281 cv=5793 waits=1 sigs=1 cmds=1
[rtmod] SUBMIT tid=15281 cv=5794 waits=1 sigs=1 cmds=1
[rtmod] SUBMIT tid=15281 cv=5795 waits=1 sigs=1 cmds=1
[rtmod] SUBMIT tid=15281 cv=5796 waits=1 sigs=1 cmds=1
[rtmod] SUBMIT tid=15281 cv=5797 waits=1 sigs=2 cmds=1
[rtmod] COMMIT-NOOP
[rtmod] SUBMIT tid=15281 cv=5798 waits=1 sigs=1 cmds=1
[rtmod] SUBMIT tid=15281 cv=5799 waits=1 sigs=1 cmds=1
[rtmod] SUBMIT tid=15281 cv=5800 waits=1 sigs=1 cmds=1
[rtmod] SUBMIT tid=15281 cv=5801 waits=1 sigs=1 cmds=1
[rtmod] SUBMIT tid=15281 cv=5802 waits=1 sigs=1 cmds=1
[rtmod] SUBMIT tid=15281 cv=5803 waits=1 sigs=2 cmds=1
[rtmod] COMMIT-NOOP
[rtmod] SUBMIT tid=15281 cv=5804 waits=1 sigs=1 cmds=1
[rtmod] SUBMIT tid=15281 cv=5805 waits=1 sigs=1 cmds=1
[rtmod] SUBMIT tid=15281 cv=5806 waits=1 sigs=1 cmds=1
[rtmod] SUBMIT tid=15281 cv=5807 waits=1 sigs=1 cmds=1
[rtmod] SUBMIT tid=15281 cv=5808 waits=1 sigs=1 cmds=1
[rtmod] SUBMIT tid=15281 cv=5809 waits=1 sigs=2 cmds=1
[rtmod] COMMIT-NOOP
[rtmod] SUBMIT tid=15281 cv=5810 waits=1 sigs=1 cmds=1
[rtmod] SUBMIT tid=15281 cv=5811 waits=1 sigs=1 cmds=1
[rtmod] SUBMIT tid=15281 cv=5812 waits=1 sigs=1 cmds=1
[rtmod] SUBMIT tid=15281 cv=5813 waits=1 sigs=1 cmds=1
[rtmod] SUBMIT tid=15281 cv=5814 waits=1 sigs=1 cmds=1
[rtmod] SUBMIT tid=15281 cv=5815 waits=1 sigs=2 cmds=1
[rtmod] COMMIT-NOOP
[rtmod] SUBMIT tid=15281 cv=5816 waits=1 sigs=1 cmds=1
[rtmod] SUBMIT tid=15281 cv=5817 waits=1 sigs=1 cmds=1
[rtmod] SUBMIT tid=15281 cv=5818 waits=1 sigs=1 cmds=1
[rtmod] SUBMIT tid=15281 cv=5819 waits=1 sigs=1 cmds=1
[rtmod] SUBMIT tid=15281 cv=5820 waits=1 sigs=1 cmds=1
[rtmod] SUBMIT tid=15281 cv=5821 waits=1 sigs=2 cmds=1
[rtmod] COMMIT-NOOP
[rtmod] SUBMIT tid=15281 cv=5822 waits=1 sigs=1 cmds=1
[rtmod] SUBMIT tid=15281 cv=5823 waits=1 sigs=1 cmds=1
[rtmod] SUBMIT tid=15281 cv=5824 waits=1 sigs=1 cmds=1
[rtmod] SUBMIT tid=15281 cv=5825 waits=1 sigs=1 cmds=1
[rtmod] SUBMIT tid=15281 cv=5826 waits=1 sigs=1 cmds=1
[rtmod] SUBMIT tid=15281 cv=5827 waits=1 sigs=2 cmds=1
[rtmod] COMMIT-NOOP
[rtmod] SUBMIT tid=15281 cv=5828 waits=1 sigs=1 cmds=1
[rtmod] SUBMIT tid=15281 cv=5829 waits=1 sigs=1 cmds=1
[rtmod] SUBMIT tid=15281 cv=5830 waits=1 sigs=1 cmds=1
[rtmod] SUBMIT tid=15281 cv=5831 waits=1 sigs=1 cmds=1
[rtmod] SUBMIT tid=15281 cv=5832 waits=1 sigs=1 cmds=1
[rtmod] SUBMIT tid=15281 cv=5833 waits=1 sigs=2 cmds=1
[rtmod] COMMIT-NOOP
[rtmod] SUBMIT tid=15281 cv=5834 waits=1 sigs=1 cmds=1
[rtmod] SUBMIT tid=15281 cv=5835 waits=1 sigs=1 cmds=1
[rtmod] SUBMIT tid=15281 cv=5836 waits=1 sigs=1 cmds=1
[rtmod] SUBMIT tid=15281 cv=5837 waits=1 sigs=1 cmds=1
[rtmod] SUBMIT tid=15281 cv=5838 waits=1 sigs=1 cmds=1
[rtmod] SUBMIT tid=15281 cv=5839 waits=1 sigs=2 cmds=1
[rtmod] COMMIT-NOOP
[rtmod] SUBMIT tid=15281 cv=5840 waits=1 sigs=1 cmds=1
[rtmod] SUBMIT tid=15281 cv=5841 waits=1 sigs=1 cmds=1
[rtmod] SUBMIT tid=15281 cv=5842 waits=1 sigs=1 cmds=1
[rtmod] SUBMIT tid=15281 cv=5843 waits=1 sigs=1 cmds=1
[rtmod] SUBMIT tid=15281 cv=5844 waits=1 sigs=1 cmds=1
[rtmod] SUBMIT tid=15281 cv=5845 waits=1 sigs=2 cmds=1
[rtmod] COMMIT-NOOP
[rtmod] SUBMIT tid=15281 cv=5846 waits=1 sigs=1 cmds=1
[rtmod] SUBMIT tid=15281 cv=5847 waits=1 sigs=1 cmds=1
[rtmod] SUBMIT tid=15281 cv=5848 waits=1 sigs=1 cmds=1
[rtmod] SUBMIT tid=15281 cv=5849 waits=1 sigs=1 cmds=1
[rtmod] SUBMIT tid=15281 cv=5850 waits=1 sigs=1 cmds=1
[rtmod] SUBMIT tid=15281 cv=5851 waits=1 sigs=2 cmds=1
[rtmod] COMMIT-NOOP
[rtmod] SUBMIT tid=15281 cv=5852 waits=1 sigs=1 cmds=1
[rtmod] SUBMIT tid=15281 cv=5853 waits=1 sigs=1 cmds=1
[rtmod] SUBMIT tid=15281 cv=5854 waits=1 sigs=1 cmds=1
[rtmod] SUBMIT tid=15281 cv=5855 waits=1 sigs=1 cmds=1
[rtmod] SUBMIT tid=15281 cv=5856 waits=1 sigs=1 cmds=1
[rtmod] SUBMIT tid=15281 cv=5857 waits=1 sigs=2 cmds=1
[rtmod] COMMIT-NOOP
[rtmod] SUBMIT tid=15281 cv=5858 waits=1 sigs=1 cmds=1
[rtmod] SUBMIT tid=15281 cv=5859 waits=1 sigs=1 cmds=1
[rtmod] SUBMIT tid=15281 cv=5860 waits=1 sigs=1 cmds=1
[rtmod] SUBMIT tid=15281 cv=5861 waits=1 sigs=1 cmds=1
[rtmod] SUBMIT tid=15281 cv=5862 waits=1 sigs=1 cmds=1
[rtmod] SUBMIT tid=15281 cv=5863 waits=1 sigs=2 cmds=1
[rtmod] COMMIT-NOOP
[rtmod] SUBMIT tid=15281 cv=5864 waits=1 sigs=1 cmds=1
[rtmod] SUBMIT tid=15281 cv=5865 waits=1 sigs=1 cmds=1
[rtmod] SUBMIT tid=15281 cv=5866 waits=1 sigs=1 cmds=1
[rtmod] SUBMIT tid=15281 cv=5867 waits=1 sigs=1 cmds=1
[rtmod] SUBMIT tid=15281 cv=5868 waits=1 sigs=1 cmds=1
[rtmod] SUBMIT tid=15281 cv=5869 waits=1 sigs=2 cmds=1
[rtmod] COMMIT-NOOP
[rtmod] SUBMIT tid=15281 cv=5870 waits=1 sigs=1 cmds=1
[rtmod] SUBMIT tid=15281 cv=5871 waits=1 sigs=1 cmds=1
[rtmod] SUBMIT tid=15281 cv=5872 waits=1 sigs=1 cmds=1
[rtmod] SUBMIT tid=15281 cv=5873 waits=1 sigs=1 cmds=1
[rtmod] SUBMIT tid=15281 cv=5874 waits=1 sigs=1 cmds=1
[rtmod] SUBMIT tid=15281 cv=5875 waits=1 sigs=2 cmds=1
[rtmod] COMMIT-NOOP
[rtmod] SUBMIT tid=15281 cv=5876 waits=1 sigs=1 cmds=1
[rtmod] SUBMIT tid=15281 cv=5877 waits=1 sigs=1 cmds=1
[rtmod] SUBMIT tid=15281 cv=5878 waits=1 sigs=1 cmds=1
[rtmod] SUBMIT tid=15281 cv=5879 waits=1 sigs=1 cmds=1
[rtmod] SUBMIT tid=15281 cv=5880 waits=1 sigs=1 cmds=1
[rtmod] SUBMIT tid=15281 cv=5881 waits=1 sigs=2 cmds=1
[rtmod] COMMIT-NOOP
[rtmod] SUBMIT tid=15281 cv=5882 waits=1 sigs=1 cmds=1
[rtmod] SUBMIT tid=15281 cv=5883 waits=1 sigs=1 cmds=1
[rtmod] SUBMIT tid=15281 cv=5884 waits=1 sigs=1 cmds=1
[rtmod] SUBMIT tid=15281 cv=5885 waits=1 sigs=1 cmds=1
[rtmod] SUBMIT tid=15281 cv=5886 waits=1 sigs=1 cmds=1
[rtmod] SUBMIT tid=15281 cv=5887 waits=1 sigs=2 cmds=1
[rtmod] COMMIT-NOOP
[rtmod] SUBMIT tid=15281 cv=5888 waits=1 sigs=1 cmds=1
[rtmod] SUBMIT tid=15281 cv=5889 waits=1 sigs=1 cmds=1
[rtmod] SUBMIT tid=15281 cv=5890 waits=1 sigs=1 cmds=1
[rtmod] SUBMIT tid=15281 cv=5891 waits=1 sigs=1 cmds=1
[rtmod] SUBMIT tid=15281 cv=5892 waits=1 sigs=1 cmds=1
[rtmod] SUBMIT tid=15281 cv=5893 waits=1 sigs=2 cmds=1
[rtmod] COMMIT-NOOP
[rtmod] SUBMIT tid=15281 cv=5894 waits=1 sigs=1 cmds=1
[rtmod] SUBMIT tid=15281 cv=5895 waits=1 sigs=1 cmds=1
[rtmod] SUBMIT tid=15281 cv=5896 waits=1 sigs=1 cmds=1
[rtmod] SUBMIT tid=15281 cv=5897 waits=1 sigs=1 cmds=1
[rtmod] SUBMIT tid=15281 cv=5898 waits=1 sigs=1 cmds=1
[rtmod] SUBMIT tid=15281 cv=5899 waits=1 sigs=2 cmds=1
[rtmod] COMMIT-NOOP
[rtmod] SUBMIT tid=15281 cv=5900 waits=1 sigs=1 cmds=1
[rtmod] SUBMIT tid=15281 cv=5901 waits=1 sigs=1 cmds=1
[rtmod] SUBMIT tid=15281 cv=5902 waits=1 sigs=1 cmds=1
[rtmod] SUBMIT tid=15281 cv=5903 waits=1 sigs=1 cmds=1
[rtmod] SUBMIT tid=15281 cv=5904 waits=1 sigs=1 cmds=1
[rtmod] SUBMIT tid=15281 cv=5905 waits=1 sigs=2 cmds=1
[rtmod] COMMIT-NOOP
[rtmod] SUBMIT tid=15281 cv=5906 waits=1 sigs=1 cmds=1
[rtmod] SUBMIT tid=15281 cv=5907 waits=1 sigs=1 cmds=1
[rtmod] SUBMIT tid=15281 cv=5908 waits=1 sigs=1 cmds=1
[rtmod] SUBMIT tid=15281 cv=5909 waits=1 sigs=1 cmds=1
[rtmod] SUBMIT tid=15281 cv=5910 waits=1 sigs=1 cmds=1
[rtmod] SUBMIT tid=15281 cv=5911 waits=1 sigs=2 cmds=1
[rtmod] COMMIT-NOOP
[rtmod] SUBMIT tid=15281 cv=5912 waits=1 sigs=1 cmds=1
[rtmod] SUBMIT tid=15281 cv=5913 waits=1 sigs=1 cmds=1
[rtmod] SUBMIT tid=15281 cv=5914 waits=1 sigs=1 cmds=1
[rtmod] SUBMIT tid=15281 cv=5915 waits=1 sigs=1 cmds=1
[rtmod] SUBMIT tid=15281 cv=5916 waits=1 sigs=1 cmds=1
[rtmod] SUBMIT tid=15281 cv=5917 waits=1 sigs=2 cmds=1
[rtmod] COMMIT-NOOP
[rtmod] SUBMIT tid=15281 cv=5918 waits=1 sigs=1 cmds=1
[rtmod] SUBMIT tid=15281 cv=5919 waits=1 sigs=1 cmds=1
[rtmod] SUBMIT tid=15281 cv=5920 waits=1 sigs=1 cmds=1
[rtmod] SUBMIT tid=15281 cv=5921 waits=1 sigs=1 cmds=1
[rtmod] SUBMIT tid=15281 cv=5922 waits=1 sigs=1 cmds=1
[rtmod] SUBMIT tid=15281 cv=5923 waits=1 sigs=2 cmds=1
[rtmod] COMMIT-NOOP
[rtmod] SUBMIT tid=15281 cv=5924 waits=1 sigs=1 cmds=1
[rtmod] SUBMIT tid=15281 cv=5925 waits=1 sigs=1 cmds=1
[rtmod] SUBMIT tid=15281 cv=5926 waits=1 sigs=1 cmds=1
[rtmod] SUBMIT tid=15281 cv=5927 waits=1 sigs=1 cmds=1
[rtmod] SUBMIT tid=15281 cv=5928 waits=1 sigs=1 cmds=1
[rtmod] SUBMIT tid=15281 cv=5929 waits=1 sigs=2 cmds=1
[rtmod] COMMIT-NOOP
[rtmod] SUBMIT tid=15281 cv=5930 waits=1 sigs=1 cmds=1
[rtmod] SUBMIT tid=15281 cv=5931 waits=1 sigs=1 cmds=1
[rtmod] SUBMIT tid=15281 cv=5932 waits=1 sigs=1 cmds=1
[rtmod] SUBMIT tid=15281 cv=5933 waits=1 sigs=1 cmds=1
[rtmod] SUBMIT tid=15281 cv=5934 waits=1 sigs=1 cmds=1
[rtmod] SUBMIT tid=15281 cv=5935 waits=1 sigs=2 cmds=1
[rtmod] COMMIT-NOOP
[rtmod] SUBMIT tid=15281 cv=5936 waits=1 sigs=1 cmds=1
[rtmod] SUBMIT tid=15281 cv=5937 waits=1 sigs=1 cmds=1
[rtmod] SUBMIT tid=15281 cv=5938 waits=1 sigs=1 cmds=1
[rtmod] SUBMIT tid=15281 cv=5939 waits=1 sigs=1 cmds=1
[rtmod] SUBMIT tid=15281 cv=5940 waits=1 sigs=1 cmds=1
[rtmod] SUBMIT tid=15281 cv=5941 waits=1 sigs=2 cmds=1
[rtmod] COMMIT-NOOP
[rtmod] SUBMIT tid=15281 cv=5942 waits=1 sigs=1 cmds=1
[rtmod] SUBMIT tid=15281 cv=5943 waits=1 sigs=1 cmds=1
[rtmod] SUBMIT tid=15281 cv=5944 waits=1 sigs=1 cmds=1
[rtmod] SUBMIT tid=15281 cv=5945 waits=1 sigs=1 cmds=1
[rtmod] SUBMIT tid=15281 cv=5946 waits=1 sigs=1 cmds=1
[rtmod] SUBMIT tid=15281 cv=5947 waits=1 sigs=2 cmds=1
[rtmod] COMMIT-NOOP
[rtmod] SUBMIT tid=15281 cv=5948 waits=1 sigs=1 cmds=1
[rtmod] SUBMIT tid=15281 cv=5949 waits=1 sigs=1 cmds=1
[rtmod] SUBMIT tid=15281 cv=5950 waits=1 sigs=1 cmds=1
[rtmod] SUBMIT tid=15281 cv=5951 waits=1 sigs=1 cmds=1
[rtmod] SUBMIT tid=15281 cv=5952 waits=1 sigs=1 cmds=1
[rtmod] SUBMIT tid=15281 cv=5953 waits=1 sigs=2 cmds=1
[rtmod] COMMIT-NOOP
[rtmod] SUBMIT tid=15281 cv=5954 waits=1 sigs=1 cmds=1
[rtmod] SUBMIT tid=15281 cv=5955 waits=1 sigs=1 cmds=1
[rtmod] SUBMIT tid=15281 cv=5956 waits=1 sigs=1 cmds=1
[rtmod] SUBMIT tid=15281 cv=5957 waits=1 sigs=1 cmds=1
[rtmod] SUBMIT tid=15281 cv=5958 waits=1 sigs=1 cmds=1
[rtmod] SUBMIT tid=15281 cv=5959 waits=1 sigs=2 cmds=1
[rtmod] COMMIT-NOOP
[rtmod] SUBMIT tid=15281 cv=5960 waits=1 sigs=1 cmds=1
[rtmod] SUBMIT tid=15281 cv=5961 waits=1 sigs=1 cmds=1
[rtmod] SUBMIT tid=15281 cv=5962 waits=1 sigs=1 cmds=1
[rtmod] SUBMIT tid=15281 cv=5963 waits=1 sigs=1 cmds=1
[rtmod] SUBMIT tid=15281 cv=5964 waits=1 sigs=1 cmds=1
[rtmod] SUBMIT tid=15281 cv=5965 waits=1 sigs=2 cmds=1
[rtmod] COMMIT-NOOP
[rtmod] SUBMIT tid=15281 cv=5966 waits=1 sigs=1 cmds=1
[rtmod] SUBMIT tid=15281 cv=5967 waits=1 sigs=1 cmds=1
[rtmod] SUBMIT tid=15281 cv=5968 waits=1 sigs=1 cmds=1
[rtmod] SUBMIT tid=15281 cv=5969 waits=1 sigs=1 cmds=1
[rtmod] SUBMIT tid=15281 cv=5970 waits=1 sigs=1 cmds=1
[rtmod] SUBMIT tid=15281 cv=5971 waits=1 sigs=2 cmds=1
[rtmod] COMMIT-NOOP
[rtmod] SUBMIT tid=15281 cv=5972 waits=1 sigs=1 cmds=1
[rtmod] SUBMIT tid=15281 cv=5973 waits=1 sigs=1 cmds=1
[rtmod] SUBMIT tid=15281 cv=5974 waits=1 sigs=1 cmds=1
[rtmod] SUBMIT tid=15281 cv=5975 waits=1 sigs=1 cmds=1
[rtmod] SUBMIT tid=15281 cv=5976 waits=1 sigs=1 cmds=1
[rtmod] SUBMIT tid=15281 cv=5977 waits=1 sigs=2 cmds=1
[rtmod] COMMIT-NOOP
[rtmod] SUBMIT tid=15281 cv=5978 waits=1 sigs=1 cmds=1
[rtmod] SUBMIT tid=15281 cv=5979 waits=1 sigs=1 cmds=1
[rtmod] SUBMIT tid=15281 cv=5980 waits=1 sigs=1 cmds=1
[rtmod] SUBMIT tid=15281 cv=5981 waits=1 sigs=1 cmds=1
[rtmod] SUBMIT tid=15281 cv=5982 waits=1 sigs=1 cmds=1
[rtmod] SUBMIT tid=15281 cv=5983 waits=1 sigs=2 cmds=1
[rtmod] COMMIT-NOOP
[rtmod] SUBMIT tid=15281 cv=5984 waits=1 sigs=1 cmds=1
[rtmod] SUBMIT tid=15281 cv=5985 waits=1 sigs=1 cmds=1
[rtmod] SUBMIT tid=15281 cv=5986 waits=1 sigs=1 cmds=1
[rtmod] SUBMIT tid=15281 cv=5987 waits=1 sigs=1 cmds=1
[rtmod] SUBMIT tid=15281 cv=5988 waits=1 sigs=1 cmds=1
[rtmod] SUBMIT tid=15281 cv=5989 waits=1 sigs=2 cmds=1
[rtmod] COMMIT-NOOP
[rtmod] SUBMIT tid=15281 cv=5990 waits=1 sigs=1 cmds=1
[rtmod] SUBMIT tid=15281 cv=5991 waits=1 sigs=1 cmds=1
[rtmod] SUBMIT tid=15281 cv=5992 waits=1 sigs=1 cmds=1
[rtmod] SUBMIT tid=15281 cv=5993 waits=1 sigs=1 cmds=1
[rtmod] SUBMIT tid=15281 cv=5994 waits=1 sigs=1 cmds=1
[rtmod] SUBMIT tid=15281 cv=5995 waits=1 sigs=2 cmds=1
[rtmod] COMMIT-NOOP
[rtmod] SUBMIT tid=15281 cv=5996 waits=1 sigs=1 cmds=1
[rtmod] SUBMIT tid=15281 cv=5997 waits=1 sigs=1 cmds=1
[rtmod] SUBMIT tid=15281 cv=5998 waits=1 sigs=1 cmds=1
[rtmod] SUBMIT tid=15281 cv=5999 waits=1 sigs=1 cmds=1
[rtmod] SUBMIT tid=15281 cv=6000 waits=1 sigs=1 cmds=1
[rtmod] SUBMIT tid=15281 cv=6001 waits=1 sigs=2 cmds=1
[rtmod] COMMIT-NOOP
[rtmod] SUBMIT tid=15281 cv=6002 waits=1 sigs=1 cmds=1
[rtmod] SUBMIT tid=15281 cv=6003 waits=1 sigs=1 cmds=1
[rtmod] SUBMIT tid=15281 cv=6004 waits=1 sigs=1 cmds=1
[rtmod] SUBMIT tid=15281 cv=6005 waits=1 sigs=1 cmds=1
[rtmod] SUBMIT tid=15281 cv=6006 waits=1 sigs=1 cmds=1
[rtmod] SUBMIT tid=15281 cv=6007 waits=1 sigs=2 cmds=1
[rtmod] COMMIT-NOOP
[rtmod] SUBMIT tid=15281 cv=6008 waits=1 sigs=1 cmds=1
[rtmod] SUBMIT tid=15281 cv=6009 waits=1 sigs=1 cmds=1
[rtmod] SUBMIT tid=15281 cv=6010 waits=1 sigs=1 cmds=1
[rtmod] SUBMIT tid=15281 cv=6011 waits=1 sigs=1 cmds=1
[rtmod] SUBMIT tid=15281 cv=6012 waits=1 sigs=1 cmds=1
[rtmod] SUBMIT tid=15281 cv=6013 waits=1 sigs=2 cmds=1
[rtmod] COMMIT-NOOP
[rtmod] SUBMIT tid=15281 cv=6014 waits=1 sigs=1 cmds=1
[rtmod] SUBMIT tid=15281 cv=6015 waits=1 sigs=1 cmds=1
[rtmod] SUBMIT tid=15281 cv=6016 waits=1 sigs=1 cmds=1
[rtmod] SUBMIT tid=15281 cv=6017 waits=1 sigs=1 cmds=1
[rtmod] SUBMIT tid=15281 cv=6018 waits=1 sigs=1 cmds=1
[rtmod] SUBMIT tid=15281 cv=6019 waits=1 sigs=2 cmds=1
[rtmod] COMMIT-NOOP
[rtmod] SUBMIT tid=15281 cv=6020 waits=1 sigs=1 cmds=1
[rtmod] SUBMIT tid=15281 cv=6021 waits=1 sigs=1 cmds=1
[rtmod] SUBMIT tid=15281 cv=6022 waits=1 sigs=1 cmds=1
[rtmod] SUBMIT tid=15281 cv=6023 waits=1 sigs=1 cmds=1
[rtmod] SUBMIT tid=15281 cv=6024 waits=1 sigs=1 cmds=1
[rtmod] SUBMIT tid=15281 cv=6025 waits=1 sigs=2 cmds=1
[rtmod] COMMIT-NOOP
[rtmod] SUBMIT tid=15281 cv=6026 waits=1 sigs=1 cmds=1
[rtmod] SUBMIT tid=15281 cv=6027 waits=1 sigs=1 cmds=1
[rtmod] SUBMIT tid=15281 cv=6028 waits=1 sigs=1 cmds=1
[rtmod] SUBMIT tid=15281 cv=6029 waits=1 sigs=1 cmds=1
[rtmod] SUBMIT tid=15281 cv=6030 waits=1 sigs=1 cmds=1
[rtmod] SUBMIT tid=15281 cv=6031 waits=1 sigs=2 cmds=1
[rtmod] COMMIT-NOOP
[rtmod] SUBMIT tid=15281 cv=6032 waits=1 sigs=1 cmds=1
[rtmod] SUBMIT tid=15281 cv=6033 waits=1 sigs=1 cmds=1
[rtmod] SUBMIT tid=15281 cv=6034 waits=1 sigs=1 cmds=1
[rtmod] SUBMIT tid=15281 cv=6035 waits=1 sigs=1 cmds=1
[rtmod] SUBMIT tid=15281 cv=6036 waits=1 sigs=1 cmds=1
[rtmod] SUBMIT tid=15281 cv=6037 waits=1 sigs=2 cmds=1
[rtmod] COMMIT-NOOP
[rtmod] SUBMIT tid=15281 cv=6038 waits=1 sigs=1 cmds=1
[rtmod] SUBMIT tid=15281 cv=6039 waits=1 sigs=1 cmds=1
[rtmod] SUBMIT tid=15281 cv=6040 waits=1 sigs=1 cmds=1
[rtmod] SUBMIT tid=15281 cv=6041 waits=1 sigs=1 cmds=1
[rtmod] SUBMIT tid=15281 cv=6042 waits=1 sigs=1 cmds=1
[rtmod] SUBMIT tid=15281 cv=6043 waits=1 sigs=2 cmds=1
[rtmod] COMMIT-NOOP
[rtmod] SUBMIT tid=15281 cv=6044 waits=1 sigs=1 cmds=1
[rtmod] SUBMIT tid=15281 cv=6045 waits=1 sigs=1 cmds=1
[rtmod] SUBMIT tid=15281 cv=6046 waits=1 sigs=1 cmds=1
[rtmod] SUBMIT tid=15281 cv=6047 waits=1 sigs=1 cmds=1
[rtmod] SUBMIT tid=15281 cv=6048 waits=1 sigs=1 cmds=1
[rtmod] SUBMIT tid=15281 cv=6049 waits=1 sigs=2 cmds=1
[rtmod] COMMIT-NOOP
[rtmod] SUBMIT tid=15281 cv=6050 waits=1 sigs=1 cmds=1
[rtmod] SUBMIT tid=15281 cv=6051 waits=1 sigs=1 cmds=1
[rtmod] SUBMIT tid=15281 cv=6052 waits=1 sigs=1 cmds=1
[rtmod] SUBMIT tid=15281 cv=6053 waits=1 sigs=1 cmds=1
[rtmod] SUBMIT tid=15281 cv=6054 waits=1 sigs=1 cmds=1
[rtmod] SUBMIT tid=15281 cv=6055 waits=1 sigs=2 cmds=1
[rtmod] COMMIT-NOOP
[rtmod] SUBMIT tid=15281 cv=6056 waits=1 sigs=1 cmds=1
[rtmod] SUBMIT tid=15281 cv=6057 waits=1 sigs=1 cmds=1
[rtmod] SUBMIT tid=15281 cv=6058 waits=1 sigs=1 cmds=1
[rtmod] SUBMIT tid=15281 cv=6059 waits=1 sigs=1 cmds=1
[rtmod] SUBMIT tid=15281 cv=6060 waits=1 sigs=1 cmds=1
[rtmod] SUBMIT tid=15281 cv=6061 waits=1 sigs=2 cmds=1
[rtmod] COMMIT-NOOP
[rtmod] SUBMIT tid=15281 cv=6062 waits=1 sigs=1 cmds=1
[rtmod] SUBMIT tid=15281 cv=6063 waits=1 sigs=1 cmds=1
[rtmod] SUBMIT tid=15281 cv=6064 waits=1 sigs=1 cmds=1
[rtmod] SUBMIT tid=15281 cv=6065 waits=1 sigs=1 cmds=1
[rtmod] SUBMIT tid=15281 cv=6066 waits=1 sigs=1 cmds=1
[rtmod] SUBMIT tid=15281 cv=6067 waits=1 sigs=2 cmds=1
[rtmod] COMMIT-NOOP
[rtmod] SUBMIT tid=15281 cv=6068 waits=1 sigs=1 cmds=1
[rtmod] SUBMIT tid=15281 cv=6069 waits=1 sigs=1 cmds=1
[rtmod] SUBMIT tid=15281 cv=6070 waits=1 sigs=1 cmds=1
[rtmod] SUBMIT tid=15281 cv=6071 waits=1 sigs=1 cmds=1
[rtmod] SUBMIT tid=15281 cv=6072 waits=1 sigs=1 cmds=1
[rtmod] SUBMIT tid=15281 cv=6073 waits=1 sigs=2 cmds=1
[rtmod] COMMIT-NOOP
[rtmod] SUBMIT tid=15281 cv=6074 waits=1 sigs=1 cmds=1
[rtmod] SUBMIT tid=15281 cv=6075 waits=1 sigs=1 cmds=1
[rtmod] SUBMIT tid=15281 cv=6076 waits=1 sigs=1 cmds=1
[rtmod] SUBMIT tid=15281 cv=6077 waits=1 sigs=1 cmds=1
[rtmod] SUBMIT tid=15281 cv=6078 waits=1 sigs=1 cmds=1
[rtmod] SUBMIT tid=15281 cv=6079 waits=1 sigs=2 cmds=1
[rtmod] COMMIT-NOOP
[rtmod] SUBMIT tid=15281 cv=6080 waits=1 sigs=1 cmds=1
[rtmod] SUBMIT tid=15281 cv=6081 waits=1 sigs=1 cmds=1
[rtmod] SUBMIT tid=15281 cv=6082 waits=1 sigs=1 cmds=1
[rtmod] SUBMIT tid=15281 cv=6083 waits=1 sigs=1 cmds=1
[rtmod] SUBMIT tid=15281 cv=6084 waits=1 sigs=1 cmds=1
[rtmod] SUBMIT tid=15281 cv=6085 waits=1 sigs=2 cmds=1
[rtmod] COMMIT-NOOP
[rtmod] SUBMIT tid=15281 cv=6086 waits=1 sigs=1 cmds=1
[rtmod] SUBMIT tid=15281 cv=6087 waits=1 sigs=1 cmds=1
[rtmod] SUBMIT tid=15281 cv=6088 waits=1 sigs=1 cmds=1
[rtmod] SUBMIT tid=15281 cv=6089 waits=1 sigs=1 cmds=1
[rtmod] SUBMIT tid=15281 cv=6090 waits=1 sigs=1 cmds=1
[rtmod] SUBMIT tid=15281 cv=6091 waits=1 sigs=2 cmds=1
[rtmod] COMMIT-NOOP
[rtmod] SUBMIT tid=15281 cv=6092 waits=1 sigs=1 cmds=1
[rtmod] SUBMIT tid=15281 cv=6093 waits=1 sigs=1 cmds=1
[rtmod] SUBMIT tid=15281 cv=6094 waits=1 sigs=1 cmds=1
[rtmod] SUBMIT tid=15281 cv=6095 waits=1 sigs=1 cmds=1
[rtmod] SUBMIT tid=15281 cv=6096 waits=1 sigs=1 cmds=1
[rtmod] SUBMIT tid=15281 cv=6097 waits=1 sigs=2 cmds=1
[rtmod] COMMIT-NOOP
[rtmod] SUBMIT tid=15281 cv=6098 waits=1 sigs=1 cmds=1
[rtmod] SUBMIT tid=15281 cv=6099 waits=1 sigs=1 cmds=1
[rtmod] SUBMIT tid=15281 cv=6100 waits=1 sigs=1 cmds=1
[rtmod] SUBMIT tid=15281 cv=6101 waits=1 sigs=1 cmds=1
[rtmod] SUBMIT tid=15281 cv=6102 waits=1 sigs=1 cmds=1
[rtmod] SUBMIT tid=15281 cv=6103 waits=1 sigs=2 cmds=1
[rtmod] COMMIT-NOOP
[rtmod] SUBMIT tid=15281 cv=6104 waits=1 sigs=1 cmds=1
[rtmod] SUBMIT tid=15281 cv=6105 waits=1 sigs=1 cmds=1
[rtmod] SUBMIT tid=15281 cv=6106 waits=1 sigs=1 cmds=1
[rtmod] SUBMIT tid=15281 cv=6107 waits=1 sigs=1 cmds=1
[rtmod] SUBMIT tid=15281 cv=6108 waits=1 sigs=1 cmds=1
[rtmod] SUBMIT tid=15281 cv=6109 waits=1 sigs=2 cmds=1
[rtmod] COMMIT-NOOP
[rtmod] SUBMIT tid=15281 cv=6110 waits=1 sigs=1 cmds=1
[rtmod] SUBMIT tid=15281 cv=6111 waits=1 sigs=1 cmds=1
[rtmod] SUBMIT tid=15281 cv=6112 waits=1 sigs=1 cmds=1
[rtmod] SUBMIT tid=15281 cv=6113 waits=1 sigs=1 cmds=1
[rtmod] SUBMIT tid=15281 cv=6114 waits=1 sigs=1 cmds=1
[rtmod] SUBMIT tid=15281 cv=6115 waits=1 sigs=2 cmds=1
[rtmod] COMMIT-NOOP
[rtmod] SUBMIT tid=15281 cv=6116 waits=1 sigs=1 cmds=1
[rtmod] SUBMIT tid=15281 cv=6117 waits=1 sigs=1 cmds=1
[rtmod] SUBMIT tid=15281 cv=6118 waits=1 sigs=1 cmds=1
[rtmod] SUBMIT tid=15281 cv=6119 waits=1 sigs=1 cmds=1
[rtmod] SUBMIT tid=15281 cv=6120 waits=1 sigs=1 cmds=1
[rtmod] SUBMIT tid=15281 cv=6121 waits=1 sigs=2 cmds=1
[rtmod] COMMIT-NOOP
[rtmod] SUBMIT tid=15281 cv=6122 waits=1 sigs=1 cmds=1
[rtmod] SUBMIT tid=15281 cv=6123 waits=1 sigs=1 cmds=1
[rtmod] SUBMIT tid=15281 cv=6124 waits=1 sigs=1 cmds=1
[rtmod] SUBMIT tid=15281 cv=6125 waits=1 sigs=1 cmds=1
[rtmod] SUBMIT tid=15281 cv=6126 waits=1 sigs=1 cmds=1
[rtmod] SUBMIT tid=15281 cv=6127 waits=1 sigs=2 cmds=1
[rtmod] COMMIT-NOOP
[rtmod] SUBMIT tid=15281 cv=6128 waits=1 sigs=1 cmds=1
[rtmod] SUBMIT tid=15281 cv=6129 waits=1 sigs=1 cmds=1
[rtmod] SUBMIT tid=15281 cv=6130 waits=1 sigs=1 cmds=1
[rtmod] SUBMIT tid=15281 cv=6131 waits=1 sigs=1 cmds=1
[rtmod] SUBMIT tid=15281 cv=6132 waits=1 sigs=1 cmds=1
[rtmod] SUBMIT tid=15281 cv=6133 waits=1 sigs=2 cmds=1
[rtmod] COMMIT-NOOP
[rtmod] SUBMIT tid=15281 cv=6134 waits=1 sigs=1 cmds=1
[rtmod] SUBMIT tid=15281 cv=6135 waits=1 sigs=1 cmds=1
[rtmod] SUBMIT tid=15281 cv=6136 waits=1 sigs=1 cmds=1
[rtmod] SUBMIT tid=15281 cv=6137 waits=1 sigs=1 cmds=1
[rtmod] SUBMIT tid=15281 cv=6138 waits=1 sigs=1 cmds=1
[rtmod] SUBMIT tid=15281 cv=6139 waits=1 sigs=2 cmds=1
[rtmod] COMMIT-NOOP
[rtmod] SUBMIT tid=15281 cv=6140 waits=1 sigs=1 cmds=1
[rtmod] SUBMIT tid=15281 cv=6141 waits=1 sigs=1 cmds=1
[rtmod] SUBMIT tid=15281 cv=6142 waits=1 sigs=1 cmds=1
[rtmod] SUBMIT tid=15281 cv=6143 waits=1 sigs=1 cmds=1
[rtmod] SUBMIT tid=15281 cv=6144 waits=1 sigs=1 cmds=1
[rtmod] SUBMIT tid=15281 cv=6145 waits=1 sigs=2 cmds=1
[rtmod] COMMIT-NOOP
[rtmod] SUBMIT tid=15281 cv=6146 waits=1 sigs=1 cmds=1
[rtmod] SUBMIT tid=15281 cv=6147 waits=1 sigs=1 cmds=1
[rtmod] SUBMIT tid=15281 cv=6148 waits=1 sigs=1 cmds=1
[rtmod] SUBMIT tid=15281 cv=6149 waits=1 sigs=1 cmds=1
[rtmod] SUBMIT tid=15281 cv=6150 waits=1 sigs=1 cmds=1
[rtmod] SUBMIT tid=15281 cv=6151 waits=1 sigs=2 cmds=1
[rtmod] COMMIT-NOOP
[rtmod] SUBMIT tid=15281 cv=6152 waits=1 sigs=1 cmds=1
[rtmod] SUBMIT tid=15281 cv=6153 waits=1 sigs=1 cmds=1
[rtmod] SUBMIT tid=15281 cv=6154 waits=1 sigs=1 cmds=1
[rtmod] SUBMIT tid=15281 cv=6155 waits=1 sigs=1 cmds=1
[rtmod] SUBMIT tid=15281 cv=6156 waits=1 sigs=1 cmds=1
[rtmod] SUBMIT tid=15281 cv=6157 waits=1 sigs=2 cmds=1
[rtmod] COMMIT-NOOP
[rtmod] SUBMIT tid=15281 cv=6158 waits=1 sigs=1 cmds=1
[rtmod] SUBMIT tid=15281 cv=6159 waits=1 sigs=1 cmds=1
[rtmod] SUBMIT tid=15281 cv=6160 waits=1 sigs=1 cmds=1
[rtmod] SUBMIT tid=15281 cv=6161 waits=1 sigs=1 cmds=1
[rtmod] SUBMIT tid=15281 cv=6162 waits=1 sigs=1 cmds=1
[rtmod] SUBMIT tid=15281 cv=6163 waits=1 sigs=2 cmds=1
[rtmod] COMMIT-NOOP
[rtmod] SUBMIT tid=15281 cv=6164 waits=1 sigs=1 cmds=1
[rtmod] SUBMIT tid=15281 cv=6165 waits=1 sigs=1 cmds=1
[rtmod] SUBMIT tid=15281 cv=6166 waits=1 sigs=1 cmds=1
[rtmod] SUBMIT tid=15281 cv=6167 waits=1 sigs=1 cmds=1
[rtmod] SUBMIT tid=15281 cv=6168 waits=1 sigs=1 cmds=1
[rtmod] SUBMIT tid=15281 cv=6169 waits=1 sigs=2 cmds=1
[rtmod] COMMIT-NOOP
[rtmod] SUBMIT tid=15281 cv=6170 waits=1 sigs=1 cmds=1
[rtmod] SUBMIT tid=15281 cv=6171 waits=1 sigs=1 cmds=1
[rtmod] SUBMIT tid=15281 cv=6172 waits=1 sigs=1 cmds=1
[rtmod] SUBMIT tid=15281 cv=6173 waits=1 sigs=1 cmds=1
[rtmod] SUBMIT tid=15281 cv=6174 waits=1 sigs=1 cmds=1
[rtmod] SUBMIT tid=15281 cv=6175 waits=1 sigs=2 cmds=1
[rtmod] COMMIT-NOOP
[rtmod] SUBMIT tid=15281 cv=6176 waits=1 sigs=1 cmds=1
[rtmod] SUBMIT tid=15281 cv=6177 waits=1 sigs=1 cmds=1
[rtmod] SUBMIT tid=15281 cv=6178 waits=1 sigs=1 cmds=1
[rtmod] SUBMIT tid=15281 cv=6179 waits=1 sigs=1 cmds=1
[rtmod] SUBMIT tid=15281 cv=6180 waits=1 sigs=1 cmds=1
[rtmod] SUBMIT tid=15281 cv=6181 waits=1 sigs=2 cmds=1
[rtmod] COMMIT-NOOP
[rtmod] SUBMIT tid=15281 cv=6182 waits=1 sigs=1 cmds=1
[rtmod] SUBMIT tid=15281 cv=6183 waits=1 sigs=1 cmds=1
[rtmod] SUBMIT tid=15281 cv=6184 waits=1 sigs=1 cmds=1
[rtmod] SUBMIT tid=15281 cv=6185 waits=1 sigs=1 cmds=1
[rtmod] SUBMIT tid=15281 cv=6186 waits=1 sigs=1 cmds=1
[rtmod] SUBMIT tid=15281 cv=6187 waits=1 sigs=2 cmds=1
[rtmod] COMMIT-NOOP
[rtmod] SUBMIT tid=15281 cv=6188 waits=1 sigs=1 cmds=1
[rtmod] SUBMIT tid=15281 cv=6189 waits=1 sigs=1 cmds=1
[rtmod] SUBMIT tid=15281 cv=6190 waits=1 sigs=1 cmds=1
[rtmod] SUBMIT tid=15281 cv=6191 waits=1 sigs=1 cmds=1
[rtmod] SUBMIT tid=15281 cv=6192 waits=1 sigs=1 cmds=1
[rtmod] SUBMIT tid=15281 cv=6193 waits=1 sigs=2 cmds=1
[rtmod] COMMIT-NOOP
[rtmod] SUBMIT tid=15281 cv=6194 waits=1 sigs=1 cmds=1
[rtmod] SUBMIT tid=15281 cv=6195 waits=1 sigs=1 cmds=1
[rtmod] SUBMIT tid=15281 cv=6196 waits=1 sigs=1 cmds=1
[rtmod] SUBMIT tid=15281 cv=6197 waits=1 sigs=1 cmds=1
[rtmod] SUBMIT tid=15281 cv=6198 waits=1 sigs=1 cmds=1
[rtmod] SUBMIT tid=15281 cv=6199 waits=1 sigs=2 cmds=1
[rtmod] COMMIT-NOOP
[rtmod] SUBMIT tid=15281 cv=6200 waits=1 sigs=1 cmds=1
[rtmod] SUBMIT tid=15281 cv=6201 waits=1 sigs=1 cmds=1
[rtmod] SUBMIT tid=15281 cv=6202 waits=1 sigs=1 cmds=1
[rtmod] SUBMIT tid=15281 cv=6203 waits=1 sigs=1 cmds=1
[rtmod] SUBMIT tid=15281 cv=6204 waits=1 sigs=1 cmds=1
[rtmod] SUBMIT tid=15281 cv=6205 waits=1 sigs=2 cmds=1
[rtmod] COMMIT-NOOP
[rtmod] SUBMIT tid=15281 cv=6206 waits=1 sigs=1 cmds=1
[rtmod] SUBMIT tid=15281 cv=6207 waits=1 sigs=1 cmds=1
[rtmod] SUBMIT tid=15281 cv=6208 waits=1 sigs=1 cmds=1
[rtmod] SUBMIT tid=15281 cv=6209 waits=1 sigs=1 cmds=1
[rtmod] SUBMIT tid=15281 cv=6210 waits=1 sigs=1 cmds=1
[rtmod] SUBMIT tid=15281 cv=6211 waits=1 sigs=2 cmds=1
[rtmod] COMMIT-NOOP
[rtmod] SUBMIT tid=15281 cv=6212 waits=1 sigs=1 cmds=1
[rtmod] SUBMIT tid=15281 cv=6213 waits=1 sigs=1 cmds=1
[rtmod] SUBMIT tid=15281 cv=6214 waits=1 sigs=1 cmds=1
[rtmod] SUBMIT tid=15281 cv=6215 waits=1 sigs=1 cmds=1
[rtmod] SUBMIT tid=15281 cv=6216 waits=1 sigs=1 cmds=1
[rtmod] SUBMIT tid=15281 cv=6217 waits=1 sigs=2 cmds=1
[rtmod] COMMIT-NOOP
[rtmod] SUBMIT tid=15281 cv=6218 waits=1 sigs=1 cmds=1
[rtmod] SUBMIT tid=15281 cv=6219 waits=1 sigs=1 cmds=1
[rtmod] SUBMIT tid=15281 cv=6220 waits=1 sigs=1 cmds=1
[rtmod] SUBMIT tid=15281 cv=6221 waits=1 sigs=1 cmds=1
[rtmod] SUBMIT tid=15281 cv=6222 waits=1 sigs=1 cmds=1
[rtmod] SUBMIT tid=15281 cv=6223 waits=1 sigs=2 cmds=1
[rtmod] COMMIT-NOOP
[rtmod] SUBMIT tid=15281 cv=6224 waits=1 sigs=1 cmds=1
[rtmod] SUBMIT tid=15281 cv=6225 waits=1 sigs=1 cmds=1
[rtmod] SUBMIT tid=15281 cv=6226 waits=1 sigs=1 cmds=1
[rtmod] SUBMIT tid=15281 cv=6227 waits=1 sigs=1 cmds=1
[rtmod] SUBMIT tid=15281 cv=6228 waits=1 sigs=1 cmds=1
[rtmod] SUBMIT tid=15281 cv=6229 waits=1 sigs=2 cmds=1
[rtmod] COMMIT-NOOP
[rtmod] SUBMIT tid=15281 cv=6230 waits=1 sigs=1 cmds=1
[rtmod] SUBMIT tid=15281 cv=6231 waits=1 sigs=1 cmds=1
[rtmod] SUBMIT tid=15281 cv=6232 waits=1 sigs=1 cmds=1
[rtmod] SUBMIT tid=15281 cv=6233 waits=1 sigs=1 cmds=1
[rtmod] SUBMIT tid=15281 cv=6234 waits=1 sigs=1 cmds=1
[rtmod] SUBMIT tid=15281 cv=6235 waits=1 sigs=2 cmds=1
[rtmod] COMMIT-NOOP
[rtmod] SUBMIT tid=15281 cv=6236 waits=1 sigs=1 cmds=1
[rtmod] SUBMIT tid=15281 cv=6237 waits=1 sigs=1 cmds=1
[rtmod] SUBMIT tid=15281 cv=6238 waits=1 sigs=1 cmds=1
[rtmod] SUBMIT tid=15281 cv=6239 waits=1 sigs=1 cmds=1
[rtmod] SUBMIT tid=15281 cv=6240 waits=1 sigs=1 cmds=1
[rtmod] SUBMIT tid=15281 cv=6241 waits=1 sigs=2 cmds=1
[rtmod] COMMIT-NOOP
[rtmod] SUBMIT tid=15281 cv=6242 waits=1 sigs=1 cmds=1
[rtmod] SUBMIT tid=15281 cv=6243 waits=1 sigs=1 cmds=1
[rtmod] SUBMIT tid=15281 cv=6244 waits=1 sigs=1 cmds=1
[rtmod] SUBMIT tid=15281 cv=6245 waits=1 sigs=1 cmds=1
[rtmod] SUBMIT tid=15281 cv=6246 waits=1 sigs=1 cmds=1
[rtmod] SUBMIT tid=15281 cv=6247 waits=1 sigs=2 cmds=1
[rtmod] COMMIT-NOOP
[rtmod] SUBMIT tid=15281 cv=6248 waits=1 sigs=1 cmds=1
[rtmod] SUBMIT tid=15281 cv=6249 waits=1 sigs=1 cmds=1
[rtmod] SUBMIT tid=15281 cv=6250 waits=1 sigs=1 cmds=1
[rtmod] SUBMIT tid=15281 cv=6251 waits=1 sigs=1 cmds=1
[rtmod] SUBMIT tid=15281 cv=6252 waits=1 sigs=1 cmds=1
[rtmod] SUBMIT tid=15281 cv=6253 waits=1 sigs=2 cmds=1
[rtmod] COMMIT-NOOP
[rtmod] SUBMIT tid=15281 cv=6254 waits=1 sigs=1 cmds=1
[rtmod] SUBMIT tid=15281 cv=6255 waits=1 sigs=1 cmds=1
[rtmod] SUBMIT tid=15281 cv=6256 waits=1 sigs=1 cmds=1
[rtmod] SUBMIT tid=15281 cv=6257 waits=1 sigs=1 cmds=1
[rtmod] SUBMIT tid=15281 cv=6258 waits=1 sigs=1 cmds=1
[rtmod] SUBMIT tid=15281 cv=6259 waits=1 sigs=2 cmds=1
[rtmod] COMMIT-NOOP
[rtmod] SUBMIT tid=15281 cv=6260 waits=1 sigs=1 cmds=1
[rtmod] SUBMIT tid=15281 cv=6261 waits=1 sigs=1 cmds=1
[rtmod] SUBMIT tid=15281 cv=6262 waits=1 sigs=1 cmds=1
[rtmod] SUBMIT tid=15281 cv=6263 waits=1 sigs=1 cmds=1
[rtmod] SUBMIT tid=15281 cv=6264 waits=1 sigs=1 cmds=1
[rtmod] SUBMIT tid=15281 cv=6265 waits=1 sigs=2 cmds=1
[rtmod] COMMIT-NOOP
[rtmod] SUBMIT tid=15281 cv=6266 waits=1 sigs=1 cmds=1
[rtmod] SUBMIT tid=15281 cv=6267 waits=1 sigs=1 cmds=1
[rtmod] SUBMIT tid=15281 cv=6268 waits=1 sigs=1 cmds=1
[rtmod] SUBMIT tid=15281 cv=6269 waits=1 sigs=1 cmds=1
[rtmod] SUBMIT tid=15281 cv=6270 waits=1 sigs=1 cmds=1
[rtmod] SUBMIT tid=15281 cv=6271 waits=1 sigs=2 cmds=1
[rtmod] COMMIT-NOOP
[rtmod] SUBMIT tid=15281 cv=6272 waits=1 sigs=1 cmds=1
[rtmod] SUBMIT tid=15281 cv=6273 waits=1 sigs=1 cmds=1
[rtmod] SUBMIT tid=15281 cv=6274 waits=1 sigs=1 cmds=1
[rtmod] SUBMIT tid=15281 cv=6275 waits=1 sigs=1 cmds=1
[rtmod] SUBMIT tid=15281 cv=6276 waits=1 sigs=1 cmds=1
[rtmod] SUBMIT tid=15281 cv=6277 waits=1 sigs=2 cmds=1
[rtmod] COMMIT-NOOP
[rtmod] SUBMIT tid=15281 cv=6278 waits=1 sigs=1 cmds=1
[rtmod] SUBMIT tid=15281 cv=6279 waits=1 sigs=1 cmds=1
[rtmod] SUBMIT tid=15281 cv=6280 waits=1 sigs=1 cmds=1
[rtmod] SUBMIT tid=15281 cv=6281 waits=1 sigs=1 cmds=1
[rtmod] SUBMIT tid=15281 cv=6282 waits=1 sigs=1 cmds=1
[rtmod] SUBMIT tid=15281 cv=6283 waits=1 sigs=2 cmds=1
[rtmod] COMMIT-NOOP
[rtmod] SUBMIT tid=15281 cv=6284 waits=1 sigs=1 cmds=1
[rtmod] SUBMIT tid=15281 cv=6285 waits=1 sigs=1 cmds=1
[rtmod] SUBMIT tid=15281 cv=6286 waits=1 sigs=1 cmds=1
[rtmod] SUBMIT tid=15281 cv=6287 waits=1 sigs=1 cmds=1
[rtmod] SUBMIT tid=15281 cv=6288 waits=1 sigs=1 cmds=1
[rtmod] SUBMIT tid=15281 cv=6289 waits=1 sigs=2 cmds=1
[rtmod] COMMIT-NOOP
{
  "model": "mlx-community/Qwen3.5-9B-MLX-4bit",
  "load_s": 2.44,
  "first_token_s": 1.296,
  "gen_s": 7.36,
  "tokens": 96,
  "tok_s": 13.04,
  "error": null,
  "output": "Thinking Process:\n\n1.  **Analyze the Request:**\n    *   Task: Explain what photosynthesis does.\n    *   Constraint: Use exactly one sentence.\n\n2.  **Identify Key Concepts of Photosynthesis:**\n    *   Organisms involved: Plants, algae, some bacteria.\n    *   Inputs: Sunlight (energy), carbon dioxide (CO2), water (H2O).\n    *   Outputs: Glucose ("
}
=== mlx-community/gemma-4-31b-it-4bit
Fetching 11 files:   0%|          | 0/11 [00:00<?, ?it/s]Fetching 11 files: 100%|██████████| 11/11 [00:00<00:00, 2259.20it/s]
[rtmod] COMMIT-NOOP
[rtmod] SUBMIT tid=15281 cv=6290 waits=1 sigs=2 cmds=1
[rtmod] SUBMIT tid=15281 cv=6291 waits=2 sigs=1 cmds=1
[rtmod] SUBMIT tid=15281 cv=6292 waits=1 sigs=1 cmds=1
[rtmod] SUBMIT tid=15281 cv=6293 waits=0 sigs=1 cmds=1
[rtmod] SUBMIT tid=15281 cv=6294 waits=1 sigs=2 cmds=1
[rtmod] SUBMIT tid=15281 cv=6295 waits=2 sigs=1 cmds=1
[rtmod] SUBMIT tid=15281 cv=6296 waits=1 sigs=1 cmds=1
[rtmod] SUBMIT tid=15281 cv=6297 waits=0 sigs=1 cmds=1
[rtmod] SUBMIT tid=15281 cv=6298 waits=1 sigs=2 cmds=1
[rtmod] SUBMIT tid=15281 cv=6299 waits=2 sigs=1 cmds=1
[rtmod] SUBMIT tid=15281 cv=6300 waits=1 sigs=1 cmds=1
[rtmod] SUBMIT tid=15281 cv=6301 waits=0 sigs=1 cmds=1
[rtmod] SUBMIT tid=15281 cv=6302 waits=1 sigs=2 cmds=1
[rtmod] SUBMIT tid=15281 cv=6303 waits=2 sigs=1 cmds=1
[rtmod] SUBMIT tid=15281 cv=6304 waits=1 sigs=1 cmds=1
[rtmod] SUBMIT tid=15281 cv=6305 waits=0 sigs=1 cmds=1
[rtmod] SUBMIT tid=15281 cv=6306 waits=1 sigs=2 cmds=1
[rtmod] SUBMIT tid=15281 cv=6307 waits=2 sigs=1 cmds=1
[rtmod] SUBMIT tid=15281 cv=6308 waits=1 sigs=1 cmds=1
[rtmod] SUBMIT tid=15281 cv=6309 waits=0 sigs=1 cmds=1
[rtmod] SUBMIT tid=15281 cv=6310 waits=1 sigs=2 cmds=1
[rtmod] SUBMIT tid=15281 cv=6311 waits=2 sigs=1 cmds=1
[rtmod] SUBMIT tid=15281 cv=6312 waits=1 sigs=1 cmds=1
[rtmod] SUBMIT tid=15281 cv=6313 waits=0 sigs=1 cmds=1
[rtmod] SUBMIT tid=15281 cv=6314 waits=1 sigs=2 cmds=1
[rtmod] SUBMIT tid=15281 cv=6315 waits=2 sigs=1 cmds=1
[rtmod] SUBMIT tid=15281 cv=6316 waits=1 sigs=1 cmds=1
[rtmod] SUBMIT tid=15281 cv=6317 waits=0 sigs=1 cmds=1
[rtmod] SUBMIT tid=15281 cv=6318 waits=1 sigs=2 cmds=1
[rtmod] SUBMIT tid=15281 cv=6319 waits=2 sigs=1 cmds=1
[rtmod] SUBMIT tid=15281 cv=6320 waits=1 sigs=1 cmds=1
[rtmod] SUBMIT tid=15281 cv=6321 waits=0 sigs=1 cmds=1
[rtmod] SUBMIT tid=15281 cv=6322 waits=1 sigs=2 cmds=1
[rtmod] SUBMIT tid=15281 cv=6323 waits=2 sigs=1 cmds=1
[rtmod] SUBMIT tid=15281 cv=6324 waits=1 sigs=1 cmds=1
[rtmod] SUBMIT tid=15281 cv=6325 waits=0 sigs=1 cmds=1
[rtmod] SUBMIT tid=15281 cv=6326 waits=1 sigs=2 cmds=1
[rtmod] SUBMIT tid=15281 cv=6327 waits=2 sigs=1 cmds=1
[rtmod] COMMIT-NOOP
[rtmod] SUBMIT tid=15281 cv=6328 waits=0 sigs=2 cmds=1
[rtmod] COMMIT-NOOP
[rtmod] SUBMIT tid=15281 cv=6329 waits=1 sigs=1 cmds=1
[rtmod] COMMIT-NOOP
[rtmod] SUBMIT tid=15281 cv=6330 waits=0 sigs=1 cmds=1
[rtmod] SUBMIT tid=15281 cv=6331 waits=0 sigs=1 cmds=1
[rtmod] SUBMIT tid=15281 cv=6332 waits=1 sigs=1 cmds=1
[rtmod] SUBMIT tid=15281 cv=6333 waits=0 sigs=1 cmds=1
[rtmod] SUBMIT tid=15281 cv=6334 waits=0 sigs=1 cmds=1
[rtmod] SUBMIT tid=15281 cv=6335 waits=1 sigs=1 cmds=1
[rtmod] SUBMIT tid=15281 cv=6336 waits=0 sigs=1 cmds=1
[rtmod] SUBMIT tid=15281 cv=6337 waits=0 sigs=1 cmds=1
[rtmod] SUBMIT tid=15281 cv=6338 waits=1 sigs=1 cmds=1
[rtmod] SUBMIT tid=15281 cv=6339 waits=0 sigs=1 cmds=1
[rtmod] SUBMIT tid=15281 cv=6340 waits=0 sigs=1 cmds=1
[rtmod] SUBMIT tid=15281 cv=6341 waits=1 sigs=1 cmds=1
[rtmod] SUBMIT tid=15281 cv=6342 waits=0 sigs=1 cmds=1
[rtmod] SUBMIT tid=15281 cv=6343 waits=0 sigs=1 cmds=1
[rtmod] SUBMIT tid=15281 cv=6344 waits=1 sigs=1 cmds=1
[rtmod] SUBMIT tid=15281 cv=6345 waits=0 sigs=1 cmds=1
[rtmod] SUBMIT tid=15281 cv=6346 waits=0 sigs=1 cmds=1
[rtmod] SUBMIT tid=15281 cv=6347 waits=1 sigs=1 cmds=1
[rtmod] SUBMIT tid=15281 cv=6348 waits=0 sigs=1 cmds=1
[rtmod] SUBMIT tid=15281 cv=6349 waits=0 sigs=1 cmds=1
[rtmod] SUBMIT tid=15281 cv=6350 waits=1 sigs=1 cmds=1
[rtmod] SUBMIT tid=15281 cv=6351 waits=0 sigs=1 cmds=1
[rtmod] SUBMIT tid=15281 cv=6352 waits=0 sigs=1 cmds=1
[rtmod] SUBMIT tid=15281 cv=6353 waits=1 sigs=1 cmds=1
[rtmod] SUBMIT tid=15281 cv=6354 waits=0 sigs=1 cmds=1
[rtmod] SUBMIT tid=15281 cv=6355 waits=0 sigs=1 cmds=1
[rtmod] SUBMIT tid=15281 cv=6356 waits=1 sigs=1 cmds=1
[rtmod] SUBMIT tid=15281 cv=6357 waits=0 sigs=1 cmds=1
[rtmod] SUBMIT tid=15281 cv=6358 waits=0 sigs=2 cmds=1
[rtmod] COMMIT-NOOP
[rtmod] SUBMIT tid=15281 cv=6359 waits=1 sigs=1 cmds=1
[rtmod] SUBMIT tid=15281 cv=6360 waits=0 sigs=1 cmds=1
[rtmod] SUBMIT tid=15281 cv=6361 waits=0 sigs=1 cmds=1
[rtmod] SUBMIT tid=15281 cv=6362 waits=0 sigs=1 cmds=1
[rtmod] SUBMIT tid=15281 cv=6363 waits=0 sigs=1 cmds=1
[rtmod] SUBMIT tid=15281 cv=6364 waits=0 sigs=1 cmds=1
[rtmod] SUBMIT tid=15281 cv=6365 waits=0 sigs=1 cmds=1
[rtmod] SUBMIT tid=15281 cv=6366 waits=0 sigs=1 cmds=1
[rtmod] SUBMIT tid=15281 cv=6367 waits=0 sigs=1 cmds=1
[rtmod] SUBMIT tid=15281 cv=6368 waits=0 sigs=1 cmds=1
[rtmod] SUBMIT tid=15281 cv=6369 waits=0 sigs=1 cmds=1
[rtmod] SUBMIT tid=15281 cv=6370 waits=0 sigs=1 cmds=1
[rtmod] SUBMIT tid=15281 cv=6371 waits=0 sigs=1 cmds=1
[rtmod] SUBMIT tid=15281 cv=6372 waits=0 sigs=1 cmds=1
[rtmod] SUBMIT tid=15281 cv=6373 waits=0 sigs=1 cmds=1
[rtmod] SUBMIT tid=15281 cv=6374 waits=0 sigs=1 cmds=1
[rtmod] SUBMIT tid=15281 cv=6375 waits=0 sigs=1 cmds=1
[rtmod] SUBMIT tid=15281 cv=6376 waits=0 sigs=1 cmds=1
[rtmod] SUBMIT tid=15281 cv=6377 waits=0 sigs=1 cmds=1
[rtmod] SUBMIT tid=15281 cv=6378 waits=0 sigs=1 cmds=1
[rtmod] SUBMIT tid=15281 cv=6379 waits=0 sigs=2 cmds=1
[rtmod] COMMIT-NOOP
[rtmod] SUBMIT tid=15281 cv=6380 waits=1 sigs=1 cmds=1
[rtmod] SUBMIT tid=15281 cv=6381 waits=0 sigs=1 cmds=1
[rtmod] SUBMIT tid=15281 cv=6382 waits=0 sigs=1 cmds=1
[rtmod] SUBMIT tid=15281 cv=6383 waits=0 sigs=1 cmds=1
[rtmod] SUBMIT tid=15281 cv=6384 waits=0 sigs=1 cmds=1
[rtmod] SUBMIT tid=15281 cv=6385 waits=0 sigs=1 cmds=1
[rtmod] SUBMIT tid=15281 cv=6386 waits=0 sigs=1 cmds=1
[rtmod] SUBMIT tid=15281 cv=6387 waits=0 sigs=1 cmds=1
[rtmod] SUBMIT tid=15281 cv=6388 waits=0 sigs=1 cmds=1
[rtmod] SUBMIT tid=15281 cv=6389 waits=0 sigs=1 cmds=1
[rtmod] SUBMIT tid=15281 cv=6390 waits=0 sigs=1 cmds=1
[rtmod] SUBMIT tid=15281 cv=6391 waits=0 sigs=1 cmds=1
[rtmod] SUBMIT tid=15281 cv=6392 waits=0 sigs=1 cmds=1
[rtmod] SUBMIT tid=15281 cv=6393 waits=0 sigs=1 cmds=1
[rtmod] SUBMIT tid=15281 cv=6394 waits=0 sigs=1 cmds=1
[rtmod] SUBMIT tid=15281 cv=6395 waits=0 sigs=1 cmds=1
[rtmod] SUBMIT tid=15281 cv=6396 waits=0 sigs=1 cmds=1
[rtmod] SUBMIT tid=15281 cv=6397 waits=0 sigs=1 cmds=1
[rtmod] SUBMIT tid=15281 cv=6398 waits=0 sigs=1 cmds=1
[rtmod] SUBMIT tid=15281 cv=6399 waits=0 sigs=1 cmds=1
[rtmod] SUBMIT tid=15281 cv=6400 waits=0 sigs=2 cmds=1
[rtmod] COMMIT-NOOP
[rtmod] SUBMIT tid=15281 cv=6401 waits=1 sigs=1 cmds=1
[rtmod] SUBMIT tid=15281 cv=6402 waits=0 sigs=1 cmds=1
[rtmod] SUBMIT tid=15281 cv=6403 waits=0 sigs=1 cmds=1
[rtmod] SUBMIT tid=15281 cv=6404 waits=0 sigs=1 cmds=1
[rtmod] SUBMIT tid=15281 cv=6405 waits=0 sigs=1 cmds=1
[rtmod] SUBMIT tid=15281 cv=6406 waits=0 sigs=1 cmds=1
[rtmod] SUBMIT tid=15281 cv=6407 waits=0 sigs=1 cmds=1
[rtmod] SUBMIT tid=15281 cv=6408 waits=0 sigs=1 cmds=1
[rtmod] SUBMIT tid=15281 cv=6409 waits=0 sigs=1 cmds=1
[rtmod] SUBMIT tid=15281 cv=6410 waits=0 sigs=1 cmds=1
[rtmod] SUBMIT tid=15281 cv=6411 waits=0 sigs=1 cmds=1
[rtmod] SUBMIT tid=15281 cv=6412 waits=0 sigs=1 cmds=1
[rtmod] SUBMIT tid=15281 cv=6413 waits=0 sigs=1 cmds=1
[rtmod] SUBMIT tid=15281 cv=6414 waits=0 sigs=1 cmds=1
[rtmod] SUBMIT tid=15281 cv=6415 waits=0 sigs=1 cmds=1
[rtmod] SUBMIT tid=15281 cv=6416 waits=0 sigs=1 cmds=1
[rtmod] SUBMIT tid=15281 cv=6417 waits=0 sigs=1 cmds=1
[rtmod] SUBMIT tid=15281 cv=6418 waits=0 sigs=1 cmds=1
[rtmod] SUBMIT tid=15281 cv=6419 waits=0 sigs=1 cmds=1
[rtmod] SUBMIT tid=15281 cv=6420 waits=0 sigs=1 cmds=1
[rtmod] SUBMIT tid=15281 cv=6421 waits=0 sigs=2 cmds=1
[rtmod] COMMIT-NOOP
[rtmod] SUBMIT tid=15281 cv=6422 waits=1 sigs=1 cmds=1
[rtmod] SUBMIT tid=15281 cv=6423 waits=0 sigs=1 cmds=1
[rtmod] SUBMIT tid=15281 cv=6424 waits=0 sigs=1 cmds=1
[rtmod] SUBMIT tid=15281 cv=6425 waits=0 sigs=1 cmds=1
[rtmod] SUBMIT tid=15281 cv=6426 waits=0 sigs=1 cmds=1
[rtmod] SUBMIT tid=15281 cv=6427 waits=0 sigs=1 cmds=1
[rtmod] SUBMIT tid=15281 cv=6428 waits=0 sigs=1 cmds=1
[rtmod] SUBMIT tid=15281 cv=6429 waits=0 sigs=1 cmds=1
[rtmod] SUBMIT tid=15281 cv=6430 waits=0 sigs=1 cmds=1
[rtmod] SUBMIT tid=15281 cv=6431 waits=0 sigs=1 cmds=1
[rtmod] SUBMIT tid=15281 cv=6432 waits=0 sigs=1 cmds=1
[rtmod] SUBMIT tid=15281 cv=6433 waits=0 sigs=1 cmds=1
[rtmod] SUBMIT tid=15281 cv=6434 waits=0 sigs=1 cmds=1
[rtmod] SUBMIT tid=15281 cv=6435 waits=0 sigs=1 cmds=1
[rtmod] SUBMIT tid=15281 cv=6436 waits=0 sigs=1 cmds=1
[rtmod] SUBMIT tid=15281 cv=6437 waits=0 sigs=1 cmds=1
[rtmod] SUBMIT tid=15281 cv=6438 waits=0 sigs=1 cmds=1
[rtmod] SUBMIT tid=15281 cv=6439 waits=0 sigs=1 cmds=1
[rtmod] SUBMIT tid=15281 cv=6440 waits=0 sigs=1 cmds=1
[rtmod] SUBMIT tid=15281 cv=6441 waits=0 sigs=1 cmds=1
[rtmod] SUBMIT tid=15281 cv=6442 waits=0 sigs=2 cmds=1
[rtmod] COMMIT-NOOP
[rtmod] SUBMIT tid=15281 cv=6443 waits=1 sigs=1 cmds=1
[rtmod] SUBMIT tid=15281 cv=6444 waits=0 sigs=1 cmds=1
[rtmod] SUBMIT tid=15281 cv=6445 waits=0 sigs=1 cmds=1
[rtmod] SUBMIT tid=15281 cv=6446 waits=0 sigs=1 cmds=1
[rtmod] SUBMIT tid=15281 cv=6447 waits=0 sigs=1 cmds=1
[rtmod] SUBMIT tid=15281 cv=6448 waits=0 sigs=1 cmds=1
[rtmod] SUBMIT tid=15281 cv=6449 waits=0 sigs=1 cmds=1
[rtmod] SUBMIT tid=15281 cv=6450 waits=0 sigs=1 cmds=1
[rtmod] SUBMIT tid=15281 cv=6451 waits=0 sigs=1 cmds=1
[rtmod] SUBMIT tid=15281 cv=6452 waits=0 sigs=1 cmds=1
[rtmod] SUBMIT tid=15281 cv=6453 waits=0 sigs=1 cmds=1
[rtmod] SUBMIT tid=15281 cv=6454 waits=0 sigs=1 cmds=1
[rtmod] SUBMIT tid=15281 cv=6455 waits=0 sigs=1 cmds=1
[rtmod] SUBMIT tid=15281 cv=6456 waits=0 sigs=1 cmds=1
[rtmod] SUBMIT tid=15281 cv=6457 waits=0 sigs=1 cmds=1
[rtmod] SUBMIT tid=15281 cv=6458 waits=0 sigs=1 cmds=1
[rtmod] SUBMIT tid=15281 cv=6459 waits=0 sigs=1 cmds=1
[rtmod] SUBMIT tid=15281 cv=6460 waits=0 sigs=1 cmds=1
[rtmod] SUBMIT tid=15281 cv=6461 waits=0 sigs=1 cmds=1
[rtmod] SUBMIT tid=15281 cv=6462 waits=0 sigs=1 cmds=1
[rtmod] SUBMIT tid=15281 cv=6463 waits=0 sigs=2 cmds=1
[rtmod] COMMIT-NOOP
[rtmod] SUBMIT tid=15281 cv=6464 waits=1 sigs=1 cmds=1
[rtmod] SUBMIT tid=15281 cv=6465 waits=0 sigs=1 cmds=1
[rtmod] SUBMIT tid=15281 cv=6466 waits=0 sigs=1 cmds=1
[rtmod] SUBMIT tid=15281 cv=6467 waits=0 sigs=1 cmds=1
[rtmod] SUBMIT tid=15281 cv=6468 waits=0 sigs=1 cmds=1
[rtmod] SUBMIT tid=15281 cv=6469 waits=0 sigs=1 cmds=1
[rtmod] SUBMIT tid=15281 cv=6470 waits=0 sigs=1 cmds=1
[rtmod] SUBMIT tid=15281 cv=6471 waits=0 sigs=1 cmds=1
[rtmod] SUBMIT tid=15281 cv=6472 waits=0 sigs=1 cmds=1
[rtmod] SUBMIT tid=15281 cv=6473 waits=0 sigs=1 cmds=1
[rtmod] SUBMIT tid=15281 cv=6474 waits=0 sigs=1 cmds=1
[rtmod] SUBMIT tid=15281 cv=6475 waits=0 sigs=1 cmds=1
[rtmod] SUBMIT tid=15281 cv=6476 waits=0 sigs=1 cmds=1
[rtmod] SUBMIT tid=15281 cv=6477 waits=0 sigs=1 cmds=1
[rtmod] SUBMIT tid=15281 cv=6478 waits=0 sigs=1 cmds=1
[rtmod] SUBMIT tid=15281 cv=6479 waits=0 sigs=1 cmds=1
[rtmod] SUBMIT tid=15281 cv=6480 waits=0 sigs=1 cmds=1
[rtmod] SUBMIT tid=15281 cv=6481 waits=0 sigs=1 cmds=1
[rtmod] SUBMIT tid=15281 cv=6482 waits=0 sigs=1 cmds=1
[rtmod] SUBMIT tid=15281 cv=6483 waits=0 sigs=1 cmds=1
[rtmod] SUBMIT tid=15281 cv=6484 waits=0 sigs=2 cmds=1
[rtmod] COMMIT-NOOP
[rtmod] SUBMIT tid=15281 cv=6485 waits=1 sigs=1 cmds=1
[rtmod] SUBMIT tid=15281 cv=6486 waits=0 sigs=1 cmds=1
[rtmod] SUBMIT tid=15281 cv=6487 waits=0 sigs=1 cmds=1
[rtmod] SUBMIT tid=15281 cv=6488 waits=0 sigs=1 cmds=1
[rtmod] SUBMIT tid=15281 cv=6489 waits=0 sigs=1 cmds=1
[rtmod] SUBMIT tid=15281 cv=6490 waits=0 sigs=1 cmds=1
[rtmod] SUBMIT tid=15281 cv=6491 waits=0 sigs=1 cmds=1
[rtmod] SUBMIT tid=15281 cv=6492 waits=0 sigs=1 cmds=1
[rtmod] SUBMIT tid=15281 cv=6493 waits=0 sigs=1 cmds=1
[rtmod] SUBMIT tid=15281 cv=6494 waits=0 sigs=1 cmds=1
[rtmod] SUBMIT tid=15281 cv=6495 waits=0 sigs=1 cmds=1
[rtmod] SUBMIT tid=15281 cv=6496 waits=0 sigs=1 cmds=1
[rtmod] SUBMIT tid=15281 cv=6497 waits=0 sigs=1 cmds=1
[rtmod] SUBMIT tid=15281 cv=6498 waits=0 sigs=1 cmds=1
[rtmod] SUBMIT tid=15281 cv=6499 waits=0 sigs=1 cmds=1
[rtmod] SUBMIT tid=15281 cv=6500 waits=0 sigs=1 cmds=1
[rtmod] SUBMIT tid=15281 cv=6501 waits=0 sigs=1 cmds=1
[rtmod] SUBMIT tid=15281 cv=6502 waits=0 sigs=1 cmds=1
[rtmod] SUBMIT tid=15281 cv=6503 waits=0 sigs=1 cmds=1
[rtmod] SUBMIT tid=15281 cv=6504 waits=0 sigs=1 cmds=1
[rtmod] SUBMIT tid=15281 cv=6505 waits=0 sigs=2 cmds=1
[rtmod] COMMIT-NOOP
[rtmod] SUBMIT tid=15281 cv=6506 waits=1 sigs=1 cmds=1
[rtmod] SUBMIT tid=15281 cv=6507 waits=0 sigs=1 cmds=1
[rtmod] SUBMIT tid=15281 cv=6508 waits=0 sigs=1 cmds=1
[rtmod] SUBMIT tid=15281 cv=6509 waits=0 sigs=1 cmds=1
[rtmod] SUBMIT tid=15281 cv=6510 waits=0 sigs=1 cmds=1
[rtmod] SUBMIT tid=15281 cv=6511 waits=0 sigs=1 cmds=1
[rtmod] SUBMIT tid=15281 cv=6512 waits=0 sigs=1 cmds=1
[rtmod] SUBMIT tid=15281 cv=6513 waits=0 sigs=1 cmds=1
[rtmod] SUBMIT tid=15281 cv=6514 waits=0 sigs=1 cmds=1
[rtmod] SUBMIT tid=15281 cv=6515 waits=0 sigs=1 cmds=1
[rtmod] SUBMIT tid=15281 cv=6516 waits=0 sigs=1 cmds=1
[rtmod] SUBMIT tid=15281 cv=6517 waits=0 sigs=1 cmds=1
[rtmod] SUBMIT tid=15281 cv=6518 waits=0 sigs=1 cmds=1
[rtmod] SUBMIT tid=15281 cv=6519 waits=0 sigs=1 cmds=1
[rtmod] SUBMIT tid=15281 cv=6520 waits=0 sigs=1 cmds=1
[rtmod] SUBMIT tid=15281 cv=6521 waits=0 sigs=1 cmds=1
[rtmod] SUBMIT tid=15281 cv=6522 waits=0 sigs=1 cmds=1
[rtmod] SUBMIT tid=15281 cv=6523 waits=0 sigs=1 cmds=1
[rtmod] SUBMIT tid=15281 cv=6524 waits=0 sigs=1 cmds=1
[rtmod] SUBMIT tid=15281 cv=6525 waits=0 sigs=1 cmds=1
[rtmod] SUBMIT tid=15281 cv=6526 waits=0 sigs=2 cmds=1
[rtmod] COMMIT-NOOP
[rtmod] SUBMIT tid=15281 cv=6527 waits=1 sigs=1 cmds=1
[rtmod] SUBMIT tid=15281 cv=6528 waits=0 sigs=1 cmds=1
[rtmod] SUBMIT tid=15281 cv=6529 waits=0 sigs=1 cmds=1
[rtmod] SUBMIT tid=15281 cv=6530 waits=0 sigs=1 cmds=1
[rtmod] SUBMIT tid=15281 cv=6531 waits=0 sigs=1 cmds=1
[rtmod] SUBMIT tid=15281 cv=6532 waits=0 sigs=1 cmds=1
[rtmod] SUBMIT tid=15281 cv=6533 waits=0 sigs=1 cmds=1
[rtmod] SUBMIT tid=15281 cv=6534 waits=0 sigs=1 cmds=1
[rtmod] SUBMIT tid=15281 cv=6535 waits=0 sigs=1 cmds=1
[rtmod] SUBMIT tid=15281 cv=6536 waits=0 sigs=1 cmds=1
[rtmod] SUBMIT tid=15281 cv=6537 waits=0 sigs=1 cmds=1
[rtmod] SUBMIT tid=15281 cv=6538 waits=0 sigs=1 cmds=1
[rtmod] SUBMIT tid=15281 cv=6539 waits=0 sigs=1 cmds=1
[rtmod] SUBMIT tid=15281 cv=6540 waits=0 sigs=1 cmds=1
[rtmod] SUBMIT tid=15281 cv=6541 waits=0 sigs=1 cmds=1
[rtmod] SUBMIT tid=15281 cv=6542 waits=0 sigs=1 cmds=1
[rtmod] SUBMIT tid=15281 cv=6543 waits=0 sigs=1 cmds=1
[rtmod] SUBMIT tid=15281 cv=6544 waits=0 sigs=1 cmds=1
[rtmod] SUBMIT tid=15281 cv=6545 waits=0 sigs=1 cmds=1
[rtmod] SUBMIT tid=15281 cv=6546 waits=0 sigs=1 cmds=1
[rtmod] SUBMIT tid=15281 cv=6547 waits=0 sigs=2 cmds=1
[rtmod] COMMIT-NOOP
[rtmod] SUBMIT tid=15281 cv=6548 waits=1 sigs=1 cmds=1
[rtmod] SUBMIT tid=15281 cv=6549 waits=0 sigs=1 cmds=1
[rtmod] SUBMIT tid=15281 cv=6550 waits=0 sigs=1 cmds=1
[rtmod] SUBMIT tid=15281 cv=6551 waits=0 sigs=1 cmds=1
[rtmod] SUBMIT tid=15281 cv=6552 waits=0 sigs=1 cmds=1
[rtmod] SUBMIT tid=15281 cv=6553 waits=0 sigs=1 cmds=1
[rtmod] SUBMIT tid=15281 cv=6554 waits=0 sigs=1 cmds=1
[rtmod] SUBMIT tid=15281 cv=6555 waits=0 sigs=1 cmds=1
[rtmod] SUBMIT tid=15281 cv=6556 waits=0 sigs=1 cmds=1
[rtmod] SUBMIT tid=15281 cv=6557 waits=0 sigs=1 cmds=1
[rtmod] SUBMIT tid=15281 cv=6558 waits=0 sigs=1 cmds=1
[rtmod] SUBMIT tid=15281 cv=6559 waits=0 sigs=1 cmds=1
[rtmod] SUBMIT tid=15281 cv=6560 waits=0 sigs=1 cmds=1
[rtmod] SUBMIT tid=15281 cv=6561 waits=0 sigs=1 cmds=1
[rtmod] SUBMIT tid=15281 cv=6562 waits=0 sigs=1 cmds=1
[rtmod] SUBMIT tid=15281 cv=6563 waits=0 sigs=1 cmds=1
[rtmod] SUBMIT tid=15281 cv=6564 waits=0 sigs=1 cmds=1
[rtmod] SUBMIT tid=15281 cv=6565 waits=0 sigs=1 cmds=1
[rtmod] SUBMIT tid=15281 cv=6566 waits=0 sigs=1 cmds=1
[rtmod] SUBMIT tid=15281 cv=6567 waits=0 sigs=1 cmds=1
[rtmod] SUBMIT tid=15281 cv=6568 waits=0 sigs=2 cmds=1
[rtmod] COMMIT-NOOP
[rtmod] SUBMIT tid=15281 cv=6569 waits=1 sigs=1 cmds=1
[rtmod] SUBMIT tid=15281 cv=6570 waits=0 sigs=1 cmds=1
[rtmod] SUBMIT tid=15281 cv=6571 waits=0 sigs=1 cmds=1
[rtmod] SUBMIT tid=15281 cv=6572 waits=0 sigs=1 cmds=1
[rtmod] SUBMIT tid=15281 cv=6573 waits=0 sigs=1 cmds=1
[rtmod] SUBMIT tid=15281 cv=6574 waits=0 sigs=1 cmds=1
[rtmod] SUBMIT tid=15281 cv=6575 waits=0 sigs=1 cmds=1
[rtmod] SUBMIT tid=15281 cv=6576 waits=0 sigs=1 cmds=1
[rtmod] SUBMIT tid=15281 cv=6577 waits=0 sigs=1 cmds=1
[rtmod] SUBMIT tid=15281 cv=6578 waits=0 sigs=1 cmds=1
[rtmod] SUBMIT tid=15281 cv=6579 waits=0 sigs=1 cmds=1
[rtmod] SUBMIT tid=15281 cv=6580 waits=0 sigs=1 cmds=1
[rtmod] SUBMIT tid=15281 cv=6581 waits=0 sigs=1 cmds=1
[rtmod] SUBMIT tid=15281 cv=6582 waits=0 sigs=1 cmds=1
[rtmod] SUBMIT tid=15281 cv=6583 waits=0 sigs=1 cmds=1
[rtmod] SUBMIT tid=15281 cv=6584 waits=0 sigs=1 cmds=1
[rtmod] SUBMIT tid=15281 cv=6585 waits=0 sigs=1 cmds=1
[rtmod] SUBMIT tid=15281 cv=6586 waits=0 sigs=1 cmds=1
[rtmod] SUBMIT tid=15281 cv=6587 waits=0 sigs=1 cmds=1
[rtmod] SUBMIT tid=15281 cv=6588 waits=0 sigs=1 cmds=1
[rtmod] SUBMIT tid=15281 cv=6589 waits=0 sigs=2 cmds=1
[rtmod] COMMIT-NOOP
[rtmod] SUBMIT tid=15281 cv=6590 waits=1 sigs=1 cmds=1
[rtmod] SUBMIT tid=15281 cv=6591 waits=0 sigs=1 cmds=1
[rtmod] SUBMIT tid=15281 cv=6592 waits=0 sigs=1 cmds=1
[rtmod] SUBMIT tid=15281 cv=6593 waits=0 sigs=1 cmds=1
[rtmod] SUBMIT tid=15281 cv=6594 waits=0 sigs=1 cmds=1
[rtmod] SUBMIT tid=15281 cv=6595 waits=0 sigs=1 cmds=1
[rtmod] SUBMIT tid=15281 cv=6596 waits=0 sigs=1 cmds=1
[rtmod] SUBMIT tid=15281 cv=6597 waits=0 sigs=1 cmds=1
[rtmod] SUBMIT tid=15281 cv=6598 waits=0 sigs=1 cmds=1
[rtmod] SUBMIT tid=15281 cv=6599 waits=0 sigs=1 cmds=1
[rtmod] SUBMIT tid=15281 cv=6600 waits=0 sigs=1 cmds=1
[rtmod] SUBMIT tid=15281 cv=6601 waits=0 sigs=1 cmds=1
[rtmod] SUBMIT tid=15281 cv=6602 waits=0 sigs=1 cmds=1
[rtmod] SUBMIT tid=15281 cv=6603 waits=0 sigs=1 cmds=1
[rtmod] SUBMIT tid=15281 cv=6604 waits=0 sigs=1 cmds=1
[rtmod] SUBMIT tid=15281 cv=6605 waits=0 sigs=1 cmds=1
[rtmod] SUBMIT tid=15281 cv=6606 waits=0 sigs=1 cmds=1
[rtmod] SUBMIT tid=15281 cv=6607 waits=0 sigs=1 cmds=1
[rtmod] SUBMIT tid=15281 cv=6608 waits=0 sigs=1 cmds=1
[rtmod] SUBMIT tid=15281 cv=6609 waits=0 sigs=1 cmds=1
[rtmod] SUBMIT tid=15281 cv=6610 waits=0 sigs=2 cmds=1
[rtmod] COMMIT-NOOP
[rtmod] SUBMIT tid=15281 cv=6611 waits=1 sigs=1 cmds=1
[rtmod] SUBMIT tid=15281 cv=6612 waits=0 sigs=1 cmds=1
[rtmod] SUBMIT tid=15281 cv=6613 waits=0 sigs=1 cmds=1
[rtmod] SUBMIT tid=15281 cv=6614 waits=0 sigs=1 cmds=1
[rtmod] SUBMIT tid=15281 cv=6615 waits=0 sigs=1 cmds=1
[rtmod] SUBMIT tid=15281 cv=6616 waits=0 sigs=1 cmds=1
[rtmod] SUBMIT tid=15281 cv=6617 waits=0 sigs=1 cmds=1
[rtmod] SUBMIT tid=15281 cv=6618 waits=0 sigs=1 cmds=1
[rtmod] SUBMIT tid=15281 cv=6619 waits=0 sigs=1 cmds=1
[rtmod] SUBMIT tid=15281 cv=6620 waits=0 sigs=1 cmds=1
[rtmod] SUBMIT tid=15281 cv=6621 waits=0 sigs=1 cmds=1
[rtmod] SUBMIT tid=15281 cv=6622 waits=0 sigs=1 cmds=1
[rtmod] SUBMIT tid=15281 cv=6623 waits=0 sigs=1 cmds=1
[rtmod] SUBMIT tid=15281 cv=6624 waits=0 sigs=1 cmds=1
[rtmod] SUBMIT tid=15281 cv=6625 waits=0 sigs=1 cmds=1
[rtmod] SUBMIT tid=15281 cv=6626 waits=0 sigs=1 cmds=1
[rtmod] SUBMIT tid=15281 cv=6627 waits=0 sigs=1 cmds=1
[rtmod] SUBMIT tid=15281 cv=6628 waits=0 sigs=1 cmds=1
[rtmod] SUBMIT tid=15281 cv=6629 waits=0 sigs=1 cmds=1
[rtmod] SUBMIT tid=15281 cv=6630 waits=0 sigs=1 cmds=1
[rtmod] SUBMIT tid=15281 cv=6631 waits=0 sigs=2 cmds=1
[rtmod] COMMIT-NOOP
[rtmod] SUBMIT tid=15281 cv=6632 waits=1 sigs=1 cmds=1
[rtmod] SUBMIT tid=15281 cv=6633 waits=0 sigs=1 cmds=1
[rtmod] SUBMIT tid=15281 cv=6634 waits=0 sigs=1 cmds=1
[rtmod] SUBMIT tid=15281 cv=6635 waits=0 sigs=1 cmds=1
[rtmod] SUBMIT tid=15281 cv=6636 waits=0 sigs=1 cmds=1
[rtmod] SUBMIT tid=15281 cv=6637 waits=0 sigs=1 cmds=1
[rtmod] SUBMIT tid=15281 cv=6638 waits=0 sigs=1 cmds=1
[rtmod] SUBMIT tid=15281 cv=6639 waits=0 sigs=1 cmds=1
[rtmod] SUBMIT tid=15281 cv=6640 waits=0 sigs=1 cmds=1
[rtmod] SUBMIT tid=15281 cv=6641 waits=0 sigs=1 cmds=1
[rtmod] SUBMIT tid=15281 cv=6642 waits=0 sigs=1 cmds=1
[rtmod] SUBMIT tid=15281 cv=6643 waits=0 sigs=1 cmds=1
[rtmod] SUBMIT tid=15281 cv=6644 waits=0 sigs=1 cmds=1
[rtmod] SUBMIT tid=15281 cv=6645 waits=0 sigs=1 cmds=1
[rtmod] SUBMIT tid=15281 cv=6646 waits=0 sigs=1 cmds=1
[rtmod] SUBMIT tid=15281 cv=6647 waits=0 sigs=1 cmds=1
[rtmod] SUBMIT tid=15281 cv=6648 waits=0 sigs=1 cmds=1
[rtmod] SUBMIT tid=15281 cv=6649 waits=0 sigs=1 cmds=1
[rtmod] SUBMIT tid=15281 cv=6650 waits=0 sigs=1 cmds=1
[rtmod] SUBMIT tid=15281 cv=6651 waits=0 sigs=1 cmds=1
[rtmod] SUBMIT tid=15281 cv=6652 waits=0 sigs=2 cmds=1
[rtmod] COMMIT-NOOP
[rtmod] SUBMIT tid=15281 cv=6653 waits=1 sigs=1 cmds=1
[rtmod] SUBMIT tid=15281 cv=6654 waits=0 sigs=1 cmds=1
[rtmod] SUBMIT tid=15281 cv=6655 waits=0 sigs=1 cmds=1
[rtmod] SUBMIT tid=15281 cv=6656 waits=0 sigs=1 cmds=1
[rtmod] SUBMIT tid=15281 cv=6657 waits=0 sigs=1 cmds=1
[rtmod] SUBMIT tid=15281 cv=6658 waits=0 sigs=1 cmds=1
[rtmod] SUBMIT tid=15281 cv=6659 waits=0 sigs=1 cmds=1
[rtmod] SUBMIT tid=15281 cv=6660 waits=0 sigs=1 cmds=1
[rtmod] SUBMIT tid=15281 cv=6661 waits=0 sigs=1 cmds=1
[rtmod] SUBMIT tid=15281 cv=6662 waits=0 sigs=1 cmds=1
[rtmod] SUBMIT tid=15281 cv=6663 waits=0 sigs=1 cmds=1
[rtmod] SUBMIT tid=15281 cv=6664 waits=0 sigs=1 cmds=1
[rtmod] SUBMIT tid=15281 cv=6665 waits=0 sigs=1 cmds=1
[rtmod] SUBMIT tid=15281 cv=6666 waits=0 sigs=1 cmds=1
[rtmod] SUBMIT tid=15281 cv=6667 waits=0 sigs=1 cmds=1
[rtmod] SUBMIT tid=15281 cv=6668 waits=0 sigs=1 cmds=1
[rtmod] SUBMIT tid=15281 cv=6669 waits=0 sigs=1 cmds=1
[rtmod] SUBMIT tid=15281 cv=6670 waits=0 sigs=1 cmds=1
[rtmod] SUBMIT tid=15281 cv=6671 waits=0 sigs=1 cmds=1
[rtmod] SUBMIT tid=15281 cv=6672 waits=0 sigs=1 cmds=1
[rtmod] SUBMIT tid=15281 cv=6673 waits=0 sigs=2 cmds=1
[rtmod] COMMIT-NOOP
[rtmod] SUBMIT tid=15281 cv=6674 waits=1 sigs=1 cmds=1
[rtmod] SUBMIT tid=15281 cv=6675 waits=0 sigs=1 cmds=1
[rtmod] SUBMIT tid=15281 cv=6676 waits=0 sigs=1 cmds=1
[rtmod] SUBMIT tid=15281 cv=6677 waits=0 sigs=1 cmds=1
[rtmod] SUBMIT tid=15281 cv=6678 waits=0 sigs=1 cmds=1
[rtmod] SUBMIT tid=15281 cv=6679 waits=0 sigs=1 cmds=1
[rtmod] SUBMIT tid=15281 cv=6680 waits=0 sigs=1 cmds=1
[rtmod] SUBMIT tid=15281 cv=6681 waits=0 sigs=1 cmds=1
[rtmod] SUBMIT tid=15281 cv=6682 waits=0 sigs=1 cmds=1
[rtmod] SUBMIT tid=15281 cv=6683 waits=0 sigs=1 cmds=1
[rtmod] SUBMIT tid=15281 cv=6684 waits=0 sigs=1 cmds=1
[rtmod] SUBMIT tid=15281 cv=6685 waits=0 sigs=1 cmds=1
[rtmod] SUBMIT tid=15281 cv=6686 waits=0 sigs=1 cmds=1
[rtmod] SUBMIT tid=15281 cv=6687 waits=0 sigs=1 cmds=1
[rtmod] SUBMIT tid=15281 cv=6688 waits=0 sigs=1 cmds=1
[rtmod] SUBMIT tid=15281 cv=6689 waits=0 sigs=1 cmds=1
[rtmod] SUBMIT tid=15281 cv=6690 waits=0 sigs=1 cmds=1
[rtmod] SUBMIT tid=15281 cv=6691 waits=0 sigs=1 cmds=1
[rtmod] SUBMIT tid=15281 cv=6692 waits=0 sigs=1 cmds=1
[rtmod] SUBMIT tid=15281 cv=6693 waits=0 sigs=1 cmds=1
[rtmod] SUBMIT tid=15281 cv=6694 waits=0 sigs=2 cmds=1
[rtmod] COMMIT-NOOP
[rtmod] SUBMIT tid=15281 cv=6695 waits=1 sigs=1 cmds=1
[rtmod] SUBMIT tid=15281 cv=6696 waits=0 sigs=1 cmds=1
[rtmod] SUBMIT tid=15281 cv=6697 waits=0 sigs=1 cmds=1
[rtmod] SUBMIT tid=15281 cv=6698 waits=0 sigs=1 cmds=1
[rtmod] SUBMIT tid=15281 cv=6699 waits=0 sigs=1 cmds=1
[rtmod] SUBMIT tid=15281 cv=6700 waits=0 sigs=1 cmds=1
[rtmod] SUBMIT tid=15281 cv=6701 waits=0 sigs=1 cmds=1
[rtmod] SUBMIT tid=15281 cv=6702 waits=0 sigs=1 cmds=1
[rtmod] SUBMIT tid=15281 cv=6703 waits=0 sigs=1 cmds=1
[rtmod] SUBMIT tid=15281 cv=6704 waits=0 sigs=1 cmds=1
[rtmod] SUBMIT tid=15281 cv=6705 waits=0 sigs=1 cmds=1
[rtmod] SUBMIT tid=15281 cv=6706 waits=0 sigs=1 cmds=1
[rtmod] SUBMIT tid=15281 cv=6707 waits=0 sigs=1 cmds=1
[rtmod] SUBMIT tid=15281 cv=6708 waits=0 sigs=1 cmds=1
[rtmod] SUBMIT tid=15281 cv=6709 waits=0 sigs=1 cmds=1
[rtmod] SUBMIT tid=15281 cv=6710 waits=0 sigs=1 cmds=1
[rtmod] SUBMIT tid=15281 cv=6711 waits=0 sigs=1 cmds=1
[rtmod] SUBMIT tid=15281 cv=6712 waits=0 sigs=1 cmds=1
[rtmod] SUBMIT tid=15281 cv=6713 waits=0 sigs=1 cmds=1
[rtmod] SUBMIT tid=15281 cv=6714 waits=0 sigs=1 cmds=1
[rtmod] SUBMIT tid=15281 cv=6715 waits=0 sigs=2 cmds=1
[rtmod] COMMIT-NOOP
[rtmod] SUBMIT tid=15281 cv=6716 waits=1 sigs=1 cmds=1
[rtmod] SUBMIT tid=15281 cv=6717 waits=0 sigs=1 cmds=1
[rtmod] SUBMIT tid=15281 cv=6718 waits=0 sigs=1 cmds=1
[rtmod] SUBMIT tid=15281 cv=6719 waits=0 sigs=1 cmds=1
[rtmod] SUBMIT tid=15281 cv=6720 waits=0 sigs=1 cmds=1
[rtmod] SUBMIT tid=15281 cv=6721 waits=0 sigs=1 cmds=1
[rtmod] SUBMIT tid=15281 cv=6722 waits=0 sigs=1 cmds=1
[rtmod] SUBMIT tid=15281 cv=6723 waits=0 sigs=1 cmds=1
[rtmod] SUBMIT tid=15281 cv=6724 waits=0 sigs=1 cmds=1
[rtmod] SUBMIT tid=15281 cv=6725 waits=0 sigs=1 cmds=1
[rtmod] SUBMIT tid=15281 cv=6726 waits=0 sigs=1 cmds=1
[rtmod] SUBMIT tid=15281 cv=6727 waits=0 sigs=1 cmds=1
[rtmod] SUBMIT tid=15281 cv=6728 waits=0 sigs=1 cmds=1
[rtmod] SUBMIT tid=15281 cv=6729 waits=0 sigs=1 cmds=1
[rtmod] SUBMIT tid=15281 cv=6730 waits=0 sigs=1 cmds=1
[rtmod] SUBMIT tid=15281 cv=6731 waits=0 sigs=1 cmds=1
[rtmod] SUBMIT tid=15281 cv=6732 waits=0 sigs=1 cmds=1
[rtmod] SUBMIT tid=15281 cv=6733 waits=0 sigs=1 cmds=1
[rtmod] SUBMIT tid=15281 cv=6734 waits=0 sigs=1 cmds=1
[rtmod] SUBMIT tid=15281 cv=6735 waits=0 sigs=1 cmds=1
[rtmod] SUBMIT tid=15281 cv=6736 waits=0 sigs=2 cmds=1
[rtmod] COMMIT-NOOP
[rtmod] SUBMIT tid=15281 cv=6737 waits=1 sigs=1 cmds=1
[rtmod] SUBMIT tid=15281 cv=6738 waits=0 sigs=1 cmds=1
[rtmod] SUBMIT tid=15281 cv=6739 waits=0 sigs=1 cmds=1
[rtmod] SUBMIT tid=15281 cv=6740 waits=0 sigs=1 cmds=1
[rtmod] SUBMIT tid=15281 cv=6741 waits=0 sigs=1 cmds=1
[rtmod] SUBMIT tid=15281 cv=6742 waits=0 sigs=1 cmds=1
[rtmod] SUBMIT tid=15281 cv=6743 waits=0 sigs=1 cmds=1
[rtmod] SUBMIT tid=15281 cv=6744 waits=0 sigs=1 cmds=1
[rtmod] SUBMIT tid=15281 cv=6745 waits=0 sigs=1 cmds=1
[rtmod] SUBMIT tid=15281 cv=6746 waits=0 sigs=1 cmds=1
[rtmod] SUBMIT tid=15281 cv=6747 waits=0 sigs=1 cmds=1
[rtmod] SUBMIT tid=15281 cv=6748 waits=0 sigs=1 cmds=1
[rtmod] SUBMIT tid=15281 cv=6749 waits=0 sigs=1 cmds=1
[rtmod] SUBMIT tid=15281 cv=6750 waits=0 sigs=1 cmds=1
[rtmod] SUBMIT tid=15281 cv=6751 waits=0 sigs=1 cmds=1
[rtmod] SUBMIT tid=15281 cv=6752 waits=0 sigs=1 cmds=1
[rtmod] SUBMIT tid=15281 cv=6753 waits=0 sigs=1 cmds=1
[rtmod] SUBMIT tid=15281 cv=6754 waits=0 sigs=1 cmds=1
[rtmod] SUBMIT tid=15281 cv=6755 waits=0 sigs=1 cmds=1
[rtmod] SUBMIT tid=15281 cv=6756 waits=0 sigs=1 cmds=1
[rtmod] SUBMIT tid=15281 cv=6757 waits=0 sigs=2 cmds=1
[rtmod] COMMIT-NOOP
[rtmod] SUBMIT tid=15281 cv=6758 waits=1 sigs=1 cmds=1
[rtmod] SUBMIT tid=15281 cv=6759 waits=0 sigs=1 cmds=1
[rtmod] SUBMIT tid=15281 cv=6760 waits=0 sigs=1 cmds=1
[rtmod] SUBMIT tid=15281 cv=6761 waits=0 sigs=1 cmds=1
[rtmod] SUBMIT tid=15281 cv=6762 waits=0 sigs=1 cmds=1
[rtmod] SUBMIT tid=15281 cv=6763 waits=0 sigs=1 cmds=1
[rtmod] SUBMIT tid=15281 cv=6764 waits=0 sigs=1 cmds=1
[rtmod] SUBMIT tid=15281 cv=6765 waits=0 sigs=1 cmds=1
[rtmod] SUBMIT tid=15281 cv=6766 waits=0 sigs=1 cmds=1
[rtmod] SUBMIT tid=15281 cv=6767 waits=0 sigs=1 cmds=1
[rtmod] SUBMIT tid=15281 cv=6768 waits=0 sigs=1 cmds=1
[rtmod] SUBMIT tid=15281 cv=6769 waits=0 sigs=1 cmds=1
[rtmod] SUBMIT tid=15281 cv=6770 waits=0 sigs=1 cmds=1
[rtmod] SUBMIT tid=15281 cv=6771 waits=0 sigs=1 cmds=1
[rtmod] SUBMIT tid=15281 cv=6772 waits=0 sigs=1 cmds=1
[rtmod] SUBMIT tid=15281 cv=6773 waits=0 sigs=1 cmds=1
[rtmod] SUBMIT tid=15281 cv=6774 waits=0 sigs=1 cmds=1
[rtmod] SUBMIT tid=15281 cv=6775 waits=0 sigs=1 cmds=1
[rtmod] SUBMIT tid=15281 cv=6776 waits=0 sigs=1 cmds=1
[rtmod] SUBMIT tid=15281 cv=6777 waits=0 sigs=1 cmds=1
[rtmod] SUBMIT tid=15281 cv=6778 waits=0 sigs=2 cmds=1
[rtmod] COMMIT-NOOP
[rtmod] SUBMIT tid=15281 cv=6779 waits=1 sigs=1 cmds=1
[rtmod] SUBMIT tid=15281 cv=6780 waits=0 sigs=1 cmds=1
[rtmod] SUBMIT tid=15281 cv=6781 waits=0 sigs=1 cmds=1
[rtmod] SUBMIT tid=15281 cv=6782 waits=0 sigs=1 cmds=1
[rtmod] SUBMIT tid=15281 cv=6783 waits=0 sigs=1 cmds=1
[rtmod] SUBMIT tid=15281 cv=6784 waits=0 sigs=1 cmds=1
[rtmod] SUBMIT tid=15281 cv=6785 waits=0 sigs=1 cmds=1
[rtmod] SUBMIT tid=15281 cv=6786 waits=0 sigs=1 cmds=1
[rtmod] SUBMIT tid=15281 cv=6787 waits=0 sigs=1 cmds=1
[rtmod] SUBMIT tid=15281 cv=6788 waits=0 sigs=1 cmds=1
[rtmod] SUBMIT tid=15281 cv=6789 waits=0 sigs=1 cmds=1
[rtmod] SUBMIT tid=15281 cv=6790 waits=0 sigs=1 cmds=1
[rtmod] SUBMIT tid=15281 cv=6791 waits=0 sigs=1 cmds=1
[rtmod] SUBMIT tid=15281 cv=6792 waits=0 sigs=1 cmds=1
[rtmod] SUBMIT tid=15281 cv=6793 waits=0 sigs=1 cmds=1
[rtmod] SUBMIT tid=15281 cv=6794 waits=0 sigs=1 cmds=1
[rtmod] SUBMIT tid=15281 cv=6795 waits=0 sigs=1 cmds=1
[rtmod] SUBMIT tid=15281 cv=6796 waits=0 sigs=1 cmds=1
[rtmod] SUBMIT tid=15281 cv=6797 waits=0 sigs=1 cmds=1
[rtmod] SUBMIT tid=15281 cv=6798 waits=0 sigs=1 cmds=1
[rtmod] SUBMIT tid=15281 cv=6799 waits=0 sigs=2 cmds=1
[rtmod] COMMIT-NOOP
[rtmod] SUBMIT tid=15281 cv=6800 waits=1 sigs=1 cmds=1
[rtmod] SUBMIT tid=15281 cv=6801 waits=0 sigs=1 cmds=1
[rtmod] SUBMIT tid=15281 cv=6802 waits=0 sigs=1 cmds=1
[rtmod] SUBMIT tid=15281 cv=6803 waits=0 sigs=1 cmds=1
[rtmod] SUBMIT tid=15281 cv=6804 waits=0 sigs=1 cmds=1
[rtmod] SUBMIT tid=15281 cv=6805 waits=0 sigs=1 cmds=1
[rtmod] SUBMIT tid=15281 cv=6806 waits=0 sigs=1 cmds=1
[rtmod] SUBMIT tid=15281 cv=6807 waits=0 sigs=1 cmds=1
[rtmod] SUBMIT tid=15281 cv=6808 waits=0 sigs=1 cmds=1
[rtmod] SUBMIT tid=15281 cv=6809 waits=0 sigs=1 cmds=1
[rtmod] SUBMIT tid=15281 cv=6810 waits=0 sigs=1 cmds=1
[rtmod] SUBMIT tid=15281 cv=6811 waits=0 sigs=1 cmds=1
[rtmod] SUBMIT tid=15281 cv=6812 waits=0 sigs=1 cmds=1
[rtmod] SUBMIT tid=15281 cv=6813 waits=0 sigs=1 cmds=1
[rtmod] SUBMIT tid=15281 cv=6814 waits=0 sigs=1 cmds=1
[rtmod] SUBMIT tid=15281 cv=6815 waits=0 sigs=1 cmds=1
[rtmod] SUBMIT tid=15281 cv=6816 waits=0 sigs=1 cmds=1
[rtmod] SUBMIT tid=15281 cv=6817 waits=0 sigs=1 cmds=1
[rtmod] SUBMIT tid=15281 cv=6818 waits=0 sigs=1 cmds=1
[rtmod] SUBMIT tid=15281 cv=6819 waits=0 sigs=1 cmds=1
[rtmod] SUBMIT tid=15281 cv=6820 waits=0 sigs=2 cmds=1
[rtmod] COMMIT-NOOP
[rtmod] SUBMIT tid=15281 cv=6821 waits=1 sigs=1 cmds=1
[rtmod] SUBMIT tid=15281 cv=6822 waits=0 sigs=1 cmds=1
[rtmod] SUBMIT tid=15281 cv=6823 waits=0 sigs=1 cmds=1
[rtmod] SUBMIT tid=15281 cv=6824 waits=0 sigs=1 cmds=1
[rtmod] SUBMIT tid=15281 cv=6825 waits=0 sigs=1 cmds=1
[rtmod] SUBMIT tid=15281 cv=6826 waits=0 sigs=1 cmds=1
[rtmod] SUBMIT tid=15281 cv=6827 waits=0 sigs=1 cmds=1
[rtmod] SUBMIT tid=15281 cv=6828 waits=0 sigs=1 cmds=1
[rtmod] SUBMIT tid=15281 cv=6829 waits=0 sigs=1 cmds=1
[rtmod] SUBMIT tid=15281 cv=6830 waits=0 sigs=1 cmds=1
[rtmod] SUBMIT tid=15281 cv=6831 waits=0 sigs=1 cmds=1
[rtmod] SUBMIT tid=15281 cv=6832 waits=0 sigs=1 cmds=1
[rtmod] SUBMIT tid=15281 cv=6833 waits=0 sigs=1 cmds=1
[rtmod] SUBMIT tid=15281 cv=6834 waits=0 sigs=1 cmds=1
[rtmod] SUBMIT tid=15281 cv=6835 waits=0 sigs=1 cmds=1
[rtmod] SUBMIT tid=15281 cv=6836 waits=0 sigs=1 cmds=1
[rtmod] SUBMIT tid=15281 cv=6837 waits=0 sigs=1 cmds=1
[rtmod] SUBMIT tid=15281 cv=6838 waits=0 sigs=1 cmds=1
[rtmod] SUBMIT tid=15281 cv=6839 waits=0 sigs=1 cmds=1
[rtmod] SUBMIT tid=15281 cv=6840 waits=0 sigs=1 cmds=1
[rtmod] SUBMIT tid=15281 cv=6841 waits=0 sigs=2 cmds=1
[rtmod] COMMIT-NOOP
[rtmod] SUBMIT tid=15281 cv=6842 waits=1 sigs=1 cmds=1
[rtmod] SUBMIT tid=15281 cv=6843 waits=0 sigs=1 cmds=1
[rtmod] SUBMIT tid=15281 cv=6844 waits=0 sigs=1 cmds=1
[rtmod] SUBMIT tid=15281 cv=6845 waits=0 sigs=1 cmds=1
[rtmod] SUBMIT tid=15281 cv=6846 waits=0 sigs=1 cmds=1
[rtmod] SUBMIT tid=15281 cv=6847 waits=0 sigs=1 cmds=1
[rtmod] SUBMIT tid=15281 cv=6848 waits=0 sigs=1 cmds=1
[rtmod] SUBMIT tid=15281 cv=6849 waits=0 sigs=1 cmds=1
[rtmod] SUBMIT tid=15281 cv=6850 waits=0 sigs=1 cmds=1
[rtmod] SUBMIT tid=15281 cv=6851 waits=0 sigs=1 cmds=1
[rtmod] SUBMIT tid=15281 cv=6852 waits=0 sigs=1 cmds=1
[rtmod] SUBMIT tid=15281 cv=6853 waits=0 sigs=1 cmds=1
[rtmod] SUBMIT tid=15281 cv=6854 waits=0 sigs=1 cmds=1
[rtmod] SUBMIT tid=15281 cv=6855 waits=0 sigs=1 cmds=1
[rtmod] SUBMIT tid=15281 cv=6856 waits=0 sigs=1 cmds=1
[rtmod] SUBMIT tid=15281 cv=6857 waits=0 sigs=1 cmds=1
[rtmod] SUBMIT tid=15281 cv=6858 waits=0 sigs=1 cmds=1
[rtmod] SUBMIT tid=15281 cv=6859 waits=0 sigs=1 cmds=1
[rtmod] SUBMIT tid=15281 cv=6860 waits=0 sigs=1 cmds=1
[rtmod] SUBMIT tid=15281 cv=6861 waits=0 sigs=1 cmds=1
[rtmod] SUBMIT tid=15281 cv=6862 waits=0 sigs=2 cmds=1
[rtmod] COMMIT-NOOP
[rtmod] SUBMIT tid=15281 cv=6863 waits=1 sigs=1 cmds=1
[rtmod] SUBMIT tid=15281 cv=6864 waits=0 sigs=1 cmds=1
[rtmod] SUBMIT tid=15281 cv=6865 waits=0 sigs=1 cmds=1
[rtmod] SUBMIT tid=15281 cv=6866 waits=0 sigs=1 cmds=1
[rtmod] SUBMIT tid=15281 cv=6867 waits=0 sigs=1 cmds=1
[rtmod] SUBMIT tid=15281 cv=6868 waits=0 sigs=1 cmds=1
[rtmod] SUBMIT tid=15281 cv=6869 waits=0 sigs=1 cmds=1
[rtmod] SUBMIT tid=15281 cv=6870 waits=0 sigs=1 cmds=1
[rtmod] SUBMIT tid=15281 cv=6871 waits=0 sigs=1 cmds=1
[rtmod] SUBMIT tid=15281 cv=6872 waits=0 sigs=1 cmds=1
[rtmod] SUBMIT tid=15281 cv=6873 waits=0 sigs=1 cmds=1
[rtmod] SUBMIT tid=15281 cv=6874 waits=0 sigs=1 cmds=1
[rtmod] SUBMIT tid=15281 cv=6875 waits=0 sigs=1 cmds=1
[rtmod] SUBMIT tid=15281 cv=6876 waits=0 sigs=1 cmds=1
[rtmod] SUBMIT tid=15281 cv=6877 waits=0 sigs=1 cmds=1
[rtmod] SUBMIT tid=15281 cv=6878 waits=0 sigs=1 cmds=1
[rtmod] SUBMIT tid=15281 cv=6879 waits=0 sigs=1 cmds=1
[rtmod] SUBMIT tid=15281 cv=6880 waits=0 sigs=1 cmds=1
[rtmod] SUBMIT tid=15281 cv=6881 waits=0 sigs=1 cmds=1
[rtmod] SUBMIT tid=15281 cv=6882 waits=0 sigs=1 cmds=1
[rtmod] SUBMIT tid=15281 cv=6883 waits=0 sigs=2 cmds=1
[rtmod] COMMIT-NOOP
[rtmod] SUBMIT tid=15281 cv=6884 waits=1 sigs=1 cmds=1
[rtmod] SUBMIT tid=15281 cv=6885 waits=0 sigs=1 cmds=1
[rtmod] SUBMIT tid=15281 cv=6886 waits=0 sigs=1 cmds=1
[rtmod] SUBMIT tid=15281 cv=6887 waits=0 sigs=1 cmds=1
[rtmod] SUBMIT tid=15281 cv=6888 waits=0 sigs=1 cmds=1
[rtmod] SUBMIT tid=15281 cv=6889 waits=0 sigs=1 cmds=1
[rtmod] SUBMIT tid=15281 cv=6890 waits=0 sigs=1 cmds=1
[rtmod] SUBMIT tid=15281 cv=6891 waits=0 sigs=1 cmds=1
[rtmod] SUBMIT tid=15281 cv=6892 waits=0 sigs=1 cmds=1
[rtmod] SUBMIT tid=15281 cv=6893 waits=0 sigs=1 cmds=1
[rtmod] SUBMIT tid=15281 cv=6894 waits=0 sigs=1 cmds=1
[rtmod] SUBMIT tid=15281 cv=6895 waits=0 sigs=1 cmds=1
[rtmod] SUBMIT tid=15281 cv=6896 waits=0 sigs=1 cmds=1
[rtmod] SUBMIT tid=15281 cv=6897 waits=0 sigs=1 cmds=1
[rtmod] SUBMIT tid=15281 cv=6898 waits=0 sigs=1 cmds=1
[rtmod] SUBMIT tid=15281 cv=6899 waits=0 sigs=1 cmds=1
[rtmod] SUBMIT tid=15281 cv=6900 waits=0 sigs=1 cmds=1
[rtmod] SUBMIT tid=15281 cv=6901 waits=0 sigs=1 cmds=1
[rtmod] SUBMIT tid=15281 cv=6902 waits=0 sigs=1 cmds=1
[rtmod] SUBMIT tid=15281 cv=6903 waits=0 sigs=1 cmds=1
[rtmod] SUBMIT tid=15281 cv=6904 waits=0 sigs=2 cmds=1
[rtmod] COMMIT-NOOP
[rtmod] SUBMIT tid=15281 cv=6905 waits=1 sigs=1 cmds=1
[rtmod] SUBMIT tid=15281 cv=6906 waits=0 sigs=1 cmds=1
[rtmod] SUBMIT tid=15281 cv=6907 waits=0 sigs=1 cmds=1
[rtmod] SUBMIT tid=15281 cv=6908 waits=0 sigs=1 cmds=1
[rtmod] SUBMIT tid=15281 cv=6909 waits=0 sigs=1 cmds=1
[rtmod] SUBMIT tid=15281 cv=6910 waits=0 sigs=1 cmds=1
[rtmod] SUBMIT tid=15281 cv=6911 waits=0 sigs=1 cmds=1
[rtmod] SUBMIT tid=15281 cv=6912 waits=0 sigs=1 cmds=1
[rtmod] SUBMIT tid=15281 cv=6913 waits=0 sigs=1 cmds=1
[rtmod] SUBMIT tid=15281 cv=6914 waits=0 sigs=1 cmds=1
[rtmod] SUBMIT tid=15281 cv=6915 waits=0 sigs=1 cmds=1
[rtmod] SUBMIT tid=15281 cv=6916 waits=0 sigs=1 cmds=1
[rtmod] SUBMIT tid=15281 cv=6917 waits=0 sigs=1 cmds=1
[rtmod] SUBMIT tid=15281 cv=6918 waits=0 sigs=1 cmds=1
[rtmod] SUBMIT tid=15281 cv=6919 waits=0 sigs=1 cmds=1
[rtmod] SUBMIT tid=15281 cv=6920 waits=0 sigs=1 cmds=1
[rtmod] SUBMIT tid=15281 cv=6921 waits=0 sigs=1 cmds=1
[rtmod] SUBMIT tid=15281 cv=6922 waits=0 sigs=1 cmds=1
[rtmod] SUBMIT tid=15281 cv=6923 waits=0 sigs=1 cmds=1
[rtmod] SUBMIT tid=15281 cv=6924 waits=0 sigs=1 cmds=1
[rtmod] SUBMIT tid=15281 cv=6925 waits=0 sigs=2 cmds=1
[rtmod] COMMIT-NOOP
[rtmod] SUBMIT tid=15281 cv=6926 waits=1 sigs=1 cmds=1
[rtmod] SUBMIT tid=15281 cv=6927 waits=0 sigs=1 cmds=1
[rtmod] SUBMIT tid=15281 cv=6928 waits=0 sigs=1 cmds=1
[rtmod] SUBMIT tid=15281 cv=6929 waits=0 sigs=1 cmds=1
[rtmod] SUBMIT tid=15281 cv=6930 waits=0 sigs=1 cmds=1
[rtmod] SUBMIT tid=15281 cv=6931 waits=0 sigs=1 cmds=1
[rtmod] SUBMIT tid=15281 cv=6932 waits=0 sigs=1 cmds=1
[rtmod] SUBMIT tid=15281 cv=6933 waits=0 sigs=1 cmds=1
[rtmod] SUBMIT tid=15281 cv=6934 waits=0 sigs=1 cmds=1
[rtmod] SUBMIT tid=15281 cv=6935 waits=0 sigs=1 cmds=1
[rtmod] SUBMIT tid=15281 cv=6936 waits=0 sigs=1 cmds=1
[rtmod] SUBMIT tid=15281 cv=6937 waits=0 sigs=1 cmds=1
[rtmod] SUBMIT tid=15281 cv=6938 waits=0 sigs=1 cmds=1
[rtmod] SUBMIT tid=15281 cv=6939 waits=0 sigs=1 cmds=1
[rtmod] SUBMIT tid=15281 cv=6940 waits=0 sigs=1 cmds=1
[rtmod] SUBMIT tid=15281 cv=6941 waits=0 sigs=1 cmds=1
[rtmod] SUBMIT tid=15281 cv=6942 waits=0 sigs=1 cmds=1
[rtmod] SUBMIT tid=15281 cv=6943 waits=0 sigs=1 cmds=1
[rtmod] SUBMIT tid=15281 cv=6944 waits=0 sigs=1 cmds=1
[rtmod] SUBMIT tid=15281 cv=6945 waits=0 sigs=1 cmds=1
[rtmod] SUBMIT tid=15281 cv=6946 waits=0 sigs=2 cmds=1
[rtmod] COMMIT-NOOP
[rtmod] SUBMIT tid=15281 cv=6947 waits=1 sigs=1 cmds=1
[rtmod] SUBMIT tid=15281 cv=6948 waits=0 sigs=1 cmds=1
[rtmod] SUBMIT tid=15281 cv=6949 waits=0 sigs=1 cmds=1
[rtmod] SUBMIT tid=15281 cv=6950 waits=0 sigs=1 cmds=1
[rtmod] SUBMIT tid=15281 cv=6951 waits=0 sigs=1 cmds=1
[rtmod] SUBMIT tid=15281 cv=6952 waits=0 sigs=1 cmds=1
[rtmod] SUBMIT tid=15281 cv=6953 waits=0 sigs=1 cmds=1
[rtmod] SUBMIT tid=15281 cv=6954 waits=0 sigs=1 cmds=1
[rtmod] SUBMIT tid=15281 cv=6955 waits=0 sigs=1 cmds=1
[rtmod] SUBMIT tid=15281 cv=6956 waits=0 sigs=1 cmds=1
[rtmod] SUBMIT tid=15281 cv=6957 waits=0 sigs=1 cmds=1
[rtmod] SUBMIT tid=15281 cv=6958 waits=0 sigs=1 cmds=1
[rtmod] SUBMIT tid=15281 cv=6959 waits=0 sigs=1 cmds=1
[rtmod] SUBMIT tid=15281 cv=6960 waits=0 sigs=1 cmds=1
[rtmod] SUBMIT tid=15281 cv=6961 waits=0 sigs=1 cmds=1
[rtmod] SUBMIT tid=15281 cv=6962 waits=0 sigs=1 cmds=1
[rtmod] SUBMIT tid=15281 cv=6963 waits=0 sigs=1 cmds=1
[rtmod] SUBMIT tid=15281 cv=6964 waits=0 sigs=1 cmds=1
[rtmod] SUBMIT tid=15281 cv=6965 waits=0 sigs=1 cmds=1
[rtmod] SUBMIT tid=15281 cv=6966 waits=0 sigs=1 cmds=1
[rtmod] SUBMIT tid=15281 cv=6967 waits=0 sigs=2 cmds=1
[rtmod] COMMIT-NOOP
[rtmod] SUBMIT tid=15281 cv=6968 waits=1 sigs=1 cmds=1
[rtmod] SUBMIT tid=15281 cv=6969 waits=0 sigs=1 cmds=1
[rtmod] SUBMIT tid=15281 cv=6970 waits=0 sigs=1 cmds=1
[rtmod] SUBMIT tid=15281 cv=6971 waits=0 sigs=1 cmds=1
[rtmod] SUBMIT tid=15281 cv=6972 waits=0 sigs=1 cmds=1
[rtmod] SUBMIT tid=15281 cv=6973 waits=0 sigs=1 cmds=1
[rtmod] SUBMIT tid=15281 cv=6974 waits=0 sigs=1 cmds=1
[rtmod] SUBMIT tid=15281 cv=6975 waits=0 sigs=1 cmds=1
[rtmod] SUBMIT tid=15281 cv=6976 waits=0 sigs=1 cmds=1
[rtmod] SUBMIT tid=15281 cv=6977 waits=0 sigs=1 cmds=1
[rtmod] SUBMIT tid=15281 cv=6978 waits=0 sigs=1 cmds=1
[rtmod] SUBMIT tid=15281 cv=6979 waits=0 sigs=1 cmds=1
[rtmod] SUBMIT tid=15281 cv=6980 waits=0 sigs=1 cmds=1
[rtmod] SUBMIT tid=15281 cv=6981 waits=0 sigs=1 cmds=1
[rtmod] SUBMIT tid=15281 cv=6982 waits=0 sigs=1 cmds=1
[rtmod] SUBMIT tid=15281 cv=6983 waits=0 sigs=1 cmds=1
[rtmod] SUBMIT tid=15281 cv=6984 waits=0 sigs=1 cmds=1
[rtmod] SUBMIT tid=15281 cv=6985 waits=0 sigs=1 cmds=1
[rtmod] SUBMIT tid=15281 cv=6986 waits=0 sigs=1 cmds=1
[rtmod] SUBMIT tid=15281 cv=6987 waits=0 sigs=1 cmds=1
[rtmod] SUBMIT tid=15281 cv=6988 waits=0 sigs=2 cmds=1
[rtmod] COMMIT-NOOP
[rtmod] SUBMIT tid=15281 cv=6989 waits=1 sigs=1 cmds=1
[rtmod] SUBMIT tid=15281 cv=6990 waits=0 sigs=1 cmds=1
[rtmod] SUBMIT tid=15281 cv=6991 waits=0 sigs=1 cmds=1
[rtmod] SUBMIT tid=15281 cv=6992 waits=0 sigs=1 cmds=1
[rtmod] SUBMIT tid=15281 cv=6993 waits=0 sigs=1 cmds=1
[rtmod] SUBMIT tid=15281 cv=6994 waits=0 sigs=1 cmds=1
[rtmod] SUBMIT tid=15281 cv=6995 waits=0 sigs=1 cmds=1
[rtmod] SUBMIT tid=15281 cv=6996 waits=0 sigs=1 cmds=1
[rtmod] SUBMIT tid=15281 cv=6997 waits=0 sigs=1 cmds=1
[rtmod] SUBMIT tid=15281 cv=6998 waits=0 sigs=1 cmds=1
[rtmod] SUBMIT tid=15281 cv=6999 waits=0 sigs=1 cmds=1
[rtmod] SUBMIT tid=15281 cv=7000 waits=0 sigs=1 cmds=1
[rtmod] SUBMIT tid=15281 cv=7001 waits=0 sigs=1 cmds=1
[rtmod] SUBMIT tid=15281 cv=7002 waits=0 sigs=1 cmds=1
[rtmod] SUBMIT tid=15281 cv=7003 waits=0 sigs=1 cmds=1
[rtmod] SUBMIT tid=15281 cv=7004 waits=0 sigs=1 cmds=1
[rtmod] SUBMIT tid=15281 cv=7005 waits=0 sigs=1 cmds=1
[rtmod] SUBMIT tid=15281 cv=7006 waits=0 sigs=1 cmds=1
[rtmod] SUBMIT tid=15281 cv=7007 waits=0 sigs=1 cmds=1
[rtmod] SUBMIT tid=15281 cv=7008 waits=0 sigs=1 cmds=1
[rtmod] SUBMIT tid=15281 cv=7009 waits=0 sigs=2 cmds=1
[rtmod] COMMIT-NOOP
[rtmod] SUBMIT tid=15281 cv=7010 waits=1 sigs=1 cmds=1
[rtmod] SUBMIT tid=15281 cv=7011 waits=0 sigs=1 cmds=1
[rtmod] SUBMIT tid=15281 cv=7012 waits=0 sigs=1 cmds=1
[rtmod] SUBMIT tid=15281 cv=7013 waits=0 sigs=1 cmds=1
[rtmod] SUBMIT tid=15281 cv=7014 waits=0 sigs=1 cmds=1
[rtmod] SUBMIT tid=15281 cv=7015 waits=0 sigs=1 cmds=1
[rtmod] SUBMIT tid=15281 cv=7016 waits=0 sigs=1 cmds=1
[rtmod] SUBMIT tid=15281 cv=7017 waits=0 sigs=1 cmds=1
[rtmod] SUBMIT tid=15281 cv=7018 waits=0 sigs=1 cmds=1
[rtmod] SUBMIT tid=15281 cv=7019 waits=0 sigs=1 cmds=1
[rtmod] SUBMIT tid=15281 cv=7020 waits=0 sigs=1 cmds=1
[rtmod] SUBMIT tid=15281 cv=7021 waits=0 sigs=1 cmds=1
[rtmod] SUBMIT tid=15281 cv=7022 waits=0 sigs=1 cmds=1
[rtmod] SUBMIT tid=15281 cv=7023 waits=0 sigs=1 cmds=1
[rtmod] SUBMIT tid=15281 cv=7024 waits=0 sigs=1 cmds=1
[rtmod] SUBMIT tid=15281 cv=7025 waits=0 sigs=1 cmds=1
[rtmod] SUBMIT tid=15281 cv=7026 waits=0 sigs=1 cmds=1
[rtmod] SUBMIT tid=15281 cv=7027 waits=0 sigs=1 cmds=1
[rtmod] SUBMIT tid=15281 cv=7028 waits=0 sigs=1 cmds=1
[rtmod] SUBMIT tid=15281 cv=7029 waits=0 sigs=1 cmds=1
[rtmod] SUBMIT tid=15281 cv=7030 waits=0 sigs=2 cmds=1
[rtmod] COMMIT-NOOP
[rtmod] SUBMIT tid=15281 cv=7031 waits=1 sigs=1 cmds=1
[rtmod] SUBMIT tid=15281 cv=7032 waits=0 sigs=1 cmds=1
[rtmod] SUBMIT tid=15281 cv=7033 waits=0 sigs=1 cmds=1
[rtmod] SUBMIT tid=15281 cv=7034 waits=0 sigs=1 cmds=1
[rtmod] SUBMIT tid=15281 cv=7035 waits=0 sigs=1 cmds=1
[rtmod] SUBMIT tid=15281 cv=7036 waits=0 sigs=1 cmds=1
[rtmod] SUBMIT tid=15281 cv=7037 waits=0 sigs=1 cmds=1
[rtmod] SUBMIT tid=15281 cv=7038 waits=0 sigs=1 cmds=1
[rtmod] SUBMIT tid=15281 cv=7039 waits=0 sigs=1 cmds=1
[rtmod] SUBMIT tid=15281 cv=7040 waits=0 sigs=1 cmds=1
[rtmod] SUBMIT tid=15281 cv=7041 waits=0 sigs=1 cmds=1
[rtmod] SUBMIT tid=15281 cv=7042 waits=0 sigs=1 cmds=1
[rtmod] SUBMIT tid=15281 cv=7043 waits=0 sigs=1 cmds=1
[rtmod] SUBMIT tid=15281 cv=7044 waits=0 sigs=1 cmds=1
[rtmod] SUBMIT tid=15281 cv=7045 waits=0 sigs=1 cmds=1
[rtmod] SUBMIT tid=15281 cv=7046 waits=0 sigs=1 cmds=1
[rtmod] SUBMIT tid=15281 cv=7047 waits=0 sigs=1 cmds=1
[rtmod] SUBMIT tid=15281 cv=7048 waits=0 sigs=1 cmds=1
[rtmod] SUBMIT tid=15281 cv=7049 waits=0 sigs=1 cmds=1
[rtmod] SUBMIT tid=15281 cv=7050 waits=0 sigs=1 cmds=1
[rtmod] SUBMIT tid=15281 cv=7051 waits=0 sigs=2 cmds=1
[rtmod] COMMIT-NOOP
[rtmod] SUBMIT tid=15281 cv=7052 waits=1 sigs=1 cmds=1
[rtmod] SUBMIT tid=15281 cv=7053 waits=0 sigs=1 cmds=1
[rtmod] SUBMIT tid=15281 cv=7054 waits=0 sigs=1 cmds=1
[rtmod] SUBMIT tid=15281 cv=7055 waits=0 sigs=1 cmds=1
[rtmod] SUBMIT tid=15281 cv=7056 waits=0 sigs=1 cmds=1
[rtmod] SUBMIT tid=15281 cv=7057 waits=0 sigs=1 cmds=1
[rtmod] SUBMIT tid=15281 cv=7058 waits=0 sigs=1 cmds=1
[rtmod] SUBMIT tid=15281 cv=7059 waits=0 sigs=1 cmds=1
[rtmod] SUBMIT tid=15281 cv=7060 waits=0 sigs=1 cmds=1
[rtmod] SUBMIT tid=15281 cv=7061 waits=0 sigs=1 cmds=1
[rtmod] SUBMIT tid=15281 cv=7062 waits=0 sigs=1 cmds=1
[rtmod] SUBMIT tid=15281 cv=7063 waits=0 sigs=1 cmds=1
[rtmod] SUBMIT tid=15281 cv=7064 waits=0 sigs=1 cmds=1
[rtmod] SUBMIT tid=15281 cv=7065 waits=0 sigs=1 cmds=1
[rtmod] SUBMIT tid=15281 cv=7066 waits=0 sigs=1 cmds=1
[rtmod] SUBMIT tid=15281 cv=7067 waits=0 sigs=1 cmds=1
[rtmod] SUBMIT tid=15281 cv=7068 waits=0 sigs=1 cmds=1
[rtmod] SUBMIT tid=15281 cv=7069 waits=0 sigs=1 cmds=1
[rtmod] SUBMIT tid=15281 cv=7070 waits=0 sigs=1 cmds=1
[rtmod] SUBMIT tid=15281 cv=7071 waits=0 sigs=1 cmds=1
[rtmod] SUBMIT tid=15281 cv=7072 waits=0 sigs=2 cmds=1
[rtmod] COMMIT-NOOP
[rtmod] SUBMIT tid=15281 cv=7073 waits=1 sigs=1 cmds=1
[rtmod] SUBMIT tid=15281 cv=7074 waits=0 sigs=1 cmds=1
[rtmod] SUBMIT tid=15281 cv=7075 waits=0 sigs=1 cmds=1
[rtmod] SUBMIT tid=15281 cv=7076 waits=0 sigs=1 cmds=1
[rtmod] SUBMIT tid=15281 cv=7077 waits=0 sigs=1 cmds=1
[rtmod] SUBMIT tid=15281 cv=7078 waits=0 sigs=1 cmds=1
[rtmod] SUBMIT tid=15281 cv=7079 waits=0 sigs=1 cmds=1
[rtmod] SUBMIT tid=15281 cv=7080 waits=0 sigs=1 cmds=1
[rtmod] SUBMIT tid=15281 cv=7081 waits=0 sigs=1 cmds=1
[rtmod] SUBMIT tid=15281 cv=7082 waits=0 sigs=1 cmds=1
[rtmod] SUBMIT tid=15281 cv=7083 waits=0 sigs=1 cmds=1
[rtmod] SUBMIT tid=15281 cv=7084 waits=0 sigs=1 cmds=1
[rtmod] SUBMIT tid=15281 cv=7085 waits=0 sigs=1 cmds=1
[rtmod] SUBMIT tid=15281 cv=7086 waits=0 sigs=1 cmds=1
[rtmod] SUBMIT tid=15281 cv=7087 waits=0 sigs=1 cmds=1
[rtmod] SUBMIT tid=15281 cv=7088 waits=0 sigs=1 cmds=1
[rtmod] SUBMIT tid=15281 cv=7089 waits=0 sigs=1 cmds=1
[rtmod] SUBMIT tid=15281 cv=7090 waits=0 sigs=1 cmds=1
[rtmod] SUBMIT tid=15281 cv=7091 waits=0 sigs=1 cmds=1
[rtmod] SUBMIT tid=15281 cv=7092 waits=0 sigs=1 cmds=1
[rtmod] SUBMIT tid=15281 cv=7093 waits=0 sigs=2 cmds=1
[rtmod] COMMIT-NOOP
[rtmod] SUBMIT tid=15281 cv=7094 waits=1 sigs=1 cmds=1
[rtmod] SUBMIT tid=15281 cv=7095 waits=0 sigs=1 cmds=1
[rtmod] SUBMIT tid=15281 cv=7096 waits=0 sigs=1 cmds=1
[rtmod] SUBMIT tid=15281 cv=7097 waits=0 sigs=1 cmds=1
[rtmod] SUBMIT tid=15281 cv=7098 waits=0 sigs=1 cmds=1
[rtmod] SUBMIT tid=15281 cv=7099 waits=0 sigs=1 cmds=1
[rtmod] SUBMIT tid=15281 cv=7100 waits=0 sigs=1 cmds=1
[rtmod] SUBMIT tid=15281 cv=7101 waits=0 sigs=1 cmds=1
[rtmod] SUBMIT tid=15281 cv=7102 waits=0 sigs=1 cmds=1
[rtmod] SUBMIT tid=15281 cv=7103 waits=0 sigs=1 cmds=1
[rtmod] SUBMIT tid=15281 cv=7104 waits=0 sigs=1 cmds=1
[rtmod] SUBMIT tid=15281 cv=7105 waits=0 sigs=1 cmds=1
[rtmod] SUBMIT tid=15281 cv=7106 waits=0 sigs=1 cmds=1
[rtmod] SUBMIT tid=15281 cv=7107 waits=0 sigs=1 cmds=1
[rtmod] SUBMIT tid=15281 cv=7108 waits=0 sigs=1 cmds=1
[rtmod] SUBMIT tid=15281 cv=7109 waits=0 sigs=1 cmds=1
[rtmod] SUBMIT tid=15281 cv=7110 waits=0 sigs=1 cmds=1
[rtmod] SUBMIT tid=15281 cv=7111 waits=0 sigs=1 cmds=1
[rtmod] SUBMIT tid=15281 cv=7112 waits=0 sigs=1 cmds=1
[rtmod] SUBMIT tid=15281 cv=7113 waits=0 sigs=1 cmds=1
[rtmod] SUBMIT tid=15281 cv=7114 waits=0 sigs=2 cmds=1
[rtmod] COMMIT-NOOP
[rtmod] SUBMIT tid=15281 cv=7115 waits=1 sigs=1 cmds=1
[rtmod] SUBMIT tid=15281 cv=7116 waits=0 sigs=1 cmds=1
[rtmod] SUBMIT tid=15281 cv=7117 waits=0 sigs=1 cmds=1
[rtmod] SUBMIT tid=15281 cv=7118 waits=0 sigs=1 cmds=1
[rtmod] SUBMIT tid=15281 cv=7119 waits=0 sigs=1 cmds=1
[rtmod] SUBMIT tid=15281 cv=7120 waits=0 sigs=1 cmds=1
[rtmod] SUBMIT tid=15281 cv=7121 waits=0 sigs=1 cmds=1
[rtmod] SUBMIT tid=15281 cv=7122 waits=0 sigs=1 cmds=1
[rtmod] SUBMIT tid=15281 cv=7123 waits=0 sigs=1 cmds=1
[rtmod] SUBMIT tid=15281 cv=7124 waits=0 sigs=1 cmds=1
[rtmod] SUBMIT tid=15281 cv=7125 waits=0 sigs=1 cmds=1
[rtmod] SUBMIT tid=15281 cv=7126 waits=0 sigs=1 cmds=1
[rtmod] SUBMIT tid=15281 cv=7127 waits=0 sigs=1 cmds=1
[rtmod] SUBMIT tid=15281 cv=7128 waits=0 sigs=1 cmds=1
[rtmod] SUBMIT tid=15281 cv=7129 waits=0 sigs=1 cmds=1
[rtmod] SUBMIT tid=15281 cv=7130 waits=0 sigs=1 cmds=1
[rtmod] SUBMIT tid=15281 cv=7131 waits=0 sigs=1 cmds=1
[rtmod] SUBMIT tid=15281 cv=7132 waits=0 sigs=1 cmds=1
[rtmod] SUBMIT tid=15281 cv=7133 waits=0 sigs=1 cmds=1
[rtmod] SUBMIT tid=15281 cv=7134 waits=0 sigs=1 cmds=1
[rtmod] SUBMIT tid=15281 cv=7135 waits=0 sigs=2 cmds=1
[rtmod] COMMIT-NOOP
[rtmod] SUBMIT tid=15281 cv=7136 waits=1 sigs=1 cmds=1
[rtmod] SUBMIT tid=15281 cv=7137 waits=0 sigs=1 cmds=1
[rtmod] SUBMIT tid=15281 cv=7138 waits=0 sigs=1 cmds=1
[rtmod] SUBMIT tid=15281 cv=7139 waits=0 sigs=1 cmds=1
[rtmod] SUBMIT tid=15281 cv=7140 waits=0 sigs=1 cmds=1
[rtmod] SUBMIT tid=15281 cv=7141 waits=0 sigs=1 cmds=1
[rtmod] SUBMIT tid=15281 cv=7142 waits=0 sigs=1 cmds=1
[rtmod] SUBMIT tid=15281 cv=7143 waits=0 sigs=1 cmds=1
[rtmod] SUBMIT tid=15281 cv=7144 waits=0 sigs=1 cmds=1
[rtmod] SUBMIT tid=15281 cv=7145 waits=0 sigs=1 cmds=1
[rtmod] SUBMIT tid=15281 cv=7146 waits=0 sigs=1 cmds=1
[rtmod] SUBMIT tid=15281 cv=7147 waits=0 sigs=1 cmds=1
[rtmod] SUBMIT tid=15281 cv=7148 waits=0 sigs=1 cmds=1
[rtmod] SUBMIT tid=15281 cv=7149 waits=0 sigs=1 cmds=1
[rtmod] SUBMIT tid=15281 cv=7150 waits=0 sigs=1 cmds=1
[rtmod] SUBMIT tid=15281 cv=7151 waits=0 sigs=1 cmds=1
[rtmod] SUBMIT tid=15281 cv=7152 waits=0 sigs=1 cmds=1
[rtmod] SUBMIT tid=15281 cv=7153 waits=0 sigs=1 cmds=1
[rtmod] SUBMIT tid=15281 cv=7154 waits=0 sigs=1 cmds=1
[rtmod] SUBMIT tid=15281 cv=7155 waits=0 sigs=1 cmds=1
[rtmod] SUBMIT tid=15281 cv=7156 waits=0 sigs=2 cmds=1
[rtmod] COMMIT-NOOP
[rtmod] SUBMIT tid=15281 cv=7157 waits=1 sigs=1 cmds=1
[rtmod] SUBMIT tid=15281 cv=7158 waits=0 sigs=1 cmds=1
[rtmod] SUBMIT tid=15281 cv=7159 waits=0 sigs=1 cmds=1
[rtmod] SUBMIT tid=15281 cv=7160 waits=0 sigs=1 cmds=1
[rtmod] SUBMIT tid=15281 cv=7161 waits=0 sigs=1 cmds=1
[rtmod] SUBMIT tid=15281 cv=7162 waits=0 sigs=1 cmds=1
[rtmod] SUBMIT tid=15281 cv=7163 waits=0 sigs=1 cmds=1
[rtmod] SUBMIT tid=15281 cv=7164 waits=0 sigs=1 cmds=1
[rtmod] SUBMIT tid=15281 cv=7165 waits=0 sigs=1 cmds=1
[rtmod] SUBMIT tid=15281 cv=7166 waits=0 sigs=1 cmds=1
[rtmod] SUBMIT tid=15281 cv=7167 waits=0 sigs=1 cmds=1
[rtmod] SUBMIT tid=15281 cv=7168 waits=0 sigs=1 cmds=1
[rtmod] SUBMIT tid=15281 cv=7169 waits=0 sigs=1 cmds=1
[rtmod] SUBMIT tid=15281 cv=7170 waits=0 sigs=1 cmds=1
[rtmod] SUBMIT tid=15281 cv=7171 waits=0 sigs=1 cmds=1
[rtmod] SUBMIT tid=15281 cv=7172 waits=0 sigs=1 cmds=1
[rtmod] SUBMIT tid=15281 cv=7173 waits=0 sigs=1 cmds=1
[rtmod] SUBMIT tid=15281 cv=7174 waits=0 sigs=1 cmds=1
[rtmod] SUBMIT tid=15281 cv=7175 waits=0 sigs=1 cmds=1
[rtmod] SUBMIT tid=15281 cv=7176 waits=0 sigs=1 cmds=1
[rtmod] SUBMIT tid=15281 cv=7177 waits=0 sigs=2 cmds=1
[rtmod] COMMIT-NOOP
[rtmod] SUBMIT tid=15281 cv=7178 waits=1 sigs=1 cmds=1
[rtmod] SUBMIT tid=15281 cv=7179 waits=0 sigs=1 cmds=1
[rtmod] SUBMIT tid=15281 cv=7180 waits=0 sigs=1 cmds=1
[rtmod] SUBMIT tid=15281 cv=7181 waits=0 sigs=1 cmds=1
[rtmod] SUBMIT tid=15281 cv=7182 waits=0 sigs=1 cmds=1
[rtmod] SUBMIT tid=15281 cv=7183 waits=0 sigs=1 cmds=1
[rtmod] SUBMIT tid=15281 cv=7184 waits=0 sigs=1 cmds=1
[rtmod] SUBMIT tid=15281 cv=7185 waits=0 sigs=1 cmds=1
[rtmod] SUBMIT tid=15281 cv=7186 waits=0 sigs=1 cmds=1
[rtmod] SUBMIT tid=15281 cv=7187 waits=0 sigs=1 cmds=1
[rtmod] SUBMIT tid=15281 cv=7188 waits=0 sigs=1 cmds=1
[rtmod] SUBMIT tid=15281 cv=7189 waits=0 sigs=1 cmds=1
[rtmod] SUBMIT tid=15281 cv=7190 waits=0 sigs=1 cmds=1
[rtmod] SUBMIT tid=15281 cv=7191 waits=0 sigs=1 cmds=1
[rtmod] SUBMIT tid=15281 cv=7192 waits=0 sigs=1 cmds=1
[rtmod] SUBMIT tid=15281 cv=7193 waits=0 sigs=1 cmds=1
[rtmod] SUBMIT tid=15281 cv=7194 waits=0 sigs=1 cmds=1
[rtmod] SUBMIT tid=15281 cv=7195 waits=0 sigs=1 cmds=1
[rtmod] SUBMIT tid=15281 cv=7196 waits=0 sigs=1 cmds=1
[rtmod] SUBMIT tid=15281 cv=7197 waits=0 sigs=1 cmds=1
[rtmod] SUBMIT tid=15281 cv=7198 waits=0 sigs=2 cmds=1
[rtmod] COMMIT-NOOP
[rtmod] SUBMIT tid=15281 cv=7199 waits=1 sigs=1 cmds=1
[rtmod] SUBMIT tid=15281 cv=7200 waits=0 sigs=1 cmds=1
[rtmod] SUBMIT tid=15281 cv=7201 waits=0 sigs=1 cmds=1
[rtmod] SUBMIT tid=15281 cv=7202 waits=0 sigs=1 cmds=1
[rtmod] SUBMIT tid=15281 cv=7203 waits=0 sigs=1 cmds=1
[rtmod] SUBMIT tid=15281 cv=7204 waits=0 sigs=1 cmds=1
[rtmod] SUBMIT tid=15281 cv=7205 waits=0 sigs=1 cmds=1
[rtmod] SUBMIT tid=15281 cv=7206 waits=0 sigs=1 cmds=1
[rtmod] SUBMIT tid=15281 cv=7207 waits=0 sigs=1 cmds=1
[rtmod] SUBMIT tid=15281 cv=7208 waits=0 sigs=1 cmds=1
[rtmod] SUBMIT tid=15281 cv=7209 waits=0 sigs=1 cmds=1
[rtmod] SUBMIT tid=15281 cv=7210 waits=0 sigs=1 cmds=1
[rtmod] SUBMIT tid=15281 cv=7211 waits=0 sigs=1 cmds=1
[rtmod] SUBMIT tid=15281 cv=7212 waits=0 sigs=1 cmds=1
[rtmod] SUBMIT tid=15281 cv=7213 waits=0 sigs=1 cmds=1
[rtmod] SUBMIT tid=15281 cv=7214 waits=0 sigs=1 cmds=1
[rtmod] SUBMIT tid=15281 cv=7215 waits=0 sigs=1 cmds=1
[rtmod] SUBMIT tid=15281 cv=7216 waits=0 sigs=1 cmds=1
[rtmod] SUBMIT tid=15281 cv=7217 waits=0 sigs=1 cmds=1
[rtmod] SUBMIT tid=15281 cv=7218 waits=0 sigs=1 cmds=1
[rtmod] SUBMIT tid=15281 cv=7219 waits=0 sigs=2 cmds=1
[rtmod] COMMIT-NOOP
[rtmod] SUBMIT tid=15281 cv=7220 waits=1 sigs=1 cmds=1
[rtmod] SUBMIT tid=15281 cv=7221 waits=0 sigs=1 cmds=1
[rtmod] SUBMIT tid=15281 cv=7222 waits=0 sigs=1 cmds=1
[rtmod] SUBMIT tid=15281 cv=7223 waits=0 sigs=1 cmds=1
[rtmod] SUBMIT tid=15281 cv=7224 waits=0 sigs=1 cmds=1
[rtmod] SUBMIT tid=15281 cv=7225 waits=0 sigs=1 cmds=1
[rtmod] SUBMIT tid=15281 cv=7226 waits=0 sigs=1 cmds=1
[rtmod] SUBMIT tid=15281 cv=7227 waits=0 sigs=1 cmds=1
[rtmod] SUBMIT tid=15281 cv=7228 waits=0 sigs=1 cmds=1
[rtmod] SUBMIT tid=15281 cv=7229 waits=0 sigs=1 cmds=1
[rtmod] SUBMIT tid=15281 cv=7230 waits=0 sigs=1 cmds=1
[rtmod] SUBMIT tid=15281 cv=7231 waits=0 sigs=1 cmds=1
[rtmod] SUBMIT tid=15281 cv=7232 waits=0 sigs=1 cmds=1
[rtmod] SUBMIT tid=15281 cv=7233 waits=0 sigs=1 cmds=1
[rtmod] SUBMIT tid=15281 cv=7234 waits=0 sigs=1 cmds=1
[rtmod] SUBMIT tid=15281 cv=7235 waits=0 sigs=1 cmds=1
[rtmod] SUBMIT tid=15281 cv=7236 waits=0 sigs=1 cmds=1
[rtmod] SUBMIT tid=15281 cv=7237 waits=0 sigs=1 cmds=1
[rtmod] SUBMIT tid=15281 cv=7238 waits=0 sigs=1 cmds=1
[rtmod] SUBMIT tid=15281 cv=7239 waits=0 sigs=1 cmds=1
[rtmod] SUBMIT tid=15281 cv=7240 waits=0 sigs=2 cmds=1
[rtmod] COMMIT-NOOP
[rtmod] SUBMIT tid=15281 cv=7241 waits=1 sigs=1 cmds=1
[rtmod] SUBMIT tid=15281 cv=7242 waits=0 sigs=1 cmds=1
[rtmod] SUBMIT tid=15281 cv=7243 waits=0 sigs=1 cmds=1
[rtmod] SUBMIT tid=15281 cv=7244 waits=0 sigs=1 cmds=1
[rtmod] SUBMIT tid=15281 cv=7245 waits=0 sigs=1 cmds=1
[rtmod] SUBMIT tid=15281 cv=7246 waits=0 sigs=1 cmds=1
[rtmod] SUBMIT tid=15281 cv=7247 waits=0 sigs=1 cmds=1
[rtmod] SUBMIT tid=15281 cv=7248 waits=0 sigs=1 cmds=1
[rtmod] SUBMIT tid=15281 cv=7249 waits=0 sigs=1 cmds=1
[rtmod] SUBMIT tid=15281 cv=7250 waits=0 sigs=1 cmds=1
[rtmod] SUBMIT tid=15281 cv=7251 waits=0 sigs=1 cmds=1
[rtmod] SUBMIT tid=15281 cv=7252 waits=0 sigs=1 cmds=1
[rtmod] SUBMIT tid=15281 cv=7253 waits=0 sigs=1 cmds=1
[rtmod] SUBMIT tid=15281 cv=7254 waits=0 sigs=1 cmds=1
[rtmod] SUBMIT tid=15281 cv=7255 waits=0 sigs=1 cmds=1
[rtmod] SUBMIT tid=15281 cv=7256 waits=0 sigs=1 cmds=1
[rtmod] SUBMIT tid=15281 cv=7257 waits=0 sigs=1 cmds=1
[rtmod] SUBMIT tid=15281 cv=7258 waits=0 sigs=1 cmds=1
[rtmod] SUBMIT tid=15281 cv=7259 waits=0 sigs=1 cmds=1
[rtmod] SUBMIT tid=15281 cv=7260 waits=0 sigs=1 cmds=1
[rtmod] SUBMIT tid=15281 cv=7261 waits=0 sigs=2 cmds=1
[rtmod] COMMIT-NOOP
[rtmod] SUBMIT tid=15281 cv=7262 waits=1 sigs=1 cmds=1
[rtmod] SUBMIT tid=15281 cv=7263 waits=0 sigs=1 cmds=1
[rtmod] SUBMIT tid=15281 cv=7264 waits=0 sigs=1 cmds=1
[rtmod] SUBMIT tid=15281 cv=7265 waits=0 sigs=1 cmds=1
[rtmod] SUBMIT tid=15281 cv=7266 waits=0 sigs=1 cmds=1
[rtmod] SUBMIT tid=15281 cv=7267 waits=0 sigs=1 cmds=1
[rtmod] SUBMIT tid=15281 cv=7268 waits=0 sigs=1 cmds=1
[rtmod] SUBMIT tid=15281 cv=7269 waits=0 sigs=1 cmds=1
[rtmod] SUBMIT tid=15281 cv=7270 waits=0 sigs=1 cmds=1
[rtmod] SUBMIT tid=15281 cv=7271 waits=0 sigs=1 cmds=1
[rtmod] SUBMIT tid=15281 cv=7272 waits=0 sigs=1 cmds=1
[rtmod] SUBMIT tid=15281 cv=7273 waits=0 sigs=1 cmds=1
[rtmod] SUBMIT tid=15281 cv=7274 waits=0 sigs=1 cmds=1
[rtmod] SUBMIT tid=15281 cv=7275 waits=0 sigs=1 cmds=1
[rtmod] SUBMIT tid=15281 cv=7276 waits=0 sigs=1 cmds=1
[rtmod] SUBMIT tid=15281 cv=7277 waits=0 sigs=1 cmds=1
[rtmod] SUBMIT tid=15281 cv=7278 waits=0 sigs=1 cmds=1
[rtmod] SUBMIT tid=15281 cv=7279 waits=0 sigs=1 cmds=1
[rtmod] SUBMIT tid=15281 cv=7280 waits=0 sigs=1 cmds=1
[rtmod] SUBMIT tid=15281 cv=7281 waits=0 sigs=1 cmds=1
[rtmod] SUBMIT tid=15281 cv=7282 waits=0 sigs=2 cmds=1
[rtmod] COMMIT-NOOP
[rtmod] SUBMIT tid=15281 cv=7283 waits=1 sigs=1 cmds=1
[rtmod] SUBMIT tid=15281 cv=7284 waits=0 sigs=1 cmds=1
[rtmod] SUBMIT tid=15281 cv=7285 waits=0 sigs=1 cmds=1
[rtmod] SUBMIT tid=15281 cv=7286 waits=0 sigs=1 cmds=1
[rtmod] SUBMIT tid=15281 cv=7287 waits=0 sigs=1 cmds=1
[rtmod] SUBMIT tid=15281 cv=7288 waits=0 sigs=1 cmds=1
[rtmod] SUBMIT tid=15281 cv=7289 waits=0 sigs=1 cmds=1
[rtmod] SUBMIT tid=15281 cv=7290 waits=0 sigs=1 cmds=1
[rtmod] SUBMIT tid=15281 cv=7291 waits=0 sigs=1 cmds=1
[rtmod] SUBMIT tid=15281 cv=7292 waits=0 sigs=1 cmds=1
[rtmod] SUBMIT tid=15281 cv=7293 waits=0 sigs=1 cmds=1
[rtmod] SUBMIT tid=15281 cv=7294 waits=0 sigs=1 cmds=1
[rtmod] SUBMIT tid=15281 cv=7295 waits=0 sigs=1 cmds=1
[rtmod] SUBMIT tid=15281 cv=7296 waits=0 sigs=1 cmds=1
[rtmod] SUBMIT tid=15281 cv=7297 waits=0 sigs=1 cmds=1
[rtmod] SUBMIT tid=15281 cv=7298 waits=0 sigs=1 cmds=1
[rtmod] SUBMIT tid=15281 cv=7299 waits=0 sigs=1 cmds=1
[rtmod] SUBMIT tid=15281 cv=7300 waits=0 sigs=1 cmds=1
[rtmod] SUBMIT tid=15281 cv=7301 waits=0 sigs=1 cmds=1
[rtmod] SUBMIT tid=15281 cv=7302 waits=0 sigs=1 cmds=1
[rtmod] SUBMIT tid=15281 cv=7303 waits=0 sigs=2 cmds=1
[rtmod] COMMIT-NOOP
[rtmod] SUBMIT tid=15281 cv=7304 waits=1 sigs=1 cmds=1
[rtmod] SUBMIT tid=15281 cv=7305 waits=0 sigs=1 cmds=1
[rtmod] SUBMIT tid=15281 cv=7306 waits=0 sigs=1 cmds=1
[rtmod] SUBMIT tid=15281 cv=7307 waits=0 sigs=1 cmds=1
[rtmod] SUBMIT tid=15281 cv=7308 waits=0 sigs=1 cmds=1
[rtmod] SUBMIT tid=15281 cv=7309 waits=0 sigs=1 cmds=1
[rtmod] SUBMIT tid=15281 cv=7310 waits=0 sigs=1 cmds=1
[rtmod] SUBMIT tid=15281 cv=7311 waits=0 sigs=1 cmds=1
[rtmod] SUBMIT tid=15281 cv=7312 waits=0 sigs=1 cmds=1
[rtmod] SUBMIT tid=15281 cv=7313 waits=0 sigs=1 cmds=1
[rtmod] SUBMIT tid=15281 cv=7314 waits=0 sigs=1 cmds=1
[rtmod] SUBMIT tid=15281 cv=7315 waits=0 sigs=1 cmds=1
[rtmod] SUBMIT tid=15281 cv=7316 waits=0 sigs=1 cmds=1
[rtmod] SUBMIT tid=15281 cv=7317 waits=0 sigs=1 cmds=1
[rtmod] SUBMIT tid=15281 cv=7318 waits=0 sigs=1 cmds=1
[rtmod] SUBMIT tid=15281 cv=7319 waits=0 sigs=1 cmds=1
[rtmod] SUBMIT tid=15281 cv=7320 waits=0 sigs=1 cmds=1
[rtmod] SUBMIT tid=15281 cv=7321 waits=0 sigs=1 cmds=1
[rtmod] SUBMIT tid=15281 cv=7322 waits=0 sigs=1 cmds=1
[rtmod] SUBMIT tid=15281 cv=7323 waits=0 sigs=1 cmds=1
[rtmod] SUBMIT tid=15281 cv=7324 waits=0 sigs=2 cmds=1
[rtmod] COMMIT-NOOP
[rtmod] SUBMIT tid=15281 cv=7325 waits=1 sigs=1 cmds=1
[rtmod] SUBMIT tid=15281 cv=7326 waits=0 sigs=1 cmds=1
[rtmod] SUBMIT tid=15281 cv=7327 waits=0 sigs=1 cmds=1
[rtmod] SUBMIT tid=15281 cv=7328 waits=0 sigs=1 cmds=1
[rtmod] SUBMIT tid=15281 cv=7329 waits=0 sigs=1 cmds=1
[rtmod] SUBMIT tid=15281 cv=7330 waits=0 sigs=1 cmds=1
[rtmod] SUBMIT tid=15281 cv=7331 waits=0 sigs=1 cmds=1
[rtmod] SUBMIT tid=15281 cv=7332 waits=0 sigs=1 cmds=1
[rtmod] SUBMIT tid=15281 cv=7333 waits=0 sigs=1 cmds=1
[rtmod] SUBMIT tid=15281 cv=7334 waits=0 sigs=1 cmds=1
[rtmod] SUBMIT tid=15281 cv=7335 waits=0 sigs=1 cmds=1
[rtmod] SUBMIT tid=15281 cv=7336 waits=0 sigs=1 cmds=1
[rtmod] SUBMIT tid=15281 cv=7337 waits=0 sigs=1 cmds=1
[rtmod] SUBMIT tid=15281 cv=7338 waits=0 sigs=1 cmds=1
[rtmod] SUBMIT tid=15281 cv=7339 waits=0 sigs=1 cmds=1
[rtmod] SUBMIT tid=15281 cv=7340 waits=0 sigs=1 cmds=1
[rtmod] SUBMIT tid=15281 cv=7341 waits=0 sigs=1 cmds=1
[rtmod] SUBMIT tid=15281 cv=7342 waits=0 sigs=1 cmds=1
[rtmod] SUBMIT tid=15281 cv=7343 waits=0 sigs=1 cmds=1
[rtmod] SUBMIT tid=15281 cv=7344 waits=0 sigs=1 cmds=1
[rtmod] SUBMIT tid=15281 cv=7345 waits=0 sigs=2 cmds=1
[rtmod] COMMIT-NOOP
[rtmod] SUBMIT tid=15281 cv=7346 waits=1 sigs=1 cmds=1
[rtmod] SUBMIT tid=15281 cv=7347 waits=0 sigs=1 cmds=1
[rtmod] SUBMIT tid=15281 cv=7348 waits=0 sigs=1 cmds=1
[rtmod] SUBMIT tid=15281 cv=7349 waits=0 sigs=1 cmds=1
[rtmod] SUBMIT tid=15281 cv=7350 waits=0 sigs=1 cmds=1
[rtmod] SUBMIT tid=15281 cv=7351 waits=0 sigs=1 cmds=1
[rtmod] SUBMIT tid=15281 cv=7352 waits=0 sigs=1 cmds=1
[rtmod] SUBMIT tid=15281 cv=7353 waits=0 sigs=1 cmds=1
[rtmod] SUBMIT tid=15281 cv=7354 waits=0 sigs=1 cmds=1
[rtmod] SUBMIT tid=15281 cv=7355 waits=0 sigs=1 cmds=1
[rtmod] SUBMIT tid=15281 cv=7356 waits=0 sigs=1 cmds=1
[rtmod] SUBMIT tid=15281 cv=7357 waits=0 sigs=1 cmds=1
[rtmod] SUBMIT tid=15281 cv=7358 waits=0 sigs=1 cmds=1
[rtmod] SUBMIT tid=15281 cv=7359 waits=0 sigs=1 cmds=1
[rtmod] SUBMIT tid=15281 cv=7360 waits=0 sigs=1 cmds=1
[rtmod] SUBMIT tid=15281 cv=7361 waits=0 sigs=1 cmds=1
[rtmod] SUBMIT tid=15281 cv=7362 waits=0 sigs=1 cmds=1
[rtmod] SUBMIT tid=15281 cv=7363 waits=0 sigs=1 cmds=1
[rtmod] SUBMIT tid=15281 cv=7364 waits=0 sigs=1 cmds=1
[rtmod] SUBMIT tid=15281 cv=7365 waits=0 sigs=1 cmds=1
[rtmod] SUBMIT tid=15281 cv=7366 waits=0 sigs=2 cmds=1
[rtmod] COMMIT-NOOP
[rtmod] SUBMIT tid=15281 cv=7367 waits=1 sigs=1 cmds=1
[rtmod] SUBMIT tid=15281 cv=7368 waits=0 sigs=1 cmds=1
[rtmod] SUBMIT tid=15281 cv=7369 waits=0 sigs=1 cmds=1
[rtmod] SUBMIT tid=15281 cv=7370 waits=0 sigs=1 cmds=1
[rtmod] SUBMIT tid=15281 cv=7371 waits=0 sigs=1 cmds=1
[rtmod] SUBMIT tid=15281 cv=7372 waits=0 sigs=1 cmds=1
[rtmod] SUBMIT tid=15281 cv=7373 waits=0 sigs=1 cmds=1
[rtmod] SUBMIT tid=15281 cv=7374 waits=0 sigs=1 cmds=1
[rtmod] SUBMIT tid=15281 cv=7375 waits=0 sigs=1 cmds=1
[rtmod] SUBMIT tid=15281 cv=7376 waits=0 sigs=1 cmds=1
[rtmod] SUBMIT tid=15281 cv=7377 waits=0 sigs=1 cmds=1
[rtmod] SUBMIT tid=15281 cv=7378 waits=0 sigs=1 cmds=1
[rtmod] SUBMIT tid=15281 cv=7379 waits=0 sigs=1 cmds=1
[rtmod] SUBMIT tid=15281 cv=7380 waits=0 sigs=1 cmds=1
[rtmod] SUBMIT tid=15281 cv=7381 waits=0 sigs=1 cmds=1
[rtmod] SUBMIT tid=15281 cv=7382 waits=0 sigs=1 cmds=1
[rtmod] SUBMIT tid=15281 cv=7383 waits=0 sigs=1 cmds=1
[rtmod] SUBMIT tid=15281 cv=7384 waits=0 sigs=1 cmds=1
[rtmod] SUBMIT tid=15281 cv=7385 waits=0 sigs=1 cmds=1
[rtmod] SUBMIT tid=15281 cv=7386 waits=0 sigs=1 cmds=1
[rtmod] SUBMIT tid=15281 cv=7387 waits=0 sigs=2 cmds=1
[rtmod] COMMIT-NOOP
[rtmod] SUBMIT tid=15281 cv=7388 waits=1 sigs=1 cmds=1
[rtmod] SUBMIT tid=15281 cv=7389 waits=0 sigs=1 cmds=1
[rtmod] SUBMIT tid=15281 cv=7390 waits=0 sigs=1 cmds=1
[rtmod] SUBMIT tid=15281 cv=7391 waits=0 sigs=1 cmds=1
[rtmod] SUBMIT tid=15281 cv=7392 waits=0 sigs=1 cmds=1
[rtmod] SUBMIT tid=15281 cv=7393 waits=0 sigs=1 cmds=1
[rtmod] SUBMIT tid=15281 cv=7394 waits=0 sigs=1 cmds=1
[rtmod] SUBMIT tid=15281 cv=7395 waits=0 sigs=1 cmds=1
[rtmod] SUBMIT tid=15281 cv=7396 waits=0 sigs=1 cmds=1
[rtmod] SUBMIT tid=15281 cv=7397 waits=0 sigs=1 cmds=1
[rtmod] SUBMIT tid=15281 cv=7398 waits=0 sigs=1 cmds=1
[rtmod] SUBMIT tid=15281 cv=7399 waits=0 sigs=1 cmds=1
[rtmod] SUBMIT tid=15281 cv=7400 waits=0 sigs=1 cmds=1
[rtmod] SUBMIT tid=15281 cv=7401 waits=0 sigs=1 cmds=1
[rtmod] SUBMIT tid=15281 cv=7402 waits=0 sigs=1 cmds=1
[rtmod] SUBMIT tid=15281 cv=7403 waits=0 sigs=1 cmds=1
[rtmod] SUBMIT tid=15281 cv=7404 waits=0 sigs=1 cmds=1
[rtmod] SUBMIT tid=15281 cv=7405 waits=0 sigs=1 cmds=1
[rtmod] SUBMIT tid=15281 cv=7406 waits=0 sigs=1 cmds=1
[rtmod] SUBMIT tid=15281 cv=7407 waits=0 sigs=1 cmds=1
[rtmod] SUBMIT tid=15281 cv=7408 waits=0 sigs=2 cmds=1
[rtmod] COMMIT-NOOP
[rtmod] SUBMIT tid=15281 cv=7409 waits=1 sigs=1 cmds=1
[rtmod] SUBMIT tid=15281 cv=7410 waits=0 sigs=1 cmds=1
[rtmod] SUBMIT tid=15281 cv=7411 waits=0 sigs=1 cmds=1
[rtmod] SUBMIT tid=15281 cv=7412 waits=0 sigs=1 cmds=1
[rtmod] SUBMIT tid=15281 cv=7413 waits=0 sigs=1 cmds=1
[rtmod] SUBMIT tid=15281 cv=7414 waits=0 sigs=1 cmds=1
[rtmod] SUBMIT tid=15281 cv=7415 waits=0 sigs=1 cmds=1
[rtmod] SUBMIT tid=15281 cv=7416 waits=0 sigs=1 cmds=1
[rtmod] SUBMIT tid=15281 cv=7417 waits=0 sigs=1 cmds=1
[rtmod] SUBMIT tid=15281 cv=7418 waits=0 sigs=1 cmds=1
[rtmod] SUBMIT tid=15281 cv=7419 waits=0 sigs=1 cmds=1
[rtmod] SUBMIT tid=15281 cv=7420 waits=0 sigs=1 cmds=1
[rtmod] SUBMIT tid=15281 cv=7421 waits=0 sigs=1 cmds=1
[rtmod] SUBMIT tid=15281 cv=7422 waits=0 sigs=1 cmds=1
[rtmod] SUBMIT tid=15281 cv=7423 waits=0 sigs=1 cmds=1
[rtmod] SUBMIT tid=15281 cv=7424 waits=0 sigs=1 cmds=1
[rtmod] SUBMIT tid=15281 cv=7425 waits=0 sigs=1 cmds=1
[rtmod] SUBMIT tid=15281 cv=7426 waits=0 sigs=1 cmds=1
[rtmod] SUBMIT tid=15281 cv=7427 waits=0 sigs=1 cmds=1
[rtmod] SUBMIT tid=15281 cv=7428 waits=0 sigs=1 cmds=1
[rtmod] SUBMIT tid=15281 cv=7429 waits=0 sigs=2 cmds=1
[rtmod] COMMIT-NOOP
[rtmod] SUBMIT tid=15281 cv=7430 waits=1 sigs=1 cmds=1
[rtmod] SUBMIT tid=15281 cv=7431 waits=0 sigs=1 cmds=1
[rtmod] SUBMIT tid=15281 cv=7432 waits=0 sigs=1 cmds=1
[rtmod] SUBMIT tid=15281 cv=7433 waits=0 sigs=1 cmds=1
[rtmod] SUBMIT tid=15281 cv=7434 waits=0 sigs=1 cmds=1
[rtmod] SUBMIT tid=15281 cv=7435 waits=0 sigs=1 cmds=1
[rtmod] SUBMIT tid=15281 cv=7436 waits=0 sigs=1 cmds=1
[rtmod] SUBMIT tid=15281 cv=7437 waits=0 sigs=1 cmds=1
[rtmod] SUBMIT tid=15281 cv=7438 waits=0 sigs=1 cmds=1
[rtmod] SUBMIT tid=15281 cv=7439 waits=0 sigs=1 cmds=1
[rtmod] SUBMIT tid=15281 cv=7440 waits=0 sigs=1 cmds=1
[rtmod] SUBMIT tid=15281 cv=7441 waits=0 sigs=1 cmds=1
[rtmod] SUBMIT tid=15281 cv=7442 waits=0 sigs=1 cmds=1
[rtmod] SUBMIT tid=15281 cv=7443 waits=0 sigs=1 cmds=1
[rtmod] SUBMIT tid=15281 cv=7444 waits=0 sigs=1 cmds=1
[rtmod] SUBMIT tid=15281 cv=7445 waits=0 sigs=1 cmds=1
[rtmod] SUBMIT tid=15281 cv=7446 waits=0 sigs=1 cmds=1
[rtmod] SUBMIT tid=15281 cv=7447 waits=0 sigs=1 cmds=1
[rtmod] SUBMIT tid=15281 cv=7448 waits=0 sigs=1 cmds=1
[rtmod] SUBMIT tid=15281 cv=7449 waits=0 sigs=1 cmds=1
[rtmod] SUBMIT tid=15281 cv=7450 waits=0 sigs=2 cmds=1
[rtmod] COMMIT-NOOP
[rtmod] SUBMIT tid=15281 cv=7451 waits=1 sigs=1 cmds=1
[rtmod] SUBMIT tid=15281 cv=7452 waits=0 sigs=1 cmds=1
[rtmod] SUBMIT tid=15281 cv=7453 waits=0 sigs=1 cmds=1
[rtmod] SUBMIT tid=15281 cv=7454 waits=0 sigs=1 cmds=1
[rtmod] SUBMIT tid=15281 cv=7455 waits=0 sigs=1 cmds=1
[rtmod] SUBMIT tid=15281 cv=7456 waits=0 sigs=1 cmds=1
[rtmod] SUBMIT tid=15281 cv=7457 waits=0 sigs=1 cmds=1
[rtmod] SUBMIT tid=15281 cv=7458 waits=0 sigs=1 cmds=1
[rtmod] SUBMIT tid=15281 cv=7459 waits=0 sigs=1 cmds=1
[rtmod] SUBMIT tid=15281 cv=7460 waits=0 sigs=1 cmds=1
[rtmod] SUBMIT tid=15281 cv=7461 waits=0 sigs=1 cmds=1
[rtmod] SUBMIT tid=15281 cv=7462 waits=0 sigs=1 cmds=1
[rtmod] SUBMIT tid=15281 cv=7463 waits=0 sigs=1 cmds=1
[rtmod] SUBMIT tid=15281 cv=7464 waits=0 sigs=1 cmds=1
[rtmod] SUBMIT tid=15281 cv=7465 waits=0 sigs=1 cmds=1
[rtmod] SUBMIT tid=15281 cv=7466 waits=0 sigs=1 cmds=1
[rtmod] SUBMIT tid=15281 cv=7467 waits=0 sigs=1 cmds=1
[rtmod] SUBMIT tid=15281 cv=7468 waits=0 sigs=1 cmds=1
[rtmod] SUBMIT tid=15281 cv=7469 waits=0 sigs=1 cmds=1
[rtmod] SUBMIT tid=15281 cv=7470 waits=0 sigs=1 cmds=1
[rtmod] SUBMIT tid=15281 cv=7471 waits=0 sigs=2 cmds=1
[rtmod] COMMIT-NOOP
[rtmod] SUBMIT tid=15281 cv=7472 waits=1 sigs=1 cmds=1
[rtmod] SUBMIT tid=15281 cv=7473 waits=0 sigs=1 cmds=1
[rtmod] SUBMIT tid=15281 cv=7474 waits=0 sigs=1 cmds=1
[rtmod] SUBMIT tid=15281 cv=7475 waits=0 sigs=1 cmds=1
[rtmod] SUBMIT tid=15281 cv=7476 waits=0 sigs=1 cmds=1
[rtmod] SUBMIT tid=15281 cv=7477 waits=0 sigs=1 cmds=1
[rtmod] SUBMIT tid=15281 cv=7478 waits=0 sigs=1 cmds=1
[rtmod] SUBMIT tid=15281 cv=7479 waits=0 sigs=1 cmds=1
[rtmod] SUBMIT tid=15281 cv=7480 waits=0 sigs=1 cmds=1
[rtmod] SUBMIT tid=15281 cv=7481 waits=0 sigs=1 cmds=1
[rtmod] SUBMIT tid=15281 cv=7482 waits=0 sigs=1 cmds=1
[rtmod] SUBMIT tid=15281 cv=7483 waits=0 sigs=1 cmds=1
[rtmod] SUBMIT tid=15281 cv=7484 waits=0 sigs=1 cmds=1
[rtmod] SUBMIT tid=15281 cv=7485 waits=0 sigs=1 cmds=1
[rtmod] SUBMIT tid=15281 cv=7486 waits=0 sigs=1 cmds=1
[rtmod] SUBMIT tid=15281 cv=7487 waits=0 sigs=1 cmds=1
[rtmod] SUBMIT tid=15281 cv=7488 waits=0 sigs=1 cmds=1
[rtmod] SUBMIT tid=15281 cv=7489 waits=0 sigs=1 cmds=1
[rtmod] SUBMIT tid=15281 cv=7490 waits=0 sigs=1 cmds=1
[rtmod] SUBMIT tid=15281 cv=7491 waits=0 sigs=1 cmds=1
[rtmod] SUBMIT tid=15281 cv=7492 waits=0 sigs=2 cmds=1
[rtmod] COMMIT-NOOP
[rtmod] SUBMIT tid=15281 cv=7493 waits=1 sigs=1 cmds=1
[rtmod] SUBMIT tid=15281 cv=7494 waits=0 sigs=1 cmds=1
[rtmod] SUBMIT tid=15281 cv=7495 waits=0 sigs=1 cmds=1
[rtmod] SUBMIT tid=15281 cv=7496 waits=0 sigs=1 cmds=1
[rtmod] SUBMIT tid=15281 cv=7497 waits=0 sigs=1 cmds=1
[rtmod] SUBMIT tid=15281 cv=7498 waits=0 sigs=1 cmds=1
[rtmod] SUBMIT tid=15281 cv=7499 waits=0 sigs=1 cmds=1
[rtmod] SUBMIT tid=15281 cv=7500 waits=0 sigs=1 cmds=1
[rtmod] SUBMIT tid=15281 cv=7501 waits=0 sigs=1 cmds=1
[rtmod] SUBMIT tid=15281 cv=7502 waits=0 sigs=1 cmds=1
[rtmod] SUBMIT tid=15281 cv=7503 waits=0 sigs=1 cmds=1
[rtmod] SUBMIT tid=15281 cv=7504 waits=0 sigs=1 cmds=1
[rtmod] SUBMIT tid=15281 cv=7505 waits=0 sigs=1 cmds=1
[rtmod] SUBMIT tid=15281 cv=7506 waits=0 sigs=1 cmds=1
[rtmod] SUBMIT tid=15281 cv=7507 waits=0 sigs=1 cmds=1
[rtmod] SUBMIT tid=15281 cv=7508 waits=0 sigs=1 cmds=1
[rtmod] SUBMIT tid=15281 cv=7509 waits=0 sigs=1 cmds=1
[rtmod] SUBMIT tid=15281 cv=7510 waits=0 sigs=1 cmds=1
[rtmod] SUBMIT tid=15281 cv=7511 waits=0 sigs=1 cmds=1
[rtmod] SUBMIT tid=15281 cv=7512 waits=0 sigs=1 cmds=1
[rtmod] SUBMIT tid=15281 cv=7513 waits=0 sigs=2 cmds=1
[rtmod] COMMIT-NOOP
[rtmod] SUBMIT tid=15281 cv=7514 waits=1 sigs=1 cmds=1
[rtmod] SUBMIT tid=15281 cv=7515 waits=0 sigs=1 cmds=1
[rtmod] SUBMIT tid=15281 cv=7516 waits=0 sigs=1 cmds=1
[rtmod] SUBMIT tid=15281 cv=7517 waits=0 sigs=1 cmds=1
[rtmod] SUBMIT tid=15281 cv=7518 waits=0 sigs=1 cmds=1
[rtmod] SUBMIT tid=15281 cv=7519 waits=0 sigs=1 cmds=1
[rtmod] SUBMIT tid=15281 cv=7520 waits=0 sigs=1 cmds=1
[rtmod] SUBMIT tid=15281 cv=7521 waits=0 sigs=1 cmds=1
[rtmod] SUBMIT tid=15281 cv=7522 waits=0 sigs=1 cmds=1
[rtmod] SUBMIT tid=15281 cv=7523 waits=0 sigs=1 cmds=1
[rtmod] SUBMIT tid=15281 cv=7524 waits=0 sigs=1 cmds=1
[rtmod] SUBMIT tid=15281 cv=7525 waits=0 sigs=1 cmds=1
[rtmod] SUBMIT tid=15281 cv=7526 waits=0 sigs=1 cmds=1
[rtmod] SUBMIT tid=15281 cv=7527 waits=0 sigs=1 cmds=1
[rtmod] SUBMIT tid=15281 cv=7528 waits=0 sigs=1 cmds=1
[rtmod] SUBMIT tid=15281 cv=7529 waits=0 sigs=1 cmds=1
[rtmod] SUBMIT tid=15281 cv=7530 waits=0 sigs=1 cmds=1
[rtmod] SUBMIT tid=15281 cv=7531 waits=0 sigs=1 cmds=1
[rtmod] SUBMIT tid=15281 cv=7532 waits=0 sigs=1 cmds=1
[rtmod] SUBMIT tid=15281 cv=7533 waits=0 sigs=1 cmds=1
[rtmod] SUBMIT tid=15281 cv=7534 waits=0 sigs=2 cmds=1
[rtmod] COMMIT-NOOP
[rtmod] SUBMIT tid=15281 cv=7535 waits=1 sigs=1 cmds=1
[rtmod] SUBMIT tid=15281 cv=7536 waits=0 sigs=1 cmds=1
[rtmod] SUBMIT tid=15281 cv=7537 waits=0 sigs=1 cmds=1
[rtmod] SUBMIT tid=15281 cv=7538 waits=0 sigs=1 cmds=1
[rtmod] SUBMIT tid=15281 cv=7539 waits=0 sigs=1 cmds=1
[rtmod] SUBMIT tid=15281 cv=7540 waits=0 sigs=1 cmds=1
[rtmod] SUBMIT tid=15281 cv=7541 waits=0 sigs=1 cmds=1
[rtmod] SUBMIT tid=15281 cv=7542 waits=0 sigs=1 cmds=1
[rtmod] SUBMIT tid=15281 cv=7543 waits=0 sigs=1 cmds=1
[rtmod] SUBMIT tid=15281 cv=7544 waits=0 sigs=1 cmds=1
[rtmod] SUBMIT tid=15281 cv=7545 waits=0 sigs=1 cmds=1
[rtmod] SUBMIT tid=15281 cv=7546 waits=0 sigs=1 cmds=1
[rtmod] SUBMIT tid=15281 cv=7547 waits=0 sigs=1 cmds=1
[rtmod] SUBMIT tid=15281 cv=7548 waits=0 sigs=1 cmds=1
[rtmod] SUBMIT tid=15281 cv=7549 waits=0 sigs=1 cmds=1
[rtmod] SUBMIT tid=15281 cv=7550 waits=0 sigs=1 cmds=1
[rtmod] SUBMIT tid=15281 cv=7551 waits=0 sigs=1 cmds=1
[rtmod] SUBMIT tid=15281 cv=7552 waits=0 sigs=1 cmds=1
[rtmod] SUBMIT tid=15281 cv=7553 waits=0 sigs=1 cmds=1
[rtmod] SUBMIT tid=15281 cv=7554 waits=0 sigs=1 cmds=1
[rtmod] SUBMIT tid=15281 cv=7555 waits=0 sigs=2 cmds=1
[rtmod] COMMIT-NOOP
[rtmod] SUBMIT tid=15281 cv=7556 waits=1 sigs=1 cmds=1
[rtmod] SUBMIT tid=15281 cv=7557 waits=0 sigs=1 cmds=1
[rtmod] SUBMIT tid=15281 cv=7558 waits=0 sigs=1 cmds=1
[rtmod] SUBMIT tid=15281 cv=7559 waits=0 sigs=1 cmds=1
[rtmod] SUBMIT tid=15281 cv=7560 waits=0 sigs=1 cmds=1
[rtmod] SUBMIT tid=15281 cv=7561 waits=0 sigs=1 cmds=1
[rtmod] SUBMIT tid=15281 cv=7562 waits=0 sigs=1 cmds=1
[rtmod] SUBMIT tid=15281 cv=7563 waits=0 sigs=1 cmds=1
[rtmod] SUBMIT tid=15281 cv=7564 waits=0 sigs=1 cmds=1
[rtmod] SUBMIT tid=15281 cv=7565 waits=0 sigs=1 cmds=1
[rtmod] SUBMIT tid=15281 cv=7566 waits=0 sigs=1 cmds=1
[rtmod] SUBMIT tid=15281 cv=7567 waits=0 sigs=1 cmds=1
[rtmod] SUBMIT tid=15281 cv=7568 waits=0 sigs=1 cmds=1
[rtmod] SUBMIT tid=15281 cv=7569 waits=0 sigs=1 cmds=1
[rtmod] SUBMIT tid=15281 cv=7570 waits=0 sigs=1 cmds=1
[rtmod] SUBMIT tid=15281 cv=7571 waits=0 sigs=1 cmds=1
[rtmod] SUBMIT tid=15281 cv=7572 waits=0 sigs=1 cmds=1
[rtmod] SUBMIT tid=15281 cv=7573 waits=0 sigs=1 cmds=1
[rtmod] SUBMIT tid=15281 cv=7574 waits=0 sigs=1 cmds=1
[rtmod] SUBMIT tid=15281 cv=7575 waits=0 sigs=1 cmds=1
[rtmod] SUBMIT tid=15281 cv=7576 waits=0 sigs=2 cmds=1
[rtmod] COMMIT-NOOP
[rtmod] SUBMIT tid=15281 cv=7577 waits=1 sigs=1 cmds=1
[rtmod] SUBMIT tid=15281 cv=7578 waits=0 sigs=1 cmds=1
[rtmod] SUBMIT tid=15281 cv=7579 waits=0 sigs=1 cmds=1
[rtmod] SUBMIT tid=15281 cv=7580 waits=0 sigs=1 cmds=1
[rtmod] SUBMIT tid=15281 cv=7581 waits=0 sigs=1 cmds=1
[rtmod] SUBMIT tid=15281 cv=7582 waits=0 sigs=1 cmds=1
[rtmod] SUBMIT tid=15281 cv=7583 waits=0 sigs=1 cmds=1
[rtmod] SUBMIT tid=15281 cv=7584 waits=0 sigs=1 cmds=1
[rtmod] SUBMIT tid=15281 cv=7585 waits=0 sigs=1 cmds=1
[rtmod] SUBMIT tid=15281 cv=7586 waits=0 sigs=1 cmds=1
[rtmod] SUBMIT tid=15281 cv=7587 waits=0 sigs=1 cmds=1
[rtmod] SUBMIT tid=15281 cv=7588 waits=0 sigs=1 cmds=1
[rtmod] SUBMIT tid=15281 cv=7589 waits=0 sigs=1 cmds=1
[rtmod] SUBMIT tid=15281 cv=7590 waits=0 sigs=1 cmds=1
[rtmod] SUBMIT tid=15281 cv=7591 waits=0 sigs=1 cmds=1
[rtmod] SUBMIT tid=15281 cv=7592 waits=0 sigs=1 cmds=1
[rtmod] SUBMIT tid=15281 cv=7593 waits=0 sigs=1 cmds=1
[rtmod] SUBMIT tid=15281 cv=7594 waits=0 sigs=1 cmds=1
[rtmod] SUBMIT tid=15281 cv=7595 waits=0 sigs=1 cmds=1
[rtmod] SUBMIT tid=15281 cv=7596 waits=0 sigs=1 cmds=1
[rtmod] SUBMIT tid=15281 cv=7597 waits=0 sigs=2 cmds=1
[rtmod] COMMIT-NOOP
[rtmod] SUBMIT tid=15281 cv=7598 waits=1 sigs=1 cmds=1
[rtmod] SUBMIT tid=15281 cv=7599 waits=0 sigs=1 cmds=1
[rtmod] SUBMIT tid=15281 cv=7600 waits=0 sigs=1 cmds=1
[rtmod] SUBMIT tid=15281 cv=7601 waits=0 sigs=1 cmds=1
[rtmod] SUBMIT tid=15281 cv=7602 waits=0 sigs=1 cmds=1
[rtmod] SUBMIT tid=15281 cv=7603 waits=0 sigs=1 cmds=1
[rtmod] SUBMIT tid=15281 cv=7604 waits=0 sigs=1 cmds=1
[rtmod] SUBMIT tid=15281 cv=7605 waits=0 sigs=1 cmds=1
[rtmod] SUBMIT tid=15281 cv=7606 waits=0 sigs=1 cmds=1
[rtmod] SUBMIT tid=15281 cv=7607 waits=0 sigs=1 cmds=1
[rtmod] SUBMIT tid=15281 cv=7608 waits=0 sigs=1 cmds=1
[rtmod] SUBMIT tid=15281 cv=7609 waits=0 sigs=1 cmds=1
[rtmod] SUBMIT tid=15281 cv=7610 waits=0 sigs=1 cmds=1
[rtmod] SUBMIT tid=15281 cv=7611 waits=0 sigs=1 cmds=1
[rtmod] SUBMIT tid=15281 cv=7612 waits=0 sigs=1 cmds=1
[rtmod] SUBMIT tid=15281 cv=7613 waits=0 sigs=1 cmds=1
[rtmod] SUBMIT tid=15281 cv=7614 waits=0 sigs=1 cmds=1
[rtmod] SUBMIT tid=15281 cv=7615 waits=0 sigs=1 cmds=1
[rtmod] SUBMIT tid=15281 cv=7616 waits=0 sigs=1 cmds=1
[rtmod] SUBMIT tid=15281 cv=7617 waits=0 sigs=1 cmds=1
[rtmod] SUBMIT tid=15281 cv=7618 waits=0 sigs=2 cmds=1
[rtmod] COMMIT-NOOP
[rtmod] SUBMIT tid=15281 cv=7619 waits=1 sigs=1 cmds=1
[rtmod] SUBMIT tid=15281 cv=7620 waits=0 sigs=1 cmds=1
[rtmod] SUBMIT tid=15281 cv=7621 waits=0 sigs=1 cmds=1
[rtmod] SUBMIT tid=15281 cv=7622 waits=0 sigs=1 cmds=1
[rtmod] SUBMIT tid=15281 cv=7623 waits=0 sigs=1 cmds=1
[rtmod] SUBMIT tid=15281 cv=7624 waits=0 sigs=1 cmds=1
[rtmod] SUBMIT tid=15281 cv=7625 waits=0 sigs=1 cmds=1
[rtmod] SUBMIT tid=15281 cv=7626 waits=0 sigs=1 cmds=1
[rtmod] SUBMIT tid=15281 cv=7627 waits=0 sigs=1 cmds=1
[rtmod] SUBMIT tid=15281 cv=7628 waits=0 sigs=1 cmds=1
[rtmod] SUBMIT tid=15281 cv=7629 waits=0 sigs=1 cmds=1
[rtmod] SUBMIT tid=15281 cv=7630 waits=0 sigs=1 cmds=1
[rtmod] SUBMIT tid=15281 cv=7631 waits=0 sigs=1 cmds=1
[rtmod] SUBMIT tid=15281 cv=7632 waits=0 sigs=1 cmds=1
[rtmod] SUBMIT tid=15281 cv=7633 waits=0 sigs=1 cmds=1
[rtmod] SUBMIT tid=15281 cv=7634 waits=0 sigs=1 cmds=1
[rtmod] SUBMIT tid=15281 cv=7635 waits=0 sigs=1 cmds=1
[rtmod] SUBMIT tid=15281 cv=7636 waits=0 sigs=1 cmds=1
[rtmod] SUBMIT tid=15281 cv=7637 waits=0 sigs=1 cmds=1
[rtmod] SUBMIT tid=15281 cv=7638 waits=0 sigs=1 cmds=1
[rtmod] SUBMIT tid=15281 cv=7639 waits=0 sigs=2 cmds=1
[rtmod] COMMIT-NOOP
[rtmod] SUBMIT tid=15281 cv=7640 waits=1 sigs=1 cmds=1
[rtmod] SUBMIT tid=15281 cv=7641 waits=0 sigs=1 cmds=1
[rtmod] SUBMIT tid=15281 cv=7642 waits=0 sigs=1 cmds=1
[rtmod] SUBMIT tid=15281 cv=7643 waits=0 sigs=1 cmds=1
[rtmod] SUBMIT tid=15281 cv=7644 waits=0 sigs=1 cmds=1
[rtmod] SUBMIT tid=15281 cv=7645 waits=0 sigs=1 cmds=1
[rtmod] SUBMIT tid=15281 cv=7646 waits=0 sigs=1 cmds=1
[rtmod] SUBMIT tid=15281 cv=7647 waits=0 sigs=1 cmds=1
[rtmod] SUBMIT tid=15281 cv=7648 waits=0 sigs=1 cmds=1
[rtmod] SUBMIT tid=15281 cv=7649 waits=0 sigs=1 cmds=1
[rtmod] SUBMIT tid=15281 cv=7650 waits=0 sigs=1 cmds=1
[rtmod] SUBMIT tid=15281 cv=7651 waits=0 sigs=1 cmds=1
[rtmod] SUBMIT tid=15281 cv=7652 waits=0 sigs=1 cmds=1
[rtmod] SUBMIT tid=15281 cv=7653 waits=0 sigs=1 cmds=1
[rtmod] SUBMIT tid=15281 cv=7654 waits=0 sigs=1 cmds=1
[rtmod] SUBMIT tid=15281 cv=7655 waits=0 sigs=1 cmds=1
[rtmod] SUBMIT tid=15281 cv=7656 waits=0 sigs=1 cmds=1
[rtmod] SUBMIT tid=15281 cv=7657 waits=0 sigs=1 cmds=1
[rtmod] SUBMIT tid=15281 cv=7658 waits=0 sigs=1 cmds=1
[rtmod] SUBMIT tid=15281 cv=7659 waits=0 sigs=1 cmds=1
[rtmod] SUBMIT tid=15281 cv=7660 waits=0 sigs=2 cmds=1
[rtmod] COMMIT-NOOP
[rtmod] SUBMIT tid=15281 cv=7661 waits=1 sigs=1 cmds=1
[rtmod] SUBMIT tid=15281 cv=7662 waits=0 sigs=1 cmds=1
[rtmod] SUBMIT tid=15281 cv=7663 waits=0 sigs=1 cmds=1
[rtmod] SUBMIT tid=15281 cv=7664 waits=0 sigs=1 cmds=1
[rtmod] SUBMIT tid=15281 cv=7665 waits=0 sigs=1 cmds=1
[rtmod] SUBMIT tid=15281 cv=7666 waits=0 sigs=1 cmds=1
[rtmod] SUBMIT tid=15281 cv=7667 waits=0 sigs=1 cmds=1
[rtmod] SUBMIT tid=15281 cv=7668 waits=0 sigs=1 cmds=1
[rtmod] SUBMIT tid=15281 cv=7669 waits=0 sigs=1 cmds=1
[rtmod] SUBMIT tid=15281 cv=7670 waits=0 sigs=1 cmds=1
[rtmod] SUBMIT tid=15281 cv=7671 waits=0 sigs=1 cmds=1
[rtmod] SUBMIT tid=15281 cv=7672 waits=0 sigs=1 cmds=1
[rtmod] SUBMIT tid=15281 cv=7673 waits=0 sigs=1 cmds=1
[rtmod] SUBMIT tid=15281 cv=7674 waits=0 sigs=1 cmds=1
[rtmod] SUBMIT tid=15281 cv=7675 waits=0 sigs=1 cmds=1
[rtmod] SUBMIT tid=15281 cv=7676 waits=0 sigs=1 cmds=1
[rtmod] SUBMIT tid=15281 cv=7677 waits=0 sigs=1 cmds=1
[rtmod] SUBMIT tid=15281 cv=7678 waits=0 sigs=1 cmds=1
[rtmod] SUBMIT tid=15281 cv=7679 waits=0 sigs=1 cmds=1
[rtmod] SUBMIT tid=15281 cv=7680 waits=0 sigs=1 cmds=1
[rtmod] SUBMIT tid=15281 cv=7681 waits=0 sigs=2 cmds=1
[rtmod] COMMIT-NOOP
[rtmod] SUBMIT tid=15281 cv=7682 waits=1 sigs=1 cmds=1
[rtmod] SUBMIT tid=15281 cv=7683 waits=0 sigs=1 cmds=1
[rtmod] SUBMIT tid=15281 cv=7684 waits=0 sigs=1 cmds=1
[rtmod] SUBMIT tid=15281 cv=7685 waits=0 sigs=1 cmds=1
[rtmod] SUBMIT tid=15281 cv=7686 waits=0 sigs=1 cmds=1
[rtmod] SUBMIT tid=15281 cv=7687 waits=0 sigs=1 cmds=1
[rtmod] SUBMIT tid=15281 cv=7688 waits=0 sigs=1 cmds=1
[rtmod] SUBMIT tid=15281 cv=7689 waits=0 sigs=1 cmds=1
[rtmod] SUBMIT tid=15281 cv=7690 waits=0 sigs=1 cmds=1
[rtmod] SUBMIT tid=15281 cv=7691 waits=0 sigs=1 cmds=1
[rtmod] SUBMIT tid=15281 cv=7692 waits=0 sigs=1 cmds=1
[rtmod] SUBMIT tid=15281 cv=7693 waits=0 sigs=1 cmds=1
[rtmod] SUBMIT tid=15281 cv=7694 waits=0 sigs=1 cmds=1
[rtmod] SUBMIT tid=15281 cv=7695 waits=0 sigs=1 cmds=1
[rtmod] SUBMIT tid=15281 cv=7696 waits=0 sigs=1 cmds=1
[rtmod] SUBMIT tid=15281 cv=7697 waits=0 sigs=1 cmds=1
[rtmod] SUBMIT tid=15281 cv=7698 waits=0 sigs=1 cmds=1
[rtmod] SUBMIT tid=15281 cv=7699 waits=0 sigs=1 cmds=1
[rtmod] SUBMIT tid=15281 cv=7700 waits=0 sigs=1 cmds=1
[rtmod] SUBMIT tid=15281 cv=7701 waits=0 sigs=1 cmds=1
[rtmod] SUBMIT tid=15281 cv=7702 waits=0 sigs=2 cmds=1
[rtmod] COMMIT-NOOP
[rtmod] SUBMIT tid=15281 cv=7703 waits=1 sigs=1 cmds=1
[rtmod] SUBMIT tid=15281 cv=7704 waits=0 sigs=1 cmds=1
[rtmod] SUBMIT tid=15281 cv=7705 waits=0 sigs=1 cmds=1
[rtmod] SUBMIT tid=15281 cv=7706 waits=0 sigs=1 cmds=1
[rtmod] SUBMIT tid=15281 cv=7707 waits=0 sigs=1 cmds=1
[rtmod] SUBMIT tid=15281 cv=7708 waits=0 sigs=1 cmds=1
[rtmod] SUBMIT tid=15281 cv=7709 waits=0 sigs=1 cmds=1
[rtmod] SUBMIT tid=15281 cv=7710 waits=0 sigs=1 cmds=1
[rtmod] SUBMIT tid=15281 cv=7711 waits=0 sigs=1 cmds=1
[rtmod] SUBMIT tid=15281 cv=7712 waits=0 sigs=1 cmds=1
[rtmod] SUBMIT tid=15281 cv=7713 waits=0 sigs=1 cmds=1
[rtmod] SUBMIT tid=15281 cv=7714 waits=0 sigs=1 cmds=1
[rtmod] SUBMIT tid=15281 cv=7715 waits=0 sigs=1 cmds=1
[rtmod] SUBMIT tid=15281 cv=7716 waits=0 sigs=1 cmds=1
[rtmod] SUBMIT tid=15281 cv=7717 waits=0 sigs=1 cmds=1
[rtmod] SUBMIT tid=15281 cv=7718 waits=0 sigs=1 cmds=1
[rtmod] SUBMIT tid=15281 cv=7719 waits=0 sigs=1 cmds=1
[rtmod] SUBMIT tid=15281 cv=7720 waits=0 sigs=1 cmds=1
[rtmod] SUBMIT tid=15281 cv=7721 waits=0 sigs=1 cmds=1
[rtmod] SUBMIT tid=15281 cv=7722 waits=0 sigs=1 cmds=1
[rtmod] SUBMIT tid=15281 cv=7723 waits=0 sigs=2 cmds=1
[rtmod] COMMIT-NOOP
[rtmod] SUBMIT tid=15281 cv=7724 waits=1 sigs=1 cmds=1
[rtmod] SUBMIT tid=15281 cv=7725 waits=0 sigs=1 cmds=1
[rtmod] SUBMIT tid=15281 cv=7726 waits=0 sigs=1 cmds=1
[rtmod] SUBMIT tid=15281 cv=7727 waits=0 sigs=1 cmds=1
[rtmod] SUBMIT tid=15281 cv=7728 waits=0 sigs=1 cmds=1
[rtmod] SUBMIT tid=15281 cv=7729 waits=0 sigs=1 cmds=1
[rtmod] SUBMIT tid=15281 cv=7730 waits=0 sigs=1 cmds=1
[rtmod] SUBMIT tid=15281 cv=7731 waits=0 sigs=1 cmds=1
[rtmod] SUBMIT tid=15281 cv=7732 waits=0 sigs=1 cmds=1
[rtmod] SUBMIT tid=15281 cv=7733 waits=0 sigs=1 cmds=1
[rtmod] SUBMIT tid=15281 cv=7734 waits=0 sigs=1 cmds=1
[rtmod] SUBMIT tid=15281 cv=7735 waits=0 sigs=1 cmds=1
[rtmod] SUBMIT tid=15281 cv=7736 waits=0 sigs=1 cmds=1
[rtmod] SUBMIT tid=15281 cv=7737 waits=0 sigs=1 cmds=1
[rtmod] SUBMIT tid=15281 cv=7738 waits=0 sigs=1 cmds=1
[rtmod] SUBMIT tid=15281 cv=7739 waits=0 sigs=1 cmds=1
[rtmod] SUBMIT tid=15281 cv=7740 waits=0 sigs=1 cmds=1
[rtmod] SUBMIT tid=15281 cv=7741 waits=0 sigs=1 cmds=1
[rtmod] SUBMIT tid=15281 cv=7742 waits=0 sigs=1 cmds=1
[rtmod] SUBMIT tid=15281 cv=7743 waits=0 sigs=1 cmds=1
[rtmod] SUBMIT tid=15281 cv=7744 waits=0 sigs=2 cmds=1
[rtmod] COMMIT-NOOP
[rtmod] SUBMIT tid=15281 cv=7745 waits=1 sigs=1 cmds=1
[rtmod] SUBMIT tid=15281 cv=7746 waits=0 sigs=1 cmds=1
[rtmod] SUBMIT tid=15281 cv=7747 waits=0 sigs=1 cmds=1
[rtmod] SUBMIT tid=15281 cv=7748 waits=0 sigs=1 cmds=1
[rtmod] SUBMIT tid=15281 cv=7749 waits=0 sigs=1 cmds=1
[rtmod] SUBMIT tid=15281 cv=7750 waits=0 sigs=1 cmds=1
[rtmod] SUBMIT tid=15281 cv=7751 waits=0 sigs=1 cmds=1
[rtmod] SUBMIT tid=15281 cv=7752 waits=0 sigs=1 cmds=1
[rtmod] SUBMIT tid=15281 cv=7753 waits=0 sigs=1 cmds=1
[rtmod] SUBMIT tid=15281 cv=7754 waits=0 sigs=1 cmds=1
[rtmod] SUBMIT tid=15281 cv=7755 waits=0 sigs=1 cmds=1
[rtmod] SUBMIT tid=15281 cv=7756 waits=0 sigs=1 cmds=1
[rtmod] SUBMIT tid=15281 cv=7757 waits=0 sigs=1 cmds=1
[rtmod] SUBMIT tid=15281 cv=7758 waits=0 sigs=1 cmds=1
[rtmod] SUBMIT tid=15281 cv=7759 waits=0 sigs=1 cmds=1
[rtmod] SUBMIT tid=15281 cv=7760 waits=0 sigs=1 cmds=1
[rtmod] SUBMIT tid=15281 cv=7761 waits=0 sigs=1 cmds=1
[rtmod] SUBMIT tid=15281 cv=7762 waits=0 sigs=1 cmds=1
[rtmod] SUBMIT tid=15281 cv=7763 waits=0 sigs=1 cmds=1
[rtmod] SUBMIT tid=15281 cv=7764 waits=0 sigs=1 cmds=1
[rtmod] SUBMIT tid=15281 cv=7765 waits=0 sigs=2 cmds=1
[rtmod] COMMIT-NOOP
[rtmod] SUBMIT tid=15281 cv=7766 waits=1 sigs=1 cmds=1
[rtmod] SUBMIT tid=15281 cv=7767 waits=0 sigs=1 cmds=1
[rtmod] SUBMIT tid=15281 cv=7768 waits=0 sigs=1 cmds=1
[rtmod] SUBMIT tid=15281 cv=7769 waits=0 sigs=1 cmds=1
[rtmod] SUBMIT tid=15281 cv=7770 waits=0 sigs=1 cmds=1
[rtmod] SUBMIT tid=15281 cv=7771 waits=0 sigs=1 cmds=1
[rtmod] SUBMIT tid=15281 cv=7772 waits=0 sigs=1 cmds=1
[rtmod] SUBMIT tid=15281 cv=7773 waits=0 sigs=1 cmds=1
[rtmod] SUBMIT tid=15281 cv=7774 waits=0 sigs=1 cmds=1
[rtmod] SUBMIT tid=15281 cv=7775 waits=0 sigs=1 cmds=1
[rtmod] SUBMIT tid=15281 cv=7776 waits=0 sigs=1 cmds=1
[rtmod] SUBMIT tid=15281 cv=7777 waits=0 sigs=1 cmds=1
[rtmod] SUBMIT tid=15281 cv=7778 waits=0 sigs=1 cmds=1
[rtmod] SUBMIT tid=15281 cv=7779 waits=0 sigs=1 cmds=1
[rtmod] SUBMIT tid=15281 cv=7780 waits=0 sigs=1 cmds=1
[rtmod] SUBMIT tid=15281 cv=7781 waits=0 sigs=1 cmds=1
[rtmod] SUBMIT tid=15281 cv=7782 waits=0 sigs=1 cmds=1
[rtmod] SUBMIT tid=15281 cv=7783 waits=0 sigs=1 cmds=1
[rtmod] SUBMIT tid=15281 cv=7784 waits=0 sigs=1 cmds=1
[rtmod] SUBMIT tid=15281 cv=7785 waits=0 sigs=1 cmds=1
[rtmod] SUBMIT tid=15281 cv=7786 waits=0 sigs=2 cmds=1
[rtmod] COMMIT-NOOP
[rtmod] SUBMIT tid=15281 cv=7787 waits=1 sigs=1 cmds=1
[rtmod] SUBMIT tid=15281 cv=7788 waits=0 sigs=1 cmds=1
[rtmod] SUBMIT tid=15281 cv=7789 waits=0 sigs=1 cmds=1
[rtmod] SUBMIT tid=15281 cv=7790 waits=0 sigs=1 cmds=1
[rtmod] SUBMIT tid=15281 cv=7791 waits=0 sigs=1 cmds=1
[rtmod] SUBMIT tid=15281 cv=7792 waits=0 sigs=1 cmds=1
[rtmod] SUBMIT tid=15281 cv=7793 waits=0 sigs=1 cmds=1
[rtmod] SUBMIT tid=15281 cv=7794 waits=0 sigs=1 cmds=1
[rtmod] SUBMIT tid=15281 cv=7795 waits=0 sigs=1 cmds=1
[rtmod] SUBMIT tid=15281 cv=7796 waits=0 sigs=1 cmds=1
[rtmod] SUBMIT tid=15281 cv=7797 waits=0 sigs=1 cmds=1
[rtmod] SUBMIT tid=15281 cv=7798 waits=0 sigs=1 cmds=1
[rtmod] SUBMIT tid=15281 cv=7799 waits=0 sigs=1 cmds=1
[rtmod] SUBMIT tid=15281 cv=7800 waits=0 sigs=1 cmds=1
[rtmod] SUBMIT tid=15281 cv=7801 waits=0 sigs=1 cmds=1
[rtmod] SUBMIT tid=15281 cv=7802 waits=0 sigs=1 cmds=1
[rtmod] SUBMIT tid=15281 cv=7803 waits=0 sigs=1 cmds=1
[rtmod] SUBMIT tid=15281 cv=7804 waits=0 sigs=1 cmds=1
[rtmod] SUBMIT tid=15281 cv=7805 waits=0 sigs=1 cmds=1
[rtmod] SUBMIT tid=15281 cv=7806 waits=0 sigs=1 cmds=1
[rtmod] SUBMIT tid=15281 cv=7807 waits=0 sigs=2 cmds=1
[rtmod] COMMIT-NOOP
[rtmod] SUBMIT tid=15281 cv=7808 waits=1 sigs=1 cmds=1
[rtmod] SUBMIT tid=15281 cv=7809 waits=0 sigs=1 cmds=1
[rtmod] SUBMIT tid=15281 cv=7810 waits=0 sigs=1 cmds=1
[rtmod] SUBMIT tid=15281 cv=7811 waits=0 sigs=1 cmds=1
[rtmod] SUBMIT tid=15281 cv=7812 waits=0 sigs=1 cmds=1
[rtmod] SUBMIT tid=15281 cv=7813 waits=0 sigs=1 cmds=1
[rtmod] SUBMIT tid=15281 cv=7814 waits=0 sigs=1 cmds=1
[rtmod] SUBMIT tid=15281 cv=7815 waits=0 sigs=1 cmds=1
[rtmod] SUBMIT tid=15281 cv=7816 waits=0 sigs=1 cmds=1
[rtmod] SUBMIT tid=15281 cv=7817 waits=0 sigs=1 cmds=1
[rtmod] SUBMIT tid=15281 cv=7818 waits=0 sigs=1 cmds=1
[rtmod] SUBMIT tid=15281 cv=7819 waits=0 sigs=1 cmds=1
[rtmod] SUBMIT tid=15281 cv=7820 waits=0 sigs=1 cmds=1
[rtmod] SUBMIT tid=15281 cv=7821 waits=0 sigs=1 cmds=1
[rtmod] SUBMIT tid=15281 cv=7822 waits=0 sigs=1 cmds=1
[rtmod] SUBMIT tid=15281 cv=7823 waits=0 sigs=1 cmds=1
[rtmod] SUBMIT tid=15281 cv=7824 waits=0 sigs=1 cmds=1
[rtmod] SUBMIT tid=15281 cv=7825 waits=0 sigs=1 cmds=1
[rtmod] SUBMIT tid=15281 cv=7826 waits=0 sigs=1 cmds=1
[rtmod] SUBMIT tid=15281 cv=7827 waits=0 sigs=1 cmds=1
[rtmod] SUBMIT tid=15281 cv=7828 waits=0 sigs=2 cmds=1
[rtmod] COMMIT-NOOP
[rtmod] SUBMIT tid=15281 cv=7829 waits=1 sigs=1 cmds=1
[rtmod] SUBMIT tid=15281 cv=7830 waits=0 sigs=1 cmds=1
[rtmod] SUBMIT tid=15281 cv=7831 waits=0 sigs=1 cmds=1
[rtmod] SUBMIT tid=15281 cv=7832 waits=0 sigs=1 cmds=1
[rtmod] SUBMIT tid=15281 cv=7833 waits=0 sigs=1 cmds=1
[rtmod] SUBMIT tid=15281 cv=7834 waits=0 sigs=1 cmds=1
[rtmod] SUBMIT tid=15281 cv=7835 waits=0 sigs=1 cmds=1
[rtmod] SUBMIT tid=15281 cv=7836 waits=0 sigs=1 cmds=1
[rtmod] SUBMIT tid=15281 cv=7837 waits=0 sigs=1 cmds=1
[rtmod] SUBMIT tid=15281 cv=7838 waits=0 sigs=1 cmds=1
[rtmod] SUBMIT tid=15281 cv=7839 waits=0 sigs=1 cmds=1
[rtmod] SUBMIT tid=15281 cv=7840 waits=0 sigs=1 cmds=1
[rtmod] SUBMIT tid=15281 cv=7841 waits=0 sigs=1 cmds=1
[rtmod] SUBMIT tid=15281 cv=7842 waits=0 sigs=1 cmds=1
[rtmod] SUBMIT tid=15281 cv=7843 waits=0 sigs=1 cmds=1
[rtmod] SUBMIT tid=15281 cv=7844 waits=0 sigs=1 cmds=1
[rtmod] SUBMIT tid=15281 cv=7845 waits=0 sigs=1 cmds=1
[rtmod] SUBMIT tid=15281 cv=7846 waits=0 sigs=1 cmds=1
[rtmod] SUBMIT tid=15281 cv=7847 waits=0 sigs=1 cmds=1
[rtmod] SUBMIT tid=15281 cv=7848 waits=0 sigs=1 cmds=1
[rtmod] SUBMIT tid=15281 cv=7849 waits=0 sigs=2 cmds=1
[rtmod] COMMIT-NOOP
[rtmod] SUBMIT tid=15281 cv=7850 waits=1 sigs=1 cmds=1
[rtmod] SUBMIT tid=15281 cv=7851 waits=0 sigs=1 cmds=1
[rtmod] SUBMIT tid=15281 cv=7852 waits=0 sigs=1 cmds=1
[rtmod] SUBMIT tid=15281 cv=7853 waits=0 sigs=1 cmds=1
[rtmod] SUBMIT tid=15281 cv=7854 waits=0 sigs=1 cmds=1
[rtmod] SUBMIT tid=15281 cv=7855 waits=0 sigs=1 cmds=1
[rtmod] SUBMIT tid=15281 cv=7856 waits=0 sigs=1 cmds=1
[rtmod] SUBMIT tid=15281 cv=7857 waits=0 sigs=1 cmds=1
[rtmod] SUBMIT tid=15281 cv=7858 waits=0 sigs=1 cmds=1
[rtmod] SUBMIT tid=15281 cv=7859 waits=0 sigs=1 cmds=1
[rtmod] SUBMIT tid=15281 cv=7860 waits=0 sigs=1 cmds=1
[rtmod] SUBMIT tid=15281 cv=7861 waits=0 sigs=1 cmds=1
[rtmod] SUBMIT tid=15281 cv=7862 waits=0 sigs=1 cmds=1
[rtmod] SUBMIT tid=15281 cv=7863 waits=0 sigs=1 cmds=1
[rtmod] SUBMIT tid=15281 cv=7864 waits=0 sigs=1 cmds=1
[rtmod] SUBMIT tid=15281 cv=7865 waits=0 sigs=1 cmds=1
[rtmod] SUBMIT tid=15281 cv=7866 waits=0 sigs=1 cmds=1
[rtmod] SUBMIT tid=15281 cv=7867 waits=0 sigs=1 cmds=1
[rtmod] SUBMIT tid=15281 cv=7868 waits=0 sigs=1 cmds=1
[rtmod] SUBMIT tid=15281 cv=7869 waits=0 sigs=1 cmds=1
[rtmod] SUBMIT tid=15281 cv=7870 waits=0 sigs=2 cmds=1
[rtmod] COMMIT-NOOP
[rtmod] SUBMIT tid=15281 cv=7871 waits=1 sigs=1 cmds=1
[rtmod] SUBMIT tid=15281 cv=7872 waits=0 sigs=1 cmds=1
[rtmod] SUBMIT tid=15281 cv=7873 waits=0 sigs=1 cmds=1
[rtmod] SUBMIT tid=15281 cv=7874 waits=0 sigs=1 cmds=1
[rtmod] SUBMIT tid=15281 cv=7875 waits=0 sigs=1 cmds=1
[rtmod] SUBMIT tid=15281 cv=7876 waits=0 sigs=1 cmds=1
[rtmod] SUBMIT tid=15281 cv=7877 waits=0 sigs=1 cmds=1
[rtmod] SUBMIT tid=15281 cv=7878 waits=0 sigs=1 cmds=1
[rtmod] SUBMIT tid=15281 cv=7879 waits=0 sigs=1 cmds=1
[rtmod] SUBMIT tid=15281 cv=7880 waits=0 sigs=1 cmds=1
[rtmod] SUBMIT tid=15281 cv=7881 waits=0 sigs=1 cmds=1
[rtmod] SUBMIT tid=15281 cv=7882 waits=0 sigs=1 cmds=1
[rtmod] SUBMIT tid=15281 cv=7883 waits=0 sigs=1 cmds=1
[rtmod] SUBMIT tid=15281 cv=7884 waits=0 sigs=1 cmds=1
[rtmod] SUBMIT tid=15281 cv=7885 waits=0 sigs=1 cmds=1
[rtmod] SUBMIT tid=15281 cv=7886 waits=0 sigs=1 cmds=1
[rtmod] SUBMIT tid=15281 cv=7887 waits=0 sigs=1 cmds=1
[rtmod] SUBMIT tid=15281 cv=7888 waits=0 sigs=1 cmds=1
[rtmod] SUBMIT tid=15281 cv=7889 waits=0 sigs=1 cmds=1
[rtmod] SUBMIT tid=15281 cv=7890 waits=0 sigs=1 cmds=1
[rtmod] SUBMIT tid=15281 cv=7891 waits=0 sigs=2 cmds=1
[rtmod] COMMIT-NOOP
[rtmod] SUBMIT tid=15281 cv=7892 waits=1 sigs=1 cmds=1
[rtmod] SUBMIT tid=15281 cv=7893 waits=0 sigs=1 cmds=1
[rtmod] SUBMIT tid=15281 cv=7894 waits=0 sigs=1 cmds=1
[rtmod] SUBMIT tid=15281 cv=7895 waits=0 sigs=1 cmds=1
[rtmod] SUBMIT tid=15281 cv=7896 waits=0 sigs=1 cmds=1
[rtmod] SUBMIT tid=15281 cv=7897 waits=0 sigs=1 cmds=1
[rtmod] SUBMIT tid=15281 cv=7898 waits=0 sigs=1 cmds=1
[rtmod] SUBMIT tid=15281 cv=7899 waits=0 sigs=1 cmds=1
[rtmod] SUBMIT tid=15281 cv=7900 waits=0 sigs=1 cmds=1
[rtmod] SUBMIT tid=15281 cv=7901 waits=0 sigs=1 cmds=1
[rtmod] SUBMIT tid=15281 cv=7902 waits=0 sigs=1 cmds=1
[rtmod] SUBMIT tid=15281 cv=7903 waits=0 sigs=1 cmds=1
[rtmod] SUBMIT tid=15281 cv=7904 waits=0 sigs=1 cmds=1
[rtmod] SUBMIT tid=15281 cv=7905 waits=0 sigs=1 cmds=1
[rtmod] SUBMIT tid=15281 cv=7906 waits=0 sigs=1 cmds=1
[rtmod] SUBMIT tid=15281 cv=7907 waits=0 sigs=1 cmds=1
[rtmod] SUBMIT tid=15281 cv=7908 waits=0 sigs=1 cmds=1
[rtmod] SUBMIT tid=15281 cv=7909 waits=0 sigs=1 cmds=1
[rtmod] SUBMIT tid=15281 cv=7910 waits=0 sigs=1 cmds=1
[rtmod] SUBMIT tid=15281 cv=7911 waits=0 sigs=1 cmds=1
[rtmod] SUBMIT tid=15281 cv=7912 waits=0 sigs=2 cmds=1
[rtmod] COMMIT-NOOP
[rtmod] SUBMIT tid=15281 cv=7913 waits=1 sigs=1 cmds=1
[rtmod] SUBMIT tid=15281 cv=7914 waits=0 sigs=1 cmds=1
[rtmod] SUBMIT tid=15281 cv=7915 waits=0 sigs=1 cmds=1
[rtmod] SUBMIT tid=15281 cv=7916 waits=0 sigs=1 cmds=1
[rtmod] SUBMIT tid=15281 cv=7917 waits=0 sigs=1 cmds=1
[rtmod] SUBMIT tid=15281 cv=7918 waits=0 sigs=1 cmds=1
[rtmod] SUBMIT tid=15281 cv=7919 waits=0 sigs=1 cmds=1
[rtmod] SUBMIT tid=15281 cv=7920 waits=0 sigs=1 cmds=1
[rtmod] SUBMIT tid=15281 cv=7921 waits=0 sigs=1 cmds=1
[rtmod] SUBMIT tid=15281 cv=7922 waits=0 sigs=1 cmds=1
[rtmod] SUBMIT tid=15281 cv=7923 waits=0 sigs=1 cmds=1
[rtmod] SUBMIT tid=15281 cv=7924 waits=0 sigs=1 cmds=1
[rtmod] SUBMIT tid=15281 cv=7925 waits=0 sigs=1 cmds=1
[rtmod] SUBMIT tid=15281 cv=7926 waits=0 sigs=1 cmds=1
[rtmod] SUBMIT tid=15281 cv=7927 waits=0 sigs=1 cmds=1
[rtmod] SUBMIT tid=15281 cv=7928 waits=0 sigs=1 cmds=1
[rtmod] SUBMIT tid=15281 cv=7929 waits=0 sigs=1 cmds=1
[rtmod] SUBMIT tid=15281 cv=7930 waits=0 sigs=1 cmds=1
[rtmod] SUBMIT tid=15281 cv=7931 waits=0 sigs=1 cmds=1
[rtmod] SUBMIT tid=15281 cv=7932 waits=0 sigs=1 cmds=1
[rtmod] SUBMIT tid=15281 cv=7933 waits=0 sigs=2 cmds=1
[rtmod] COMMIT-NOOP
[rtmod] SUBMIT tid=15281 cv=7934 waits=1 sigs=1 cmds=1
[rtmod] SUBMIT tid=15281 cv=7935 waits=0 sigs=1 cmds=1
[rtmod] SUBMIT tid=15281 cv=7936 waits=0 sigs=1 cmds=1
[rtmod] SUBMIT tid=15281 cv=7937 waits=0 sigs=1 cmds=1
[rtmod] SUBMIT tid=15281 cv=7938 waits=0 sigs=1 cmds=1
[rtmod] SUBMIT tid=15281 cv=7939 waits=0 sigs=1 cmds=1
[rtmod] SUBMIT tid=15281 cv=7940 waits=0 sigs=1 cmds=1
[rtmod] SUBMIT tid=15281 cv=7941 waits=0 sigs=1 cmds=1
[rtmod] SUBMIT tid=15281 cv=7942 waits=0 sigs=1 cmds=1
[rtmod] SUBMIT tid=15281 cv=7943 waits=0 sigs=1 cmds=1
[rtmod] SUBMIT tid=15281 cv=7944 waits=0 sigs=1 cmds=1
[rtmod] SUBMIT tid=15281 cv=7945 waits=0 sigs=1 cmds=1
[rtmod] SUBMIT tid=15281 cv=7946 waits=0 sigs=1 cmds=1
[rtmod] SUBMIT tid=15281 cv=7947 waits=0 sigs=1 cmds=1
[rtmod] SUBMIT tid=15281 cv=7948 waits=0 sigs=1 cmds=1
[rtmod] SUBMIT tid=15281 cv=7949 waits=0 sigs=1 cmds=1
[rtmod] SUBMIT tid=15281 cv=7950 waits=0 sigs=1 cmds=1
[rtmod] SUBMIT tid=15281 cv=7951 waits=0 sigs=1 cmds=1
[rtmod] SUBMIT tid=15281 cv=7952 waits=0 sigs=1 cmds=1
[rtmod] SUBMIT tid=15281 cv=7953 waits=0 sigs=1 cmds=1
[rtmod] SUBMIT tid=15281 cv=7954 waits=0 sigs=2 cmds=1
[rtmod] COMMIT-NOOP
[rtmod] SUBMIT tid=15281 cv=7955 waits=1 sigs=1 cmds=1
[rtmod] SUBMIT tid=15281 cv=7956 waits=0 sigs=1 cmds=1
[rtmod] SUBMIT tid=15281 cv=7957 waits=0 sigs=1 cmds=1
[rtmod] SUBMIT tid=15281 cv=7958 waits=0 sigs=1 cmds=1
[rtmod] SUBMIT tid=15281 cv=7959 waits=0 sigs=1 cmds=1
[rtmod] SUBMIT tid=15281 cv=7960 waits=0 sigs=1 cmds=1
[rtmod] SUBMIT tid=15281 cv=7961 waits=0 sigs=1 cmds=1
[rtmod] SUBMIT tid=15281 cv=7962 waits=0 sigs=1 cmds=1
[rtmod] SUBMIT tid=15281 cv=7963 waits=0 sigs=1 cmds=1
[rtmod] SUBMIT tid=15281 cv=7964 waits=0 sigs=1 cmds=1
[rtmod] SUBMIT tid=15281 cv=7965 waits=0 sigs=1 cmds=1
[rtmod] SUBMIT tid=15281 cv=7966 waits=0 sigs=1 cmds=1
[rtmod] SUBMIT tid=15281 cv=7967 waits=0 sigs=1 cmds=1
[rtmod] SUBMIT tid=15281 cv=7968 waits=0 sigs=1 cmds=1
[rtmod] SUBMIT tid=15281 cv=7969 waits=0 sigs=1 cmds=1
[rtmod] SUBMIT tid=15281 cv=7970 waits=0 sigs=1 cmds=1
[rtmod] SUBMIT tid=15281 cv=7971 waits=0 sigs=1 cmds=1
[rtmod] SUBMIT tid=15281 cv=7972 waits=0 sigs=1 cmds=1
[rtmod] SUBMIT tid=15281 cv=7973 waits=0 sigs=1 cmds=1
[rtmod] SUBMIT tid=15281 cv=7974 waits=0 sigs=1 cmds=1
[rtmod] SUBMIT tid=15281 cv=7975 waits=0 sigs=2 cmds=1
[rtmod] COMMIT-NOOP
[rtmod] SUBMIT tid=15281 cv=7976 waits=1 sigs=1 cmds=1
[rtmod] SUBMIT tid=15281 cv=7977 waits=0 sigs=1 cmds=1
[rtmod] SUBMIT tid=15281 cv=7978 waits=0 sigs=1 cmds=1
[rtmod] SUBMIT tid=15281 cv=7979 waits=0 sigs=1 cmds=1
[rtmod] SUBMIT tid=15281 cv=7980 waits=0 sigs=1 cmds=1
[rtmod] SUBMIT tid=15281 cv=7981 waits=0 sigs=1 cmds=1
[rtmod] SUBMIT tid=15281 cv=7982 waits=0 sigs=1 cmds=1
[rtmod] SUBMIT tid=15281 cv=7983 waits=0 sigs=1 cmds=1
[rtmod] SUBMIT tid=15281 cv=7984 waits=0 sigs=1 cmds=1
[rtmod] SUBMIT tid=15281 cv=7985 waits=0 sigs=1 cmds=1
[rtmod] SUBMIT tid=15281 cv=7986 waits=0 sigs=1 cmds=1
[rtmod] SUBMIT tid=15281 cv=7987 waits=0 sigs=1 cmds=1
[rtmod] SUBMIT tid=15281 cv=7988 waits=0 sigs=1 cmds=1
[rtmod] SUBMIT tid=15281 cv=7989 waits=0 sigs=1 cmds=1
[rtmod] SUBMIT tid=15281 cv=7990 waits=0 sigs=1 cmds=1
[rtmod] SUBMIT tid=15281 cv=7991 waits=0 sigs=1 cmds=1
[rtmod] SUBMIT tid=15281 cv=7992 waits=0 sigs=1 cmds=1
[rtmod] SUBMIT tid=15281 cv=7993 waits=0 sigs=1 cmds=1
[rtmod] SUBMIT tid=15281 cv=7994 waits=0 sigs=1 cmds=1
[rtmod] SUBMIT tid=15281 cv=7995 waits=0 sigs=1 cmds=1
[rtmod] SUBMIT tid=15281 cv=7996 waits=0 sigs=2 cmds=1
[rtmod] COMMIT-NOOP
[rtmod] SUBMIT tid=15281 cv=7997 waits=1 sigs=1 cmds=1
[rtmod] SUBMIT tid=15281 cv=7998 waits=0 sigs=1 cmds=1
[rtmod] SUBMIT tid=15281 cv=7999 waits=0 sigs=1 cmds=1
[rtmod] SUBMIT tid=15281 cv=8000 waits=0 sigs=1 cmds=1
[rtmod] SUBMIT tid=15281 cv=8001 waits=0 sigs=1 cmds=1
[rtmod] SUBMIT tid=15281 cv=8002 waits=0 sigs=1 cmds=1
[rtmod] SUBMIT tid=15281 cv=8003 waits=0 sigs=1 cmds=1
[rtmod] SUBMIT tid=15281 cv=8004 waits=0 sigs=1 cmds=1
[rtmod] SUBMIT tid=15281 cv=8005 waits=0 sigs=1 cmds=1
[rtmod] SUBMIT tid=15281 cv=8006 waits=0 sigs=1 cmds=1
[rtmod] SUBMIT tid=15281 cv=8007 waits=0 sigs=1 cmds=1
[rtmod] SUBMIT tid=15281 cv=8008 waits=0 sigs=1 cmds=1
[rtmod] SUBMIT tid=15281 cv=8009 waits=0 sigs=1 cmds=1
[rtmod] SUBMIT tid=15281 cv=8010 waits=0 sigs=1 cmds=1
[rtmod] SUBMIT tid=15281 cv=8011 waits=0 sigs=1 cmds=1
[rtmod] SUBMIT tid=15281 cv=8012 waits=0 sigs=1 cmds=1
[rtmod] SUBMIT tid=15281 cv=8013 waits=0 sigs=1 cmds=1
[rtmod] SUBMIT tid=15281 cv=8014 waits=0 sigs=1 cmds=1
[rtmod] SUBMIT tid=15281 cv=8015 waits=0 sigs=1 cmds=1
[rtmod] SUBMIT tid=15281 cv=8016 waits=0 sigs=1 cmds=1
[rtmod] SUBMIT tid=15281 cv=8017 waits=0 sigs=2 cmds=1
[rtmod] COMMIT-NOOP
[rtmod] SUBMIT tid=15281 cv=8018 waits=1 sigs=1 cmds=1
[rtmod] SUBMIT tid=15281 cv=8019 waits=0 sigs=1 cmds=1
[rtmod] SUBMIT tid=15281 cv=8020 waits=0 sigs=1 cmds=1
[rtmod] SUBMIT tid=15281 cv=8021 waits=0 sigs=1 cmds=1
[rtmod] SUBMIT tid=15281 cv=8022 waits=0 sigs=1 cmds=1
[rtmod] SUBMIT tid=15281 cv=8023 waits=0 sigs=1 cmds=1
[rtmod] SUBMIT tid=15281 cv=8024 waits=0 sigs=1 cmds=1
[rtmod] SUBMIT tid=15281 cv=8025 waits=0 sigs=1 cmds=1
[rtmod] SUBMIT tid=15281 cv=8026 waits=0 sigs=1 cmds=1
[rtmod] SUBMIT tid=15281 cv=8027 waits=0 sigs=1 cmds=1
[rtmod] SUBMIT tid=15281 cv=8028 waits=0 sigs=1 cmds=1
[rtmod] SUBMIT tid=15281 cv=8029 waits=0 sigs=1 cmds=1
[rtmod] SUBMIT tid=15281 cv=8030 waits=0 sigs=1 cmds=1
[rtmod] SUBMIT tid=15281 cv=8031 waits=0 sigs=1 cmds=1
[rtmod] SUBMIT tid=15281 cv=8032 waits=0 sigs=1 cmds=1
[rtmod] SUBMIT tid=15281 cv=8033 waits=0 sigs=1 cmds=1
[rtmod] SUBMIT tid=15281 cv=8034 waits=0 sigs=1 cmds=1
[rtmod] SUBMIT tid=15281 cv=8035 waits=0 sigs=1 cmds=1
[rtmod] SUBMIT tid=15281 cv=8036 waits=0 sigs=1 cmds=1
[rtmod] SUBMIT tid=15281 cv=8037 waits=0 sigs=1 cmds=1
[rtmod] SUBMIT tid=15281 cv=8038 waits=0 sigs=2 cmds=1
[rtmod] COMMIT-NOOP
[rtmod] SUBMIT tid=15281 cv=8039 waits=1 sigs=1 cmds=1
[rtmod] SUBMIT tid=15281 cv=8040 waits=0 sigs=1 cmds=1
[rtmod] SUBMIT tid=15281 cv=8041 waits=0 sigs=1 cmds=1
[rtmod] SUBMIT tid=15281 cv=8042 waits=0 sigs=1 cmds=1
[rtmod] SUBMIT tid=15281 cv=8043 waits=0 sigs=1 cmds=1
[rtmod] SUBMIT tid=15281 cv=8044 waits=0 sigs=1 cmds=1
[rtmod] SUBMIT tid=15281 cv=8045 waits=0 sigs=1 cmds=1
[rtmod] SUBMIT tid=15281 cv=8046 waits=0 sigs=1 cmds=1
[rtmod] SUBMIT tid=15281 cv=8047 waits=0 sigs=1 cmds=1
[rtmod] SUBMIT tid=15281 cv=8048 waits=0 sigs=1 cmds=1
[rtmod] SUBMIT tid=15281 cv=8049 waits=0 sigs=1 cmds=1
[rtmod] SUBMIT tid=15281 cv=8050 waits=0 sigs=1 cmds=1
[rtmod] SUBMIT tid=15281 cv=8051 waits=0 sigs=1 cmds=1
[rtmod] SUBMIT tid=15281 cv=8052 waits=0 sigs=1 cmds=1
[rtmod] SUBMIT tid=15281 cv=8053 waits=0 sigs=1 cmds=1
[rtmod] SUBMIT tid=15281 cv=8054 waits=0 sigs=1 cmds=1
[rtmod] SUBMIT tid=15281 cv=8055 waits=0 sigs=1 cmds=1
[rtmod] SUBMIT tid=15281 cv=8056 waits=0 sigs=1 cmds=1
[rtmod] SUBMIT tid=15281 cv=8057 waits=0 sigs=1 cmds=1
[rtmod] SUBMIT tid=15281 cv=8058 waits=0 sigs=1 cmds=1
[rtmod] SUBMIT tid=15281 cv=8059 waits=0 sigs=2 cmds=1
[rtmod] COMMIT-NOOP
[rtmod] SUBMIT tid=15281 cv=8060 waits=1 sigs=1 cmds=1
[rtmod] SUBMIT tid=15281 cv=8061 waits=0 sigs=1 cmds=1
[rtmod] SUBMIT tid=15281 cv=8062 waits=0 sigs=1 cmds=1
[rtmod] SUBMIT tid=15281 cv=8063 waits=0 sigs=1 cmds=1
[rtmod] SUBMIT tid=15281 cv=8064 waits=0 sigs=1 cmds=1
[rtmod] SUBMIT tid=15281 cv=8065 waits=0 sigs=1 cmds=1
[rtmod] SUBMIT tid=15281 cv=8066 waits=0 sigs=1 cmds=1
[rtmod] SUBMIT tid=15281 cv=8067 waits=0 sigs=1 cmds=1
[rtmod] SUBMIT tid=15281 cv=8068 waits=0 sigs=1 cmds=1
[rtmod] SUBMIT tid=15281 cv=8069 waits=0 sigs=1 cmds=1
[rtmod] SUBMIT tid=15281 cv=8070 waits=0 sigs=1 cmds=1
[rtmod] SUBMIT tid=15281 cv=8071 waits=0 sigs=1 cmds=1
[rtmod] SUBMIT tid=15281 cv=8072 waits=0 sigs=1 cmds=1
[rtmod] SUBMIT tid=15281 cv=8073 waits=0 sigs=1 cmds=1
[rtmod] SUBMIT tid=15281 cv=8074 waits=0 sigs=1 cmds=1
[rtmod] SUBMIT tid=15281 cv=8075 waits=0 sigs=1 cmds=1
[rtmod] SUBMIT tid=15281 cv=8076 waits=0 sigs=1 cmds=1
[rtmod] SUBMIT tid=15281 cv=8077 waits=0 sigs=1 cmds=1
[rtmod] SUBMIT tid=15281 cv=8078 waits=0 sigs=1 cmds=1
[rtmod] SUBMIT tid=15281 cv=8079 waits=0 sigs=1 cmds=1
[rtmod] SUBMIT tid=15281 cv=8080 waits=0 sigs=2 cmds=1
[rtmod] COMMIT-NOOP
[rtmod] SUBMIT tid=15281 cv=8081 waits=1 sigs=1 cmds=1
[rtmod] SUBMIT tid=15281 cv=8082 waits=0 sigs=1 cmds=1
[rtmod] SUBMIT tid=15281 cv=8083 waits=0 sigs=1 cmds=1
[rtmod] SUBMIT tid=15281 cv=8084 waits=0 sigs=1 cmds=1
[rtmod] SUBMIT tid=15281 cv=8085 waits=0 sigs=1 cmds=1
[rtmod] SUBMIT tid=15281 cv=8086 waits=0 sigs=1 cmds=1
[rtmod] SUBMIT tid=15281 cv=8087 waits=0 sigs=1 cmds=1
[rtmod] SUBMIT tid=15281 cv=8088 waits=0 sigs=1 cmds=1
[rtmod] SUBMIT tid=15281 cv=8089 waits=0 sigs=1 cmds=1
[rtmod] SUBMIT tid=15281 cv=8090 waits=0 sigs=1 cmds=1
[rtmod] SUBMIT tid=15281 cv=8091 waits=0 sigs=1 cmds=1
[rtmod] SUBMIT tid=15281 cv=8092 waits=0 sigs=1 cmds=1
[rtmod] SUBMIT tid=15281 cv=8093 waits=0 sigs=1 cmds=1
[rtmod] SUBMIT tid=15281 cv=8094 waits=0 sigs=1 cmds=1
[rtmod] SUBMIT tid=15281 cv=8095 waits=0 sigs=1 cmds=1
[rtmod] SUBMIT tid=15281 cv=8096 waits=0 sigs=1 cmds=1
[rtmod] SUBMIT tid=15281 cv=8097 waits=0 sigs=1 cmds=1
[rtmod] SUBMIT tid=15281 cv=8098 waits=0 sigs=1 cmds=1
[rtmod] SUBMIT tid=15281 cv=8099 waits=0 sigs=1 cmds=1
[rtmod] SUBMIT tid=15281 cv=8100 waits=0 sigs=1 cmds=1
[rtmod] SUBMIT tid=15281 cv=8101 waits=0 sigs=2 cmds=1
[rtmod] COMMIT-NOOP
[rtmod] SUBMIT tid=15281 cv=8102 waits=1 sigs=1 cmds=1
[rtmod] SUBMIT tid=15281 cv=8103 waits=0 sigs=1 cmds=1
[rtmod] SUBMIT tid=15281 cv=8104 waits=0 sigs=1 cmds=1
[rtmod] SUBMIT tid=15281 cv=8105 waits=0 sigs=1 cmds=1
[rtmod] SUBMIT tid=15281 cv=8106 waits=0 sigs=1 cmds=1
[rtmod] SUBMIT tid=15281 cv=8107 waits=0 sigs=1 cmds=1
[rtmod] SUBMIT tid=15281 cv=8108 waits=0 sigs=1 cmds=1
[rtmod] SUBMIT tid=15281 cv=8109 waits=0 sigs=1 cmds=1
[rtmod] SUBMIT tid=15281 cv=8110 waits=0 sigs=1 cmds=1
[rtmod] SUBMIT tid=15281 cv=8111 waits=0 sigs=1 cmds=1
[rtmod] SUBMIT tid=15281 cv=8112 waits=0 sigs=1 cmds=1
[rtmod] SUBMIT tid=15281 cv=8113 waits=0 sigs=1 cmds=1
[rtmod] SUBMIT tid=15281 cv=8114 waits=0 sigs=1 cmds=1
[rtmod] SUBMIT tid=15281 cv=8115 waits=0 sigs=1 cmds=1
[rtmod] SUBMIT tid=15281 cv=8116 waits=0 sigs=1 cmds=1
[rtmod] SUBMIT tid=15281 cv=8117 waits=0 sigs=1 cmds=1
[rtmod] SUBMIT tid=15281 cv=8118 waits=0 sigs=1 cmds=1
[rtmod] SUBMIT tid=15281 cv=8119 waits=0 sigs=1 cmds=1
[rtmod] SUBMIT tid=15281 cv=8120 waits=0 sigs=1 cmds=1
[rtmod] SUBMIT tid=15281 cv=8121 waits=0 sigs=1 cmds=1
[rtmod] SUBMIT tid=15281 cv=8122 waits=0 sigs=2 cmds=1
[rtmod] COMMIT-NOOP
[rtmod] SUBMIT tid=15281 cv=8123 waits=1 sigs=1 cmds=1
[rtmod] SUBMIT tid=15281 cv=8124 waits=0 sigs=1 cmds=1
[rtmod] SUBMIT tid=15281 cv=8125 waits=0 sigs=1 cmds=1
[rtmod] SUBMIT tid=15281 cv=8126 waits=0 sigs=1 cmds=1
[rtmod] SUBMIT tid=15281 cv=8127 waits=0 sigs=1 cmds=1
[rtmod] SUBMIT tid=15281 cv=8128 waits=0 sigs=1 cmds=1
[rtmod] SUBMIT tid=15281 cv=8129 waits=0 sigs=1 cmds=1
[rtmod] SUBMIT tid=15281 cv=8130 waits=0 sigs=1 cmds=1
[rtmod] SUBMIT tid=15281 cv=8131 waits=0 sigs=1 cmds=1
[rtmod] SUBMIT tid=15281 cv=8132 waits=0 sigs=1 cmds=1
[rtmod] SUBMIT tid=15281 cv=8133 waits=0 sigs=1 cmds=1
[rtmod] SUBMIT tid=15281 cv=8134 waits=0 sigs=1 cmds=1
[rtmod] SUBMIT tid=15281 cv=8135 waits=0 sigs=1 cmds=1
[rtmod] SUBMIT tid=15281 cv=8136 waits=0 sigs=1 cmds=1
[rtmod] SUBMIT tid=15281 cv=8137 waits=0 sigs=1 cmds=1
[rtmod] SUBMIT tid=15281 cv=8138 waits=0 sigs=1 cmds=1
[rtmod] SUBMIT tid=15281 cv=8139 waits=0 sigs=1 cmds=1
[rtmod] SUBMIT tid=15281 cv=8140 waits=0 sigs=1 cmds=1
[rtmod] SUBMIT tid=15281 cv=8141 waits=0 sigs=1 cmds=1
[rtmod] SUBMIT tid=15281 cv=8142 waits=0 sigs=1 cmds=1
[rtmod] SUBMIT tid=15281 cv=8143 waits=0 sigs=2 cmds=1
[rtmod] COMMIT-NOOP
[rtmod] SUBMIT tid=15281 cv=8144 waits=1 sigs=1 cmds=1
[rtmod] SUBMIT tid=15281 cv=8145 waits=0 sigs=1 cmds=1
[rtmod] SUBMIT tid=15281 cv=8146 waits=0 sigs=1 cmds=1
[rtmod] SUBMIT tid=15281 cv=8147 waits=0 sigs=1 cmds=1
[rtmod] SUBMIT tid=15281 cv=8148 waits=0 sigs=1 cmds=1
[rtmod] SUBMIT tid=15281 cv=8149 waits=0 sigs=1 cmds=1
[rtmod] SUBMIT tid=15281 cv=8150 waits=0 sigs=1 cmds=1
[rtmod] SUBMIT tid=15281 cv=8151 waits=0 sigs=1 cmds=1
[rtmod] SUBMIT tid=15281 cv=8152 waits=0 sigs=1 cmds=1
[rtmod] SUBMIT tid=15281 cv=8153 waits=0 sigs=1 cmds=1
[rtmod] SUBMIT tid=15281 cv=8154 waits=0 sigs=1 cmds=1
[rtmod] SUBMIT tid=15281 cv=8155 waits=0 sigs=1 cmds=1
[rtmod] SUBMIT tid=15281 cv=8156 waits=0 sigs=1 cmds=1
[rtmod] SUBMIT tid=15281 cv=8157 waits=0 sigs=1 cmds=1
[rtmod] SUBMIT tid=15281 cv=8158 waits=0 sigs=1 cmds=1
[rtmod] SUBMIT tid=15281 cv=8159 waits=0 sigs=1 cmds=1
[rtmod] SUBMIT tid=15281 cv=8160 waits=0 sigs=1 cmds=1
[rtmod] SUBMIT tid=15281 cv=8161 waits=0 sigs=1 cmds=1
[rtmod] SUBMIT tid=15281 cv=8162 waits=0 sigs=1 cmds=1
[rtmod] SUBMIT tid=15281 cv=8163 waits=0 sigs=1 cmds=1
[rtmod] SUBMIT tid=15281 cv=8164 waits=0 sigs=2 cmds=1
[rtmod] COMMIT-NOOP
[rtmod] SUBMIT tid=15281 cv=8165 waits=1 sigs=1 cmds=1
[rtmod] SUBMIT tid=15281 cv=8166 waits=0 sigs=1 cmds=1
[rtmod] SUBMIT tid=15281 cv=8167 waits=0 sigs=1 cmds=1
[rtmod] SUBMIT tid=15281 cv=8168 waits=0 sigs=1 cmds=1
[rtmod] SUBMIT tid=15281 cv=8169 waits=0 sigs=1 cmds=1
[rtmod] SUBMIT tid=15281 cv=8170 waits=0 sigs=1 cmds=1
[rtmod] SUBMIT tid=15281 cv=8171 waits=0 sigs=1 cmds=1
[rtmod] SUBMIT tid=15281 cv=8172 waits=0 sigs=1 cmds=1
[rtmod] SUBMIT tid=15281 cv=8173 waits=0 sigs=1 cmds=1
[rtmod] SUBMIT tid=15281 cv=8174 waits=0 sigs=1 cmds=1
[rtmod] SUBMIT tid=15281 cv=8175 waits=0 sigs=1 cmds=1
[rtmod] SUBMIT tid=15281 cv=8176 waits=0 sigs=1 cmds=1
[rtmod] SUBMIT tid=15281 cv=8177 waits=0 sigs=1 cmds=1
[rtmod] SUBMIT tid=15281 cv=8178 waits=0 sigs=1 cmds=1
[rtmod] SUBMIT tid=15281 cv=8179 waits=0 sigs=1 cmds=1
[rtmod] SUBMIT tid=15281 cv=8180 waits=0 sigs=1 cmds=1
[rtmod] SUBMIT tid=15281 cv=8181 waits=0 sigs=1 cmds=1
[rtmod] SUBMIT tid=15281 cv=8182 waits=0 sigs=1 cmds=1
[rtmod] SUBMIT tid=15281 cv=8183 waits=0 sigs=1 cmds=1
[rtmod] SUBMIT tid=15281 cv=8184 waits=0 sigs=1 cmds=1
[rtmod] SUBMIT tid=15281 cv=8185 waits=0 sigs=2 cmds=1
[rtmod] COMMIT-NOOP
[rtmod] SUBMIT tid=15281 cv=8186 waits=1 sigs=1 cmds=1
[rtmod] SUBMIT tid=15281 cv=8187 waits=0 sigs=1 cmds=1
[rtmod] SUBMIT tid=15281 cv=8188 waits=0 sigs=1 cmds=1
[rtmod] SUBMIT tid=15281 cv=8189 waits=0 sigs=1 cmds=1
[rtmod] SUBMIT tid=15281 cv=8190 waits=0 sigs=1 cmds=1
[rtmod] SUBMIT tid=15281 cv=8191 waits=0 sigs=1 cmds=1
[rtmod] SUBMIT tid=15281 cv=8192 waits=0 sigs=1 cmds=1
[rtmod] SUBMIT tid=15281 cv=8193 waits=0 sigs=1 cmds=1
[rtmod] SUBMIT tid=15281 cv=8194 waits=0 sigs=1 cmds=1
[rtmod] SUBMIT tid=15281 cv=8195 waits=0 sigs=1 cmds=1
[rtmod] SUBMIT tid=15281 cv=8196 waits=0 sigs=1 cmds=1
[rtmod] SUBMIT tid=15281 cv=8197 waits=0 sigs=1 cmds=1
[rtmod] SUBMIT tid=15281 cv=8198 waits=0 sigs=1 cmds=1
[rtmod] SUBMIT tid=15281 cv=8199 waits=0 sigs=1 cmds=1
[rtmod] SUBMIT tid=15281 cv=8200 waits=0 sigs=1 cmds=1
[rtmod] SUBMIT tid=15281 cv=8201 waits=0 sigs=1 cmds=1
[rtmod] SUBMIT tid=15281 cv=8202 waits=0 sigs=1 cmds=1
[rtmod] SUBMIT tid=15281 cv=8203 waits=0 sigs=1 cmds=1
[rtmod] SUBMIT tid=15281 cv=8204 waits=0 sigs=1 cmds=1
[rtmod] SUBMIT tid=15281 cv=8205 waits=0 sigs=1 cmds=1
[rtmod] SUBMIT tid=15281 cv=8206 waits=0 sigs=2 cmds=1
[rtmod] COMMIT-NOOP
[rtmod] SUBMIT tid=15281 cv=8207 waits=1 sigs=1 cmds=1
[rtmod] SUBMIT tid=15281 cv=8208 waits=0 sigs=1 cmds=1
[rtmod] SUBMIT tid=15281 cv=8209 waits=0 sigs=1 cmds=1
[rtmod] SUBMIT tid=15281 cv=8210 waits=0 sigs=1 cmds=1
[rtmod] SUBMIT tid=15281 cv=8211 waits=0 sigs=1 cmds=1
[rtmod] SUBMIT tid=15281 cv=8212 waits=0 sigs=1 cmds=1
[rtmod] SUBMIT tid=15281 cv=8213 waits=0 sigs=1 cmds=1
[rtmod] SUBMIT tid=15281 cv=8214 waits=0 sigs=1 cmds=1
[rtmod] SUBMIT tid=15281 cv=8215 waits=0 sigs=1 cmds=1
[rtmod] SUBMIT tid=15281 cv=8216 waits=0 sigs=1 cmds=1
[rtmod] SUBMIT tid=15281 cv=8217 waits=0 sigs=1 cmds=1
[rtmod] SUBMIT tid=15281 cv=8218 waits=0 sigs=1 cmds=1
[rtmod] SUBMIT tid=15281 cv=8219 waits=0 sigs=1 cmds=1
[rtmod] SUBMIT tid=15281 cv=8220 waits=0 sigs=1 cmds=1
[rtmod] SUBMIT tid=15281 cv=8221 waits=0 sigs=1 cmds=1
[rtmod] SUBMIT tid=15281 cv=8222 waits=0 sigs=1 cmds=1
[rtmod] SUBMIT tid=15281 cv=8223 waits=0 sigs=1 cmds=1
[rtmod] SUBMIT tid=15281 cv=8224 waits=0 sigs=1 cmds=1
[rtmod] SUBMIT tid=15281 cv=8225 waits=0 sigs=1 cmds=1
[rtmod] SUBMIT tid=15281 cv=8226 waits=0 sigs=1 cmds=1
[rtmod] SUBMIT tid=15281 cv=8227 waits=0 sigs=2 cmds=1
[rtmod] COMMIT-NOOP
[rtmod] SUBMIT tid=15281 cv=8228 waits=1 sigs=1 cmds=1
[rtmod] SUBMIT tid=15281 cv=8229 waits=0 sigs=1 cmds=1
[rtmod] SUBMIT tid=15281 cv=8230 waits=0 sigs=1 cmds=1
[rtmod] SUBMIT tid=15281 cv=8231 waits=0 sigs=1 cmds=1
[rtmod] SUBMIT tid=15281 cv=8232 waits=0 sigs=1 cmds=1
[rtmod] SUBMIT tid=15281 cv=8233 waits=0 sigs=1 cmds=1
[rtmod] SUBMIT tid=15281 cv=8234 waits=0 sigs=1 cmds=1
[rtmod] SUBMIT tid=15281 cv=8235 waits=0 sigs=1 cmds=1
[rtmod] SUBMIT tid=15281 cv=8236 waits=0 sigs=1 cmds=1
[rtmod] SUBMIT tid=15281 cv=8237 waits=0 sigs=1 cmds=1
[rtmod] SUBMIT tid=15281 cv=8238 waits=0 sigs=1 cmds=1
[rtmod] SUBMIT tid=15281 cv=8239 waits=0 sigs=1 cmds=1
[rtmod] SUBMIT tid=15281 cv=8240 waits=0 sigs=1 cmds=1
[rtmod] SUBMIT tid=15281 cv=8241 waits=0 sigs=1 cmds=1
[rtmod] SUBMIT tid=15281 cv=8242 waits=0 sigs=1 cmds=1
[rtmod] SUBMIT tid=15281 cv=8243 waits=0 sigs=1 cmds=1
[rtmod] SUBMIT tid=15281 cv=8244 waits=0 sigs=1 cmds=1
[rtmod] SUBMIT tid=15281 cv=8245 waits=0 sigs=1 cmds=1
[rtmod] SUBMIT tid=15281 cv=8246 waits=0 sigs=1 cmds=1
[rtmod] SUBMIT tid=15281 cv=8247 waits=0 sigs=1 cmds=1
[rtmod] SUBMIT tid=15281 cv=8248 waits=0 sigs=2 cmds=1
[rtmod] COMMIT-NOOP
[rtmod] SUBMIT tid=15281 cv=8249 waits=1 sigs=1 cmds=1
[rtmod] SUBMIT tid=15281 cv=8250 waits=0 sigs=1 cmds=1
[rtmod] SUBMIT tid=15281 cv=8251 waits=0 sigs=1 cmds=1
[rtmod] SUBMIT tid=15281 cv=8252 waits=0 sigs=1 cmds=1
[rtmod] SUBMIT tid=15281 cv=8253 waits=0 sigs=1 cmds=1
[rtmod] SUBMIT tid=15281 cv=8254 waits=0 sigs=1 cmds=1
[rtmod] SUBMIT tid=15281 cv=8255 waits=0 sigs=1 cmds=1
[rtmod] SUBMIT tid=15281 cv=8256 waits=0 sigs=1 cmds=1
[rtmod] SUBMIT tid=15281 cv=8257 waits=0 sigs=1 cmds=1
[rtmod] SUBMIT tid=15281 cv=8258 waits=0 sigs=1 cmds=1
[rtmod] SUBMIT tid=15281 cv=8259 waits=0 sigs=1 cmds=1
[rtmod] SUBMIT tid=15281 cv=8260 waits=0 sigs=1 cmds=1
[rtmod] SUBMIT tid=15281 cv=8261 waits=0 sigs=1 cmds=1
[rtmod] SUBMIT tid=15281 cv=8262 waits=0 sigs=1 cmds=1
[rtmod] SUBMIT tid=15281 cv=8263 waits=0 sigs=1 cmds=1
[rtmod] SUBMIT tid=15281 cv=8264 waits=0 sigs=1 cmds=1
[rtmod] SUBMIT tid=15281 cv=8265 waits=0 sigs=1 cmds=1
[rtmod] SUBMIT tid=15281 cv=8266 waits=0 sigs=1 cmds=1
[rtmod] SUBMIT tid=15281 cv=8267 waits=0 sigs=1 cmds=1
[rtmod] SUBMIT tid=15281 cv=8268 waits=0 sigs=1 cmds=1
[rtmod] SUBMIT tid=15281 cv=8269 waits=0 sigs=2 cmds=1
[rtmod] COMMIT-NOOP
[rtmod] SUBMIT tid=15281 cv=8270 waits=1 sigs=1 cmds=1
[rtmod] SUBMIT tid=15281 cv=8271 waits=0 sigs=1 cmds=1
[rtmod] SUBMIT tid=15281 cv=8272 waits=0 sigs=1 cmds=1
[rtmod] SUBMIT tid=15281 cv=8273 waits=0 sigs=1 cmds=1
[rtmod] SUBMIT tid=15281 cv=8274 waits=0 sigs=1 cmds=1
[rtmod] SUBMIT tid=15281 cv=8275 waits=0 sigs=1 cmds=1
[rtmod] SUBMIT tid=15281 cv=8276 waits=0 sigs=1 cmds=1
[rtmod] SUBMIT tid=15281 cv=8277 waits=0 sigs=1 cmds=1
[rtmod] SUBMIT tid=15281 cv=8278 waits=0 sigs=1 cmds=1
[rtmod] SUBMIT tid=15281 cv=8279 waits=0 sigs=1 cmds=1
[rtmod] SUBMIT tid=15281 cv=8280 waits=0 sigs=1 cmds=1
[rtmod] SUBMIT tid=15281 cv=8281 waits=0 sigs=1 cmds=1
[rtmod] SUBMIT tid=15281 cv=8282 waits=0 sigs=1 cmds=1
[rtmod] SUBMIT tid=15281 cv=8283 waits=0 sigs=1 cmds=1
[rtmod] SUBMIT tid=15281 cv=8284 waits=0 sigs=1 cmds=1
[rtmod] SUBMIT tid=15281 cv=8285 waits=0 sigs=1 cmds=1
[rtmod] SUBMIT tid=15281 cv=8286 waits=0 sigs=1 cmds=1
[rtmod] SUBMIT tid=15281 cv=8287 waits=0 sigs=1 cmds=1
[rtmod] SUBMIT tid=15281 cv=8288 waits=0 sigs=1 cmds=1
[rtmod] SUBMIT tid=15281 cv=8289 waits=0 sigs=1 cmds=1
[rtmod] SUBMIT tid=15281 cv=8290 waits=0 sigs=2 cmds=1
[rtmod] COMMIT-NOOP
[rtmod] SUBMIT tid=15281 cv=8291 waits=1 sigs=1 cmds=1
[rtmod] SUBMIT tid=15281 cv=8292 waits=0 sigs=1 cmds=1
[rtmod] SUBMIT tid=15281 cv=8293 waits=0 sigs=1 cmds=1
[rtmod] SUBMIT tid=15281 cv=8294 waits=0 sigs=1 cmds=1
[rtmod] SUBMIT tid=15281 cv=8295 waits=0 sigs=1 cmds=1
[rtmod] SUBMIT tid=15281 cv=8296 waits=0 sigs=1 cmds=1
[rtmod] SUBMIT tid=15281 cv=8297 waits=0 sigs=1 cmds=1
[rtmod] SUBMIT tid=15281 cv=8298 waits=0 sigs=1 cmds=1
[rtmod] SUBMIT tid=15281 cv=8299 waits=0 sigs=1 cmds=1
[rtmod] SUBMIT tid=15281 cv=8300 waits=0 sigs=1 cmds=1
[rtmod] SUBMIT tid=15281 cv=8301 waits=0 sigs=1 cmds=1
[rtmod] SUBMIT tid=15281 cv=8302 waits=0 sigs=1 cmds=1
[rtmod] SUBMIT tid=15281 cv=8303 waits=0 sigs=1 cmds=1
[rtmod] SUBMIT tid=15281 cv=8304 waits=0 sigs=1 cmds=1
[rtmod] SUBMIT tid=15281 cv=8305 waits=0 sigs=1 cmds=1
[rtmod] SUBMIT tid=15281 cv=8306 waits=0 sigs=1 cmds=1
[rtmod] SUBMIT tid=15281 cv=8307 waits=0 sigs=1 cmds=1
[rtmod] SUBMIT tid=15281 cv=8308 waits=0 sigs=1 cmds=1
[rtmod] SUBMIT tid=15281 cv=8309 waits=0 sigs=1 cmds=1
[rtmod] SUBMIT tid=15281 cv=8310 waits=0 sigs=1 cmds=1
[rtmod] SUBMIT tid=15281 cv=8311 waits=0 sigs=2 cmds=1
[rtmod] COMMIT-NOOP
[rtmod] SUBMIT tid=15281 cv=8312 waits=1 sigs=1 cmds=1
[rtmod] SUBMIT tid=15281 cv=8313 waits=0 sigs=1 cmds=1
[rtmod] SUBMIT tid=15281 cv=8314 waits=0 sigs=1 cmds=1
[rtmod] SUBMIT tid=15281 cv=8315 waits=0 sigs=1 cmds=1
[rtmod] SUBMIT tid=15281 cv=8316 waits=0 sigs=1 cmds=1
[rtmod] SUBMIT tid=15281 cv=8317 waits=0 sigs=1 cmds=1
[rtmod] SUBMIT tid=15281 cv=8318 waits=0 sigs=1 cmds=1
[rtmod] SUBMIT tid=15281 cv=8319 waits=0 sigs=1 cmds=1
[rtmod] SUBMIT tid=15281 cv=8320 waits=0 sigs=1 cmds=1
[rtmod] SUBMIT tid=15281 cv=8321 waits=0 sigs=1 cmds=1
[rtmod] SUBMIT tid=15281 cv=8322 waits=0 sigs=1 cmds=1
[rtmod] SUBMIT tid=15281 cv=8323 waits=0 sigs=1 cmds=1
[rtmod] SUBMIT tid=15281 cv=8324 waits=0 sigs=1 cmds=1
[rtmod] SUBMIT tid=15281 cv=8325 waits=0 sigs=1 cmds=1
[rtmod] SUBMIT tid=15281 cv=8326 waits=0 sigs=1 cmds=1
[rtmod] SUBMIT tid=15281 cv=8327 waits=0 sigs=1 cmds=1
[rtmod] SUBMIT tid=15281 cv=8328 waits=0 sigs=1 cmds=1
[rtmod] SUBMIT tid=15281 cv=8329 waits=0 sigs=1 cmds=1
[rtmod] SUBMIT tid=15281 cv=8330 waits=0 sigs=1 cmds=1
[rtmod] SUBMIT tid=15281 cv=8331 waits=0 sigs=1 cmds=1
[rtmod] SUBMIT tid=15281 cv=8332 waits=0 sigs=2 cmds=1
[rtmod] COMMIT-NOOP
[rtmod] SUBMIT tid=15281 cv=8333 waits=1 sigs=1 cmds=1
[rtmod] SUBMIT tid=15281 cv=8334 waits=0 sigs=1 cmds=1
[rtmod] SUBMIT tid=15281 cv=8335 waits=0 sigs=1 cmds=1
[rtmod] SUBMIT tid=15281 cv=8336 waits=0 sigs=1 cmds=1
[rtmod] SUBMIT tid=15281 cv=8337 waits=0 sigs=1 cmds=1
[rtmod] SUBMIT tid=15281 cv=8338 waits=0 sigs=1 cmds=1
[rtmod] SUBMIT tid=15281 cv=8339 waits=0 sigs=1 cmds=1
[rtmod] SUBMIT tid=15281 cv=8340 waits=0 sigs=1 cmds=1
[rtmod] SUBMIT tid=15281 cv=8341 waits=0 sigs=1 cmds=1
[rtmod] SUBMIT tid=15281 cv=8342 waits=0 sigs=1 cmds=1
[rtmod] SUBMIT tid=15281 cv=8343 waits=0 sigs=1 cmds=1
[rtmod] SUBMIT tid=15281 cv=8344 waits=0 sigs=1 cmds=1
[rtmod] SUBMIT tid=15281 cv=8345 waits=0 sigs=1 cmds=1
[rtmod] SUBMIT tid=15281 cv=8346 waits=0 sigs=1 cmds=1
[rtmod] SUBMIT tid=15281 cv=8347 waits=0 sigs=1 cmds=1
[rtmod] SUBMIT tid=15281 cv=8348 waits=0 sigs=1 cmds=1
[rtmod] SUBMIT tid=15281 cv=8349 waits=0 sigs=1 cmds=1
[rtmod] SUBMIT tid=15281 cv=8350 waits=0 sigs=1 cmds=1
[rtmod] SUBMIT tid=15281 cv=8351 waits=0 sigs=1 cmds=1
[rtmod] SUBMIT tid=15281 cv=8352 waits=0 sigs=1 cmds=1
[rtmod] SUBMIT tid=15281 cv=8353 waits=0 sigs=2 cmds=1
[rtmod] COMMIT-NOOP
[rtmod] SUBMIT tid=15281 cv=8354 waits=1 sigs=1 cmds=1
[rtmod] SUBMIT tid=15281 cv=8355 waits=0 sigs=1 cmds=1
[rtmod] SUBMIT tid=15281 cv=8356 waits=0 sigs=1 cmds=1
[rtmod] SUBMIT tid=15281 cv=8357 waits=0 sigs=1 cmds=1
[rtmod] SUBMIT tid=15281 cv=8358 waits=0 sigs=1 cmds=1
[rtmod] SUBMIT tid=15281 cv=8359 waits=0 sigs=1 cmds=1
[rtmod] SUBMIT tid=15281 cv=8360 waits=0 sigs=1 cmds=1
[rtmod] SUBMIT tid=15281 cv=8361 waits=0 sigs=1 cmds=1
[rtmod] SUBMIT tid=15281 cv=8362 waits=0 sigs=1 cmds=1
[rtmod] SUBMIT tid=15281 cv=8363 waits=0 sigs=1 cmds=1
[rtmod] SUBMIT tid=15281 cv=8364 waits=0 sigs=1 cmds=1
[rtmod] SUBMIT tid=15281 cv=8365 waits=0 sigs=1 cmds=1
[rtmod] SUBMIT tid=15281 cv=8366 waits=0 sigs=1 cmds=1
[rtmod] SUBMIT tid=15281 cv=8367 waits=0 sigs=1 cmds=1
[rtmod] SUBMIT tid=15281 cv=8368 waits=0 sigs=1 cmds=1
[rtmod] SUBMIT tid=15281 cv=8369 waits=0 sigs=1 cmds=1
[rtmod] SUBMIT tid=15281 cv=8370 waits=0 sigs=1 cmds=1
[rtmod] SUBMIT tid=15281 cv=8371 waits=0 sigs=1 cmds=1
[rtmod] SUBMIT tid=15281 cv=8372 waits=0 sigs=1 cmds=1
[rtmod] SUBMIT tid=15281 cv=8373 waits=0 sigs=1 cmds=1
[rtmod] SUBMIT tid=15281 cv=8374 waits=0 sigs=2 cmds=1
[rtmod] COMMIT-NOOP
{
  "model": "mlx-community/gemma-4-31b-it-4bit",
  "load_s": 7.7,
  "first_token_s": 3.711,
  "gen_s": 29.94,
  "tokens": 96,
  "tok_s": 3.21,
  "error": null,
  "output": "<|channel>thought\n*   Topic: Photosynthesis.\n    *   Constraint: One sentence.\n    *   Goal: Explain what it does.\n\n    *   Inputs: Sunlight, water, carbon dioxide.\n    *   Outputs: Glucose (sugar/energy), oxygen.\n    *   Organisms: Plants, algae, some bacteria.\n\n    *   *Draft 1:* Photosynthesis is the process where plants use sunlight to turn carbon dioxide and water into"
}
MATRIX-DONE
[rtmod] COMMIT-NOOP
[rtmod] COMMIT-NOOP
