op_index,op,class,decisive_note
0,const,direct-const,constant data; filtered before the program stream (ANEH13Compiler.mm:1391-1393)
1,const,direct-const,constant data; filtered before the program stream (ANEH13Compiler.mm:1391-1393)
2,const,direct-const,constant data; filtered before the program stream (ANEH13Compiler.mm:1391-1393)
3,cast,missing,no H13 encoder for 'cast': lowerOperation final reject 'H13 has no source-qualified encoder for' (ANEH13Compiler.mm:1349-1350)
4,expand_dims,direct-alias,"compile-loop shape alias: metadata only, no program emitted (ANEH13Compiler.mm:1456-1482)"
5,const,direct-const,constant data; filtered before the program stream (ANEH13Compiler.mm:1391-1393)
6,const,direct-const,constant data; filtered before the program stream (ANEH13Compiler.mm:1391-1393)
7,reduce_sum,missing,x dtype int32 (int32 mask math) — fp16-only stream; reduce_min additionally has no encoding at all (normEncoding covers softmax/layer_norm/reduce_sum/reduce_max/reduce_mean)
8,const,direct-const,constant data; filtered before the program stream (ANEH13Compiler.mm:1391-1393)
9,const,direct-const,constant data; filtered before the program stream (ANEH13Compiler.mm:1391-1393)
10,const,direct-const,constant data; filtered before the program stream (ANEH13Compiler.mm:1391-1393)
11,const,direct-const,constant data; filtered before the program stream (ANEH13Compiler.mm:1391-1393)
12,const,direct-const,constant data; filtered before the program stream (ANEH13Compiler.mm:1391-1393)
13,const,direct-const,constant data; filtered before the program stream (ANEH13Compiler.mm:1391-1393)
14,const,direct-const,constant data; filtered before the program stream (ANEH13Compiler.mm:1391-1393)
15,conv,missing-envelope,"surface ((1, 3000, 128) -> (256, 1500, 64)) absent from kConvTasks (175 decoded geometries; max spatial 64x64, max C 1024 at 16x16); pad_type 'custom' pad=[1, 1, 1, 1] k=3 s=2 g=1"
16,const,direct-const,constant data; filtered before the program stream (ANEH13Compiler.mm:1391-1393)
17,add,missing,int32 arithmetic: H13 stream is fp16-only (tensorElementCount/fp16Tensor gate; no int32 encoder)
18,const,direct-const,constant data; filtered before the program stream (ANEH13Compiler.mm:1391-1393)
19,add,missing,int32 arithmetic: H13 stream is fp16-only (tensorElementCount/fp16Tensor gate; no int32 encoder)
20,const,direct-const,constant data; filtered before the program stream (ANEH13Compiler.mm:1391-1393)
21,sub,missing,int32 arithmetic: H13 stream is fp16-only (tensorElementCount/fp16Tensor gate; no int32 encoder)
22,floor_div,missing,no H13 encoder for 'floor_div': lowerOperation final reject 'H13 has no source-qualified encoder for' (ANEH13Compiler.mm:1349-1350)
23,const,direct-const,constant data; filtered before the program stream (ANEH13Compiler.mm:1391-1393)
24,const,direct-const,constant data; filtered before the program stream (ANEH13Compiler.mm:1391-1393)
25,cast,missing,no H13 encoder for 'cast': lowerOperation final reject 'H13 has no source-qualified encoder for' (ANEH13Compiler.mm:1349-1350)
26,add,normalization-needed,scalar fold exists only for mul; re-spelling the rank-0 const as a rank-1 [1] tensor enables the whole-tensor fold path for add/sub
27,const,direct-const,constant data; filtered before the program stream (ANEH13Compiler.mm:1391-1393)
28,expand_dims,direct-alias,"compile-loop shape alias: metadata only, no program emitted (ANEH13Compiler.mm:1456-1482)"
29,const,direct-const,constant data; filtered before the program stream (ANEH13Compiler.mm:1391-1393)
30,less,missing,no H13 encoder for 'less': lowerOperation final reject 'H13 has no source-qualified encoder for' (ANEH13Compiler.mm:1349-1350)
31,const,direct-const,constant data; filtered before the program stream (ANEH13Compiler.mm:1391-1393)
32,expand_dims,direct-alias,"compile-loop shape alias: metadata only, no program emitted (ANEH13Compiler.mm:1456-1482)"
33,const,direct-const,constant data; filtered before the program stream (ANEH13Compiler.mm:1391-1393)
34,expand_dims,direct-alias,"compile-loop shape alias: metadata only, no program emitted (ANEH13Compiler.mm:1456-1482)"
35,const,direct-const,constant data; filtered before the program stream (ANEH13Compiler.mm:1391-1393)
36,cast,missing,no H13 encoder for 'cast': lowerOperation final reject 'H13 has no source-qualified encoder for' (ANEH13Compiler.mm:1349-1350)
37,mul,missing-envelope,"runtime broadcast x=(1, 256, 1500, 64) y=(1, 1, 1500, 1) has no template in kBroadcastTasks (largest decoded spatial 32x32)"
38,relu,direct,"relu handler rewrites to maximum(x, zero-splat); folded binary path lowers at any static fp16 shape (ANEH13Compiler.mm:1486-1510, 1096-1171)"
39,const,direct-const,constant data; filtered before the program stream (ANEH13Compiler.mm:1391-1393)
40,const,direct-const,constant data; filtered before the program stream (ANEH13Compiler.mm:1391-1393)
41,const,direct-const,constant data; filtered before the program stream (ANEH13Compiler.mm:1391-1393)
42,const,direct-const,constant data; filtered before the program stream (ANEH13Compiler.mm:1391-1393)
43,const,direct-const,constant data; filtered before the program stream (ANEH13Compiler.mm:1391-1393)
44,const,direct-const,constant data; filtered before the program stream (ANEH13Compiler.mm:1391-1393)
45,const,direct-const,constant data; filtered before the program stream (ANEH13Compiler.mm:1391-1393)
46,conv,missing-envelope,"surface ((256, 1500, 64) -> (256, 750, 32)) absent from kConvTasks (175 decoded geometries; max spatial 64x64, max C 1024 at 16x16); pad_type 'custom' pad=[1, 1, 1, 1] k=3 s=2 g=256"
47,const,direct-const,constant data; filtered before the program stream (ANEH13Compiler.mm:1391-1393)
48,add,normalization-needed,scalar fold exists only for mul; re-spelling the rank-0 const as a rank-1 [1] tensor enables the whole-tensor fold path for add/sub
49,const,direct-const,constant data; filtered before the program stream (ANEH13Compiler.mm:1391-1393)
50,add,normalization-needed,scalar fold exists only for mul; re-spelling the rank-0 const as a rank-1 [1] tensor enables the whole-tensor fold path for add/sub
51,const,direct-const,constant data; filtered before the program stream (ANEH13Compiler.mm:1391-1393)
52,sub,normalization-needed,scalar fold exists only for mul; re-spelling the rank-0 const as a rank-1 [1] tensor enables the whole-tensor fold path for add/sub
53,const,direct-const,constant data; filtered before the program stream (ANEH13Compiler.mm:1391-1393)
54,floor_div,missing,no H13 encoder for 'floor_div': lowerOperation final reject 'H13 has no source-qualified encoder for' (ANEH13Compiler.mm:1349-1350)
55,const,direct-const,constant data; filtered before the program stream (ANEH13Compiler.mm:1391-1393)
56,add,normalization-needed,scalar fold exists only for mul; re-spelling the rank-0 const as a rank-1 [1] tensor enables the whole-tensor fold path for add/sub
57,const,direct-const,constant data; filtered before the program stream (ANEH13Compiler.mm:1391-1393)
58,expand_dims,direct-alias,"compile-loop shape alias: metadata only, no program emitted (ANEH13Compiler.mm:1456-1482)"
59,const,direct-const,constant data; filtered before the program stream (ANEH13Compiler.mm:1391-1393)
60,less,missing,no H13 encoder for 'less': lowerOperation final reject 'H13 has no source-qualified encoder for' (ANEH13Compiler.mm:1349-1350)
61,const,direct-const,constant data; filtered before the program stream (ANEH13Compiler.mm:1391-1393)
62,expand_dims,direct-alias,"compile-loop shape alias: metadata only, no program emitted (ANEH13Compiler.mm:1456-1482)"
63,const,direct-const,constant data; filtered before the program stream (ANEH13Compiler.mm:1391-1393)
64,expand_dims,direct-alias,"compile-loop shape alias: metadata only, no program emitted (ANEH13Compiler.mm:1456-1482)"
65,const,direct-const,constant data; filtered before the program stream (ANEH13Compiler.mm:1391-1393)
66,cast,missing,no H13 encoder for 'cast': lowerOperation final reject 'H13 has no source-qualified encoder for' (ANEH13Compiler.mm:1349-1350)
67,mul,missing-envelope,"runtime broadcast x=(1, 256, 750, 32) y=(1, 1, 750, 1) has no template in kBroadcastTasks (largest decoded spatial 32x32)"
68,const,direct-const,constant data; filtered before the program stream (ANEH13Compiler.mm:1391-1393)
69,const,direct-const,constant data; filtered before the program stream (ANEH13Compiler.mm:1391-1393)
70,const,direct-const,constant data; filtered before the program stream (ANEH13Compiler.mm:1391-1393)
71,const,direct-const,constant data; filtered before the program stream (ANEH13Compiler.mm:1391-1393)
72,const,direct-const,constant data; filtered before the program stream (ANEH13Compiler.mm:1391-1393)
73,const,direct-const,constant data; filtered before the program stream (ANEH13Compiler.mm:1391-1393)
74,const,direct-const,constant data; filtered before the program stream (ANEH13Compiler.mm:1391-1393)
75,conv,missing-envelope,"surface ((256, 750, 32) -> (256, 750, 32)) absent from kConvTasks (175 decoded geometries; max spatial 64x64, max C 1024 at 16x16); pad_type 'valid' pad=[0, 0, 0, 0] k=1 s=1 g=1"
76,mul,missing-envelope,"runtime broadcast x=(1, 256, 750, 32) y=(1, 1, 750, 1) has no template in kBroadcastTasks (largest decoded spatial 32x32)"
77,relu,direct,"relu handler rewrites to maximum(x, zero-splat); folded binary path lowers at any static fp16 shape (ANEH13Compiler.mm:1486-1510, 1096-1171)"
78,const,direct-const,constant data; filtered before the program stream (ANEH13Compiler.mm:1391-1393)
79,const,direct-const,constant data; filtered before the program stream (ANEH13Compiler.mm:1391-1393)
80,const,direct-const,constant data; filtered before the program stream (ANEH13Compiler.mm:1391-1393)
81,const,direct-const,constant data; filtered before the program stream (ANEH13Compiler.mm:1391-1393)
82,const,direct-const,constant data; filtered before the program stream (ANEH13Compiler.mm:1391-1393)
83,const,direct-const,constant data; filtered before the program stream (ANEH13Compiler.mm:1391-1393)
84,const,direct-const,constant data; filtered before the program stream (ANEH13Compiler.mm:1391-1393)
85,conv,missing-envelope,"surface ((256, 750, 32) -> (256, 375, 16)) absent from kConvTasks (175 decoded geometries; max spatial 64x64, max C 1024 at 16x16); pad_type 'custom' pad=[1, 1, 1, 1] k=3 s=2 g=256"
86,const,direct-const,constant data; filtered before the program stream (ANEH13Compiler.mm:1391-1393)
87,add,normalization-needed,scalar fold exists only for mul; re-spelling the rank-0 const as a rank-1 [1] tensor enables the whole-tensor fold path for add/sub
88,const,direct-const,constant data; filtered before the program stream (ANEH13Compiler.mm:1391-1393)
89,add,normalization-needed,scalar fold exists only for mul; re-spelling the rank-0 const as a rank-1 [1] tensor enables the whole-tensor fold path for add/sub
90,const,direct-const,constant data; filtered before the program stream (ANEH13Compiler.mm:1391-1393)
91,sub,normalization-needed,scalar fold exists only for mul; re-spelling the rank-0 const as a rank-1 [1] tensor enables the whole-tensor fold path for add/sub
92,const,direct-const,constant data; filtered before the program stream (ANEH13Compiler.mm:1391-1393)
93,floor_div,missing,no H13 encoder for 'floor_div': lowerOperation final reject 'H13 has no source-qualified encoder for' (ANEH13Compiler.mm:1349-1350)
94,const,direct-const,constant data; filtered before the program stream (ANEH13Compiler.mm:1391-1393)
95,add,normalization-needed,scalar fold exists only for mul; re-spelling the rank-0 const as a rank-1 [1] tensor enables the whole-tensor fold path for add/sub
96,const,direct-const,constant data; filtered before the program stream (ANEH13Compiler.mm:1391-1393)
97,expand_dims,direct-alias,"compile-loop shape alias: metadata only, no program emitted (ANEH13Compiler.mm:1456-1482)"
98,const,direct-const,constant data; filtered before the program stream (ANEH13Compiler.mm:1391-1393)
99,less,missing,no H13 encoder for 'less': lowerOperation final reject 'H13 has no source-qualified encoder for' (ANEH13Compiler.mm:1349-1350)
100,const,direct-const,constant data; filtered before the program stream (ANEH13Compiler.mm:1391-1393)
101,expand_dims,direct-alias,"compile-loop shape alias: metadata only, no program emitted (ANEH13Compiler.mm:1456-1482)"
102,const,direct-const,constant data; filtered before the program stream (ANEH13Compiler.mm:1391-1393)
103,expand_dims,direct-alias,"compile-loop shape alias: metadata only, no program emitted (ANEH13Compiler.mm:1456-1482)"
104,const,direct-const,constant data; filtered before the program stream (ANEH13Compiler.mm:1391-1393)
105,cast,missing,no H13 encoder for 'cast': lowerOperation final reject 'H13 has no source-qualified encoder for' (ANEH13Compiler.mm:1349-1350)
106,mul,missing-envelope,"runtime broadcast x=(1, 256, 375, 16) y=(1, 1, 375, 1) has no template in kBroadcastTasks (largest decoded spatial 32x32)"
107,const,direct-const,constant data; filtered before the program stream (ANEH13Compiler.mm:1391-1393)
108,const,direct-const,constant data; filtered before the program stream (ANEH13Compiler.mm:1391-1393)
109,const,direct-const,constant data; filtered before the program stream (ANEH13Compiler.mm:1391-1393)
110,const,direct-const,constant data; filtered before the program stream (ANEH13Compiler.mm:1391-1393)
111,const,direct-const,constant data; filtered before the program stream (ANEH13Compiler.mm:1391-1393)
112,const,direct-const,constant data; filtered before the program stream (ANEH13Compiler.mm:1391-1393)
113,const,direct-const,constant data; filtered before the program stream (ANEH13Compiler.mm:1391-1393)
114,conv,missing-envelope,"surface ((256, 375, 16) -> (256, 375, 16)) absent from kConvTasks (175 decoded geometries; max spatial 64x64, max C 1024 at 16x16); pad_type 'valid' pad=[0, 0, 0, 0] k=1 s=1 g=1"
115,mul,missing-envelope,"runtime broadcast x=(1, 256, 375, 16) y=(1, 1, 375, 1) has no template in kBroadcastTasks (largest decoded spatial 32x32)"
116,relu,direct,"relu handler rewrites to maximum(x, zero-splat); folded binary path lowers at any static fp16 shape (ANEH13Compiler.mm:1486-1510, 1096-1171)"
117,const,direct-const,constant data; filtered before the program stream (ANEH13Compiler.mm:1391-1393)
118,const,direct-const,constant data; filtered before the program stream (ANEH13Compiler.mm:1391-1393)
119,transpose,missing,no H13 encoder for 'transpose': lowerOperation final reject 'H13 has no source-qualified encoder for' (ANEH13Compiler.mm:1349-1350)
120,reshape,direct-alias,"compile-loop shape alias: metadata only, no program emitted (ANEH13Compiler.mm:1456-1482)"
121,constexpr_lut_to_dense,normalization-needed,"4-bit palettization wrapper (fp16 LUT 64 or 256 groups x 16 centroids, uint4 indices) over weight.bin blob data: decompress to dense fp16 at weight-prep and emit as const BLOBFILE; no H13 encoder consumes palettized data"
122,const,direct-const,constant data; filtered before the program stream (ANEH13Compiler.mm:1391-1393)
123,linear,normalization-needed,"weight producer is constexpr_lut_to_dense (constexpr_lut_to_dense), so constantValue(weight) is false and the linear handler rejects with h13.linear-nonconstant-weight; host LUT decompression (fp16 LUT [G,1,16,1] + uint4 indices -> dense fp16 [N,K]) re-emitted as a const with BLOBFILE payload unb..."
124,const,direct-const,constant data; filtered before the program stream (ANEH13Compiler.mm:1391-1393)
125,const,direct-const,constant data; filtered before the program stream (ANEH13Compiler.mm:1391-1393)
126,cast,missing,no H13 encoder for 'cast': lowerOperation final reject 'H13 has no source-qualified encoder for' (ANEH13Compiler.mm:1349-1350)
127,add,normalization-needed,scalar fold exists only for mul; re-spelling the rank-0 const as a rank-1 [1] tensor enables the whole-tensor fold path for add/sub
128,const,direct-const,constant data; filtered before the program stream (ANEH13Compiler.mm:1391-1393)
129,mul,direct,"inline fp16 scalar mul fold (splat constant, 64-element slices)"
130,const,direct-const,constant data; filtered before the program stream (ANEH13Compiler.mm:1391-1393)
131,add,normalization-needed,scalar fold exists only for mul; re-spelling the rank-0 const as a rank-1 [1] tensor enables the whole-tensor fold path for add/sub
132,floor,missing,no H13 encoder for 'floor': lowerOperation final reject 'H13 has no source-qualified encoder for' (ANEH13Compiler.mm:1349-1350)
133,const,direct-const,constant data; filtered before the program stream (ANEH13Compiler.mm:1391-1393)
134,add,normalization-needed,scalar fold exists only for mul; re-spelling the rank-0 const as a rank-1 [1] tensor enables the whole-tensor fold path for add/sub
135,const,direct-const,constant data; filtered before the program stream (ANEH13Compiler.mm:1391-1393)
136,mul,direct,"inline fp16 scalar mul fold (splat constant, 64-element slices)"
137,const,direct-const,constant data; filtered before the program stream (ANEH13Compiler.mm:1391-1393)
138,add,normalization-needed,scalar fold exists only for mul; re-spelling the rank-0 const as a rank-1 [1] tensor enables the whole-tensor fold path for add/sub
139,floor,missing,no H13 encoder for 'floor': lowerOperation final reject 'H13 has no source-qualified encoder for' (ANEH13Compiler.mm:1349-1350)
140,const,direct-const,constant data; filtered before the program stream (ANEH13Compiler.mm:1391-1393)
141,add,normalization-needed,scalar fold exists only for mul; re-spelling the rank-0 const as a rank-1 [1] tensor enables the whole-tensor fold path for add/sub
142,const,direct-const,constant data; filtered before the program stream (ANEH13Compiler.mm:1391-1393)
143,mul,direct,"inline fp16 scalar mul fold (splat constant, 64-element slices)"
144,const,direct-const,constant data; filtered before the program stream (ANEH13Compiler.mm:1391-1393)
145,add,normalization-needed,scalar fold exists only for mul; re-spelling the rank-0 const as a rank-1 [1] tensor enables the whole-tensor fold path for add/sub
146,floor,missing,no H13 encoder for 'floor': lowerOperation final reject 'H13 has no source-qualified encoder for' (ANEH13Compiler.mm:1349-1350)
147,const,direct-const,constant data; filtered before the program stream (ANEH13Compiler.mm:1391-1393)
148,const,direct-const,constant data; filtered before the program stream (ANEH13Compiler.mm:1391-1393)
149,const,direct-const,constant data; filtered before the program stream (ANEH13Compiler.mm:1391-1393)
150,cast,missing,no H13 encoder for 'cast': lowerOperation final reject 'H13 has no source-qualified encoder for' (ANEH13Compiler.mm:1349-1350)
151,expand_dims,direct-alias,"compile-loop shape alias: metadata only, no program emitted (ANEH13Compiler.mm:1456-1482)"
152,less,missing,no H13 encoder for 'less': lowerOperation final reject 'H13 has no source-qualified encoder for' (ANEH13Compiler.mm:1349-1350)
153,const,direct-const,constant data; filtered before the program stream (ANEH13Compiler.mm:1391-1393)
154,expand_dims,direct-alias,"compile-loop shape alias: metadata only, no program emitted (ANEH13Compiler.mm:1456-1482)"
155,const,direct-const,constant data; filtered before the program stream (ANEH13Compiler.mm:1391-1393)
156,tile,missing,no H13 encoder for 'tile': lowerOperation final reject 'H13 has no source-qualified encoder for' (ANEH13Compiler.mm:1349-1350)
157,const,direct-const,constant data; filtered before the program stream (ANEH13Compiler.mm:1391-1393)
158,transpose,missing,no H13 encoder for 'transpose': lowerOperation final reject 'H13 has no source-qualified encoder for' (ANEH13Compiler.mm:1349-1350)
159,logical_and,missing,no H13 encoder for 'logical_and': lowerOperation final reject 'H13 has no source-qualified encoder for' (ANEH13Compiler.mm:1349-1350)
160,const,direct-const,constant data; filtered before the program stream (ANEH13Compiler.mm:1391-1393)
161,expand_dims,direct-alias,"compile-loop shape alias: metadata only, no program emitted (ANEH13Compiler.mm:1456-1482)"
162,const,direct-const,constant data; filtered before the program stream (ANEH13Compiler.mm:1391-1393)
163,const,direct-const,constant data; filtered before the program stream (ANEH13Compiler.mm:1391-1393)
164,const,direct-const,constant data; filtered before the program stream (ANEH13Compiler.mm:1391-1393)
165,const,direct-const,constant data; filtered before the program stream (ANEH13Compiler.mm:1391-1393)
166,layer_norm,missing,"normParityPlan hard-rejects affine layer_norm: requires args==3, fp32 epsilon==1e-5, NO gamma/beta ('Apple's compiler in this harness rejects every affine form', ANEH13Compiler.mm:751-792); all 120 here carry gamma+beta with epsilon as an fp16 const; additionally the affine-less core surface (1,3..."
167,constexpr_lut_to_dense,normalization-needed,"4-bit palettization wrapper (fp16 LUT 64 or 256 groups x 16 centroids, uint4 indices) over weight.bin blob data: decompress to dense fp16 at weight-prep and emit as const BLOBFILE; no H13 encoder consumes palettized data"
168,const,direct-const,constant data; filtered before the program stream (ANEH13Compiler.mm:1391-1393)
169,linear,normalization-needed,"weight producer is constexpr_lut_to_dense (constexpr_lut_to_dense), so constantValue(weight) is false and the linear handler rejects with h13.linear-nonconstant-weight; host LUT decompression (fp16 LUT [G,1,16,1] + uint4 indices -> dense fp16 [N,K]) re-emitted as a const with BLOBFILE payload unb..."
170,silu,missing-envelope,"no Silu surface for (1, 375, 4096): kElementwiseTasks carries unary ops only on channel-vector surfaces (C,1,1) C<=4096; unary ops have NO generic fallback (parityPlan-only path)"
171,constexpr_lut_to_dense,normalization-needed,"4-bit palettization wrapper (fp16 LUT 64 or 256 groups x 16 centroids, uint4 indices) over weight.bin blob data: decompress to dense fp16 at weight-prep and emit as const BLOBFILE; no H13 encoder consumes palettized data"
172,const,direct-const,constant data; filtered before the program stream (ANEH13Compiler.mm:1391-1393)
173,linear,normalization-needed,"weight producer is constexpr_lut_to_dense (constexpr_lut_to_dense), so constantValue(weight) is false and the linear handler rejects with h13.linear-nonconstant-weight; host LUT decompression (fp16 LUT [G,1,16,1] + uint4 indices -> dense fp16 [N,K]) re-emitted as a const with BLOBFILE payload unb..."
174,const,direct-const,constant data; filtered before the program stream (ANEH13Compiler.mm:1391-1393)
175,mul,direct,"inline fp16 scalar mul fold (splat constant, 64-element slices)"
176,add,direct,"h13-source-qualified two-runtime same-shape binary, 64-element slices (rung 01-add-legacy proven path)"
177,const,direct-const,constant data; filtered before the program stream (ANEH13Compiler.mm:1391-1393)
178,const,direct-const,constant data; filtered before the program stream (ANEH13Compiler.mm:1391-1393)
179,const,direct-const,constant data; filtered before the program stream (ANEH13Compiler.mm:1391-1393)
180,layer_norm,missing,"normParityPlan hard-rejects affine layer_norm: requires args==3, fp32 epsilon==1e-5, NO gamma/beta ('Apple's compiler in this harness rejects every affine form', ANEH13Compiler.mm:751-792); all 120 here carry gamma+beta with epsilon as an fp16 const; additionally the affine-less core surface (1,3..."
181,constexpr_lut_to_dense,normalization-needed,"4-bit palettization wrapper (fp16 LUT 64 or 256 groups x 16 centroids, uint4 indices) over weight.bin blob data: decompress to dense fp16 at weight-prep and emit as const BLOBFILE; no H13 encoder consumes palettized data"
182,linear,normalization-needed,"weight producer is constexpr_lut_to_dense (constexpr_lut_to_dense), so constantValue(weight) is false and the linear handler rejects with h13.linear-nonconstant-weight; host LUT decompression (fp16 LUT [G,1,16,1] + uint4 indices -> dense fp16 [N,K]) re-emitted as a const with BLOBFILE payload unb..."
183,const,direct-const,constant data; filtered before the program stream (ANEH13Compiler.mm:1391-1393)
184,reshape,direct-alias,"compile-loop shape alias: metadata only, no program emitted (ANEH13Compiler.mm:1456-1482)"
185,const,direct-const,constant data; filtered before the program stream (ANEH13Compiler.mm:1391-1393)
186,constexpr_lut_to_dense,normalization-needed,"4-bit palettization wrapper (fp16 LUT 64 or 256 groups x 16 centroids, uint4 indices) over weight.bin blob data: decompress to dense fp16 at weight-prep and emit as const BLOBFILE; no H13 encoder consumes palettized data"
187,linear,normalization-needed,"weight producer is constexpr_lut_to_dense (constexpr_lut_to_dense), so constantValue(weight) is false and the linear handler rejects with h13.linear-nonconstant-weight; host LUT decompression (fp16 LUT [G,1,16,1] + uint4 indices -> dense fp16 [N,K]) re-emitted as a const with BLOBFILE payload unb..."
188,const,direct-const,constant data; filtered before the program stream (ANEH13Compiler.mm:1391-1393)
189,reshape,direct-alias,"compile-loop shape alias: metadata only, no program emitted (ANEH13Compiler.mm:1456-1482)"
190,const,direct-const,constant data; filtered before the program stream (ANEH13Compiler.mm:1391-1393)
191,constexpr_lut_to_dense,normalization-needed,"4-bit palettization wrapper (fp16 LUT 64 or 256 groups x 16 centroids, uint4 indices) over weight.bin blob data: decompress to dense fp16 at weight-prep and emit as const BLOBFILE; no H13 encoder consumes palettized data"
192,linear,normalization-needed,"weight producer is constexpr_lut_to_dense (constexpr_lut_to_dense), so constantValue(weight) is false and the linear handler rejects with h13.linear-nonconstant-weight; host LUT decompression (fp16 LUT [G,1,16,1] + uint4 indices -> dense fp16 [N,K]) re-emitted as a const with BLOBFILE payload unb..."
193,const,direct-const,constant data; filtered before the program stream (ANEH13Compiler.mm:1391-1393)
194,reshape,direct-alias,"compile-loop shape alias: metadata only, no program emitted (ANEH13Compiler.mm:1456-1482)"
195,const,direct-const,constant data; filtered before the program stream (ANEH13Compiler.mm:1391-1393)
196,const,direct-const,constant data; filtered before the program stream (ANEH13Compiler.mm:1391-1393)
197,transpose,missing,no H13 encoder for 'transpose': lowerOperation final reject 'H13 has no source-qualified encoder for' (ANEH13Compiler.mm:1349-1350)
198,add,direct,whole-tensor constant fold (add/mul/max/min; sub folds as sign-flipped add; real_div folds only for powers of two)
199,const,direct-const,constant data; filtered before the program stream (ANEH13Compiler.mm:1391-1393)
200,add,direct,whole-tensor constant fold (add/mul/max/min; sub folds as sign-flipped add; real_div folds only for powers of two)
201,const,direct-const,constant data; filtered before the program stream (ANEH13Compiler.mm:1391-1393)
202,const,direct-const,constant data; filtered before the program stream (ANEH13Compiler.mm:1391-1393)
203,const,direct-const,constant data; filtered before the program stream (ANEH13Compiler.mm:1391-1393)
204,matmul,normalization-needed,"const-weight matmul 3000x128x749 tx=False ty=False outside parity envelope; falls to the source-qualified chunked matvec path (per-row/512-column slices, physical reduction 256/512, weight must be a const with BLOBFILE payload — this proto stores it inline, so the handoff must re-emit weight.bin ..."
205,const,direct-const,constant data; filtered before the program stream (ANEH13Compiler.mm:1391-1393)
206,const,direct-const,constant data; filtered before the program stream (ANEH13Compiler.mm:1391-1393)
207,const,direct-const,constant data; filtered before the program stream (ANEH13Compiler.mm:1391-1393)
208,pad,missing,no H13 encoder for 'pad': lowerOperation final reject 'H13 has no source-qualified encoder for' (ANEH13Compiler.mm:1349-1350)
209,const,direct-const,constant data; filtered before the program stream (ANEH13Compiler.mm:1391-1393)
210,reshape,direct-alias,"compile-loop shape alias: metadata only, no program emitted (ANEH13Compiler.mm:1456-1482)"
211,const,direct-const,constant data; filtered before the program stream (ANEH13Compiler.mm:1391-1393)
212,const,direct-const,constant data; filtered before the program stream (ANEH13Compiler.mm:1391-1393)
213,const,direct-const,constant data; filtered before the program stream (ANEH13Compiler.mm:1391-1393)
214,slice_by_index,missing,no H13 encoder for 'slice_by_index': lowerOperation final reject 'H13 has no source-qualified encoder for' (ANEH13Compiler.mm:1349-1350)
215,const,direct-const,constant data; filtered before the program stream (ANEH13Compiler.mm:1391-1393)
216,reshape,direct-alias,"compile-loop shape alias: metadata only, no program emitted (ANEH13Compiler.mm:1456-1482)"
217,const,direct-const,constant data; filtered before the program stream (ANEH13Compiler.mm:1391-1393)
218,const,direct-const,constant data; filtered before the program stream (ANEH13Compiler.mm:1391-1393)
219,const,direct-const,constant data; filtered before the program stream (ANEH13Compiler.mm:1391-1393)
220,slice_by_index,missing,no H13 encoder for 'slice_by_index': lowerOperation final reject 'H13 has no source-qualified encoder for' (ANEH13Compiler.mm:1349-1350)
221,const,direct-const,constant data; filtered before the program stream (ANEH13Compiler.mm:1391-1393)
222,mul,direct,"inline fp16 scalar mul fold (splat constant, 64-element slices)"
223,logical_not,missing,no H13 encoder for 'logical_not': lowerOperation final reject 'H13 has no source-qualified encoder for' (ANEH13Compiler.mm:1349-1350)
224,const,direct-const,constant data; filtered before the program stream (ANEH13Compiler.mm:1391-1393)
225,select,missing,no H13 encoder for 'select': lowerOperation final reject 'H13 has no source-qualified encoder for' (ANEH13Compiler.mm:1349-1350)
226,const,direct-const,constant data; filtered before the program stream (ANEH13Compiler.mm:1391-1393)
227,mul,direct,"inline fp16 scalar mul fold (splat constant, 64-element slices)"
228,const,direct-const,constant data; filtered before the program stream (ANEH13Compiler.mm:1391-1393)
229,const,direct-const,constant data; filtered before the program stream (ANEH13Compiler.mm:1391-1393)
230,transpose,missing,no H13 encoder for 'transpose': lowerOperation final reject 'H13 has no source-qualified encoder for' (ANEH13Compiler.mm:1349-1350)
231,matmul,missing-envelope,"runtime-operand matmul rows=3000 red=128 cols=375 tx=False ty=True y=(1, 8, 375, 128): outside kMatmulEnvelopeTasks (rows decoded only for 1 and 16); runtime-weight matmul is parity-path-only — reject h13.matmul-outside-envelope; no chunked fallback exists for runtime operands"
232,add,direct,"h13-source-qualified two-runtime same-shape binary, 64-element slices (rung 01-add-legacy proven path)"
233,const,direct-const,constant data; filtered before the program stream (ANEH13Compiler.mm:1391-1393)
234,softmax,missing-envelope,"softmax template lookup in=(8, 375, 375) out=(8, 375, 375) axis-mask=0x08: absent from kNormTasks (44 decoded softmax programs; largest spatial 256x256); normParityPlan is softmax's only path (no generic fallback)"
235,const,direct-const,constant data; filtered before the program stream (ANEH13Compiler.mm:1391-1393)
236,const,direct-const,constant data; filtered before the program stream (ANEH13Compiler.mm:1391-1393)
237,transpose,missing,no H13 encoder for 'transpose': lowerOperation final reject 'H13 has no source-qualified encoder for' (ANEH13Compiler.mm:1349-1350)
238,matmul,missing-envelope,"runtime-operand matmul rows=3000 red=375 cols=128 tx=False ty=False y=(1, 8, 375, 128): outside kMatmulEnvelopeTasks (rows decoded only for 1 and 16); runtime-weight matmul is parity-path-only — reject h13.matmul-outside-envelope; no chunked fallback exists for runtime operands"
239,const,direct-const,constant data; filtered before the program stream (ANEH13Compiler.mm:1391-1393)
240,const,direct-const,constant data; filtered before the program stream (ANEH13Compiler.mm:1391-1393)
241,transpose,missing,no H13 encoder for 'transpose': lowerOperation final reject 'H13 has no source-qualified encoder for' (ANEH13Compiler.mm:1349-1350)
242,reshape,direct-alias,"compile-loop shape alias: metadata only, no program emitted (ANEH13Compiler.mm:1456-1482)"
243,constexpr_lut_to_dense,normalization-needed,"4-bit palettization wrapper (fp16 LUT 64 or 256 groups x 16 centroids, uint4 indices) over weight.bin blob data: decompress to dense fp16 at weight-prep and emit as const BLOBFILE; no H13 encoder consumes palettized data"
244,linear,normalization-needed,"weight producer is constexpr_lut_to_dense (constexpr_lut_to_dense), so constantValue(weight) is false and the linear handler rejects with h13.linear-nonconstant-weight; host LUT decompression (fp16 LUT [G,1,16,1] + uint4 indices -> dense fp16 [N,K]) re-emitted as a const with BLOBFILE payload unb..."
245,add,direct,"h13-source-qualified two-runtime same-shape binary, 64-element slices (rung 01-add-legacy proven path)"
246,const,direct-const,constant data; filtered before the program stream (ANEH13Compiler.mm:1391-1393)
247,const,direct-const,constant data; filtered before the program stream (ANEH13Compiler.mm:1391-1393)
248,const,direct-const,constant data; filtered before the program stream (ANEH13Compiler.mm:1391-1393)
249,layer_norm,missing,"normParityPlan hard-rejects affine layer_norm: requires args==3, fp32 epsilon==1e-5, NO gamma/beta ('Apple's compiler in this harness rejects every affine form', ANEH13Compiler.mm:751-792); all 120 here carry gamma+beta with epsilon as an fp16 const; additionally the affine-less core surface (1,3..."
250,const,direct-const,constant data; filtered before the program stream (ANEH13Compiler.mm:1391-1393)
251,const,direct-const,constant data; filtered before the program stream (ANEH13Compiler.mm:1391-1393)
252,const,direct-const,constant data; filtered before the program stream (ANEH13Compiler.mm:1391-1393)
253,const,direct-const,constant data; filtered before the program stream (ANEH13Compiler.mm:1391-1393)
254,const,direct-const,constant data; filtered before the program stream (ANEH13Compiler.mm:1391-1393)
255,const,direct-const,constant data; filtered before the program stream (ANEH13Compiler.mm:1391-1393)
256,const,direct-const,constant data; filtered before the program stream (ANEH13Compiler.mm:1391-1393)
257,transpose,missing,no H13 encoder for 'transpose': lowerOperation final reject 'H13 has no source-qualified encoder for' (ANEH13Compiler.mm:1349-1350)
258,conv,missing-envelope,"rank-3 spelling rejected by convSurface (requires rank-4 fp16 NCHW batch=1); rank-4 re-spell would still need surface in kConvTasks: in=(1, 1024, 375) out=(1, 2048, 375) k=? s=1 g=1 pad_type 'valid'"
259,const,direct-const,constant data; filtered before the program stream (ANEH13Compiler.mm:1391-1393)
260,const,direct-const,constant data; filtered before the program stream (ANEH13Compiler.mm:1391-1393)
261,split,missing,no H13 encoder for 'split': lowerOperation final reject 'H13 has no source-qualified encoder for' (ANEH13Compiler.mm:1349-1350)
262,sigmoid,missing-envelope,"no Sigmoid surface for (1, 1024, 375): kElementwiseTasks carries unary ops only on channel-vector surfaces (C,1,1) C<=4096; unary ops have NO generic fallback (parityPlan-only path)"
263,mul,direct,"h13-source-qualified two-runtime same-shape binary, 64-element slices (rung 01-add-legacy proven path)"
264,const,direct-const,constant data; filtered before the program stream (ANEH13Compiler.mm:1391-1393)
265,const,direct-const,constant data; filtered before the program stream (ANEH13Compiler.mm:1391-1393)
266,const,direct-const,constant data; filtered before the program stream (ANEH13Compiler.mm:1391-1393)
267,cast,missing,no H13 encoder for 'cast': lowerOperation final reject 'H13 has no source-qualified encoder for' (ANEH13Compiler.mm:1349-1350)
268,reduce_min,missing,x dtype int32 (int32 mask math) — fp16-only stream; reduce_min additionally has no encoding at all (normEncoding covers softmax/layer_norm/reduce_sum/reduce_max/reduce_mean)
269,const,direct-const,constant data; filtered before the program stream (ANEH13Compiler.mm:1391-1393)
270,const,direct-const,constant data; filtered before the program stream (ANEH13Compiler.mm:1391-1393)
271,cast,missing,no H13 encoder for 'cast': lowerOperation final reject 'H13 has no source-qualified encoder for' (ANEH13Compiler.mm:1349-1350)
272,select,missing,no H13 encoder for 'select': lowerOperation final reject 'H13 has no source-qualified encoder for' (ANEH13Compiler.mm:1349-1350)
273,const,direct-const,constant data; filtered before the program stream (ANEH13Compiler.mm:1391-1393)
274,const,direct-const,constant data; filtered before the program stream (ANEH13Compiler.mm:1391-1393)
275,const,direct-const,constant data; filtered before the program stream (ANEH13Compiler.mm:1391-1393)
276,const,direct-const,constant data; filtered before the program stream (ANEH13Compiler.mm:1391-1393)
277,const,direct-const,constant data; filtered before the program stream (ANEH13Compiler.mm:1391-1393)
278,const,direct-const,constant data; filtered before the program stream (ANEH13Compiler.mm:1391-1393)
279,const,direct-const,constant data; filtered before the program stream (ANEH13Compiler.mm:1391-1393)
280,conv,missing-envelope,"rank-3 spelling rejected by convSurface (requires rank-4 fp16 NCHW batch=1); rank-4 re-spell would still need surface in kConvTasks: in=(1, 1024, 375) out=(1, 1024, 375) k=? s=1 g=1024 pad_type 'custom'"
281,silu,missing-envelope,"no Silu surface for (1, 1024, 375): kElementwiseTasks carries unary ops only on channel-vector surfaces (C,1,1) C<=4096; unary ops have NO generic fallback (parityPlan-only path)"
282,const,direct-const,constant data; filtered before the program stream (ANEH13Compiler.mm:1391-1393)
283,const,direct-const,constant data; filtered before the program stream (ANEH13Compiler.mm:1391-1393)
284,const,direct-const,constant data; filtered before the program stream (ANEH13Compiler.mm:1391-1393)
285,const,direct-const,constant data; filtered before the program stream (ANEH13Compiler.mm:1391-1393)
286,const,direct-const,constant data; filtered before the program stream (ANEH13Compiler.mm:1391-1393)
287,const,direct-const,constant data; filtered before the program stream (ANEH13Compiler.mm:1391-1393)
288,conv,missing-envelope,"rank-3 spelling rejected by convSurface (requires rank-4 fp16 NCHW batch=1); rank-4 re-spell would still need surface in kConvTasks: in=(1, 1024, 375) out=(1, 1024, 375) k=? s=1 g=1 pad_type 'valid'"
289,const,direct-const,constant data; filtered before the program stream (ANEH13Compiler.mm:1391-1393)
290,transpose,missing,no H13 encoder for 'transpose': lowerOperation final reject 'H13 has no source-qualified encoder for' (ANEH13Compiler.mm:1349-1350)
291,add,direct,"h13-source-qualified two-runtime same-shape binary, 64-element slices (rung 01-add-legacy proven path)"
292,const,direct-const,constant data; filtered before the program stream (ANEH13Compiler.mm:1391-1393)
293,const,direct-const,constant data; filtered before the program stream (ANEH13Compiler.mm:1391-1393)
294,const,direct-const,constant data; filtered before the program stream (ANEH13Compiler.mm:1391-1393)
295,layer_norm,missing,"normParityPlan hard-rejects affine layer_norm: requires args==3, fp32 epsilon==1e-5, NO gamma/beta ('Apple's compiler in this harness rejects every affine form', ANEH13Compiler.mm:751-792); all 120 here carry gamma+beta with epsilon as an fp16 const; additionally the affine-less core surface (1,3..."
296,constexpr_lut_to_dense,normalization-needed,"4-bit palettization wrapper (fp16 LUT 64 or 256 groups x 16 centroids, uint4 indices) over weight.bin blob data: decompress to dense fp16 at weight-prep and emit as const BLOBFILE; no H13 encoder consumes palettized data"
297,linear,normalization-needed,"weight producer is constexpr_lut_to_dense (constexpr_lut_to_dense), so constantValue(weight) is false and the linear handler rejects with h13.linear-nonconstant-weight; host LUT decompression (fp16 LUT [G,1,16,1] + uint4 indices -> dense fp16 [N,K]) re-emitted as a const with BLOBFILE payload unb..."
298,silu,missing-envelope,"no Silu surface for (1, 375, 4096): kElementwiseTasks carries unary ops only on channel-vector surfaces (C,1,1) C<=4096; unary ops have NO generic fallback (parityPlan-only path)"
299,constexpr_lut_to_dense,normalization-needed,"4-bit palettization wrapper (fp16 LUT 64 or 256 groups x 16 centroids, uint4 indices) over weight.bin blob data: decompress to dense fp16 at weight-prep and emit as const BLOBFILE; no H13 encoder consumes palettized data"
300,linear,normalization-needed,"weight producer is constexpr_lut_to_dense (constexpr_lut_to_dense), so constantValue(weight) is false and the linear handler rejects with h13.linear-nonconstant-weight; host LUT decompression (fp16 LUT [G,1,16,1] + uint4 indices -> dense fp16 [N,K]) re-emitted as a const with BLOBFILE payload unb..."
301,const,direct-const,constant data; filtered before the program stream (ANEH13Compiler.mm:1391-1393)
302,mul,direct,"inline fp16 scalar mul fold (splat constant, 64-element slices)"
303,add,direct,"h13-source-qualified two-runtime same-shape binary, 64-element slices (rung 01-add-legacy proven path)"
304,const,direct-const,constant data; filtered before the program stream (ANEH13Compiler.mm:1391-1393)
305,const,direct-const,constant data; filtered before the program stream (ANEH13Compiler.mm:1391-1393)
306,const,direct-const,constant data; filtered before the program stream (ANEH13Compiler.mm:1391-1393)
307,layer_norm,missing,"normParityPlan hard-rejects affine layer_norm: requires args==3, fp32 epsilon==1e-5, NO gamma/beta ('Apple's compiler in this harness rejects every affine form', ANEH13Compiler.mm:751-792); all 120 here carry gamma+beta with epsilon as an fp16 const; additionally the affine-less core surface (1,3..."
308,const,direct-const,constant data; filtered before the program stream (ANEH13Compiler.mm:1391-1393)
309,const,direct-const,constant data; filtered before the program stream (ANEH13Compiler.mm:1391-1393)
310,const,direct-const,constant data; filtered before the program stream (ANEH13Compiler.mm:1391-1393)
311,layer_norm,missing,"normParityPlan hard-rejects affine layer_norm: requires args==3, fp32 epsilon==1e-5, NO gamma/beta ('Apple's compiler in this harness rejects every affine form', ANEH13Compiler.mm:751-792); all 120 here carry gamma+beta with epsilon as an fp16 const; additionally the affine-less core surface (1,3..."
312,constexpr_lut_to_dense,normalization-needed,"4-bit palettization wrapper (fp16 LUT 64 or 256 groups x 16 centroids, uint4 indices) over weight.bin blob data: decompress to dense fp16 at weight-prep and emit as const BLOBFILE; no H13 encoder consumes palettized data"
313,linear,normalization-needed,"weight producer is constexpr_lut_to_dense (constexpr_lut_to_dense), so constantValue(weight) is false and the linear handler rejects with h13.linear-nonconstant-weight; host LUT decompression (fp16 LUT [G,1,16,1] + uint4 indices -> dense fp16 [N,K]) re-emitted as a const with BLOBFILE payload unb..."
314,silu,missing-envelope,"no Silu surface for (1, 375, 4096): kElementwiseTasks carries unary ops only on channel-vector surfaces (C,1,1) C<=4096; unary ops have NO generic fallback (parityPlan-only path)"
315,constexpr_lut_to_dense,normalization-needed,"4-bit palettization wrapper (fp16 LUT 64 or 256 groups x 16 centroids, uint4 indices) over weight.bin blob data: decompress to dense fp16 at weight-prep and emit as const BLOBFILE; no H13 encoder consumes palettized data"
316,linear,normalization-needed,"weight producer is constexpr_lut_to_dense (constexpr_lut_to_dense), so constantValue(weight) is false and the linear handler rejects with h13.linear-nonconstant-weight; host LUT decompression (fp16 LUT [G,1,16,1] + uint4 indices -> dense fp16 [N,K]) re-emitted as a const with BLOBFILE payload unb..."
317,const,direct-const,constant data; filtered before the program stream (ANEH13Compiler.mm:1391-1393)
318,mul,direct,"inline fp16 scalar mul fold (splat constant, 64-element slices)"
319,add,direct,"h13-source-qualified two-runtime same-shape binary, 64-element slices (rung 01-add-legacy proven path)"
320,const,direct-const,constant data; filtered before the program stream (ANEH13Compiler.mm:1391-1393)
321,const,direct-const,constant data; filtered before the program stream (ANEH13Compiler.mm:1391-1393)
322,const,direct-const,constant data; filtered before the program stream (ANEH13Compiler.mm:1391-1393)
323,layer_norm,missing,"normParityPlan hard-rejects affine layer_norm: requires args==3, fp32 epsilon==1e-5, NO gamma/beta ('Apple's compiler in this harness rejects every affine form', ANEH13Compiler.mm:751-792); all 120 here carry gamma+beta with epsilon as an fp16 const; additionally the affine-less core surface (1,3..."
324,constexpr_lut_to_dense,normalization-needed,"4-bit palettization wrapper (fp16 LUT 64 or 256 groups x 16 centroids, uint4 indices) over weight.bin blob data: decompress to dense fp16 at weight-prep and emit as const BLOBFILE; no H13 encoder consumes palettized data"
325,linear,normalization-needed,"weight producer is constexpr_lut_to_dense (constexpr_lut_to_dense), so constantValue(weight) is false and the linear handler rejects with h13.linear-nonconstant-weight; host LUT decompression (fp16 LUT [G,1,16,1] + uint4 indices -> dense fp16 [N,K]) re-emitted as a const with BLOBFILE payload unb..."
326,const,direct-const,constant data; filtered before the program stream (ANEH13Compiler.mm:1391-1393)
327,reshape,direct-alias,"compile-loop shape alias: metadata only, no program emitted (ANEH13Compiler.mm:1456-1482)"
328,const,direct-const,constant data; filtered before the program stream (ANEH13Compiler.mm:1391-1393)
329,constexpr_lut_to_dense,normalization-needed,"4-bit palettization wrapper (fp16 LUT 64 or 256 groups x 16 centroids, uint4 indices) over weight.bin blob data: decompress to dense fp16 at weight-prep and emit as const BLOBFILE; no H13 encoder consumes palettized data"
330,linear,normalization-needed,"weight producer is constexpr_lut_to_dense (constexpr_lut_to_dense), so constantValue(weight) is false and the linear handler rejects with h13.linear-nonconstant-weight; host LUT decompression (fp16 LUT [G,1,16,1] + uint4 indices -> dense fp16 [N,K]) re-emitted as a const with BLOBFILE payload unb..."
331,const,direct-const,constant data; filtered before the program stream (ANEH13Compiler.mm:1391-1393)
332,reshape,direct-alias,"compile-loop shape alias: metadata only, no program emitted (ANEH13Compiler.mm:1456-1482)"
333,const,direct-const,constant data; filtered before the program stream (ANEH13Compiler.mm:1391-1393)
334,constexpr_lut_to_dense,normalization-needed,"4-bit palettization wrapper (fp16 LUT 64 or 256 groups x 16 centroids, uint4 indices) over weight.bin blob data: decompress to dense fp16 at weight-prep and emit as const BLOBFILE; no H13 encoder consumes palettized data"
335,linear,normalization-needed,"weight producer is constexpr_lut_to_dense (constexpr_lut_to_dense), so constantValue(weight) is false and the linear handler rejects with h13.linear-nonconstant-weight; host LUT decompression (fp16 LUT [G,1,16,1] + uint4 indices -> dense fp16 [N,K]) re-emitted as a const with BLOBFILE payload unb..."
336,const,direct-const,constant data; filtered before the program stream (ANEH13Compiler.mm:1391-1393)
337,reshape,direct-alias,"compile-loop shape alias: metadata only, no program emitted (ANEH13Compiler.mm:1456-1482)"
338,const,direct-const,constant data; filtered before the program stream (ANEH13Compiler.mm:1391-1393)
339,const,direct-const,constant data; filtered before the program stream (ANEH13Compiler.mm:1391-1393)
340,transpose,missing,no H13 encoder for 'transpose': lowerOperation final reject 'H13 has no source-qualified encoder for' (ANEH13Compiler.mm:1349-1350)
341,add,direct,whole-tensor constant fold (add/mul/max/min; sub folds as sign-flipped add; real_div folds only for powers of two)
342,const,direct-const,constant data; filtered before the program stream (ANEH13Compiler.mm:1391-1393)
343,add,direct,whole-tensor constant fold (add/mul/max/min; sub folds as sign-flipped add; real_div folds only for powers of two)
344,const,direct-const,constant data; filtered before the program stream (ANEH13Compiler.mm:1391-1393)
345,const,direct-const,constant data; filtered before the program stream (ANEH13Compiler.mm:1391-1393)
346,const,direct-const,constant data; filtered before the program stream (ANEH13Compiler.mm:1391-1393)
347,matmul,normalization-needed,"const-weight matmul 3000x128x749 tx=False ty=False outside parity envelope; falls to the source-qualified chunked matvec path (per-row/512-column slices, physical reduction 256/512, weight must be a const with BLOBFILE payload — this proto stores it inline, so the handoff must re-emit weight.bin ..."
348,const,direct-const,constant data; filtered before the program stream (ANEH13Compiler.mm:1391-1393)
349,const,direct-const,constant data; filtered before the program stream (ANEH13Compiler.mm:1391-1393)
350,const,direct-const,constant data; filtered before the program stream (ANEH13Compiler.mm:1391-1393)
351,pad,missing,no H13 encoder for 'pad': lowerOperation final reject 'H13 has no source-qualified encoder for' (ANEH13Compiler.mm:1349-1350)
352,const,direct-const,constant data; filtered before the program stream (ANEH13Compiler.mm:1391-1393)
353,reshape,direct-alias,"compile-loop shape alias: metadata only, no program emitted (ANEH13Compiler.mm:1456-1482)"
354,const,direct-const,constant data; filtered before the program stream (ANEH13Compiler.mm:1391-1393)
355,const,direct-const,constant data; filtered before the program stream (ANEH13Compiler.mm:1391-1393)
356,const,direct-const,constant data; filtered before the program stream (ANEH13Compiler.mm:1391-1393)
357,slice_by_index,missing,no H13 encoder for 'slice_by_index': lowerOperation final reject 'H13 has no source-qualified encoder for' (ANEH13Compiler.mm:1349-1350)
358,const,direct-const,constant data; filtered before the program stream (ANEH13Compiler.mm:1391-1393)
359,reshape,direct-alias,"compile-loop shape alias: metadata only, no program emitted (ANEH13Compiler.mm:1456-1482)"
360,const,direct-const,constant data; filtered before the program stream (ANEH13Compiler.mm:1391-1393)
361,const,direct-const,constant data; filtered before the program stream (ANEH13Compiler.mm:1391-1393)
362,const,direct-const,constant data; filtered before the program stream (ANEH13Compiler.mm:1391-1393)
363,slice_by_index,missing,no H13 encoder for 'slice_by_index': lowerOperation final reject 'H13 has no source-qualified encoder for' (ANEH13Compiler.mm:1349-1350)
364,const,direct-const,constant data; filtered before the program stream (ANEH13Compiler.mm:1391-1393)
365,mul,direct,"inline fp16 scalar mul fold (splat constant, 64-element slices)"
366,select,missing,no H13 encoder for 'select': lowerOperation final reject 'H13 has no source-qualified encoder for' (ANEH13Compiler.mm:1349-1350)
367,mul,direct,"inline fp16 scalar mul fold (splat constant, 64-element slices)"
368,const,direct-const,constant data; filtered before the program stream (ANEH13Compiler.mm:1391-1393)
369,const,direct-const,constant data; filtered before the program stream (ANEH13Compiler.mm:1391-1393)
370,transpose,missing,no H13 encoder for 'transpose': lowerOperation final reject 'H13 has no source-qualified encoder for' (ANEH13Compiler.mm:1349-1350)
371,matmul,missing-envelope,"runtime-operand matmul rows=3000 red=128 cols=375 tx=False ty=True y=(1, 8, 375, 128): outside kMatmulEnvelopeTasks (rows decoded only for 1 and 16); runtime-weight matmul is parity-path-only — reject h13.matmul-outside-envelope; no chunked fallback exists for runtime operands"
372,add,direct,"h13-source-qualified two-runtime same-shape binary, 64-element slices (rung 01-add-legacy proven path)"
373,const,direct-const,constant data; filtered before the program stream (ANEH13Compiler.mm:1391-1393)
374,softmax,missing-envelope,"softmax template lookup in=(8, 375, 375) out=(8, 375, 375) axis-mask=0x08: absent from kNormTasks (44 decoded softmax programs; largest spatial 256x256); normParityPlan is softmax's only path (no generic fallback)"
375,const,direct-const,constant data; filtered before the program stream (ANEH13Compiler.mm:1391-1393)
376,const,direct-const,constant data; filtered before the program stream (ANEH13Compiler.mm:1391-1393)
377,transpose,missing,no H13 encoder for 'transpose': lowerOperation final reject 'H13 has no source-qualified encoder for' (ANEH13Compiler.mm:1349-1350)
378,matmul,missing-envelope,"runtime-operand matmul rows=3000 red=375 cols=128 tx=False ty=False y=(1, 8, 375, 128): outside kMatmulEnvelopeTasks (rows decoded only for 1 and 16); runtime-weight matmul is parity-path-only — reject h13.matmul-outside-envelope; no chunked fallback exists for runtime operands"
379,const,direct-const,constant data; filtered before the program stream (ANEH13Compiler.mm:1391-1393)
380,const,direct-const,constant data; filtered before the program stream (ANEH13Compiler.mm:1391-1393)
381,transpose,missing,no H13 encoder for 'transpose': lowerOperation final reject 'H13 has no source-qualified encoder for' (ANEH13Compiler.mm:1349-1350)
382,reshape,direct-alias,"compile-loop shape alias: metadata only, no program emitted (ANEH13Compiler.mm:1456-1482)"
383,constexpr_lut_to_dense,normalization-needed,"4-bit palettization wrapper (fp16 LUT 64 or 256 groups x 16 centroids, uint4 indices) over weight.bin blob data: decompress to dense fp16 at weight-prep and emit as const BLOBFILE; no H13 encoder consumes palettized data"
384,linear,normalization-needed,"weight producer is constexpr_lut_to_dense (constexpr_lut_to_dense), so constantValue(weight) is false and the linear handler rejects with h13.linear-nonconstant-weight; host LUT decompression (fp16 LUT [G,1,16,1] + uint4 indices -> dense fp16 [N,K]) re-emitted as a const with BLOBFILE payload unb..."
385,add,direct,"h13-source-qualified two-runtime same-shape binary, 64-element slices (rung 01-add-legacy proven path)"
386,const,direct-const,constant data; filtered before the program stream (ANEH13Compiler.mm:1391-1393)
387,const,direct-const,constant data; filtered before the program stream (ANEH13Compiler.mm:1391-1393)
388,const,direct-const,constant data; filtered before the program stream (ANEH13Compiler.mm:1391-1393)
389,layer_norm,missing,"normParityPlan hard-rejects affine layer_norm: requires args==3, fp32 epsilon==1e-5, NO gamma/beta ('Apple's compiler in this harness rejects every affine form', ANEH13Compiler.mm:751-792); all 120 here carry gamma+beta with epsilon as an fp16 const; additionally the affine-less core surface (1,3..."
390,const,direct-const,constant data; filtered before the program stream (ANEH13Compiler.mm:1391-1393)
391,const,direct-const,constant data; filtered before the program stream (ANEH13Compiler.mm:1391-1393)
392,const,direct-const,constant data; filtered before the program stream (ANEH13Compiler.mm:1391-1393)
393,const,direct-const,constant data; filtered before the program stream (ANEH13Compiler.mm:1391-1393)
394,const,direct-const,constant data; filtered before the program stream (ANEH13Compiler.mm:1391-1393)
395,const,direct-const,constant data; filtered before the program stream (ANEH13Compiler.mm:1391-1393)
396,const,direct-const,constant data; filtered before the program stream (ANEH13Compiler.mm:1391-1393)
397,transpose,missing,no H13 encoder for 'transpose': lowerOperation final reject 'H13 has no source-qualified encoder for' (ANEH13Compiler.mm:1349-1350)
398,conv,missing-envelope,"rank-3 spelling rejected by convSurface (requires rank-4 fp16 NCHW batch=1); rank-4 re-spell would still need surface in kConvTasks: in=(1, 1024, 375) out=(1, 2048, 375) k=? s=1 g=1 pad_type 'valid'"
399,const,direct-const,constant data; filtered before the program stream (ANEH13Compiler.mm:1391-1393)
400,const,direct-const,constant data; filtered before the program stream (ANEH13Compiler.mm:1391-1393)
401,split,missing,no H13 encoder for 'split': lowerOperation final reject 'H13 has no source-qualified encoder for' (ANEH13Compiler.mm:1349-1350)
402,sigmoid,missing-envelope,"no Sigmoid surface for (1, 1024, 375): kElementwiseTasks carries unary ops only on channel-vector surfaces (C,1,1) C<=4096; unary ops have NO generic fallback (parityPlan-only path)"
403,mul,direct,"h13-source-qualified two-runtime same-shape binary, 64-element slices (rung 01-add-legacy proven path)"
404,select,missing,no H13 encoder for 'select': lowerOperation final reject 'H13 has no source-qualified encoder for' (ANEH13Compiler.mm:1349-1350)
405,const,direct-const,constant data; filtered before the program stream (ANEH13Compiler.mm:1391-1393)
406,const,direct-const,constant data; filtered before the program stream (ANEH13Compiler.mm:1391-1393)
407,const,direct-const,constant data; filtered before the program stream (ANEH13Compiler.mm:1391-1393)
408,const,direct-const,constant data; filtered before the program stream (ANEH13Compiler.mm:1391-1393)
409,const,direct-const,constant data; filtered before the program stream (ANEH13Compiler.mm:1391-1393)
410,const,direct-const,constant data; filtered before the program stream (ANEH13Compiler.mm:1391-1393)
411,const,direct-const,constant data; filtered before the program stream (ANEH13Compiler.mm:1391-1393)
412,conv,missing-envelope,"rank-3 spelling rejected by convSurface (requires rank-4 fp16 NCHW batch=1); rank-4 re-spell would still need surface in kConvTasks: in=(1, 1024, 375) out=(1, 1024, 375) k=? s=1 g=1024 pad_type 'custom'"
413,silu,missing-envelope,"no Silu surface for (1, 1024, 375): kElementwiseTasks carries unary ops only on channel-vector surfaces (C,1,1) C<=4096; unary ops have NO generic fallback (parityPlan-only path)"
414,const,direct-const,constant data; filtered before the program stream (ANEH13Compiler.mm:1391-1393)
415,const,direct-const,constant data; filtered before the program stream (ANEH13Compiler.mm:1391-1393)
416,const,direct-const,constant data; filtered before the program stream (ANEH13Compiler.mm:1391-1393)
417,const,direct-const,constant data; filtered before the program stream (ANEH13Compiler.mm:1391-1393)
418,const,direct-const,constant data; filtered before the program stream (ANEH13Compiler.mm:1391-1393)
419,const,direct-const,constant data; filtered before the program stream (ANEH13Compiler.mm:1391-1393)
420,conv,missing-envelope,"rank-3 spelling rejected by convSurface (requires rank-4 fp16 NCHW batch=1); rank-4 re-spell would still need surface in kConvTasks: in=(1, 1024, 375) out=(1, 1024, 375) k=? s=1 g=1 pad_type 'valid'"
421,const,direct-const,constant data; filtered before the program stream (ANEH13Compiler.mm:1391-1393)
422,transpose,missing,no H13 encoder for 'transpose': lowerOperation final reject 'H13 has no source-qualified encoder for' (ANEH13Compiler.mm:1349-1350)
423,add,direct,"h13-source-qualified two-runtime same-shape binary, 64-element slices (rung 01-add-legacy proven path)"
424,const,direct-const,constant data; filtered before the program stream (ANEH13Compiler.mm:1391-1393)
425,const,direct-const,constant data; filtered before the program stream (ANEH13Compiler.mm:1391-1393)
426,const,direct-const,constant data; filtered before the program stream (ANEH13Compiler.mm:1391-1393)
427,layer_norm,missing,"normParityPlan hard-rejects affine layer_norm: requires args==3, fp32 epsilon==1e-5, NO gamma/beta ('Apple's compiler in this harness rejects every affine form', ANEH13Compiler.mm:751-792); all 120 here carry gamma+beta with epsilon as an fp16 const; additionally the affine-less core surface (1,3..."
428,constexpr_lut_to_dense,normalization-needed,"4-bit palettization wrapper (fp16 LUT 64 or 256 groups x 16 centroids, uint4 indices) over weight.bin blob data: decompress to dense fp16 at weight-prep and emit as const BLOBFILE; no H13 encoder consumes palettized data"
429,linear,normalization-needed,"weight producer is constexpr_lut_to_dense (constexpr_lut_to_dense), so constantValue(weight) is false and the linear handler rejects with h13.linear-nonconstant-weight; host LUT decompression (fp16 LUT [G,1,16,1] + uint4 indices -> dense fp16 [N,K]) re-emitted as a const with BLOBFILE payload unb..."
430,silu,missing-envelope,"no Silu surface for (1, 375, 4096): kElementwiseTasks carries unary ops only on channel-vector surfaces (C,1,1) C<=4096; unary ops have NO generic fallback (parityPlan-only path)"
431,constexpr_lut_to_dense,normalization-needed,"4-bit palettization wrapper (fp16 LUT 64 or 256 groups x 16 centroids, uint4 indices) over weight.bin blob data: decompress to dense fp16 at weight-prep and emit as const BLOBFILE; no H13 encoder consumes palettized data"
432,linear,normalization-needed,"weight producer is constexpr_lut_to_dense (constexpr_lut_to_dense), so constantValue(weight) is false and the linear handler rejects with h13.linear-nonconstant-weight; host LUT decompression (fp16 LUT [G,1,16,1] + uint4 indices -> dense fp16 [N,K]) re-emitted as a const with BLOBFILE payload unb..."
433,const,direct-const,constant data; filtered before the program stream (ANEH13Compiler.mm:1391-1393)
434,mul,direct,"inline fp16 scalar mul fold (splat constant, 64-element slices)"
435,add,direct,"h13-source-qualified two-runtime same-shape binary, 64-element slices (rung 01-add-legacy proven path)"
436,const,direct-const,constant data; filtered before the program stream (ANEH13Compiler.mm:1391-1393)
437,const,direct-const,constant data; filtered before the program stream (ANEH13Compiler.mm:1391-1393)
438,const,direct-const,constant data; filtered before the program stream (ANEH13Compiler.mm:1391-1393)
439,layer_norm,missing,"normParityPlan hard-rejects affine layer_norm: requires args==3, fp32 epsilon==1e-5, NO gamma/beta ('Apple's compiler in this harness rejects every affine form', ANEH13Compiler.mm:751-792); all 120 here carry gamma+beta with epsilon as an fp16 const; additionally the affine-less core surface (1,3..."
440,const,direct-const,constant data; filtered before the program stream (ANEH13Compiler.mm:1391-1393)
441,const,direct-const,constant data; filtered before the program stream (ANEH13Compiler.mm:1391-1393)
442,const,direct-const,constant data; filtered before the program stream (ANEH13Compiler.mm:1391-1393)
443,layer_norm,missing,"normParityPlan hard-rejects affine layer_norm: requires args==3, fp32 epsilon==1e-5, NO gamma/beta ('Apple's compiler in this harness rejects every affine form', ANEH13Compiler.mm:751-792); all 120 here carry gamma+beta with epsilon as an fp16 const; additionally the affine-less core surface (1,3..."
444,constexpr_lut_to_dense,normalization-needed,"4-bit palettization wrapper (fp16 LUT 64 or 256 groups x 16 centroids, uint4 indices) over weight.bin blob data: decompress to dense fp16 at weight-prep and emit as const BLOBFILE; no H13 encoder consumes palettized data"
445,linear,normalization-needed,"weight producer is constexpr_lut_to_dense (constexpr_lut_to_dense), so constantValue(weight) is false and the linear handler rejects with h13.linear-nonconstant-weight; host LUT decompression (fp16 LUT [G,1,16,1] + uint4 indices -> dense fp16 [N,K]) re-emitted as a const with BLOBFILE payload unb..."
446,silu,missing-envelope,"no Silu surface for (1, 375, 4096): kElementwiseTasks carries unary ops only on channel-vector surfaces (C,1,1) C<=4096; unary ops have NO generic fallback (parityPlan-only path)"
447,constexpr_lut_to_dense,normalization-needed,"4-bit palettization wrapper (fp16 LUT 64 or 256 groups x 16 centroids, uint4 indices) over weight.bin blob data: decompress to dense fp16 at weight-prep and emit as const BLOBFILE; no H13 encoder consumes palettized data"
448,linear,normalization-needed,"weight producer is constexpr_lut_to_dense (constexpr_lut_to_dense), so constantValue(weight) is false and the linear handler rejects with h13.linear-nonconstant-weight; host LUT decompression (fp16 LUT [G,1,16,1] + uint4 indices -> dense fp16 [N,K]) re-emitted as a const with BLOBFILE payload unb..."
449,const,direct-const,constant data; filtered before the program stream (ANEH13Compiler.mm:1391-1393)
450,mul,direct,"inline fp16 scalar mul fold (splat constant, 64-element slices)"
451,add,direct,"h13-source-qualified two-runtime same-shape binary, 64-element slices (rung 01-add-legacy proven path)"
452,const,direct-const,constant data; filtered before the program stream (ANEH13Compiler.mm:1391-1393)
453,const,direct-const,constant data; filtered before the program stream (ANEH13Compiler.mm:1391-1393)
454,const,direct-const,constant data; filtered before the program stream (ANEH13Compiler.mm:1391-1393)
455,layer_norm,missing,"normParityPlan hard-rejects affine layer_norm: requires args==3, fp32 epsilon==1e-5, NO gamma/beta ('Apple's compiler in this harness rejects every affine form', ANEH13Compiler.mm:751-792); all 120 here carry gamma+beta with epsilon as an fp16 const; additionally the affine-less core surface (1,3..."
456,constexpr_lut_to_dense,normalization-needed,"4-bit palettization wrapper (fp16 LUT 64 or 256 groups x 16 centroids, uint4 indices) over weight.bin blob data: decompress to dense fp16 at weight-prep and emit as const BLOBFILE; no H13 encoder consumes palettized data"
457,linear,normalization-needed,"weight producer is constexpr_lut_to_dense (constexpr_lut_to_dense), so constantValue(weight) is false and the linear handler rejects with h13.linear-nonconstant-weight; host LUT decompression (fp16 LUT [G,1,16,1] + uint4 indices -> dense fp16 [N,K]) re-emitted as a const with BLOBFILE payload unb..."
458,const,direct-const,constant data; filtered before the program stream (ANEH13Compiler.mm:1391-1393)
459,reshape,direct-alias,"compile-loop shape alias: metadata only, no program emitted (ANEH13Compiler.mm:1456-1482)"
460,const,direct-const,constant data; filtered before the program stream (ANEH13Compiler.mm:1391-1393)
461,constexpr_lut_to_dense,normalization-needed,"4-bit palettization wrapper (fp16 LUT 64 or 256 groups x 16 centroids, uint4 indices) over weight.bin blob data: decompress to dense fp16 at weight-prep and emit as const BLOBFILE; no H13 encoder consumes palettized data"
462,linear,normalization-needed,"weight producer is constexpr_lut_to_dense (constexpr_lut_to_dense), so constantValue(weight) is false and the linear handler rejects with h13.linear-nonconstant-weight; host LUT decompression (fp16 LUT [G,1,16,1] + uint4 indices -> dense fp16 [N,K]) re-emitted as a const with BLOBFILE payload unb..."
463,const,direct-const,constant data; filtered before the program stream (ANEH13Compiler.mm:1391-1393)
464,reshape,direct-alias,"compile-loop shape alias: metadata only, no program emitted (ANEH13Compiler.mm:1456-1482)"
465,const,direct-const,constant data; filtered before the program stream (ANEH13Compiler.mm:1391-1393)
466,constexpr_lut_to_dense,normalization-needed,"4-bit palettization wrapper (fp16 LUT 64 or 256 groups x 16 centroids, uint4 indices) over weight.bin blob data: decompress to dense fp16 at weight-prep and emit as const BLOBFILE; no H13 encoder consumes palettized data"
467,linear,normalization-needed,"weight producer is constexpr_lut_to_dense (constexpr_lut_to_dense), so constantValue(weight) is false and the linear handler rejects with h13.linear-nonconstant-weight; host LUT decompression (fp16 LUT [G,1,16,1] + uint4 indices -> dense fp16 [N,K]) re-emitted as a const with BLOBFILE payload unb..."
468,const,direct-const,constant data; filtered before the program stream (ANEH13Compiler.mm:1391-1393)
469,reshape,direct-alias,"compile-loop shape alias: metadata only, no program emitted (ANEH13Compiler.mm:1456-1482)"
470,const,direct-const,constant data; filtered before the program stream (ANEH13Compiler.mm:1391-1393)
471,const,direct-const,constant data; filtered before the program stream (ANEH13Compiler.mm:1391-1393)
472,transpose,missing,no H13 encoder for 'transpose': lowerOperation final reject 'H13 has no source-qualified encoder for' (ANEH13Compiler.mm:1349-1350)
473,add,direct,whole-tensor constant fold (add/mul/max/min; sub folds as sign-flipped add; real_div folds only for powers of two)
474,const,direct-const,constant data; filtered before the program stream (ANEH13Compiler.mm:1391-1393)
475,add,direct,whole-tensor constant fold (add/mul/max/min; sub folds as sign-flipped add; real_div folds only for powers of two)
476,const,direct-const,constant data; filtered before the program stream (ANEH13Compiler.mm:1391-1393)
477,const,direct-const,constant data; filtered before the program stream (ANEH13Compiler.mm:1391-1393)
478,const,direct-const,constant data; filtered before the program stream (ANEH13Compiler.mm:1391-1393)
479,matmul,normalization-needed,"const-weight matmul 3000x128x749 tx=False ty=False outside parity envelope; falls to the source-qualified chunked matvec path (per-row/512-column slices, physical reduction 256/512, weight must be a const with BLOBFILE payload — this proto stores it inline, so the handoff must re-emit weight.bin ..."
480,const,direct-const,constant data; filtered before the program stream (ANEH13Compiler.mm:1391-1393)
481,const,direct-const,constant data; filtered before the program stream (ANEH13Compiler.mm:1391-1393)
482,const,direct-const,constant data; filtered before the program stream (ANEH13Compiler.mm:1391-1393)
483,pad,missing,no H13 encoder for 'pad': lowerOperation final reject 'H13 has no source-qualified encoder for' (ANEH13Compiler.mm:1349-1350)
484,const,direct-const,constant data; filtered before the program stream (ANEH13Compiler.mm:1391-1393)
485,reshape,direct-alias,"compile-loop shape alias: metadata only, no program emitted (ANEH13Compiler.mm:1456-1482)"
486,const,direct-const,constant data; filtered before the program stream (ANEH13Compiler.mm:1391-1393)
487,const,direct-const,constant data; filtered before the program stream (ANEH13Compiler.mm:1391-1393)
488,const,direct-const,constant data; filtered before the program stream (ANEH13Compiler.mm:1391-1393)
489,slice_by_index,missing,no H13 encoder for 'slice_by_index': lowerOperation final reject 'H13 has no source-qualified encoder for' (ANEH13Compiler.mm:1349-1350)
490,const,direct-const,constant data; filtered before the program stream (ANEH13Compiler.mm:1391-1393)
491,reshape,direct-alias,"compile-loop shape alias: metadata only, no program emitted (ANEH13Compiler.mm:1456-1482)"
492,const,direct-const,constant data; filtered before the program stream (ANEH13Compiler.mm:1391-1393)
493,const,direct-const,constant data; filtered before the program stream (ANEH13Compiler.mm:1391-1393)
494,const,direct-const,constant data; filtered before the program stream (ANEH13Compiler.mm:1391-1393)
495,slice_by_index,missing,no H13 encoder for 'slice_by_index': lowerOperation final reject 'H13 has no source-qualified encoder for' (ANEH13Compiler.mm:1349-1350)
496,const,direct-const,constant data; filtered before the program stream (ANEH13Compiler.mm:1391-1393)
497,mul,direct,"inline fp16 scalar mul fold (splat constant, 64-element slices)"
498,select,missing,no H13 encoder for 'select': lowerOperation final reject 'H13 has no source-qualified encoder for' (ANEH13Compiler.mm:1349-1350)
499,mul,direct,"inline fp16 scalar mul fold (splat constant, 64-element slices)"
500,const,direct-const,constant data; filtered before the program stream (ANEH13Compiler.mm:1391-1393)
501,const,direct-const,constant data; filtered before the program stream (ANEH13Compiler.mm:1391-1393)
502,transpose,missing,no H13 encoder for 'transpose': lowerOperation final reject 'H13 has no source-qualified encoder for' (ANEH13Compiler.mm:1349-1350)
503,matmul,missing-envelope,"runtime-operand matmul rows=3000 red=128 cols=375 tx=False ty=True y=(1, 8, 375, 128): outside kMatmulEnvelopeTasks (rows decoded only for 1 and 16); runtime-weight matmul is parity-path-only — reject h13.matmul-outside-envelope; no chunked fallback exists for runtime operands"
504,add,direct,"h13-source-qualified two-runtime same-shape binary, 64-element slices (rung 01-add-legacy proven path)"
505,const,direct-const,constant data; filtered before the program stream (ANEH13Compiler.mm:1391-1393)
506,softmax,missing-envelope,"softmax template lookup in=(8, 375, 375) out=(8, 375, 375) axis-mask=0x08: absent from kNormTasks (44 decoded softmax programs; largest spatial 256x256); normParityPlan is softmax's only path (no generic fallback)"
507,const,direct-const,constant data; filtered before the program stream (ANEH13Compiler.mm:1391-1393)
508,const,direct-const,constant data; filtered before the program stream (ANEH13Compiler.mm:1391-1393)
509,transpose,missing,no H13 encoder for 'transpose': lowerOperation final reject 'H13 has no source-qualified encoder for' (ANEH13Compiler.mm:1349-1350)
510,matmul,missing-envelope,"runtime-operand matmul rows=3000 red=375 cols=128 tx=False ty=False y=(1, 8, 375, 128): outside kMatmulEnvelopeTasks (rows decoded only for 1 and 16); runtime-weight matmul is parity-path-only — reject h13.matmul-outside-envelope; no chunked fallback exists for runtime operands"
511,const,direct-const,constant data; filtered before the program stream (ANEH13Compiler.mm:1391-1393)
512,const,direct-const,constant data; filtered before the program stream (ANEH13Compiler.mm:1391-1393)
513,transpose,missing,no H13 encoder for 'transpose': lowerOperation final reject 'H13 has no source-qualified encoder for' (ANEH13Compiler.mm:1349-1350)
514,reshape,direct-alias,"compile-loop shape alias: metadata only, no program emitted (ANEH13Compiler.mm:1456-1482)"
515,constexpr_lut_to_dense,normalization-needed,"4-bit palettization wrapper (fp16 LUT 64 or 256 groups x 16 centroids, uint4 indices) over weight.bin blob data: decompress to dense fp16 at weight-prep and emit as const BLOBFILE; no H13 encoder consumes palettized data"
516,linear,normalization-needed,"weight producer is constexpr_lut_to_dense (constexpr_lut_to_dense), so constantValue(weight) is false and the linear handler rejects with h13.linear-nonconstant-weight; host LUT decompression (fp16 LUT [G,1,16,1] + uint4 indices -> dense fp16 [N,K]) re-emitted as a const with BLOBFILE payload unb..."
517,add,direct,"h13-source-qualified two-runtime same-shape binary, 64-element slices (rung 01-add-legacy proven path)"
518,const,direct-const,constant data; filtered before the program stream (ANEH13Compiler.mm:1391-1393)
519,const,direct-const,constant data; filtered before the program stream (ANEH13Compiler.mm:1391-1393)
520,const,direct-const,constant data; filtered before the program stream (ANEH13Compiler.mm:1391-1393)
521,layer_norm,missing,"normParityPlan hard-rejects affine layer_norm: requires args==3, fp32 epsilon==1e-5, NO gamma/beta ('Apple's compiler in this harness rejects every affine form', ANEH13Compiler.mm:751-792); all 120 here carry gamma+beta with epsilon as an fp16 const; additionally the affine-less core surface (1,3..."
522,const,direct-const,constant data; filtered before the program stream (ANEH13Compiler.mm:1391-1393)
523,const,direct-const,constant data; filtered before the program stream (ANEH13Compiler.mm:1391-1393)
524,const,direct-const,constant data; filtered before the program stream (ANEH13Compiler.mm:1391-1393)
525,const,direct-const,constant data; filtered before the program stream (ANEH13Compiler.mm:1391-1393)
526,const,direct-const,constant data; filtered before the program stream (ANEH13Compiler.mm:1391-1393)
527,const,direct-const,constant data; filtered before the program stream (ANEH13Compiler.mm:1391-1393)
528,const,direct-const,constant data; filtered before the program stream (ANEH13Compiler.mm:1391-1393)
529,transpose,missing,no H13 encoder for 'transpose': lowerOperation final reject 'H13 has no source-qualified encoder for' (ANEH13Compiler.mm:1349-1350)
530,conv,missing-envelope,"rank-3 spelling rejected by convSurface (requires rank-4 fp16 NCHW batch=1); rank-4 re-spell would still need surface in kConvTasks: in=(1, 1024, 375) out=(1, 2048, 375) k=? s=1 g=1 pad_type 'valid'"
531,const,direct-const,constant data; filtered before the program stream (ANEH13Compiler.mm:1391-1393)
532,const,direct-const,constant data; filtered before the program stream (ANEH13Compiler.mm:1391-1393)
533,split,missing,no H13 encoder for 'split': lowerOperation final reject 'H13 has no source-qualified encoder for' (ANEH13Compiler.mm:1349-1350)
534,sigmoid,missing-envelope,"no Sigmoid surface for (1, 1024, 375): kElementwiseTasks carries unary ops only on channel-vector surfaces (C,1,1) C<=4096; unary ops have NO generic fallback (parityPlan-only path)"
535,mul,direct,"h13-source-qualified two-runtime same-shape binary, 64-element slices (rung 01-add-legacy proven path)"
536,select,missing,no H13 encoder for 'select': lowerOperation final reject 'H13 has no source-qualified encoder for' (ANEH13Compiler.mm:1349-1350)
537,const,direct-const,constant data; filtered before the program stream (ANEH13Compiler.mm:1391-1393)
538,const,direct-const,constant data; filtered before the program stream (ANEH13Compiler.mm:1391-1393)
539,const,direct-const,constant data; filtered before the program stream (ANEH13Compiler.mm:1391-1393)
540,const,direct-const,constant data; filtered before the program stream (ANEH13Compiler.mm:1391-1393)
541,const,direct-const,constant data; filtered before the program stream (ANEH13Compiler.mm:1391-1393)
542,const,direct-const,constant data; filtered before the program stream (ANEH13Compiler.mm:1391-1393)
543,const,direct-const,constant data; filtered before the program stream (ANEH13Compiler.mm:1391-1393)
544,conv,missing-envelope,"rank-3 spelling rejected by convSurface (requires rank-4 fp16 NCHW batch=1); rank-4 re-spell would still need surface in kConvTasks: in=(1, 1024, 375) out=(1, 1024, 375) k=? s=1 g=1024 pad_type 'custom'"
545,silu,missing-envelope,"no Silu surface for (1, 1024, 375): kElementwiseTasks carries unary ops only on channel-vector surfaces (C,1,1) C<=4096; unary ops have NO generic fallback (parityPlan-only path)"
546,const,direct-const,constant data; filtered before the program stream (ANEH13Compiler.mm:1391-1393)
547,const,direct-const,constant data; filtered before the program stream (ANEH13Compiler.mm:1391-1393)
548,const,direct-const,constant data; filtered before the program stream (ANEH13Compiler.mm:1391-1393)
549,const,direct-const,constant data; filtered before the program stream (ANEH13Compiler.mm:1391-1393)
550,const,direct-const,constant data; filtered before the program stream (ANEH13Compiler.mm:1391-1393)
551,const,direct-const,constant data; filtered before the program stream (ANEH13Compiler.mm:1391-1393)
552,conv,missing-envelope,"rank-3 spelling rejected by convSurface (requires rank-4 fp16 NCHW batch=1); rank-4 re-spell would still need surface in kConvTasks: in=(1, 1024, 375) out=(1, 1024, 375) k=? s=1 g=1 pad_type 'valid'"
553,const,direct-const,constant data; filtered before the program stream (ANEH13Compiler.mm:1391-1393)
554,transpose,missing,no H13 encoder for 'transpose': lowerOperation final reject 'H13 has no source-qualified encoder for' (ANEH13Compiler.mm:1349-1350)
555,add,direct,"h13-source-qualified two-runtime same-shape binary, 64-element slices (rung 01-add-legacy proven path)"
556,const,direct-const,constant data; filtered before the program stream (ANEH13Compiler.mm:1391-1393)
557,const,direct-const,constant data; filtered before the program stream (ANEH13Compiler.mm:1391-1393)
558,const,direct-const,constant data; filtered before the program stream (ANEH13Compiler.mm:1391-1393)
559,layer_norm,missing,"normParityPlan hard-rejects affine layer_norm: requires args==3, fp32 epsilon==1e-5, NO gamma/beta ('Apple's compiler in this harness rejects every affine form', ANEH13Compiler.mm:751-792); all 120 here carry gamma+beta with epsilon as an fp16 const; additionally the affine-less core surface (1,3..."
560,constexpr_lut_to_dense,normalization-needed,"4-bit palettization wrapper (fp16 LUT 64 or 256 groups x 16 centroids, uint4 indices) over weight.bin blob data: decompress to dense fp16 at weight-prep and emit as const BLOBFILE; no H13 encoder consumes palettized data"
561,linear,normalization-needed,"weight producer is constexpr_lut_to_dense (constexpr_lut_to_dense), so constantValue(weight) is false and the linear handler rejects with h13.linear-nonconstant-weight; host LUT decompression (fp16 LUT [G,1,16,1] + uint4 indices -> dense fp16 [N,K]) re-emitted as a const with BLOBFILE payload unb..."
562,silu,missing-envelope,"no Silu surface for (1, 375, 4096): kElementwiseTasks carries unary ops only on channel-vector surfaces (C,1,1) C<=4096; unary ops have NO generic fallback (parityPlan-only path)"
563,constexpr_lut_to_dense,normalization-needed,"4-bit palettization wrapper (fp16 LUT 64 or 256 groups x 16 centroids, uint4 indices) over weight.bin blob data: decompress to dense fp16 at weight-prep and emit as const BLOBFILE; no H13 encoder consumes palettized data"
564,linear,normalization-needed,"weight producer is constexpr_lut_to_dense (constexpr_lut_to_dense), so constantValue(weight) is false and the linear handler rejects with h13.linear-nonconstant-weight; host LUT decompression (fp16 LUT [G,1,16,1] + uint4 indices -> dense fp16 [N,K]) re-emitted as a const with BLOBFILE payload unb..."
565,const,direct-const,constant data; filtered before the program stream (ANEH13Compiler.mm:1391-1393)
566,mul,direct,"inline fp16 scalar mul fold (splat constant, 64-element slices)"
567,add,direct,"h13-source-qualified two-runtime same-shape binary, 64-element slices (rung 01-add-legacy proven path)"
568,const,direct-const,constant data; filtered before the program stream (ANEH13Compiler.mm:1391-1393)
569,const,direct-const,constant data; filtered before the program stream (ANEH13Compiler.mm:1391-1393)
570,const,direct-const,constant data; filtered before the program stream (ANEH13Compiler.mm:1391-1393)
571,layer_norm,missing,"normParityPlan hard-rejects affine layer_norm: requires args==3, fp32 epsilon==1e-5, NO gamma/beta ('Apple's compiler in this harness rejects every affine form', ANEH13Compiler.mm:751-792); all 120 here carry gamma+beta with epsilon as an fp16 const; additionally the affine-less core surface (1,3..."
572,const,direct-const,constant data; filtered before the program stream (ANEH13Compiler.mm:1391-1393)
573,const,direct-const,constant data; filtered before the program stream (ANEH13Compiler.mm:1391-1393)
574,const,direct-const,constant data; filtered before the program stream (ANEH13Compiler.mm:1391-1393)
575,layer_norm,missing,"normParityPlan hard-rejects affine layer_norm: requires args==3, fp32 epsilon==1e-5, NO gamma/beta ('Apple's compiler in this harness rejects every affine form', ANEH13Compiler.mm:751-792); all 120 here carry gamma+beta with epsilon as an fp16 const; additionally the affine-less core surface (1,3..."
576,constexpr_lut_to_dense,normalization-needed,"4-bit palettization wrapper (fp16 LUT 64 or 256 groups x 16 centroids, uint4 indices) over weight.bin blob data: decompress to dense fp16 at weight-prep and emit as const BLOBFILE; no H13 encoder consumes palettized data"
577,linear,normalization-needed,"weight producer is constexpr_lut_to_dense (constexpr_lut_to_dense), so constantValue(weight) is false and the linear handler rejects with h13.linear-nonconstant-weight; host LUT decompression (fp16 LUT [G,1,16,1] + uint4 indices -> dense fp16 [N,K]) re-emitted as a const with BLOBFILE payload unb..."
578,silu,missing-envelope,"no Silu surface for (1, 375, 4096): kElementwiseTasks carries unary ops only on channel-vector surfaces (C,1,1) C<=4096; unary ops have NO generic fallback (parityPlan-only path)"
579,constexpr_lut_to_dense,normalization-needed,"4-bit palettization wrapper (fp16 LUT 64 or 256 groups x 16 centroids, uint4 indices) over weight.bin blob data: decompress to dense fp16 at weight-prep and emit as const BLOBFILE; no H13 encoder consumes palettized data"
580,linear,normalization-needed,"weight producer is constexpr_lut_to_dense (constexpr_lut_to_dense), so constantValue(weight) is false and the linear handler rejects with h13.linear-nonconstant-weight; host LUT decompression (fp16 LUT [G,1,16,1] + uint4 indices -> dense fp16 [N,K]) re-emitted as a const with BLOBFILE payload unb..."
581,const,direct-const,constant data; filtered before the program stream (ANEH13Compiler.mm:1391-1393)
582,mul,direct,"inline fp16 scalar mul fold (splat constant, 64-element slices)"
583,add,direct,"h13-source-qualified two-runtime same-shape binary, 64-element slices (rung 01-add-legacy proven path)"
584,const,direct-const,constant data; filtered before the program stream (ANEH13Compiler.mm:1391-1393)
585,const,direct-const,constant data; filtered before the program stream (ANEH13Compiler.mm:1391-1393)
586,const,direct-const,constant data; filtered before the program stream (ANEH13Compiler.mm:1391-1393)
587,layer_norm,missing,"normParityPlan hard-rejects affine layer_norm: requires args==3, fp32 epsilon==1e-5, NO gamma/beta ('Apple's compiler in this harness rejects every affine form', ANEH13Compiler.mm:751-792); all 120 here carry gamma+beta with epsilon as an fp16 const; additionally the affine-less core surface (1,3..."
588,constexpr_lut_to_dense,normalization-needed,"4-bit palettization wrapper (fp16 LUT 64 or 256 groups x 16 centroids, uint4 indices) over weight.bin blob data: decompress to dense fp16 at weight-prep and emit as const BLOBFILE; no H13 encoder consumes palettized data"
589,linear,normalization-needed,"weight producer is constexpr_lut_to_dense (constexpr_lut_to_dense), so constantValue(weight) is false and the linear handler rejects with h13.linear-nonconstant-weight; host LUT decompression (fp16 LUT [G,1,16,1] + uint4 indices -> dense fp16 [N,K]) re-emitted as a const with BLOBFILE payload unb..."
590,const,direct-const,constant data; filtered before the program stream (ANEH13Compiler.mm:1391-1393)
591,reshape,direct-alias,"compile-loop shape alias: metadata only, no program emitted (ANEH13Compiler.mm:1456-1482)"
592,const,direct-const,constant data; filtered before the program stream (ANEH13Compiler.mm:1391-1393)
593,constexpr_lut_to_dense,normalization-needed,"4-bit palettization wrapper (fp16 LUT 64 or 256 groups x 16 centroids, uint4 indices) over weight.bin blob data: decompress to dense fp16 at weight-prep and emit as const BLOBFILE; no H13 encoder consumes palettized data"
594,linear,normalization-needed,"weight producer is constexpr_lut_to_dense (constexpr_lut_to_dense), so constantValue(weight) is false and the linear handler rejects with h13.linear-nonconstant-weight; host LUT decompression (fp16 LUT [G,1,16,1] + uint4 indices -> dense fp16 [N,K]) re-emitted as a const with BLOBFILE payload unb..."
595,const,direct-const,constant data; filtered before the program stream (ANEH13Compiler.mm:1391-1393)
596,reshape,direct-alias,"compile-loop shape alias: metadata only, no program emitted (ANEH13Compiler.mm:1456-1482)"
597,const,direct-const,constant data; filtered before the program stream (ANEH13Compiler.mm:1391-1393)
598,constexpr_lut_to_dense,normalization-needed,"4-bit palettization wrapper (fp16 LUT 64 or 256 groups x 16 centroids, uint4 indices) over weight.bin blob data: decompress to dense fp16 at weight-prep and emit as const BLOBFILE; no H13 encoder consumes palettized data"
599,linear,normalization-needed,"weight producer is constexpr_lut_to_dense (constexpr_lut_to_dense), so constantValue(weight) is false and the linear handler rejects with h13.linear-nonconstant-weight; host LUT decompression (fp16 LUT [G,1,16,1] + uint4 indices -> dense fp16 [N,K]) re-emitted as a const with BLOBFILE payload unb..."
600,const,direct-const,constant data; filtered before the program stream (ANEH13Compiler.mm:1391-1393)
601,reshape,direct-alias,"compile-loop shape alias: metadata only, no program emitted (ANEH13Compiler.mm:1456-1482)"
602,const,direct-const,constant data; filtered before the program stream (ANEH13Compiler.mm:1391-1393)
603,const,direct-const,constant data; filtered before the program stream (ANEH13Compiler.mm:1391-1393)
604,transpose,missing,no H13 encoder for 'transpose': lowerOperation final reject 'H13 has no source-qualified encoder for' (ANEH13Compiler.mm:1349-1350)
605,add,direct,whole-tensor constant fold (add/mul/max/min; sub folds as sign-flipped add; real_div folds only for powers of two)
606,const,direct-const,constant data; filtered before the program stream (ANEH13Compiler.mm:1391-1393)
607,add,direct,whole-tensor constant fold (add/mul/max/min; sub folds as sign-flipped add; real_div folds only for powers of two)
608,const,direct-const,constant data; filtered before the program stream (ANEH13Compiler.mm:1391-1393)
609,const,direct-const,constant data; filtered before the program stream (ANEH13Compiler.mm:1391-1393)
610,const,direct-const,constant data; filtered before the program stream (ANEH13Compiler.mm:1391-1393)
611,matmul,normalization-needed,"const-weight matmul 3000x128x749 tx=False ty=False outside parity envelope; falls to the source-qualified chunked matvec path (per-row/512-column slices, physical reduction 256/512, weight must be a const with BLOBFILE payload — this proto stores it inline, so the handoff must re-emit weight.bin ..."
612,const,direct-const,constant data; filtered before the program stream (ANEH13Compiler.mm:1391-1393)
613,const,direct-const,constant data; filtered before the program stream (ANEH13Compiler.mm:1391-1393)
614,const,direct-const,constant data; filtered before the program stream (ANEH13Compiler.mm:1391-1393)
615,pad,missing,no H13 encoder for 'pad': lowerOperation final reject 'H13 has no source-qualified encoder for' (ANEH13Compiler.mm:1349-1350)
616,const,direct-const,constant data; filtered before the program stream (ANEH13Compiler.mm:1391-1393)
617,reshape,direct-alias,"compile-loop shape alias: metadata only, no program emitted (ANEH13Compiler.mm:1456-1482)"
618,const,direct-const,constant data; filtered before the program stream (ANEH13Compiler.mm:1391-1393)
619,const,direct-const,constant data; filtered before the program stream (ANEH13Compiler.mm:1391-1393)
620,const,direct-const,constant data; filtered before the program stream (ANEH13Compiler.mm:1391-1393)
621,slice_by_index,missing,no H13 encoder for 'slice_by_index': lowerOperation final reject 'H13 has no source-qualified encoder for' (ANEH13Compiler.mm:1349-1350)
622,const,direct-const,constant data; filtered before the program stream (ANEH13Compiler.mm:1391-1393)
623,reshape,direct-alias,"compile-loop shape alias: metadata only, no program emitted (ANEH13Compiler.mm:1456-1482)"
624,const,direct-const,constant data; filtered before the program stream (ANEH13Compiler.mm:1391-1393)
625,const,direct-const,constant data; filtered before the program stream (ANEH13Compiler.mm:1391-1393)
626,const,direct-const,constant data; filtered before the program stream (ANEH13Compiler.mm:1391-1393)
627,slice_by_index,missing,no H13 encoder for 'slice_by_index': lowerOperation final reject 'H13 has no source-qualified encoder for' (ANEH13Compiler.mm:1349-1350)
628,const,direct-const,constant data; filtered before the program stream (ANEH13Compiler.mm:1391-1393)
629,mul,direct,"inline fp16 scalar mul fold (splat constant, 64-element slices)"
630,select,missing,no H13 encoder for 'select': lowerOperation final reject 'H13 has no source-qualified encoder for' (ANEH13Compiler.mm:1349-1350)
631,mul,direct,"inline fp16 scalar mul fold (splat constant, 64-element slices)"
632,const,direct-const,constant data; filtered before the program stream (ANEH13Compiler.mm:1391-1393)
633,const,direct-const,constant data; filtered before the program stream (ANEH13Compiler.mm:1391-1393)
634,transpose,missing,no H13 encoder for 'transpose': lowerOperation final reject 'H13 has no source-qualified encoder for' (ANEH13Compiler.mm:1349-1350)
635,matmul,missing-envelope,"runtime-operand matmul rows=3000 red=128 cols=375 tx=False ty=True y=(1, 8, 375, 128): outside kMatmulEnvelopeTasks (rows decoded only for 1 and 16); runtime-weight matmul is parity-path-only — reject h13.matmul-outside-envelope; no chunked fallback exists for runtime operands"
636,add,direct,"h13-source-qualified two-runtime same-shape binary, 64-element slices (rung 01-add-legacy proven path)"
637,const,direct-const,constant data; filtered before the program stream (ANEH13Compiler.mm:1391-1393)
638,softmax,missing-envelope,"softmax template lookup in=(8, 375, 375) out=(8, 375, 375) axis-mask=0x08: absent from kNormTasks (44 decoded softmax programs; largest spatial 256x256); normParityPlan is softmax's only path (no generic fallback)"
639,const,direct-const,constant data; filtered before the program stream (ANEH13Compiler.mm:1391-1393)
640,const,direct-const,constant data; filtered before the program stream (ANEH13Compiler.mm:1391-1393)
641,transpose,missing,no H13 encoder for 'transpose': lowerOperation final reject 'H13 has no source-qualified encoder for' (ANEH13Compiler.mm:1349-1350)
642,matmul,missing-envelope,"runtime-operand matmul rows=3000 red=375 cols=128 tx=False ty=False y=(1, 8, 375, 128): outside kMatmulEnvelopeTasks (rows decoded only for 1 and 16); runtime-weight matmul is parity-path-only — reject h13.matmul-outside-envelope; no chunked fallback exists for runtime operands"
643,const,direct-const,constant data; filtered before the program stream (ANEH13Compiler.mm:1391-1393)
644,const,direct-const,constant data; filtered before the program stream (ANEH13Compiler.mm:1391-1393)
645,transpose,missing,no H13 encoder for 'transpose': lowerOperation final reject 'H13 has no source-qualified encoder for' (ANEH13Compiler.mm:1349-1350)
646,reshape,direct-alias,"compile-loop shape alias: metadata only, no program emitted (ANEH13Compiler.mm:1456-1482)"
647,constexpr_lut_to_dense,normalization-needed,"4-bit palettization wrapper (fp16 LUT 64 or 256 groups x 16 centroids, uint4 indices) over weight.bin blob data: decompress to dense fp16 at weight-prep and emit as const BLOBFILE; no H13 encoder consumes palettized data"
648,linear,normalization-needed,"weight producer is constexpr_lut_to_dense (constexpr_lut_to_dense), so constantValue(weight) is false and the linear handler rejects with h13.linear-nonconstant-weight; host LUT decompression (fp16 LUT [G,1,16,1] + uint4 indices -> dense fp16 [N,K]) re-emitted as a const with BLOBFILE payload unb..."
649,add,direct,"h13-source-qualified two-runtime same-shape binary, 64-element slices (rung 01-add-legacy proven path)"
650,const,direct-const,constant data; filtered before the program stream (ANEH13Compiler.mm:1391-1393)
651,const,direct-const,constant data; filtered before the program stream (ANEH13Compiler.mm:1391-1393)
652,const,direct-const,constant data; filtered before the program stream (ANEH13Compiler.mm:1391-1393)
653,layer_norm,missing,"normParityPlan hard-rejects affine layer_norm: requires args==3, fp32 epsilon==1e-5, NO gamma/beta ('Apple's compiler in this harness rejects every affine form', ANEH13Compiler.mm:751-792); all 120 here carry gamma+beta with epsilon as an fp16 const; additionally the affine-less core surface (1,3..."
654,const,direct-const,constant data; filtered before the program stream (ANEH13Compiler.mm:1391-1393)
655,const,direct-const,constant data; filtered before the program stream (ANEH13Compiler.mm:1391-1393)
656,const,direct-const,constant data; filtered before the program stream (ANEH13Compiler.mm:1391-1393)
657,const,direct-const,constant data; filtered before the program stream (ANEH13Compiler.mm:1391-1393)
658,const,direct-const,constant data; filtered before the program stream (ANEH13Compiler.mm:1391-1393)
659,const,direct-const,constant data; filtered before the program stream (ANEH13Compiler.mm:1391-1393)
660,const,direct-const,constant data; filtered before the program stream (ANEH13Compiler.mm:1391-1393)
661,transpose,missing,no H13 encoder for 'transpose': lowerOperation final reject 'H13 has no source-qualified encoder for' (ANEH13Compiler.mm:1349-1350)
662,conv,missing-envelope,"rank-3 spelling rejected by convSurface (requires rank-4 fp16 NCHW batch=1); rank-4 re-spell would still need surface in kConvTasks: in=(1, 1024, 375) out=(1, 2048, 375) k=? s=1 g=1 pad_type 'valid'"
663,const,direct-const,constant data; filtered before the program stream (ANEH13Compiler.mm:1391-1393)
664,const,direct-const,constant data; filtered before the program stream (ANEH13Compiler.mm:1391-1393)
665,split,missing,no H13 encoder for 'split': lowerOperation final reject 'H13 has no source-qualified encoder for' (ANEH13Compiler.mm:1349-1350)
666,sigmoid,missing-envelope,"no Sigmoid surface for (1, 1024, 375): kElementwiseTasks carries unary ops only on channel-vector surfaces (C,1,1) C<=4096; unary ops have NO generic fallback (parityPlan-only path)"
667,mul,direct,"h13-source-qualified two-runtime same-shape binary, 64-element slices (rung 01-add-legacy proven path)"
668,select,missing,no H13 encoder for 'select': lowerOperation final reject 'H13 has no source-qualified encoder for' (ANEH13Compiler.mm:1349-1350)
669,const,direct-const,constant data; filtered before the program stream (ANEH13Compiler.mm:1391-1393)
670,const,direct-const,constant data; filtered before the program stream (ANEH13Compiler.mm:1391-1393)
671,const,direct-const,constant data; filtered before the program stream (ANEH13Compiler.mm:1391-1393)
672,const,direct-const,constant data; filtered before the program stream (ANEH13Compiler.mm:1391-1393)
673,const,direct-const,constant data; filtered before the program stream (ANEH13Compiler.mm:1391-1393)
674,const,direct-const,constant data; filtered before the program stream (ANEH13Compiler.mm:1391-1393)
675,const,direct-const,constant data; filtered before the program stream (ANEH13Compiler.mm:1391-1393)
676,conv,missing-envelope,"rank-3 spelling rejected by convSurface (requires rank-4 fp16 NCHW batch=1); rank-4 re-spell would still need surface in kConvTasks: in=(1, 1024, 375) out=(1, 1024, 375) k=? s=1 g=1024 pad_type 'custom'"
677,silu,missing-envelope,"no Silu surface for (1, 1024, 375): kElementwiseTasks carries unary ops only on channel-vector surfaces (C,1,1) C<=4096; unary ops have NO generic fallback (parityPlan-only path)"
678,const,direct-const,constant data; filtered before the program stream (ANEH13Compiler.mm:1391-1393)
679,const,direct-const,constant data; filtered before the program stream (ANEH13Compiler.mm:1391-1393)
680,const,direct-const,constant data; filtered before the program stream (ANEH13Compiler.mm:1391-1393)
681,const,direct-const,constant data; filtered before the program stream (ANEH13Compiler.mm:1391-1393)
682,const,direct-const,constant data; filtered before the program stream (ANEH13Compiler.mm:1391-1393)
683,const,direct-const,constant data; filtered before the program stream (ANEH13Compiler.mm:1391-1393)
684,conv,missing-envelope,"rank-3 spelling rejected by convSurface (requires rank-4 fp16 NCHW batch=1); rank-4 re-spell would still need surface in kConvTasks: in=(1, 1024, 375) out=(1, 1024, 375) k=? s=1 g=1 pad_type 'valid'"
685,const,direct-const,constant data; filtered before the program stream (ANEH13Compiler.mm:1391-1393)
686,transpose,missing,no H13 encoder for 'transpose': lowerOperation final reject 'H13 has no source-qualified encoder for' (ANEH13Compiler.mm:1349-1350)
687,add,direct,"h13-source-qualified two-runtime same-shape binary, 64-element slices (rung 01-add-legacy proven path)"
688,const,direct-const,constant data; filtered before the program stream (ANEH13Compiler.mm:1391-1393)
689,const,direct-const,constant data; filtered before the program stream (ANEH13Compiler.mm:1391-1393)
690,const,direct-const,constant data; filtered before the program stream (ANEH13Compiler.mm:1391-1393)
691,layer_norm,missing,"normParityPlan hard-rejects affine layer_norm: requires args==3, fp32 epsilon==1e-5, NO gamma/beta ('Apple's compiler in this harness rejects every affine form', ANEH13Compiler.mm:751-792); all 120 here carry gamma+beta with epsilon as an fp16 const; additionally the affine-less core surface (1,3..."
692,constexpr_lut_to_dense,normalization-needed,"4-bit palettization wrapper (fp16 LUT 64 or 256 groups x 16 centroids, uint4 indices) over weight.bin blob data: decompress to dense fp16 at weight-prep and emit as const BLOBFILE; no H13 encoder consumes palettized data"
693,linear,normalization-needed,"weight producer is constexpr_lut_to_dense (constexpr_lut_to_dense), so constantValue(weight) is false and the linear handler rejects with h13.linear-nonconstant-weight; host LUT decompression (fp16 LUT [G,1,16,1] + uint4 indices -> dense fp16 [N,K]) re-emitted as a const with BLOBFILE payload unb..."
694,silu,missing-envelope,"no Silu surface for (1, 375, 4096): kElementwiseTasks carries unary ops only on channel-vector surfaces (C,1,1) C<=4096; unary ops have NO generic fallback (parityPlan-only path)"
695,constexpr_lut_to_dense,normalization-needed,"4-bit palettization wrapper (fp16 LUT 64 or 256 groups x 16 centroids, uint4 indices) over weight.bin blob data: decompress to dense fp16 at weight-prep and emit as const BLOBFILE; no H13 encoder consumes palettized data"
696,linear,normalization-needed,"weight producer is constexpr_lut_to_dense (constexpr_lut_to_dense), so constantValue(weight) is false and the linear handler rejects with h13.linear-nonconstant-weight; host LUT decompression (fp16 LUT [G,1,16,1] + uint4 indices -> dense fp16 [N,K]) re-emitted as a const with BLOBFILE payload unb..."
697,const,direct-const,constant data; filtered before the program stream (ANEH13Compiler.mm:1391-1393)
698,mul,direct,"inline fp16 scalar mul fold (splat constant, 64-element slices)"
699,add,direct,"h13-source-qualified two-runtime same-shape binary, 64-element slices (rung 01-add-legacy proven path)"
700,const,direct-const,constant data; filtered before the program stream (ANEH13Compiler.mm:1391-1393)
701,const,direct-const,constant data; filtered before the program stream (ANEH13Compiler.mm:1391-1393)
702,const,direct-const,constant data; filtered before the program stream (ANEH13Compiler.mm:1391-1393)
703,layer_norm,missing,"normParityPlan hard-rejects affine layer_norm: requires args==3, fp32 epsilon==1e-5, NO gamma/beta ('Apple's compiler in this harness rejects every affine form', ANEH13Compiler.mm:751-792); all 120 here carry gamma+beta with epsilon as an fp16 const; additionally the affine-less core surface (1,3..."
704,const,direct-const,constant data; filtered before the program stream (ANEH13Compiler.mm:1391-1393)
705,const,direct-const,constant data; filtered before the program stream (ANEH13Compiler.mm:1391-1393)
706,const,direct-const,constant data; filtered before the program stream (ANEH13Compiler.mm:1391-1393)
707,layer_norm,missing,"normParityPlan hard-rejects affine layer_norm: requires args==3, fp32 epsilon==1e-5, NO gamma/beta ('Apple's compiler in this harness rejects every affine form', ANEH13Compiler.mm:751-792); all 120 here carry gamma+beta with epsilon as an fp16 const; additionally the affine-less core surface (1,3..."
708,constexpr_lut_to_dense,normalization-needed,"4-bit palettization wrapper (fp16 LUT 64 or 256 groups x 16 centroids, uint4 indices) over weight.bin blob data: decompress to dense fp16 at weight-prep and emit as const BLOBFILE; no H13 encoder consumes palettized data"
709,linear,normalization-needed,"weight producer is constexpr_lut_to_dense (constexpr_lut_to_dense), so constantValue(weight) is false and the linear handler rejects with h13.linear-nonconstant-weight; host LUT decompression (fp16 LUT [G,1,16,1] + uint4 indices -> dense fp16 [N,K]) re-emitted as a const with BLOBFILE payload unb..."
710,silu,missing-envelope,"no Silu surface for (1, 375, 4096): kElementwiseTasks carries unary ops only on channel-vector surfaces (C,1,1) C<=4096; unary ops have NO generic fallback (parityPlan-only path)"
711,constexpr_lut_to_dense,normalization-needed,"4-bit palettization wrapper (fp16 LUT 64 or 256 groups x 16 centroids, uint4 indices) over weight.bin blob data: decompress to dense fp16 at weight-prep and emit as const BLOBFILE; no H13 encoder consumes palettized data"
712,linear,normalization-needed,"weight producer is constexpr_lut_to_dense (constexpr_lut_to_dense), so constantValue(weight) is false and the linear handler rejects with h13.linear-nonconstant-weight; host LUT decompression (fp16 LUT [G,1,16,1] + uint4 indices -> dense fp16 [N,K]) re-emitted as a const with BLOBFILE payload unb..."
713,const,direct-const,constant data; filtered before the program stream (ANEH13Compiler.mm:1391-1393)
714,mul,direct,"inline fp16 scalar mul fold (splat constant, 64-element slices)"
715,add,direct,"h13-source-qualified two-runtime same-shape binary, 64-element slices (rung 01-add-legacy proven path)"
716,const,direct-const,constant data; filtered before the program stream (ANEH13Compiler.mm:1391-1393)
717,const,direct-const,constant data; filtered before the program stream (ANEH13Compiler.mm:1391-1393)
718,const,direct-const,constant data; filtered before the program stream (ANEH13Compiler.mm:1391-1393)
719,layer_norm,missing,"normParityPlan hard-rejects affine layer_norm: requires args==3, fp32 epsilon==1e-5, NO gamma/beta ('Apple's compiler in this harness rejects every affine form', ANEH13Compiler.mm:751-792); all 120 here carry gamma+beta with epsilon as an fp16 const; additionally the affine-less core surface (1,3..."
720,constexpr_lut_to_dense,normalization-needed,"4-bit palettization wrapper (fp16 LUT 64 or 256 groups x 16 centroids, uint4 indices) over weight.bin blob data: decompress to dense fp16 at weight-prep and emit as const BLOBFILE; no H13 encoder consumes palettized data"
721,linear,normalization-needed,"weight producer is constexpr_lut_to_dense (constexpr_lut_to_dense), so constantValue(weight) is false and the linear handler rejects with h13.linear-nonconstant-weight; host LUT decompression (fp16 LUT [G,1,16,1] + uint4 indices -> dense fp16 [N,K]) re-emitted as a const with BLOBFILE payload unb..."
722,const,direct-const,constant data; filtered before the program stream (ANEH13Compiler.mm:1391-1393)
723,reshape,direct-alias,"compile-loop shape alias: metadata only, no program emitted (ANEH13Compiler.mm:1456-1482)"
724,const,direct-const,constant data; filtered before the program stream (ANEH13Compiler.mm:1391-1393)
725,constexpr_lut_to_dense,normalization-needed,"4-bit palettization wrapper (fp16 LUT 64 or 256 groups x 16 centroids, uint4 indices) over weight.bin blob data: decompress to dense fp16 at weight-prep and emit as const BLOBFILE; no H13 encoder consumes palettized data"
726,linear,normalization-needed,"weight producer is constexpr_lut_to_dense (constexpr_lut_to_dense), so constantValue(weight) is false and the linear handler rejects with h13.linear-nonconstant-weight; host LUT decompression (fp16 LUT [G,1,16,1] + uint4 indices -> dense fp16 [N,K]) re-emitted as a const with BLOBFILE payload unb..."
727,const,direct-const,constant data; filtered before the program stream (ANEH13Compiler.mm:1391-1393)
728,reshape,direct-alias,"compile-loop shape alias: metadata only, no program emitted (ANEH13Compiler.mm:1456-1482)"
729,const,direct-const,constant data; filtered before the program stream (ANEH13Compiler.mm:1391-1393)
730,constexpr_lut_to_dense,normalization-needed,"4-bit palettization wrapper (fp16 LUT 64 or 256 groups x 16 centroids, uint4 indices) over weight.bin blob data: decompress to dense fp16 at weight-prep and emit as const BLOBFILE; no H13 encoder consumes palettized data"
731,linear,normalization-needed,"weight producer is constexpr_lut_to_dense (constexpr_lut_to_dense), so constantValue(weight) is false and the linear handler rejects with h13.linear-nonconstant-weight; host LUT decompression (fp16 LUT [G,1,16,1] + uint4 indices -> dense fp16 [N,K]) re-emitted as a const with BLOBFILE payload unb..."
732,const,direct-const,constant data; filtered before the program stream (ANEH13Compiler.mm:1391-1393)
733,reshape,direct-alias,"compile-loop shape alias: metadata only, no program emitted (ANEH13Compiler.mm:1456-1482)"
734,const,direct-const,constant data; filtered before the program stream (ANEH13Compiler.mm:1391-1393)
735,const,direct-const,constant data; filtered before the program stream (ANEH13Compiler.mm:1391-1393)
736,transpose,missing,no H13 encoder for 'transpose': lowerOperation final reject 'H13 has no source-qualified encoder for' (ANEH13Compiler.mm:1349-1350)
737,add,direct,whole-tensor constant fold (add/mul/max/min; sub folds as sign-flipped add; real_div folds only for powers of two)
738,const,direct-const,constant data; filtered before the program stream (ANEH13Compiler.mm:1391-1393)
739,add,direct,whole-tensor constant fold (add/mul/max/min; sub folds as sign-flipped add; real_div folds only for powers of two)
740,const,direct-const,constant data; filtered before the program stream (ANEH13Compiler.mm:1391-1393)
741,const,direct-const,constant data; filtered before the program stream (ANEH13Compiler.mm:1391-1393)
742,const,direct-const,constant data; filtered before the program stream (ANEH13Compiler.mm:1391-1393)
743,matmul,normalization-needed,"const-weight matmul 3000x128x749 tx=False ty=False outside parity envelope; falls to the source-qualified chunked matvec path (per-row/512-column slices, physical reduction 256/512, weight must be a const with BLOBFILE payload — this proto stores it inline, so the handoff must re-emit weight.bin ..."
744,const,direct-const,constant data; filtered before the program stream (ANEH13Compiler.mm:1391-1393)
745,const,direct-const,constant data; filtered before the program stream (ANEH13Compiler.mm:1391-1393)
746,const,direct-const,constant data; filtered before the program stream (ANEH13Compiler.mm:1391-1393)
747,pad,missing,no H13 encoder for 'pad': lowerOperation final reject 'H13 has no source-qualified encoder for' (ANEH13Compiler.mm:1349-1350)
748,const,direct-const,constant data; filtered before the program stream (ANEH13Compiler.mm:1391-1393)
749,reshape,direct-alias,"compile-loop shape alias: metadata only, no program emitted (ANEH13Compiler.mm:1456-1482)"
750,const,direct-const,constant data; filtered before the program stream (ANEH13Compiler.mm:1391-1393)
751,const,direct-const,constant data; filtered before the program stream (ANEH13Compiler.mm:1391-1393)
752,const,direct-const,constant data; filtered before the program stream (ANEH13Compiler.mm:1391-1393)
753,slice_by_index,missing,no H13 encoder for 'slice_by_index': lowerOperation final reject 'H13 has no source-qualified encoder for' (ANEH13Compiler.mm:1349-1350)
754,const,direct-const,constant data; filtered before the program stream (ANEH13Compiler.mm:1391-1393)
755,reshape,direct-alias,"compile-loop shape alias: metadata only, no program emitted (ANEH13Compiler.mm:1456-1482)"
756,const,direct-const,constant data; filtered before the program stream (ANEH13Compiler.mm:1391-1393)
757,const,direct-const,constant data; filtered before the program stream (ANEH13Compiler.mm:1391-1393)
758,const,direct-const,constant data; filtered before the program stream (ANEH13Compiler.mm:1391-1393)
759,slice_by_index,missing,no H13 encoder for 'slice_by_index': lowerOperation final reject 'H13 has no source-qualified encoder for' (ANEH13Compiler.mm:1349-1350)
760,const,direct-const,constant data; filtered before the program stream (ANEH13Compiler.mm:1391-1393)
761,mul,direct,"inline fp16 scalar mul fold (splat constant, 64-element slices)"
762,select,missing,no H13 encoder for 'select': lowerOperation final reject 'H13 has no source-qualified encoder for' (ANEH13Compiler.mm:1349-1350)
763,mul,direct,"inline fp16 scalar mul fold (splat constant, 64-element slices)"
764,const,direct-const,constant data; filtered before the program stream (ANEH13Compiler.mm:1391-1393)
765,const,direct-const,constant data; filtered before the program stream (ANEH13Compiler.mm:1391-1393)
766,transpose,missing,no H13 encoder for 'transpose': lowerOperation final reject 'H13 has no source-qualified encoder for' (ANEH13Compiler.mm:1349-1350)
767,matmul,missing-envelope,"runtime-operand matmul rows=3000 red=128 cols=375 tx=False ty=True y=(1, 8, 375, 128): outside kMatmulEnvelopeTasks (rows decoded only for 1 and 16); runtime-weight matmul is parity-path-only — reject h13.matmul-outside-envelope; no chunked fallback exists for runtime operands"
768,add,direct,"h13-source-qualified two-runtime same-shape binary, 64-element slices (rung 01-add-legacy proven path)"
769,const,direct-const,constant data; filtered before the program stream (ANEH13Compiler.mm:1391-1393)
770,softmax,missing-envelope,"softmax template lookup in=(8, 375, 375) out=(8, 375, 375) axis-mask=0x08: absent from kNormTasks (44 decoded softmax programs; largest spatial 256x256); normParityPlan is softmax's only path (no generic fallback)"
771,const,direct-const,constant data; filtered before the program stream (ANEH13Compiler.mm:1391-1393)
772,const,direct-const,constant data; filtered before the program stream (ANEH13Compiler.mm:1391-1393)
773,transpose,missing,no H13 encoder for 'transpose': lowerOperation final reject 'H13 has no source-qualified encoder for' (ANEH13Compiler.mm:1349-1350)
774,matmul,missing-envelope,"runtime-operand matmul rows=3000 red=375 cols=128 tx=False ty=False y=(1, 8, 375, 128): outside kMatmulEnvelopeTasks (rows decoded only for 1 and 16); runtime-weight matmul is parity-path-only — reject h13.matmul-outside-envelope; no chunked fallback exists for runtime operands"
775,const,direct-const,constant data; filtered before the program stream (ANEH13Compiler.mm:1391-1393)
776,const,direct-const,constant data; filtered before the program stream (ANEH13Compiler.mm:1391-1393)
777,transpose,missing,no H13 encoder for 'transpose': lowerOperation final reject 'H13 has no source-qualified encoder for' (ANEH13Compiler.mm:1349-1350)
778,reshape,direct-alias,"compile-loop shape alias: metadata only, no program emitted (ANEH13Compiler.mm:1456-1482)"
779,constexpr_lut_to_dense,normalization-needed,"4-bit palettization wrapper (fp16 LUT 64 or 256 groups x 16 centroids, uint4 indices) over weight.bin blob data: decompress to dense fp16 at weight-prep and emit as const BLOBFILE; no H13 encoder consumes palettized data"
780,linear,normalization-needed,"weight producer is constexpr_lut_to_dense (constexpr_lut_to_dense), so constantValue(weight) is false and the linear handler rejects with h13.linear-nonconstant-weight; host LUT decompression (fp16 LUT [G,1,16,1] + uint4 indices -> dense fp16 [N,K]) re-emitted as a const with BLOBFILE payload unb..."
781,add,direct,"h13-source-qualified two-runtime same-shape binary, 64-element slices (rung 01-add-legacy proven path)"
782,const,direct-const,constant data; filtered before the program stream (ANEH13Compiler.mm:1391-1393)
783,const,direct-const,constant data; filtered before the program stream (ANEH13Compiler.mm:1391-1393)
784,const,direct-const,constant data; filtered before the program stream (ANEH13Compiler.mm:1391-1393)
785,layer_norm,missing,"normParityPlan hard-rejects affine layer_norm: requires args==3, fp32 epsilon==1e-5, NO gamma/beta ('Apple's compiler in this harness rejects every affine form', ANEH13Compiler.mm:751-792); all 120 here carry gamma+beta with epsilon as an fp16 const; additionally the affine-less core surface (1,3..."
786,const,direct-const,constant data; filtered before the program stream (ANEH13Compiler.mm:1391-1393)
787,const,direct-const,constant data; filtered before the program stream (ANEH13Compiler.mm:1391-1393)
788,const,direct-const,constant data; filtered before the program stream (ANEH13Compiler.mm:1391-1393)
789,const,direct-const,constant data; filtered before the program stream (ANEH13Compiler.mm:1391-1393)
790,const,direct-const,constant data; filtered before the program stream (ANEH13Compiler.mm:1391-1393)
791,const,direct-const,constant data; filtered before the program stream (ANEH13Compiler.mm:1391-1393)
792,const,direct-const,constant data; filtered before the program stream (ANEH13Compiler.mm:1391-1393)
793,transpose,missing,no H13 encoder for 'transpose': lowerOperation final reject 'H13 has no source-qualified encoder for' (ANEH13Compiler.mm:1349-1350)
794,conv,missing-envelope,"rank-3 spelling rejected by convSurface (requires rank-4 fp16 NCHW batch=1); rank-4 re-spell would still need surface in kConvTasks: in=(1, 1024, 375) out=(1, 2048, 375) k=? s=1 g=1 pad_type 'valid'"
795,const,direct-const,constant data; filtered before the program stream (ANEH13Compiler.mm:1391-1393)
796,const,direct-const,constant data; filtered before the program stream (ANEH13Compiler.mm:1391-1393)
797,split,missing,no H13 encoder for 'split': lowerOperation final reject 'H13 has no source-qualified encoder for' (ANEH13Compiler.mm:1349-1350)
798,sigmoid,missing-envelope,"no Sigmoid surface for (1, 1024, 375): kElementwiseTasks carries unary ops only on channel-vector surfaces (C,1,1) C<=4096; unary ops have NO generic fallback (parityPlan-only path)"
799,mul,direct,"h13-source-qualified two-runtime same-shape binary, 64-element slices (rung 01-add-legacy proven path)"
800,select,missing,no H13 encoder for 'select': lowerOperation final reject 'H13 has no source-qualified encoder for' (ANEH13Compiler.mm:1349-1350)
801,const,direct-const,constant data; filtered before the program stream (ANEH13Compiler.mm:1391-1393)
802,const,direct-const,constant data; filtered before the program stream (ANEH13Compiler.mm:1391-1393)
803,const,direct-const,constant data; filtered before the program stream (ANEH13Compiler.mm:1391-1393)
804,const,direct-const,constant data; filtered before the program stream (ANEH13Compiler.mm:1391-1393)
805,const,direct-const,constant data; filtered before the program stream (ANEH13Compiler.mm:1391-1393)
806,const,direct-const,constant data; filtered before the program stream (ANEH13Compiler.mm:1391-1393)
807,const,direct-const,constant data; filtered before the program stream (ANEH13Compiler.mm:1391-1393)
808,conv,missing-envelope,"rank-3 spelling rejected by convSurface (requires rank-4 fp16 NCHW batch=1); rank-4 re-spell would still need surface in kConvTasks: in=(1, 1024, 375) out=(1, 1024, 375) k=? s=1 g=1024 pad_type 'custom'"
809,silu,missing-envelope,"no Silu surface for (1, 1024, 375): kElementwiseTasks carries unary ops only on channel-vector surfaces (C,1,1) C<=4096; unary ops have NO generic fallback (parityPlan-only path)"
810,const,direct-const,constant data; filtered before the program stream (ANEH13Compiler.mm:1391-1393)
811,const,direct-const,constant data; filtered before the program stream (ANEH13Compiler.mm:1391-1393)
812,const,direct-const,constant data; filtered before the program stream (ANEH13Compiler.mm:1391-1393)
813,const,direct-const,constant data; filtered before the program stream (ANEH13Compiler.mm:1391-1393)
814,const,direct-const,constant data; filtered before the program stream (ANEH13Compiler.mm:1391-1393)
815,const,direct-const,constant data; filtered before the program stream (ANEH13Compiler.mm:1391-1393)
816,conv,missing-envelope,"rank-3 spelling rejected by convSurface (requires rank-4 fp16 NCHW batch=1); rank-4 re-spell would still need surface in kConvTasks: in=(1, 1024, 375) out=(1, 1024, 375) k=? s=1 g=1 pad_type 'valid'"
817,const,direct-const,constant data; filtered before the program stream (ANEH13Compiler.mm:1391-1393)
818,transpose,missing,no H13 encoder for 'transpose': lowerOperation final reject 'H13 has no source-qualified encoder for' (ANEH13Compiler.mm:1349-1350)
819,add,direct,"h13-source-qualified two-runtime same-shape binary, 64-element slices (rung 01-add-legacy proven path)"
820,const,direct-const,constant data; filtered before the program stream (ANEH13Compiler.mm:1391-1393)
821,const,direct-const,constant data; filtered before the program stream (ANEH13Compiler.mm:1391-1393)
822,const,direct-const,constant data; filtered before the program stream (ANEH13Compiler.mm:1391-1393)
823,layer_norm,missing,"normParityPlan hard-rejects affine layer_norm: requires args==3, fp32 epsilon==1e-5, NO gamma/beta ('Apple's compiler in this harness rejects every affine form', ANEH13Compiler.mm:751-792); all 120 here carry gamma+beta with epsilon as an fp16 const; additionally the affine-less core surface (1,3..."
824,constexpr_lut_to_dense,normalization-needed,"4-bit palettization wrapper (fp16 LUT 64 or 256 groups x 16 centroids, uint4 indices) over weight.bin blob data: decompress to dense fp16 at weight-prep and emit as const BLOBFILE; no H13 encoder consumes palettized data"
825,linear,normalization-needed,"weight producer is constexpr_lut_to_dense (constexpr_lut_to_dense), so constantValue(weight) is false and the linear handler rejects with h13.linear-nonconstant-weight; host LUT decompression (fp16 LUT [G,1,16,1] + uint4 indices -> dense fp16 [N,K]) re-emitted as a const with BLOBFILE payload unb..."
826,silu,missing-envelope,"no Silu surface for (1, 375, 4096): kElementwiseTasks carries unary ops only on channel-vector surfaces (C,1,1) C<=4096; unary ops have NO generic fallback (parityPlan-only path)"
827,constexpr_lut_to_dense,normalization-needed,"4-bit palettization wrapper (fp16 LUT 64 or 256 groups x 16 centroids, uint4 indices) over weight.bin blob data: decompress to dense fp16 at weight-prep and emit as const BLOBFILE; no H13 encoder consumes palettized data"
828,linear,normalization-needed,"weight producer is constexpr_lut_to_dense (constexpr_lut_to_dense), so constantValue(weight) is false and the linear handler rejects with h13.linear-nonconstant-weight; host LUT decompression (fp16 LUT [G,1,16,1] + uint4 indices -> dense fp16 [N,K]) re-emitted as a const with BLOBFILE payload unb..."
829,const,direct-const,constant data; filtered before the program stream (ANEH13Compiler.mm:1391-1393)
830,mul,direct,"inline fp16 scalar mul fold (splat constant, 64-element slices)"
831,add,direct,"h13-source-qualified two-runtime same-shape binary, 64-element slices (rung 01-add-legacy proven path)"
832,const,direct-const,constant data; filtered before the program stream (ANEH13Compiler.mm:1391-1393)
833,const,direct-const,constant data; filtered before the program stream (ANEH13Compiler.mm:1391-1393)
834,const,direct-const,constant data; filtered before the program stream (ANEH13Compiler.mm:1391-1393)
835,layer_norm,missing,"normParityPlan hard-rejects affine layer_norm: requires args==3, fp32 epsilon==1e-5, NO gamma/beta ('Apple's compiler in this harness rejects every affine form', ANEH13Compiler.mm:751-792); all 120 here carry gamma+beta with epsilon as an fp16 const; additionally the affine-less core surface (1,3..."
836,const,direct-const,constant data; filtered before the program stream (ANEH13Compiler.mm:1391-1393)
837,const,direct-const,constant data; filtered before the program stream (ANEH13Compiler.mm:1391-1393)
838,const,direct-const,constant data; filtered before the program stream (ANEH13Compiler.mm:1391-1393)
839,layer_norm,missing,"normParityPlan hard-rejects affine layer_norm: requires args==3, fp32 epsilon==1e-5, NO gamma/beta ('Apple's compiler in this harness rejects every affine form', ANEH13Compiler.mm:751-792); all 120 here carry gamma+beta with epsilon as an fp16 const; additionally the affine-less core surface (1,3..."
840,constexpr_lut_to_dense,normalization-needed,"4-bit palettization wrapper (fp16 LUT 64 or 256 groups x 16 centroids, uint4 indices) over weight.bin blob data: decompress to dense fp16 at weight-prep and emit as const BLOBFILE; no H13 encoder consumes palettized data"
841,linear,normalization-needed,"weight producer is constexpr_lut_to_dense (constexpr_lut_to_dense), so constantValue(weight) is false and the linear handler rejects with h13.linear-nonconstant-weight; host LUT decompression (fp16 LUT [G,1,16,1] + uint4 indices -> dense fp16 [N,K]) re-emitted as a const with BLOBFILE payload unb..."
842,silu,missing-envelope,"no Silu surface for (1, 375, 4096): kElementwiseTasks carries unary ops only on channel-vector surfaces (C,1,1) C<=4096; unary ops have NO generic fallback (parityPlan-only path)"
843,constexpr_lut_to_dense,normalization-needed,"4-bit palettization wrapper (fp16 LUT 64 or 256 groups x 16 centroids, uint4 indices) over weight.bin blob data: decompress to dense fp16 at weight-prep and emit as const BLOBFILE; no H13 encoder consumes palettized data"
844,linear,normalization-needed,"weight producer is constexpr_lut_to_dense (constexpr_lut_to_dense), so constantValue(weight) is false and the linear handler rejects with h13.linear-nonconstant-weight; host LUT decompression (fp16 LUT [G,1,16,1] + uint4 indices -> dense fp16 [N,K]) re-emitted as a const with BLOBFILE payload unb..."
845,const,direct-const,constant data; filtered before the program stream (ANEH13Compiler.mm:1391-1393)
846,mul,direct,"inline fp16 scalar mul fold (splat constant, 64-element slices)"
847,add,direct,"h13-source-qualified two-runtime same-shape binary, 64-element slices (rung 01-add-legacy proven path)"
848,const,direct-const,constant data; filtered before the program stream (ANEH13Compiler.mm:1391-1393)
849,const,direct-const,constant data; filtered before the program stream (ANEH13Compiler.mm:1391-1393)
850,const,direct-const,constant data; filtered before the program stream (ANEH13Compiler.mm:1391-1393)
851,layer_norm,missing,"normParityPlan hard-rejects affine layer_norm: requires args==3, fp32 epsilon==1e-5, NO gamma/beta ('Apple's compiler in this harness rejects every affine form', ANEH13Compiler.mm:751-792); all 120 here carry gamma+beta with epsilon as an fp16 const; additionally the affine-less core surface (1,3..."
852,constexpr_lut_to_dense,normalization-needed,"4-bit palettization wrapper (fp16 LUT 64 or 256 groups x 16 centroids, uint4 indices) over weight.bin blob data: decompress to dense fp16 at weight-prep and emit as const BLOBFILE; no H13 encoder consumes palettized data"
853,linear,normalization-needed,"weight producer is constexpr_lut_to_dense (constexpr_lut_to_dense), so constantValue(weight) is false and the linear handler rejects with h13.linear-nonconstant-weight; host LUT decompression (fp16 LUT [G,1,16,1] + uint4 indices -> dense fp16 [N,K]) re-emitted as a const with BLOBFILE payload unb..."
854,const,direct-const,constant data; filtered before the program stream (ANEH13Compiler.mm:1391-1393)
855,reshape,direct-alias,"compile-loop shape alias: metadata only, no program emitted (ANEH13Compiler.mm:1456-1482)"
856,const,direct-const,constant data; filtered before the program stream (ANEH13Compiler.mm:1391-1393)
857,constexpr_lut_to_dense,normalization-needed,"4-bit palettization wrapper (fp16 LUT 64 or 256 groups x 16 centroids, uint4 indices) over weight.bin blob data: decompress to dense fp16 at weight-prep and emit as const BLOBFILE; no H13 encoder consumes palettized data"
858,linear,normalization-needed,"weight producer is constexpr_lut_to_dense (constexpr_lut_to_dense), so constantValue(weight) is false and the linear handler rejects with h13.linear-nonconstant-weight; host LUT decompression (fp16 LUT [G,1,16,1] + uint4 indices -> dense fp16 [N,K]) re-emitted as a const with BLOBFILE payload unb..."
859,const,direct-const,constant data; filtered before the program stream (ANEH13Compiler.mm:1391-1393)
860,reshape,direct-alias,"compile-loop shape alias: metadata only, no program emitted (ANEH13Compiler.mm:1456-1482)"
861,const,direct-const,constant data; filtered before the program stream (ANEH13Compiler.mm:1391-1393)
862,constexpr_lut_to_dense,normalization-needed,"4-bit palettization wrapper (fp16 LUT 64 or 256 groups x 16 centroids, uint4 indices) over weight.bin blob data: decompress to dense fp16 at weight-prep and emit as const BLOBFILE; no H13 encoder consumes palettized data"
863,linear,normalization-needed,"weight producer is constexpr_lut_to_dense (constexpr_lut_to_dense), so constantValue(weight) is false and the linear handler rejects with h13.linear-nonconstant-weight; host LUT decompression (fp16 LUT [G,1,16,1] + uint4 indices -> dense fp16 [N,K]) re-emitted as a const with BLOBFILE payload unb..."
864,const,direct-const,constant data; filtered before the program stream (ANEH13Compiler.mm:1391-1393)
865,reshape,direct-alias,"compile-loop shape alias: metadata only, no program emitted (ANEH13Compiler.mm:1456-1482)"
866,const,direct-const,constant data; filtered before the program stream (ANEH13Compiler.mm:1391-1393)
867,const,direct-const,constant data; filtered before the program stream (ANEH13Compiler.mm:1391-1393)
868,transpose,missing,no H13 encoder for 'transpose': lowerOperation final reject 'H13 has no source-qualified encoder for' (ANEH13Compiler.mm:1349-1350)
869,add,direct,whole-tensor constant fold (add/mul/max/min; sub folds as sign-flipped add; real_div folds only for powers of two)
870,const,direct-const,constant data; filtered before the program stream (ANEH13Compiler.mm:1391-1393)
871,add,direct,whole-tensor constant fold (add/mul/max/min; sub folds as sign-flipped add; real_div folds only for powers of two)
872,const,direct-const,constant data; filtered before the program stream (ANEH13Compiler.mm:1391-1393)
873,const,direct-const,constant data; filtered before the program stream (ANEH13Compiler.mm:1391-1393)
874,const,direct-const,constant data; filtered before the program stream (ANEH13Compiler.mm:1391-1393)
875,matmul,normalization-needed,"const-weight matmul 3000x128x749 tx=False ty=False outside parity envelope; falls to the source-qualified chunked matvec path (per-row/512-column slices, physical reduction 256/512, weight must be a const with BLOBFILE payload — this proto stores it inline, so the handoff must re-emit weight.bin ..."
876,const,direct-const,constant data; filtered before the program stream (ANEH13Compiler.mm:1391-1393)
877,const,direct-const,constant data; filtered before the program stream (ANEH13Compiler.mm:1391-1393)
878,const,direct-const,constant data; filtered before the program stream (ANEH13Compiler.mm:1391-1393)
879,pad,missing,no H13 encoder for 'pad': lowerOperation final reject 'H13 has no source-qualified encoder for' (ANEH13Compiler.mm:1349-1350)
880,const,direct-const,constant data; filtered before the program stream (ANEH13Compiler.mm:1391-1393)
881,reshape,direct-alias,"compile-loop shape alias: metadata only, no program emitted (ANEH13Compiler.mm:1456-1482)"
882,const,direct-const,constant data; filtered before the program stream (ANEH13Compiler.mm:1391-1393)
883,const,direct-const,constant data; filtered before the program stream (ANEH13Compiler.mm:1391-1393)
884,const,direct-const,constant data; filtered before the program stream (ANEH13Compiler.mm:1391-1393)
885,slice_by_index,missing,no H13 encoder for 'slice_by_index': lowerOperation final reject 'H13 has no source-qualified encoder for' (ANEH13Compiler.mm:1349-1350)
886,const,direct-const,constant data; filtered before the program stream (ANEH13Compiler.mm:1391-1393)
887,reshape,direct-alias,"compile-loop shape alias: metadata only, no program emitted (ANEH13Compiler.mm:1456-1482)"
888,const,direct-const,constant data; filtered before the program stream (ANEH13Compiler.mm:1391-1393)
889,const,direct-const,constant data; filtered before the program stream (ANEH13Compiler.mm:1391-1393)
890,const,direct-const,constant data; filtered before the program stream (ANEH13Compiler.mm:1391-1393)
891,slice_by_index,missing,no H13 encoder for 'slice_by_index': lowerOperation final reject 'H13 has no source-qualified encoder for' (ANEH13Compiler.mm:1349-1350)
892,const,direct-const,constant data; filtered before the program stream (ANEH13Compiler.mm:1391-1393)
893,mul,direct,"inline fp16 scalar mul fold (splat constant, 64-element slices)"
894,select,missing,no H13 encoder for 'select': lowerOperation final reject 'H13 has no source-qualified encoder for' (ANEH13Compiler.mm:1349-1350)
895,mul,direct,"inline fp16 scalar mul fold (splat constant, 64-element slices)"
896,const,direct-const,constant data; filtered before the program stream (ANEH13Compiler.mm:1391-1393)
897,const,direct-const,constant data; filtered before the program stream (ANEH13Compiler.mm:1391-1393)
898,transpose,missing,no H13 encoder for 'transpose': lowerOperation final reject 'H13 has no source-qualified encoder for' (ANEH13Compiler.mm:1349-1350)
899,matmul,missing-envelope,"runtime-operand matmul rows=3000 red=128 cols=375 tx=False ty=True y=(1, 8, 375, 128): outside kMatmulEnvelopeTasks (rows decoded only for 1 and 16); runtime-weight matmul is parity-path-only — reject h13.matmul-outside-envelope; no chunked fallback exists for runtime operands"
900,add,direct,"h13-source-qualified two-runtime same-shape binary, 64-element slices (rung 01-add-legacy proven path)"
901,const,direct-const,constant data; filtered before the program stream (ANEH13Compiler.mm:1391-1393)
902,softmax,missing-envelope,"softmax template lookup in=(8, 375, 375) out=(8, 375, 375) axis-mask=0x08: absent from kNormTasks (44 decoded softmax programs; largest spatial 256x256); normParityPlan is softmax's only path (no generic fallback)"
903,const,direct-const,constant data; filtered before the program stream (ANEH13Compiler.mm:1391-1393)
904,const,direct-const,constant data; filtered before the program stream (ANEH13Compiler.mm:1391-1393)
905,transpose,missing,no H13 encoder for 'transpose': lowerOperation final reject 'H13 has no source-qualified encoder for' (ANEH13Compiler.mm:1349-1350)
906,matmul,missing-envelope,"runtime-operand matmul rows=3000 red=375 cols=128 tx=False ty=False y=(1, 8, 375, 128): outside kMatmulEnvelopeTasks (rows decoded only for 1 and 16); runtime-weight matmul is parity-path-only — reject h13.matmul-outside-envelope; no chunked fallback exists for runtime operands"
907,const,direct-const,constant data; filtered before the program stream (ANEH13Compiler.mm:1391-1393)
908,const,direct-const,constant data; filtered before the program stream (ANEH13Compiler.mm:1391-1393)
909,transpose,missing,no H13 encoder for 'transpose': lowerOperation final reject 'H13 has no source-qualified encoder for' (ANEH13Compiler.mm:1349-1350)
910,reshape,direct-alias,"compile-loop shape alias: metadata only, no program emitted (ANEH13Compiler.mm:1456-1482)"
911,constexpr_lut_to_dense,normalization-needed,"4-bit palettization wrapper (fp16 LUT 64 or 256 groups x 16 centroids, uint4 indices) over weight.bin blob data: decompress to dense fp16 at weight-prep and emit as const BLOBFILE; no H13 encoder consumes palettized data"
912,linear,normalization-needed,"weight producer is constexpr_lut_to_dense (constexpr_lut_to_dense), so constantValue(weight) is false and the linear handler rejects with h13.linear-nonconstant-weight; host LUT decompression (fp16 LUT [G,1,16,1] + uint4 indices -> dense fp16 [N,K]) re-emitted as a const with BLOBFILE payload unb..."
913,add,direct,"h13-source-qualified two-runtime same-shape binary, 64-element slices (rung 01-add-legacy proven path)"
914,const,direct-const,constant data; filtered before the program stream (ANEH13Compiler.mm:1391-1393)
915,const,direct-const,constant data; filtered before the program stream (ANEH13Compiler.mm:1391-1393)
916,const,direct-const,constant data; filtered before the program stream (ANEH13Compiler.mm:1391-1393)
917,layer_norm,missing,"normParityPlan hard-rejects affine layer_norm: requires args==3, fp32 epsilon==1e-5, NO gamma/beta ('Apple's compiler in this harness rejects every affine form', ANEH13Compiler.mm:751-792); all 120 here carry gamma+beta with epsilon as an fp16 const; additionally the affine-less core surface (1,3..."
918,const,direct-const,constant data; filtered before the program stream (ANEH13Compiler.mm:1391-1393)
919,const,direct-const,constant data; filtered before the program stream (ANEH13Compiler.mm:1391-1393)
920,const,direct-const,constant data; filtered before the program stream (ANEH13Compiler.mm:1391-1393)
921,const,direct-const,constant data; filtered before the program stream (ANEH13Compiler.mm:1391-1393)
922,const,direct-const,constant data; filtered before the program stream (ANEH13Compiler.mm:1391-1393)
923,const,direct-const,constant data; filtered before the program stream (ANEH13Compiler.mm:1391-1393)
924,const,direct-const,constant data; filtered before the program stream (ANEH13Compiler.mm:1391-1393)
925,transpose,missing,no H13 encoder for 'transpose': lowerOperation final reject 'H13 has no source-qualified encoder for' (ANEH13Compiler.mm:1349-1350)
926,conv,missing-envelope,"rank-3 spelling rejected by convSurface (requires rank-4 fp16 NCHW batch=1); rank-4 re-spell would still need surface in kConvTasks: in=(1, 1024, 375) out=(1, 2048, 375) k=? s=1 g=1 pad_type 'valid'"
927,const,direct-const,constant data; filtered before the program stream (ANEH13Compiler.mm:1391-1393)
928,const,direct-const,constant data; filtered before the program stream (ANEH13Compiler.mm:1391-1393)
929,split,missing,no H13 encoder for 'split': lowerOperation final reject 'H13 has no source-qualified encoder for' (ANEH13Compiler.mm:1349-1350)
930,sigmoid,missing-envelope,"no Sigmoid surface for (1, 1024, 375): kElementwiseTasks carries unary ops only on channel-vector surfaces (C,1,1) C<=4096; unary ops have NO generic fallback (parityPlan-only path)"
931,mul,direct,"h13-source-qualified two-runtime same-shape binary, 64-element slices (rung 01-add-legacy proven path)"
932,select,missing,no H13 encoder for 'select': lowerOperation final reject 'H13 has no source-qualified encoder for' (ANEH13Compiler.mm:1349-1350)
933,const,direct-const,constant data; filtered before the program stream (ANEH13Compiler.mm:1391-1393)
934,const,direct-const,constant data; filtered before the program stream (ANEH13Compiler.mm:1391-1393)
935,const,direct-const,constant data; filtered before the program stream (ANEH13Compiler.mm:1391-1393)
936,const,direct-const,constant data; filtered before the program stream (ANEH13Compiler.mm:1391-1393)
937,const,direct-const,constant data; filtered before the program stream (ANEH13Compiler.mm:1391-1393)
938,const,direct-const,constant data; filtered before the program stream (ANEH13Compiler.mm:1391-1393)
939,const,direct-const,constant data; filtered before the program stream (ANEH13Compiler.mm:1391-1393)
940,conv,missing-envelope,"rank-3 spelling rejected by convSurface (requires rank-4 fp16 NCHW batch=1); rank-4 re-spell would still need surface in kConvTasks: in=(1, 1024, 375) out=(1, 1024, 375) k=? s=1 g=1024 pad_type 'custom'"
941,silu,missing-envelope,"no Silu surface for (1, 1024, 375): kElementwiseTasks carries unary ops only on channel-vector surfaces (C,1,1) C<=4096; unary ops have NO generic fallback (parityPlan-only path)"
942,const,direct-const,constant data; filtered before the program stream (ANEH13Compiler.mm:1391-1393)
943,const,direct-const,constant data; filtered before the program stream (ANEH13Compiler.mm:1391-1393)
944,const,direct-const,constant data; filtered before the program stream (ANEH13Compiler.mm:1391-1393)
945,const,direct-const,constant data; filtered before the program stream (ANEH13Compiler.mm:1391-1393)
946,const,direct-const,constant data; filtered before the program stream (ANEH13Compiler.mm:1391-1393)
947,const,direct-const,constant data; filtered before the program stream (ANEH13Compiler.mm:1391-1393)
948,conv,missing-envelope,"rank-3 spelling rejected by convSurface (requires rank-4 fp16 NCHW batch=1); rank-4 re-spell would still need surface in kConvTasks: in=(1, 1024, 375) out=(1, 1024, 375) k=? s=1 g=1 pad_type 'valid'"
949,const,direct-const,constant data; filtered before the program stream (ANEH13Compiler.mm:1391-1393)
950,transpose,missing,no H13 encoder for 'transpose': lowerOperation final reject 'H13 has no source-qualified encoder for' (ANEH13Compiler.mm:1349-1350)
951,add,direct,"h13-source-qualified two-runtime same-shape binary, 64-element slices (rung 01-add-legacy proven path)"
952,const,direct-const,constant data; filtered before the program stream (ANEH13Compiler.mm:1391-1393)
953,const,direct-const,constant data; filtered before the program stream (ANEH13Compiler.mm:1391-1393)
954,const,direct-const,constant data; filtered before the program stream (ANEH13Compiler.mm:1391-1393)
955,layer_norm,missing,"normParityPlan hard-rejects affine layer_norm: requires args==3, fp32 epsilon==1e-5, NO gamma/beta ('Apple's compiler in this harness rejects every affine form', ANEH13Compiler.mm:751-792); all 120 here carry gamma+beta with epsilon as an fp16 const; additionally the affine-less core surface (1,3..."
956,constexpr_lut_to_dense,normalization-needed,"4-bit palettization wrapper (fp16 LUT 64 or 256 groups x 16 centroids, uint4 indices) over weight.bin blob data: decompress to dense fp16 at weight-prep and emit as const BLOBFILE; no H13 encoder consumes palettized data"
957,linear,normalization-needed,"weight producer is constexpr_lut_to_dense (constexpr_lut_to_dense), so constantValue(weight) is false and the linear handler rejects with h13.linear-nonconstant-weight; host LUT decompression (fp16 LUT [G,1,16,1] + uint4 indices -> dense fp16 [N,K]) re-emitted as a const with BLOBFILE payload unb..."
958,silu,missing-envelope,"no Silu surface for (1, 375, 4096): kElementwiseTasks carries unary ops only on channel-vector surfaces (C,1,1) C<=4096; unary ops have NO generic fallback (parityPlan-only path)"
959,constexpr_lut_to_dense,normalization-needed,"4-bit palettization wrapper (fp16 LUT 64 or 256 groups x 16 centroids, uint4 indices) over weight.bin blob data: decompress to dense fp16 at weight-prep and emit as const BLOBFILE; no H13 encoder consumes palettized data"
960,linear,normalization-needed,"weight producer is constexpr_lut_to_dense (constexpr_lut_to_dense), so constantValue(weight) is false and the linear handler rejects with h13.linear-nonconstant-weight; host LUT decompression (fp16 LUT [G,1,16,1] + uint4 indices -> dense fp16 [N,K]) re-emitted as a const with BLOBFILE payload unb..."
961,const,direct-const,constant data; filtered before the program stream (ANEH13Compiler.mm:1391-1393)
962,mul,direct,"inline fp16 scalar mul fold (splat constant, 64-element slices)"
963,add,direct,"h13-source-qualified two-runtime same-shape binary, 64-element slices (rung 01-add-legacy proven path)"
964,const,direct-const,constant data; filtered before the program stream (ANEH13Compiler.mm:1391-1393)
965,const,direct-const,constant data; filtered before the program stream (ANEH13Compiler.mm:1391-1393)
966,const,direct-const,constant data; filtered before the program stream (ANEH13Compiler.mm:1391-1393)
967,layer_norm,missing,"normParityPlan hard-rejects affine layer_norm: requires args==3, fp32 epsilon==1e-5, NO gamma/beta ('Apple's compiler in this harness rejects every affine form', ANEH13Compiler.mm:751-792); all 120 here carry gamma+beta with epsilon as an fp16 const; additionally the affine-less core surface (1,3..."
968,const,direct-const,constant data; filtered before the program stream (ANEH13Compiler.mm:1391-1393)
969,const,direct-const,constant data; filtered before the program stream (ANEH13Compiler.mm:1391-1393)
970,const,direct-const,constant data; filtered before the program stream (ANEH13Compiler.mm:1391-1393)
971,layer_norm,missing,"normParityPlan hard-rejects affine layer_norm: requires args==3, fp32 epsilon==1e-5, NO gamma/beta ('Apple's compiler in this harness rejects every affine form', ANEH13Compiler.mm:751-792); all 120 here carry gamma+beta with epsilon as an fp16 const; additionally the affine-less core surface (1,3..."
972,constexpr_lut_to_dense,normalization-needed,"4-bit palettization wrapper (fp16 LUT 64 or 256 groups x 16 centroids, uint4 indices) over weight.bin blob data: decompress to dense fp16 at weight-prep and emit as const BLOBFILE; no H13 encoder consumes palettized data"
973,linear,normalization-needed,"weight producer is constexpr_lut_to_dense (constexpr_lut_to_dense), so constantValue(weight) is false and the linear handler rejects with h13.linear-nonconstant-weight; host LUT decompression (fp16 LUT [G,1,16,1] + uint4 indices -> dense fp16 [N,K]) re-emitted as a const with BLOBFILE payload unb..."
974,silu,missing-envelope,"no Silu surface for (1, 375, 4096): kElementwiseTasks carries unary ops only on channel-vector surfaces (C,1,1) C<=4096; unary ops have NO generic fallback (parityPlan-only path)"
975,constexpr_lut_to_dense,normalization-needed,"4-bit palettization wrapper (fp16 LUT 64 or 256 groups x 16 centroids, uint4 indices) over weight.bin blob data: decompress to dense fp16 at weight-prep and emit as const BLOBFILE; no H13 encoder consumes palettized data"
976,linear,normalization-needed,"weight producer is constexpr_lut_to_dense (constexpr_lut_to_dense), so constantValue(weight) is false and the linear handler rejects with h13.linear-nonconstant-weight; host LUT decompression (fp16 LUT [G,1,16,1] + uint4 indices -> dense fp16 [N,K]) re-emitted as a const with BLOBFILE payload unb..."
977,const,direct-const,constant data; filtered before the program stream (ANEH13Compiler.mm:1391-1393)
978,mul,direct,"inline fp16 scalar mul fold (splat constant, 64-element slices)"
979,add,direct,"h13-source-qualified two-runtime same-shape binary, 64-element slices (rung 01-add-legacy proven path)"
980,const,direct-const,constant data; filtered before the program stream (ANEH13Compiler.mm:1391-1393)
981,const,direct-const,constant data; filtered before the program stream (ANEH13Compiler.mm:1391-1393)
982,const,direct-const,constant data; filtered before the program stream (ANEH13Compiler.mm:1391-1393)
983,layer_norm,missing,"normParityPlan hard-rejects affine layer_norm: requires args==3, fp32 epsilon==1e-5, NO gamma/beta ('Apple's compiler in this harness rejects every affine form', ANEH13Compiler.mm:751-792); all 120 here carry gamma+beta with epsilon as an fp16 const; additionally the affine-less core surface (1,3..."
984,constexpr_lut_to_dense,normalization-needed,"4-bit palettization wrapper (fp16 LUT 64 or 256 groups x 16 centroids, uint4 indices) over weight.bin blob data: decompress to dense fp16 at weight-prep and emit as const BLOBFILE; no H13 encoder consumes palettized data"
985,linear,normalization-needed,"weight producer is constexpr_lut_to_dense (constexpr_lut_to_dense), so constantValue(weight) is false and the linear handler rejects with h13.linear-nonconstant-weight; host LUT decompression (fp16 LUT [G,1,16,1] + uint4 indices -> dense fp16 [N,K]) re-emitted as a const with BLOBFILE payload unb..."
986,const,direct-const,constant data; filtered before the program stream (ANEH13Compiler.mm:1391-1393)
987,reshape,direct-alias,"compile-loop shape alias: metadata only, no program emitted (ANEH13Compiler.mm:1456-1482)"
988,const,direct-const,constant data; filtered before the program stream (ANEH13Compiler.mm:1391-1393)
989,constexpr_lut_to_dense,normalization-needed,"4-bit palettization wrapper (fp16 LUT 64 or 256 groups x 16 centroids, uint4 indices) over weight.bin blob data: decompress to dense fp16 at weight-prep and emit as const BLOBFILE; no H13 encoder consumes palettized data"
990,linear,normalization-needed,"weight producer is constexpr_lut_to_dense (constexpr_lut_to_dense), so constantValue(weight) is false and the linear handler rejects with h13.linear-nonconstant-weight; host LUT decompression (fp16 LUT [G,1,16,1] + uint4 indices -> dense fp16 [N,K]) re-emitted as a const with BLOBFILE payload unb..."
991,const,direct-const,constant data; filtered before the program stream (ANEH13Compiler.mm:1391-1393)
992,reshape,direct-alias,"compile-loop shape alias: metadata only, no program emitted (ANEH13Compiler.mm:1456-1482)"
993,const,direct-const,constant data; filtered before the program stream (ANEH13Compiler.mm:1391-1393)
994,constexpr_lut_to_dense,normalization-needed,"4-bit palettization wrapper (fp16 LUT 64 or 256 groups x 16 centroids, uint4 indices) over weight.bin blob data: decompress to dense fp16 at weight-prep and emit as const BLOBFILE; no H13 encoder consumes palettized data"
995,linear,normalization-needed,"weight producer is constexpr_lut_to_dense (constexpr_lut_to_dense), so constantValue(weight) is false and the linear handler rejects with h13.linear-nonconstant-weight; host LUT decompression (fp16 LUT [G,1,16,1] + uint4 indices -> dense fp16 [N,K]) re-emitted as a const with BLOBFILE payload unb..."
996,const,direct-const,constant data; filtered before the program stream (ANEH13Compiler.mm:1391-1393)
997,reshape,direct-alias,"compile-loop shape alias: metadata only, no program emitted (ANEH13Compiler.mm:1456-1482)"
998,const,direct-const,constant data; filtered before the program stream (ANEH13Compiler.mm:1391-1393)
999,const,direct-const,constant data; filtered before the program stream (ANEH13Compiler.mm:1391-1393)
1000,transpose,missing,no H13 encoder for 'transpose': lowerOperation final reject 'H13 has no source-qualified encoder for' (ANEH13Compiler.mm:1349-1350)
1001,add,direct,whole-tensor constant fold (add/mul/max/min; sub folds as sign-flipped add; real_div folds only for powers of two)
1002,const,direct-const,constant data; filtered before the program stream (ANEH13Compiler.mm:1391-1393)
1003,add,direct,whole-tensor constant fold (add/mul/max/min; sub folds as sign-flipped add; real_div folds only for powers of two)
1004,const,direct-const,constant data; filtered before the program stream (ANEH13Compiler.mm:1391-1393)
1005,const,direct-const,constant data; filtered before the program stream (ANEH13Compiler.mm:1391-1393)
1006,const,direct-const,constant data; filtered before the program stream (ANEH13Compiler.mm:1391-1393)
1007,matmul,normalization-needed,"const-weight matmul 3000x128x749 tx=False ty=False outside parity envelope; falls to the source-qualified chunked matvec path (per-row/512-column slices, physical reduction 256/512, weight must be a const with BLOBFILE payload — this proto stores it inline, so the handoff must re-emit weight.bin ..."
1008,const,direct-const,constant data; filtered before the program stream (ANEH13Compiler.mm:1391-1393)
1009,const,direct-const,constant data; filtered before the program stream (ANEH13Compiler.mm:1391-1393)
1010,const,direct-const,constant data; filtered before the program stream (ANEH13Compiler.mm:1391-1393)
1011,pad,missing,no H13 encoder for 'pad': lowerOperation final reject 'H13 has no source-qualified encoder for' (ANEH13Compiler.mm:1349-1350)
1012,const,direct-const,constant data; filtered before the program stream (ANEH13Compiler.mm:1391-1393)
1013,reshape,direct-alias,"compile-loop shape alias: metadata only, no program emitted (ANEH13Compiler.mm:1456-1482)"
1014,const,direct-const,constant data; filtered before the program stream (ANEH13Compiler.mm:1391-1393)
1015,const,direct-const,constant data; filtered before the program stream (ANEH13Compiler.mm:1391-1393)
1016,const,direct-const,constant data; filtered before the program stream (ANEH13Compiler.mm:1391-1393)
1017,slice_by_index,missing,no H13 encoder for 'slice_by_index': lowerOperation final reject 'H13 has no source-qualified encoder for' (ANEH13Compiler.mm:1349-1350)
1018,const,direct-const,constant data; filtered before the program stream (ANEH13Compiler.mm:1391-1393)
1019,reshape,direct-alias,"compile-loop shape alias: metadata only, no program emitted (ANEH13Compiler.mm:1456-1482)"
1020,const,direct-const,constant data; filtered before the program stream (ANEH13Compiler.mm:1391-1393)
1021,const,direct-const,constant data; filtered before the program stream (ANEH13Compiler.mm:1391-1393)
1022,const,direct-const,constant data; filtered before the program stream (ANEH13Compiler.mm:1391-1393)
1023,slice_by_index,missing,no H13 encoder for 'slice_by_index': lowerOperation final reject 'H13 has no source-qualified encoder for' (ANEH13Compiler.mm:1349-1350)
1024,const,direct-const,constant data; filtered before the program stream (ANEH13Compiler.mm:1391-1393)
1025,mul,direct,"inline fp16 scalar mul fold (splat constant, 64-element slices)"
1026,select,missing,no H13 encoder for 'select': lowerOperation final reject 'H13 has no source-qualified encoder for' (ANEH13Compiler.mm:1349-1350)
1027,mul,direct,"inline fp16 scalar mul fold (splat constant, 64-element slices)"
1028,const,direct-const,constant data; filtered before the program stream (ANEH13Compiler.mm:1391-1393)
1029,const,direct-const,constant data; filtered before the program stream (ANEH13Compiler.mm:1391-1393)
1030,transpose,missing,no H13 encoder for 'transpose': lowerOperation final reject 'H13 has no source-qualified encoder for' (ANEH13Compiler.mm:1349-1350)
1031,matmul,missing-envelope,"runtime-operand matmul rows=3000 red=128 cols=375 tx=False ty=True y=(1, 8, 375, 128): outside kMatmulEnvelopeTasks (rows decoded only for 1 and 16); runtime-weight matmul is parity-path-only — reject h13.matmul-outside-envelope; no chunked fallback exists for runtime operands"
1032,add,direct,"h13-source-qualified two-runtime same-shape binary, 64-element slices (rung 01-add-legacy proven path)"
1033,const,direct-const,constant data; filtered before the program stream (ANEH13Compiler.mm:1391-1393)
1034,softmax,missing-envelope,"softmax template lookup in=(8, 375, 375) out=(8, 375, 375) axis-mask=0x08: absent from kNormTasks (44 decoded softmax programs; largest spatial 256x256); normParityPlan is softmax's only path (no generic fallback)"
1035,const,direct-const,constant data; filtered before the program stream (ANEH13Compiler.mm:1391-1393)
1036,const,direct-const,constant data; filtered before the program stream (ANEH13Compiler.mm:1391-1393)
1037,transpose,missing,no H13 encoder for 'transpose': lowerOperation final reject 'H13 has no source-qualified encoder for' (ANEH13Compiler.mm:1349-1350)
1038,matmul,missing-envelope,"runtime-operand matmul rows=3000 red=375 cols=128 tx=False ty=False y=(1, 8, 375, 128): outside kMatmulEnvelopeTasks (rows decoded only for 1 and 16); runtime-weight matmul is parity-path-only — reject h13.matmul-outside-envelope; no chunked fallback exists for runtime operands"
1039,const,direct-const,constant data; filtered before the program stream (ANEH13Compiler.mm:1391-1393)
1040,const,direct-const,constant data; filtered before the program stream (ANEH13Compiler.mm:1391-1393)
1041,transpose,missing,no H13 encoder for 'transpose': lowerOperation final reject 'H13 has no source-qualified encoder for' (ANEH13Compiler.mm:1349-1350)
1042,reshape,direct-alias,"compile-loop shape alias: metadata only, no program emitted (ANEH13Compiler.mm:1456-1482)"
1043,constexpr_lut_to_dense,normalization-needed,"4-bit palettization wrapper (fp16 LUT 64 or 256 groups x 16 centroids, uint4 indices) over weight.bin blob data: decompress to dense fp16 at weight-prep and emit as const BLOBFILE; no H13 encoder consumes palettized data"
1044,linear,normalization-needed,"weight producer is constexpr_lut_to_dense (constexpr_lut_to_dense), so constantValue(weight) is false and the linear handler rejects with h13.linear-nonconstant-weight; host LUT decompression (fp16 LUT [G,1,16,1] + uint4 indices -> dense fp16 [N,K]) re-emitted as a const with BLOBFILE payload unb..."
1045,add,direct,"h13-source-qualified two-runtime same-shape binary, 64-element slices (rung 01-add-legacy proven path)"
1046,const,direct-const,constant data; filtered before the program stream (ANEH13Compiler.mm:1391-1393)
1047,const,direct-const,constant data; filtered before the program stream (ANEH13Compiler.mm:1391-1393)
1048,const,direct-const,constant data; filtered before the program stream (ANEH13Compiler.mm:1391-1393)
1049,layer_norm,missing,"normParityPlan hard-rejects affine layer_norm: requires args==3, fp32 epsilon==1e-5, NO gamma/beta ('Apple's compiler in this harness rejects every affine form', ANEH13Compiler.mm:751-792); all 120 here carry gamma+beta with epsilon as an fp16 const; additionally the affine-less core surface (1,3..."
1050,const,direct-const,constant data; filtered before the program stream (ANEH13Compiler.mm:1391-1393)
1051,const,direct-const,constant data; filtered before the program stream (ANEH13Compiler.mm:1391-1393)
1052,const,direct-const,constant data; filtered before the program stream (ANEH13Compiler.mm:1391-1393)
1053,const,direct-const,constant data; filtered before the program stream (ANEH13Compiler.mm:1391-1393)
1054,const,direct-const,constant data; filtered before the program stream (ANEH13Compiler.mm:1391-1393)
1055,const,direct-const,constant data; filtered before the program stream (ANEH13Compiler.mm:1391-1393)
1056,const,direct-const,constant data; filtered before the program stream (ANEH13Compiler.mm:1391-1393)
1057,transpose,missing,no H13 encoder for 'transpose': lowerOperation final reject 'H13 has no source-qualified encoder for' (ANEH13Compiler.mm:1349-1350)
1058,conv,missing-envelope,"rank-3 spelling rejected by convSurface (requires rank-4 fp16 NCHW batch=1); rank-4 re-spell would still need surface in kConvTasks: in=(1, 1024, 375) out=(1, 2048, 375) k=? s=1 g=1 pad_type 'valid'"
1059,const,direct-const,constant data; filtered before the program stream (ANEH13Compiler.mm:1391-1393)
1060,const,direct-const,constant data; filtered before the program stream (ANEH13Compiler.mm:1391-1393)
1061,split,missing,no H13 encoder for 'split': lowerOperation final reject 'H13 has no source-qualified encoder for' (ANEH13Compiler.mm:1349-1350)
1062,sigmoid,missing-envelope,"no Sigmoid surface for (1, 1024, 375): kElementwiseTasks carries unary ops only on channel-vector surfaces (C,1,1) C<=4096; unary ops have NO generic fallback (parityPlan-only path)"
1063,mul,direct,"h13-source-qualified two-runtime same-shape binary, 64-element slices (rung 01-add-legacy proven path)"
1064,select,missing,no H13 encoder for 'select': lowerOperation final reject 'H13 has no source-qualified encoder for' (ANEH13Compiler.mm:1349-1350)
1065,const,direct-const,constant data; filtered before the program stream (ANEH13Compiler.mm:1391-1393)
1066,const,direct-const,constant data; filtered before the program stream (ANEH13Compiler.mm:1391-1393)
1067,const,direct-const,constant data; filtered before the program stream (ANEH13Compiler.mm:1391-1393)
1068,const,direct-const,constant data; filtered before the program stream (ANEH13Compiler.mm:1391-1393)
1069,const,direct-const,constant data; filtered before the program stream (ANEH13Compiler.mm:1391-1393)
1070,const,direct-const,constant data; filtered before the program stream (ANEH13Compiler.mm:1391-1393)
1071,const,direct-const,constant data; filtered before the program stream (ANEH13Compiler.mm:1391-1393)
1072,conv,missing-envelope,"rank-3 spelling rejected by convSurface (requires rank-4 fp16 NCHW batch=1); rank-4 re-spell would still need surface in kConvTasks: in=(1, 1024, 375) out=(1, 1024, 375) k=? s=1 g=1024 pad_type 'custom'"
1073,silu,missing-envelope,"no Silu surface for (1, 1024, 375): kElementwiseTasks carries unary ops only on channel-vector surfaces (C,1,1) C<=4096; unary ops have NO generic fallback (parityPlan-only path)"
1074,const,direct-const,constant data; filtered before the program stream (ANEH13Compiler.mm:1391-1393)
1075,const,direct-const,constant data; filtered before the program stream (ANEH13Compiler.mm:1391-1393)
1076,const,direct-const,constant data; filtered before the program stream (ANEH13Compiler.mm:1391-1393)
1077,const,direct-const,constant data; filtered before the program stream (ANEH13Compiler.mm:1391-1393)
1078,const,direct-const,constant data; filtered before the program stream (ANEH13Compiler.mm:1391-1393)
1079,const,direct-const,constant data; filtered before the program stream (ANEH13Compiler.mm:1391-1393)
1080,conv,missing-envelope,"rank-3 spelling rejected by convSurface (requires rank-4 fp16 NCHW batch=1); rank-4 re-spell would still need surface in kConvTasks: in=(1, 1024, 375) out=(1, 1024, 375) k=? s=1 g=1 pad_type 'valid'"
1081,const,direct-const,constant data; filtered before the program stream (ANEH13Compiler.mm:1391-1393)
1082,transpose,missing,no H13 encoder for 'transpose': lowerOperation final reject 'H13 has no source-qualified encoder for' (ANEH13Compiler.mm:1349-1350)
1083,add,direct,"h13-source-qualified two-runtime same-shape binary, 64-element slices (rung 01-add-legacy proven path)"
1084,const,direct-const,constant data; filtered before the program stream (ANEH13Compiler.mm:1391-1393)
1085,const,direct-const,constant data; filtered before the program stream (ANEH13Compiler.mm:1391-1393)
1086,const,direct-const,constant data; filtered before the program stream (ANEH13Compiler.mm:1391-1393)
1087,layer_norm,missing,"normParityPlan hard-rejects affine layer_norm: requires args==3, fp32 epsilon==1e-5, NO gamma/beta ('Apple's compiler in this harness rejects every affine form', ANEH13Compiler.mm:751-792); all 120 here carry gamma+beta with epsilon as an fp16 const; additionally the affine-less core surface (1,3..."
1088,constexpr_lut_to_dense,normalization-needed,"4-bit palettization wrapper (fp16 LUT 64 or 256 groups x 16 centroids, uint4 indices) over weight.bin blob data: decompress to dense fp16 at weight-prep and emit as const BLOBFILE; no H13 encoder consumes palettized data"
1089,linear,normalization-needed,"weight producer is constexpr_lut_to_dense (constexpr_lut_to_dense), so constantValue(weight) is false and the linear handler rejects with h13.linear-nonconstant-weight; host LUT decompression (fp16 LUT [G,1,16,1] + uint4 indices -> dense fp16 [N,K]) re-emitted as a const with BLOBFILE payload unb..."
1090,silu,missing-envelope,"no Silu surface for (1, 375, 4096): kElementwiseTasks carries unary ops only on channel-vector surfaces (C,1,1) C<=4096; unary ops have NO generic fallback (parityPlan-only path)"
1091,constexpr_lut_to_dense,normalization-needed,"4-bit palettization wrapper (fp16 LUT 64 or 256 groups x 16 centroids, uint4 indices) over weight.bin blob data: decompress to dense fp16 at weight-prep and emit as const BLOBFILE; no H13 encoder consumes palettized data"
1092,linear,normalization-needed,"weight producer is constexpr_lut_to_dense (constexpr_lut_to_dense), so constantValue(weight) is false and the linear handler rejects with h13.linear-nonconstant-weight; host LUT decompression (fp16 LUT [G,1,16,1] + uint4 indices -> dense fp16 [N,K]) re-emitted as a const with BLOBFILE payload unb..."
1093,const,direct-const,constant data; filtered before the program stream (ANEH13Compiler.mm:1391-1393)
1094,mul,direct,"inline fp16 scalar mul fold (splat constant, 64-element slices)"
1095,add,direct,"h13-source-qualified two-runtime same-shape binary, 64-element slices (rung 01-add-legacy proven path)"
1096,const,direct-const,constant data; filtered before the program stream (ANEH13Compiler.mm:1391-1393)
1097,const,direct-const,constant data; filtered before the program stream (ANEH13Compiler.mm:1391-1393)
1098,const,direct-const,constant data; filtered before the program stream (ANEH13Compiler.mm:1391-1393)
1099,layer_norm,missing,"normParityPlan hard-rejects affine layer_norm: requires args==3, fp32 epsilon==1e-5, NO gamma/beta ('Apple's compiler in this harness rejects every affine form', ANEH13Compiler.mm:751-792); all 120 here carry gamma+beta with epsilon as an fp16 const; additionally the affine-less core surface (1,3..."
1100,const,direct-const,constant data; filtered before the program stream (ANEH13Compiler.mm:1391-1393)
1101,const,direct-const,constant data; filtered before the program stream (ANEH13Compiler.mm:1391-1393)
1102,const,direct-const,constant data; filtered before the program stream (ANEH13Compiler.mm:1391-1393)
1103,layer_norm,missing,"normParityPlan hard-rejects affine layer_norm: requires args==3, fp32 epsilon==1e-5, NO gamma/beta ('Apple's compiler in this harness rejects every affine form', ANEH13Compiler.mm:751-792); all 120 here carry gamma+beta with epsilon as an fp16 const; additionally the affine-less core surface (1,3..."
1104,constexpr_lut_to_dense,normalization-needed,"4-bit palettization wrapper (fp16 LUT 64 or 256 groups x 16 centroids, uint4 indices) over weight.bin blob data: decompress to dense fp16 at weight-prep and emit as const BLOBFILE; no H13 encoder consumes palettized data"
1105,linear,normalization-needed,"weight producer is constexpr_lut_to_dense (constexpr_lut_to_dense), so constantValue(weight) is false and the linear handler rejects with h13.linear-nonconstant-weight; host LUT decompression (fp16 LUT [G,1,16,1] + uint4 indices -> dense fp16 [N,K]) re-emitted as a const with BLOBFILE payload unb..."
1106,silu,missing-envelope,"no Silu surface for (1, 375, 4096): kElementwiseTasks carries unary ops only on channel-vector surfaces (C,1,1) C<=4096; unary ops have NO generic fallback (parityPlan-only path)"
1107,constexpr_lut_to_dense,normalization-needed,"4-bit palettization wrapper (fp16 LUT 64 or 256 groups x 16 centroids, uint4 indices) over weight.bin blob data: decompress to dense fp16 at weight-prep and emit as const BLOBFILE; no H13 encoder consumes palettized data"
1108,linear,normalization-needed,"weight producer is constexpr_lut_to_dense (constexpr_lut_to_dense), so constantValue(weight) is false and the linear handler rejects with h13.linear-nonconstant-weight; host LUT decompression (fp16 LUT [G,1,16,1] + uint4 indices -> dense fp16 [N,K]) re-emitted as a const with BLOBFILE payload unb..."
1109,const,direct-const,constant data; filtered before the program stream (ANEH13Compiler.mm:1391-1393)
1110,mul,direct,"inline fp16 scalar mul fold (splat constant, 64-element slices)"
1111,add,direct,"h13-source-qualified two-runtime same-shape binary, 64-element slices (rung 01-add-legacy proven path)"
1112,const,direct-const,constant data; filtered before the program stream (ANEH13Compiler.mm:1391-1393)
1113,const,direct-const,constant data; filtered before the program stream (ANEH13Compiler.mm:1391-1393)
1114,const,direct-const,constant data; filtered before the program stream (ANEH13Compiler.mm:1391-1393)
1115,layer_norm,missing,"normParityPlan hard-rejects affine layer_norm: requires args==3, fp32 epsilon==1e-5, NO gamma/beta ('Apple's compiler in this harness rejects every affine form', ANEH13Compiler.mm:751-792); all 120 here carry gamma+beta with epsilon as an fp16 const; additionally the affine-less core surface (1,3..."
1116,constexpr_lut_to_dense,normalization-needed,"4-bit palettization wrapper (fp16 LUT 64 or 256 groups x 16 centroids, uint4 indices) over weight.bin blob data: decompress to dense fp16 at weight-prep and emit as const BLOBFILE; no H13 encoder consumes palettized data"
1117,linear,normalization-needed,"weight producer is constexpr_lut_to_dense (constexpr_lut_to_dense), so constantValue(weight) is false and the linear handler rejects with h13.linear-nonconstant-weight; host LUT decompression (fp16 LUT [G,1,16,1] + uint4 indices -> dense fp16 [N,K]) re-emitted as a const with BLOBFILE payload unb..."
1118,const,direct-const,constant data; filtered before the program stream (ANEH13Compiler.mm:1391-1393)
1119,reshape,direct-alias,"compile-loop shape alias: metadata only, no program emitted (ANEH13Compiler.mm:1456-1482)"
1120,const,direct-const,constant data; filtered before the program stream (ANEH13Compiler.mm:1391-1393)
1121,constexpr_lut_to_dense,normalization-needed,"4-bit palettization wrapper (fp16 LUT 64 or 256 groups x 16 centroids, uint4 indices) over weight.bin blob data: decompress to dense fp16 at weight-prep and emit as const BLOBFILE; no H13 encoder consumes palettized data"
1122,linear,normalization-needed,"weight producer is constexpr_lut_to_dense (constexpr_lut_to_dense), so constantValue(weight) is false and the linear handler rejects with h13.linear-nonconstant-weight; host LUT decompression (fp16 LUT [G,1,16,1] + uint4 indices -> dense fp16 [N,K]) re-emitted as a const with BLOBFILE payload unb..."
1123,const,direct-const,constant data; filtered before the program stream (ANEH13Compiler.mm:1391-1393)
1124,reshape,direct-alias,"compile-loop shape alias: metadata only, no program emitted (ANEH13Compiler.mm:1456-1482)"
1125,const,direct-const,constant data; filtered before the program stream (ANEH13Compiler.mm:1391-1393)
1126,constexpr_lut_to_dense,normalization-needed,"4-bit palettization wrapper (fp16 LUT 64 or 256 groups x 16 centroids, uint4 indices) over weight.bin blob data: decompress to dense fp16 at weight-prep and emit as const BLOBFILE; no H13 encoder consumes palettized data"
1127,linear,normalization-needed,"weight producer is constexpr_lut_to_dense (constexpr_lut_to_dense), so constantValue(weight) is false and the linear handler rejects with h13.linear-nonconstant-weight; host LUT decompression (fp16 LUT [G,1,16,1] + uint4 indices -> dense fp16 [N,K]) re-emitted as a const with BLOBFILE payload unb..."
1128,const,direct-const,constant data; filtered before the program stream (ANEH13Compiler.mm:1391-1393)
1129,reshape,direct-alias,"compile-loop shape alias: metadata only, no program emitted (ANEH13Compiler.mm:1456-1482)"
1130,const,direct-const,constant data; filtered before the program stream (ANEH13Compiler.mm:1391-1393)
1131,const,direct-const,constant data; filtered before the program stream (ANEH13Compiler.mm:1391-1393)
1132,transpose,missing,no H13 encoder for 'transpose': lowerOperation final reject 'H13 has no source-qualified encoder for' (ANEH13Compiler.mm:1349-1350)
1133,add,direct,whole-tensor constant fold (add/mul/max/min; sub folds as sign-flipped add; real_div folds only for powers of two)
1134,const,direct-const,constant data; filtered before the program stream (ANEH13Compiler.mm:1391-1393)
1135,add,direct,whole-tensor constant fold (add/mul/max/min; sub folds as sign-flipped add; real_div folds only for powers of two)
1136,const,direct-const,constant data; filtered before the program stream (ANEH13Compiler.mm:1391-1393)
1137,const,direct-const,constant data; filtered before the program stream (ANEH13Compiler.mm:1391-1393)
1138,const,direct-const,constant data; filtered before the program stream (ANEH13Compiler.mm:1391-1393)
1139,matmul,normalization-needed,"const-weight matmul 3000x128x749 tx=False ty=False outside parity envelope; falls to the source-qualified chunked matvec path (per-row/512-column slices, physical reduction 256/512, weight must be a const with BLOBFILE payload — this proto stores it inline, so the handoff must re-emit weight.bin ..."
1140,const,direct-const,constant data; filtered before the program stream (ANEH13Compiler.mm:1391-1393)
1141,const,direct-const,constant data; filtered before the program stream (ANEH13Compiler.mm:1391-1393)
1142,const,direct-const,constant data; filtered before the program stream (ANEH13Compiler.mm:1391-1393)
1143,pad,missing,no H13 encoder for 'pad': lowerOperation final reject 'H13 has no source-qualified encoder for' (ANEH13Compiler.mm:1349-1350)
1144,const,direct-const,constant data; filtered before the program stream (ANEH13Compiler.mm:1391-1393)
1145,reshape,direct-alias,"compile-loop shape alias: metadata only, no program emitted (ANEH13Compiler.mm:1456-1482)"
1146,const,direct-const,constant data; filtered before the program stream (ANEH13Compiler.mm:1391-1393)
1147,const,direct-const,constant data; filtered before the program stream (ANEH13Compiler.mm:1391-1393)
1148,const,direct-const,constant data; filtered before the program stream (ANEH13Compiler.mm:1391-1393)
1149,slice_by_index,missing,no H13 encoder for 'slice_by_index': lowerOperation final reject 'H13 has no source-qualified encoder for' (ANEH13Compiler.mm:1349-1350)
1150,const,direct-const,constant data; filtered before the program stream (ANEH13Compiler.mm:1391-1393)
1151,reshape,direct-alias,"compile-loop shape alias: metadata only, no program emitted (ANEH13Compiler.mm:1456-1482)"
1152,const,direct-const,constant data; filtered before the program stream (ANEH13Compiler.mm:1391-1393)
1153,const,direct-const,constant data; filtered before the program stream (ANEH13Compiler.mm:1391-1393)
1154,const,direct-const,constant data; filtered before the program stream (ANEH13Compiler.mm:1391-1393)
1155,slice_by_index,missing,no H13 encoder for 'slice_by_index': lowerOperation final reject 'H13 has no source-qualified encoder for' (ANEH13Compiler.mm:1349-1350)
1156,const,direct-const,constant data; filtered before the program stream (ANEH13Compiler.mm:1391-1393)
1157,mul,direct,"inline fp16 scalar mul fold (splat constant, 64-element slices)"
1158,select,missing,no H13 encoder for 'select': lowerOperation final reject 'H13 has no source-qualified encoder for' (ANEH13Compiler.mm:1349-1350)
1159,mul,direct,"inline fp16 scalar mul fold (splat constant, 64-element slices)"
1160,const,direct-const,constant data; filtered before the program stream (ANEH13Compiler.mm:1391-1393)
1161,const,direct-const,constant data; filtered before the program stream (ANEH13Compiler.mm:1391-1393)
1162,transpose,missing,no H13 encoder for 'transpose': lowerOperation final reject 'H13 has no source-qualified encoder for' (ANEH13Compiler.mm:1349-1350)
1163,matmul,missing-envelope,"runtime-operand matmul rows=3000 red=128 cols=375 tx=False ty=True y=(1, 8, 375, 128): outside kMatmulEnvelopeTasks (rows decoded only for 1 and 16); runtime-weight matmul is parity-path-only — reject h13.matmul-outside-envelope; no chunked fallback exists for runtime operands"
1164,add,direct,"h13-source-qualified two-runtime same-shape binary, 64-element slices (rung 01-add-legacy proven path)"
1165,const,direct-const,constant data; filtered before the program stream (ANEH13Compiler.mm:1391-1393)
1166,softmax,missing-envelope,"softmax template lookup in=(8, 375, 375) out=(8, 375, 375) axis-mask=0x08: absent from kNormTasks (44 decoded softmax programs; largest spatial 256x256); normParityPlan is softmax's only path (no generic fallback)"
1167,const,direct-const,constant data; filtered before the program stream (ANEH13Compiler.mm:1391-1393)
1168,const,direct-const,constant data; filtered before the program stream (ANEH13Compiler.mm:1391-1393)
1169,transpose,missing,no H13 encoder for 'transpose': lowerOperation final reject 'H13 has no source-qualified encoder for' (ANEH13Compiler.mm:1349-1350)
1170,matmul,missing-envelope,"runtime-operand matmul rows=3000 red=375 cols=128 tx=False ty=False y=(1, 8, 375, 128): outside kMatmulEnvelopeTasks (rows decoded only for 1 and 16); runtime-weight matmul is parity-path-only — reject h13.matmul-outside-envelope; no chunked fallback exists for runtime operands"
1171,const,direct-const,constant data; filtered before the program stream (ANEH13Compiler.mm:1391-1393)
1172,const,direct-const,constant data; filtered before the program stream (ANEH13Compiler.mm:1391-1393)
1173,transpose,missing,no H13 encoder for 'transpose': lowerOperation final reject 'H13 has no source-qualified encoder for' (ANEH13Compiler.mm:1349-1350)
1174,reshape,direct-alias,"compile-loop shape alias: metadata only, no program emitted (ANEH13Compiler.mm:1456-1482)"
1175,constexpr_lut_to_dense,normalization-needed,"4-bit palettization wrapper (fp16 LUT 64 or 256 groups x 16 centroids, uint4 indices) over weight.bin blob data: decompress to dense fp16 at weight-prep and emit as const BLOBFILE; no H13 encoder consumes palettized data"
1176,linear,normalization-needed,"weight producer is constexpr_lut_to_dense (constexpr_lut_to_dense), so constantValue(weight) is false and the linear handler rejects with h13.linear-nonconstant-weight; host LUT decompression (fp16 LUT [G,1,16,1] + uint4 indices -> dense fp16 [N,K]) re-emitted as a const with BLOBFILE payload unb..."
1177,add,direct,"h13-source-qualified two-runtime same-shape binary, 64-element slices (rung 01-add-legacy proven path)"
1178,const,direct-const,constant data; filtered before the program stream (ANEH13Compiler.mm:1391-1393)
1179,const,direct-const,constant data; filtered before the program stream (ANEH13Compiler.mm:1391-1393)
1180,const,direct-const,constant data; filtered before the program stream (ANEH13Compiler.mm:1391-1393)
1181,layer_norm,missing,"normParityPlan hard-rejects affine layer_norm: requires args==3, fp32 epsilon==1e-5, NO gamma/beta ('Apple's compiler in this harness rejects every affine form', ANEH13Compiler.mm:751-792); all 120 here carry gamma+beta with epsilon as an fp16 const; additionally the affine-less core surface (1,3..."
1182,const,direct-const,constant data; filtered before the program stream (ANEH13Compiler.mm:1391-1393)
1183,const,direct-const,constant data; filtered before the program stream (ANEH13Compiler.mm:1391-1393)
1184,const,direct-const,constant data; filtered before the program stream (ANEH13Compiler.mm:1391-1393)
1185,const,direct-const,constant data; filtered before the program stream (ANEH13Compiler.mm:1391-1393)
1186,const,direct-const,constant data; filtered before the program stream (ANEH13Compiler.mm:1391-1393)
1187,const,direct-const,constant data; filtered before the program stream (ANEH13Compiler.mm:1391-1393)
1188,const,direct-const,constant data; filtered before the program stream (ANEH13Compiler.mm:1391-1393)
1189,transpose,missing,no H13 encoder for 'transpose': lowerOperation final reject 'H13 has no source-qualified encoder for' (ANEH13Compiler.mm:1349-1350)
1190,conv,missing-envelope,"rank-3 spelling rejected by convSurface (requires rank-4 fp16 NCHW batch=1); rank-4 re-spell would still need surface in kConvTasks: in=(1, 1024, 375) out=(1, 2048, 375) k=? s=1 g=1 pad_type 'valid'"
1191,const,direct-const,constant data; filtered before the program stream (ANEH13Compiler.mm:1391-1393)
1192,const,direct-const,constant data; filtered before the program stream (ANEH13Compiler.mm:1391-1393)
1193,split,missing,no H13 encoder for 'split': lowerOperation final reject 'H13 has no source-qualified encoder for' (ANEH13Compiler.mm:1349-1350)
1194,sigmoid,missing-envelope,"no Sigmoid surface for (1, 1024, 375): kElementwiseTasks carries unary ops only on channel-vector surfaces (C,1,1) C<=4096; unary ops have NO generic fallback (parityPlan-only path)"
1195,mul,direct,"h13-source-qualified two-runtime same-shape binary, 64-element slices (rung 01-add-legacy proven path)"
1196,select,missing,no H13 encoder for 'select': lowerOperation final reject 'H13 has no source-qualified encoder for' (ANEH13Compiler.mm:1349-1350)
1197,const,direct-const,constant data; filtered before the program stream (ANEH13Compiler.mm:1391-1393)
1198,const,direct-const,constant data; filtered before the program stream (ANEH13Compiler.mm:1391-1393)
1199,const,direct-const,constant data; filtered before the program stream (ANEH13Compiler.mm:1391-1393)
1200,const,direct-const,constant data; filtered before the program stream (ANEH13Compiler.mm:1391-1393)
1201,const,direct-const,constant data; filtered before the program stream (ANEH13Compiler.mm:1391-1393)
1202,const,direct-const,constant data; filtered before the program stream (ANEH13Compiler.mm:1391-1393)
1203,const,direct-const,constant data; filtered before the program stream (ANEH13Compiler.mm:1391-1393)
1204,conv,missing-envelope,"rank-3 spelling rejected by convSurface (requires rank-4 fp16 NCHW batch=1); rank-4 re-spell would still need surface in kConvTasks: in=(1, 1024, 375) out=(1, 1024, 375) k=? s=1 g=1024 pad_type 'custom'"
1205,silu,missing-envelope,"no Silu surface for (1, 1024, 375): kElementwiseTasks carries unary ops only on channel-vector surfaces (C,1,1) C<=4096; unary ops have NO generic fallback (parityPlan-only path)"
1206,const,direct-const,constant data; filtered before the program stream (ANEH13Compiler.mm:1391-1393)
1207,const,direct-const,constant data; filtered before the program stream (ANEH13Compiler.mm:1391-1393)
1208,const,direct-const,constant data; filtered before the program stream (ANEH13Compiler.mm:1391-1393)
1209,const,direct-const,constant data; filtered before the program stream (ANEH13Compiler.mm:1391-1393)
1210,const,direct-const,constant data; filtered before the program stream (ANEH13Compiler.mm:1391-1393)
1211,const,direct-const,constant data; filtered before the program stream (ANEH13Compiler.mm:1391-1393)
1212,conv,missing-envelope,"rank-3 spelling rejected by convSurface (requires rank-4 fp16 NCHW batch=1); rank-4 re-spell would still need surface in kConvTasks: in=(1, 1024, 375) out=(1, 1024, 375) k=? s=1 g=1 pad_type 'valid'"
1213,const,direct-const,constant data; filtered before the program stream (ANEH13Compiler.mm:1391-1393)
1214,transpose,missing,no H13 encoder for 'transpose': lowerOperation final reject 'H13 has no source-qualified encoder for' (ANEH13Compiler.mm:1349-1350)
1215,add,direct,"h13-source-qualified two-runtime same-shape binary, 64-element slices (rung 01-add-legacy proven path)"
1216,const,direct-const,constant data; filtered before the program stream (ANEH13Compiler.mm:1391-1393)
1217,const,direct-const,constant data; filtered before the program stream (ANEH13Compiler.mm:1391-1393)
1218,const,direct-const,constant data; filtered before the program stream (ANEH13Compiler.mm:1391-1393)
1219,layer_norm,missing,"normParityPlan hard-rejects affine layer_norm: requires args==3, fp32 epsilon==1e-5, NO gamma/beta ('Apple's compiler in this harness rejects every affine form', ANEH13Compiler.mm:751-792); all 120 here carry gamma+beta with epsilon as an fp16 const; additionally the affine-less core surface (1,3..."
1220,constexpr_lut_to_dense,normalization-needed,"4-bit palettization wrapper (fp16 LUT 64 or 256 groups x 16 centroids, uint4 indices) over weight.bin blob data: decompress to dense fp16 at weight-prep and emit as const BLOBFILE; no H13 encoder consumes palettized data"
1221,linear,normalization-needed,"weight producer is constexpr_lut_to_dense (constexpr_lut_to_dense), so constantValue(weight) is false and the linear handler rejects with h13.linear-nonconstant-weight; host LUT decompression (fp16 LUT [G,1,16,1] + uint4 indices -> dense fp16 [N,K]) re-emitted as a const with BLOBFILE payload unb..."
1222,silu,missing-envelope,"no Silu surface for (1, 375, 4096): kElementwiseTasks carries unary ops only on channel-vector surfaces (C,1,1) C<=4096; unary ops have NO generic fallback (parityPlan-only path)"
1223,constexpr_lut_to_dense,normalization-needed,"4-bit palettization wrapper (fp16 LUT 64 or 256 groups x 16 centroids, uint4 indices) over weight.bin blob data: decompress to dense fp16 at weight-prep and emit as const BLOBFILE; no H13 encoder consumes palettized data"
1224,linear,normalization-needed,"weight producer is constexpr_lut_to_dense (constexpr_lut_to_dense), so constantValue(weight) is false and the linear handler rejects with h13.linear-nonconstant-weight; host LUT decompression (fp16 LUT [G,1,16,1] + uint4 indices -> dense fp16 [N,K]) re-emitted as a const with BLOBFILE payload unb..."
1225,const,direct-const,constant data; filtered before the program stream (ANEH13Compiler.mm:1391-1393)
1226,mul,direct,"inline fp16 scalar mul fold (splat constant, 64-element slices)"
1227,add,direct,"h13-source-qualified two-runtime same-shape binary, 64-element slices (rung 01-add-legacy proven path)"
1228,const,direct-const,constant data; filtered before the program stream (ANEH13Compiler.mm:1391-1393)
1229,const,direct-const,constant data; filtered before the program stream (ANEH13Compiler.mm:1391-1393)
1230,const,direct-const,constant data; filtered before the program stream (ANEH13Compiler.mm:1391-1393)
1231,layer_norm,missing,"normParityPlan hard-rejects affine layer_norm: requires args==3, fp32 epsilon==1e-5, NO gamma/beta ('Apple's compiler in this harness rejects every affine form', ANEH13Compiler.mm:751-792); all 120 here carry gamma+beta with epsilon as an fp16 const; additionally the affine-less core surface (1,3..."
1232,const,direct-const,constant data; filtered before the program stream (ANEH13Compiler.mm:1391-1393)
1233,const,direct-const,constant data; filtered before the program stream (ANEH13Compiler.mm:1391-1393)
1234,const,direct-const,constant data; filtered before the program stream (ANEH13Compiler.mm:1391-1393)
1235,layer_norm,missing,"normParityPlan hard-rejects affine layer_norm: requires args==3, fp32 epsilon==1e-5, NO gamma/beta ('Apple's compiler in this harness rejects every affine form', ANEH13Compiler.mm:751-792); all 120 here carry gamma+beta with epsilon as an fp16 const; additionally the affine-less core surface (1,3..."
1236,constexpr_lut_to_dense,normalization-needed,"4-bit palettization wrapper (fp16 LUT 64 or 256 groups x 16 centroids, uint4 indices) over weight.bin blob data: decompress to dense fp16 at weight-prep and emit as const BLOBFILE; no H13 encoder consumes palettized data"
1237,linear,normalization-needed,"weight producer is constexpr_lut_to_dense (constexpr_lut_to_dense), so constantValue(weight) is false and the linear handler rejects with h13.linear-nonconstant-weight; host LUT decompression (fp16 LUT [G,1,16,1] + uint4 indices -> dense fp16 [N,K]) re-emitted as a const with BLOBFILE payload unb..."
1238,silu,missing-envelope,"no Silu surface for (1, 375, 4096): kElementwiseTasks carries unary ops only on channel-vector surfaces (C,1,1) C<=4096; unary ops have NO generic fallback (parityPlan-only path)"
1239,constexpr_lut_to_dense,normalization-needed,"4-bit palettization wrapper (fp16 LUT 64 or 256 groups x 16 centroids, uint4 indices) over weight.bin blob data: decompress to dense fp16 at weight-prep and emit as const BLOBFILE; no H13 encoder consumes palettized data"
1240,linear,normalization-needed,"weight producer is constexpr_lut_to_dense (constexpr_lut_to_dense), so constantValue(weight) is false and the linear handler rejects with h13.linear-nonconstant-weight; host LUT decompression (fp16 LUT [G,1,16,1] + uint4 indices -> dense fp16 [N,K]) re-emitted as a const with BLOBFILE payload unb..."
1241,const,direct-const,constant data; filtered before the program stream (ANEH13Compiler.mm:1391-1393)
1242,mul,direct,"inline fp16 scalar mul fold (splat constant, 64-element slices)"
1243,add,direct,"h13-source-qualified two-runtime same-shape binary, 64-element slices (rung 01-add-legacy proven path)"
1244,const,direct-const,constant data; filtered before the program stream (ANEH13Compiler.mm:1391-1393)
1245,const,direct-const,constant data; filtered before the program stream (ANEH13Compiler.mm:1391-1393)
1246,const,direct-const,constant data; filtered before the program stream (ANEH13Compiler.mm:1391-1393)
1247,layer_norm,missing,"normParityPlan hard-rejects affine layer_norm: requires args==3, fp32 epsilon==1e-5, NO gamma/beta ('Apple's compiler in this harness rejects every affine form', ANEH13Compiler.mm:751-792); all 120 here carry gamma+beta with epsilon as an fp16 const; additionally the affine-less core surface (1,3..."
1248,constexpr_lut_to_dense,normalization-needed,"4-bit palettization wrapper (fp16 LUT 64 or 256 groups x 16 centroids, uint4 indices) over weight.bin blob data: decompress to dense fp16 at weight-prep and emit as const BLOBFILE; no H13 encoder consumes palettized data"
1249,linear,normalization-needed,"weight producer is constexpr_lut_to_dense (constexpr_lut_to_dense), so constantValue(weight) is false and the linear handler rejects with h13.linear-nonconstant-weight; host LUT decompression (fp16 LUT [G,1,16,1] + uint4 indices -> dense fp16 [N,K]) re-emitted as a const with BLOBFILE payload unb..."
1250,const,direct-const,constant data; filtered before the program stream (ANEH13Compiler.mm:1391-1393)
1251,reshape,direct-alias,"compile-loop shape alias: metadata only, no program emitted (ANEH13Compiler.mm:1456-1482)"
1252,const,direct-const,constant data; filtered before the program stream (ANEH13Compiler.mm:1391-1393)
1253,constexpr_lut_to_dense,normalization-needed,"4-bit palettization wrapper (fp16 LUT 64 or 256 groups x 16 centroids, uint4 indices) over weight.bin blob data: decompress to dense fp16 at weight-prep and emit as const BLOBFILE; no H13 encoder consumes palettized data"
1254,linear,normalization-needed,"weight producer is constexpr_lut_to_dense (constexpr_lut_to_dense), so constantValue(weight) is false and the linear handler rejects with h13.linear-nonconstant-weight; host LUT decompression (fp16 LUT [G,1,16,1] + uint4 indices -> dense fp16 [N,K]) re-emitted as a const with BLOBFILE payload unb..."
1255,const,direct-const,constant data; filtered before the program stream (ANEH13Compiler.mm:1391-1393)
1256,reshape,direct-alias,"compile-loop shape alias: metadata only, no program emitted (ANEH13Compiler.mm:1456-1482)"
1257,const,direct-const,constant data; filtered before the program stream (ANEH13Compiler.mm:1391-1393)
1258,constexpr_lut_to_dense,normalization-needed,"4-bit palettization wrapper (fp16 LUT 64 or 256 groups x 16 centroids, uint4 indices) over weight.bin blob data: decompress to dense fp16 at weight-prep and emit as const BLOBFILE; no H13 encoder consumes palettized data"
1259,linear,normalization-needed,"weight producer is constexpr_lut_to_dense (constexpr_lut_to_dense), so constantValue(weight) is false and the linear handler rejects with h13.linear-nonconstant-weight; host LUT decompression (fp16 LUT [G,1,16,1] + uint4 indices -> dense fp16 [N,K]) re-emitted as a const with BLOBFILE payload unb..."
1260,const,direct-const,constant data; filtered before the program stream (ANEH13Compiler.mm:1391-1393)
1261,reshape,direct-alias,"compile-loop shape alias: metadata only, no program emitted (ANEH13Compiler.mm:1456-1482)"
1262,const,direct-const,constant data; filtered before the program stream (ANEH13Compiler.mm:1391-1393)
1263,const,direct-const,constant data; filtered before the program stream (ANEH13Compiler.mm:1391-1393)
1264,transpose,missing,no H13 encoder for 'transpose': lowerOperation final reject 'H13 has no source-qualified encoder for' (ANEH13Compiler.mm:1349-1350)
1265,add,direct,whole-tensor constant fold (add/mul/max/min; sub folds as sign-flipped add; real_div folds only for powers of two)
1266,const,direct-const,constant data; filtered before the program stream (ANEH13Compiler.mm:1391-1393)
1267,add,direct,whole-tensor constant fold (add/mul/max/min; sub folds as sign-flipped add; real_div folds only for powers of two)
1268,const,direct-const,constant data; filtered before the program stream (ANEH13Compiler.mm:1391-1393)
1269,const,direct-const,constant data; filtered before the program stream (ANEH13Compiler.mm:1391-1393)
1270,const,direct-const,constant data; filtered before the program stream (ANEH13Compiler.mm:1391-1393)
1271,matmul,normalization-needed,"const-weight matmul 3000x128x749 tx=False ty=False outside parity envelope; falls to the source-qualified chunked matvec path (per-row/512-column slices, physical reduction 256/512, weight must be a const with BLOBFILE payload — this proto stores it inline, so the handoff must re-emit weight.bin ..."
1272,const,direct-const,constant data; filtered before the program stream (ANEH13Compiler.mm:1391-1393)
1273,const,direct-const,constant data; filtered before the program stream (ANEH13Compiler.mm:1391-1393)
1274,const,direct-const,constant data; filtered before the program stream (ANEH13Compiler.mm:1391-1393)
1275,pad,missing,no H13 encoder for 'pad': lowerOperation final reject 'H13 has no source-qualified encoder for' (ANEH13Compiler.mm:1349-1350)
1276,const,direct-const,constant data; filtered before the program stream (ANEH13Compiler.mm:1391-1393)
1277,reshape,direct-alias,"compile-loop shape alias: metadata only, no program emitted (ANEH13Compiler.mm:1456-1482)"
1278,const,direct-const,constant data; filtered before the program stream (ANEH13Compiler.mm:1391-1393)
1279,const,direct-const,constant data; filtered before the program stream (ANEH13Compiler.mm:1391-1393)
1280,const,direct-const,constant data; filtered before the program stream (ANEH13Compiler.mm:1391-1393)
1281,slice_by_index,missing,no H13 encoder for 'slice_by_index': lowerOperation final reject 'H13 has no source-qualified encoder for' (ANEH13Compiler.mm:1349-1350)
1282,const,direct-const,constant data; filtered before the program stream (ANEH13Compiler.mm:1391-1393)
1283,reshape,direct-alias,"compile-loop shape alias: metadata only, no program emitted (ANEH13Compiler.mm:1456-1482)"
1284,const,direct-const,constant data; filtered before the program stream (ANEH13Compiler.mm:1391-1393)
1285,const,direct-const,constant data; filtered before the program stream (ANEH13Compiler.mm:1391-1393)
1286,const,direct-const,constant data; filtered before the program stream (ANEH13Compiler.mm:1391-1393)
1287,slice_by_index,missing,no H13 encoder for 'slice_by_index': lowerOperation final reject 'H13 has no source-qualified encoder for' (ANEH13Compiler.mm:1349-1350)
1288,const,direct-const,constant data; filtered before the program stream (ANEH13Compiler.mm:1391-1393)
1289,mul,direct,"inline fp16 scalar mul fold (splat constant, 64-element slices)"
1290,select,missing,no H13 encoder for 'select': lowerOperation final reject 'H13 has no source-qualified encoder for' (ANEH13Compiler.mm:1349-1350)
1291,mul,direct,"inline fp16 scalar mul fold (splat constant, 64-element slices)"
1292,const,direct-const,constant data; filtered before the program stream (ANEH13Compiler.mm:1391-1393)
1293,const,direct-const,constant data; filtered before the program stream (ANEH13Compiler.mm:1391-1393)
1294,transpose,missing,no H13 encoder for 'transpose': lowerOperation final reject 'H13 has no source-qualified encoder for' (ANEH13Compiler.mm:1349-1350)
1295,matmul,missing-envelope,"runtime-operand matmul rows=3000 red=128 cols=375 tx=False ty=True y=(1, 8, 375, 128): outside kMatmulEnvelopeTasks (rows decoded only for 1 and 16); runtime-weight matmul is parity-path-only — reject h13.matmul-outside-envelope; no chunked fallback exists for runtime operands"
1296,add,direct,"h13-source-qualified two-runtime same-shape binary, 64-element slices (rung 01-add-legacy proven path)"
1297,const,direct-const,constant data; filtered before the program stream (ANEH13Compiler.mm:1391-1393)
1298,softmax,missing-envelope,"softmax template lookup in=(8, 375, 375) out=(8, 375, 375) axis-mask=0x08: absent from kNormTasks (44 decoded softmax programs; largest spatial 256x256); normParityPlan is softmax's only path (no generic fallback)"
1299,const,direct-const,constant data; filtered before the program stream (ANEH13Compiler.mm:1391-1393)
1300,const,direct-const,constant data; filtered before the program stream (ANEH13Compiler.mm:1391-1393)
1301,transpose,missing,no H13 encoder for 'transpose': lowerOperation final reject 'H13 has no source-qualified encoder for' (ANEH13Compiler.mm:1349-1350)
1302,matmul,missing-envelope,"runtime-operand matmul rows=3000 red=375 cols=128 tx=False ty=False y=(1, 8, 375, 128): outside kMatmulEnvelopeTasks (rows decoded only for 1 and 16); runtime-weight matmul is parity-path-only — reject h13.matmul-outside-envelope; no chunked fallback exists for runtime operands"
1303,const,direct-const,constant data; filtered before the program stream (ANEH13Compiler.mm:1391-1393)
1304,const,direct-const,constant data; filtered before the program stream (ANEH13Compiler.mm:1391-1393)
1305,transpose,missing,no H13 encoder for 'transpose': lowerOperation final reject 'H13 has no source-qualified encoder for' (ANEH13Compiler.mm:1349-1350)
1306,reshape,direct-alias,"compile-loop shape alias: metadata only, no program emitted (ANEH13Compiler.mm:1456-1482)"
1307,constexpr_lut_to_dense,normalization-needed,"4-bit palettization wrapper (fp16 LUT 64 or 256 groups x 16 centroids, uint4 indices) over weight.bin blob data: decompress to dense fp16 at weight-prep and emit as const BLOBFILE; no H13 encoder consumes palettized data"
1308,linear,normalization-needed,"weight producer is constexpr_lut_to_dense (constexpr_lut_to_dense), so constantValue(weight) is false and the linear handler rejects with h13.linear-nonconstant-weight; host LUT decompression (fp16 LUT [G,1,16,1] + uint4 indices -> dense fp16 [N,K]) re-emitted as a const with BLOBFILE payload unb..."
1309,add,direct,"h13-source-qualified two-runtime same-shape binary, 64-element slices (rung 01-add-legacy proven path)"
1310,const,direct-const,constant data; filtered before the program stream (ANEH13Compiler.mm:1391-1393)
1311,const,direct-const,constant data; filtered before the program stream (ANEH13Compiler.mm:1391-1393)
1312,const,direct-const,constant data; filtered before the program stream (ANEH13Compiler.mm:1391-1393)
1313,layer_norm,missing,"normParityPlan hard-rejects affine layer_norm: requires args==3, fp32 epsilon==1e-5, NO gamma/beta ('Apple's compiler in this harness rejects every affine form', ANEH13Compiler.mm:751-792); all 120 here carry gamma+beta with epsilon as an fp16 const; additionally the affine-less core surface (1,3..."
1314,const,direct-const,constant data; filtered before the program stream (ANEH13Compiler.mm:1391-1393)
1315,const,direct-const,constant data; filtered before the program stream (ANEH13Compiler.mm:1391-1393)
1316,const,direct-const,constant data; filtered before the program stream (ANEH13Compiler.mm:1391-1393)
1317,const,direct-const,constant data; filtered before the program stream (ANEH13Compiler.mm:1391-1393)
1318,const,direct-const,constant data; filtered before the program stream (ANEH13Compiler.mm:1391-1393)
1319,const,direct-const,constant data; filtered before the program stream (ANEH13Compiler.mm:1391-1393)
1320,const,direct-const,constant data; filtered before the program stream (ANEH13Compiler.mm:1391-1393)
1321,transpose,missing,no H13 encoder for 'transpose': lowerOperation final reject 'H13 has no source-qualified encoder for' (ANEH13Compiler.mm:1349-1350)
1322,conv,missing-envelope,"rank-3 spelling rejected by convSurface (requires rank-4 fp16 NCHW batch=1); rank-4 re-spell would still need surface in kConvTasks: in=(1, 1024, 375) out=(1, 2048, 375) k=? s=1 g=1 pad_type 'valid'"
1323,const,direct-const,constant data; filtered before the program stream (ANEH13Compiler.mm:1391-1393)
1324,const,direct-const,constant data; filtered before the program stream (ANEH13Compiler.mm:1391-1393)
1325,split,missing,no H13 encoder for 'split': lowerOperation final reject 'H13 has no source-qualified encoder for' (ANEH13Compiler.mm:1349-1350)
1326,sigmoid,missing-envelope,"no Sigmoid surface for (1, 1024, 375): kElementwiseTasks carries unary ops only on channel-vector surfaces (C,1,1) C<=4096; unary ops have NO generic fallback (parityPlan-only path)"
1327,mul,direct,"h13-source-qualified two-runtime same-shape binary, 64-element slices (rung 01-add-legacy proven path)"
1328,select,missing,no H13 encoder for 'select': lowerOperation final reject 'H13 has no source-qualified encoder for' (ANEH13Compiler.mm:1349-1350)
1329,const,direct-const,constant data; filtered before the program stream (ANEH13Compiler.mm:1391-1393)
1330,const,direct-const,constant data; filtered before the program stream (ANEH13Compiler.mm:1391-1393)
1331,const,direct-const,constant data; filtered before the program stream (ANEH13Compiler.mm:1391-1393)
1332,const,direct-const,constant data; filtered before the program stream (ANEH13Compiler.mm:1391-1393)
1333,const,direct-const,constant data; filtered before the program stream (ANEH13Compiler.mm:1391-1393)
1334,const,direct-const,constant data; filtered before the program stream (ANEH13Compiler.mm:1391-1393)
1335,const,direct-const,constant data; filtered before the program stream (ANEH13Compiler.mm:1391-1393)
1336,conv,missing-envelope,"rank-3 spelling rejected by convSurface (requires rank-4 fp16 NCHW batch=1); rank-4 re-spell would still need surface in kConvTasks: in=(1, 1024, 375) out=(1, 1024, 375) k=? s=1 g=1024 pad_type 'custom'"
1337,silu,missing-envelope,"no Silu surface for (1, 1024, 375): kElementwiseTasks carries unary ops only on channel-vector surfaces (C,1,1) C<=4096; unary ops have NO generic fallback (parityPlan-only path)"
1338,const,direct-const,constant data; filtered before the program stream (ANEH13Compiler.mm:1391-1393)
1339,const,direct-const,constant data; filtered before the program stream (ANEH13Compiler.mm:1391-1393)
1340,const,direct-const,constant data; filtered before the program stream (ANEH13Compiler.mm:1391-1393)
1341,const,direct-const,constant data; filtered before the program stream (ANEH13Compiler.mm:1391-1393)
1342,const,direct-const,constant data; filtered before the program stream (ANEH13Compiler.mm:1391-1393)
1343,const,direct-const,constant data; filtered before the program stream (ANEH13Compiler.mm:1391-1393)
1344,conv,missing-envelope,"rank-3 spelling rejected by convSurface (requires rank-4 fp16 NCHW batch=1); rank-4 re-spell would still need surface in kConvTasks: in=(1, 1024, 375) out=(1, 1024, 375) k=? s=1 g=1 pad_type 'valid'"
1345,const,direct-const,constant data; filtered before the program stream (ANEH13Compiler.mm:1391-1393)
1346,transpose,missing,no H13 encoder for 'transpose': lowerOperation final reject 'H13 has no source-qualified encoder for' (ANEH13Compiler.mm:1349-1350)
1347,add,direct,"h13-source-qualified two-runtime same-shape binary, 64-element slices (rung 01-add-legacy proven path)"
1348,const,direct-const,constant data; filtered before the program stream (ANEH13Compiler.mm:1391-1393)
1349,const,direct-const,constant data; filtered before the program stream (ANEH13Compiler.mm:1391-1393)
1350,const,direct-const,constant data; filtered before the program stream (ANEH13Compiler.mm:1391-1393)
1351,layer_norm,missing,"normParityPlan hard-rejects affine layer_norm: requires args==3, fp32 epsilon==1e-5, NO gamma/beta ('Apple's compiler in this harness rejects every affine form', ANEH13Compiler.mm:751-792); all 120 here carry gamma+beta with epsilon as an fp16 const; additionally the affine-less core surface (1,3..."
1352,constexpr_lut_to_dense,normalization-needed,"4-bit palettization wrapper (fp16 LUT 64 or 256 groups x 16 centroids, uint4 indices) over weight.bin blob data: decompress to dense fp16 at weight-prep and emit as const BLOBFILE; no H13 encoder consumes palettized data"
1353,linear,normalization-needed,"weight producer is constexpr_lut_to_dense (constexpr_lut_to_dense), so constantValue(weight) is false and the linear handler rejects with h13.linear-nonconstant-weight; host LUT decompression (fp16 LUT [G,1,16,1] + uint4 indices -> dense fp16 [N,K]) re-emitted as a const with BLOBFILE payload unb..."
1354,silu,missing-envelope,"no Silu surface for (1, 375, 4096): kElementwiseTasks carries unary ops only on channel-vector surfaces (C,1,1) C<=4096; unary ops have NO generic fallback (parityPlan-only path)"
1355,constexpr_lut_to_dense,normalization-needed,"4-bit palettization wrapper (fp16 LUT 64 or 256 groups x 16 centroids, uint4 indices) over weight.bin blob data: decompress to dense fp16 at weight-prep and emit as const BLOBFILE; no H13 encoder consumes palettized data"
1356,linear,normalization-needed,"weight producer is constexpr_lut_to_dense (constexpr_lut_to_dense), so constantValue(weight) is false and the linear handler rejects with h13.linear-nonconstant-weight; host LUT decompression (fp16 LUT [G,1,16,1] + uint4 indices -> dense fp16 [N,K]) re-emitted as a const with BLOBFILE payload unb..."
1357,const,direct-const,constant data; filtered before the program stream (ANEH13Compiler.mm:1391-1393)
1358,mul,direct,"inline fp16 scalar mul fold (splat constant, 64-element slices)"
1359,add,direct,"h13-source-qualified two-runtime same-shape binary, 64-element slices (rung 01-add-legacy proven path)"
1360,const,direct-const,constant data; filtered before the program stream (ANEH13Compiler.mm:1391-1393)
1361,const,direct-const,constant data; filtered before the program stream (ANEH13Compiler.mm:1391-1393)
1362,const,direct-const,constant data; filtered before the program stream (ANEH13Compiler.mm:1391-1393)
1363,layer_norm,missing,"normParityPlan hard-rejects affine layer_norm: requires args==3, fp32 epsilon==1e-5, NO gamma/beta ('Apple's compiler in this harness rejects every affine form', ANEH13Compiler.mm:751-792); all 120 here carry gamma+beta with epsilon as an fp16 const; additionally the affine-less core surface (1,3..."
1364,const,direct-const,constant data; filtered before the program stream (ANEH13Compiler.mm:1391-1393)
1365,const,direct-const,constant data; filtered before the program stream (ANEH13Compiler.mm:1391-1393)
1366,const,direct-const,constant data; filtered before the program stream (ANEH13Compiler.mm:1391-1393)
1367,layer_norm,missing,"normParityPlan hard-rejects affine layer_norm: requires args==3, fp32 epsilon==1e-5, NO gamma/beta ('Apple's compiler in this harness rejects every affine form', ANEH13Compiler.mm:751-792); all 120 here carry gamma+beta with epsilon as an fp16 const; additionally the affine-less core surface (1,3..."
1368,constexpr_lut_to_dense,normalization-needed,"4-bit palettization wrapper (fp16 LUT 64 or 256 groups x 16 centroids, uint4 indices) over weight.bin blob data: decompress to dense fp16 at weight-prep and emit as const BLOBFILE; no H13 encoder consumes palettized data"
1369,linear,normalization-needed,"weight producer is constexpr_lut_to_dense (constexpr_lut_to_dense), so constantValue(weight) is false and the linear handler rejects with h13.linear-nonconstant-weight; host LUT decompression (fp16 LUT [G,1,16,1] + uint4 indices -> dense fp16 [N,K]) re-emitted as a const with BLOBFILE payload unb..."
1370,silu,missing-envelope,"no Silu surface for (1, 375, 4096): kElementwiseTasks carries unary ops only on channel-vector surfaces (C,1,1) C<=4096; unary ops have NO generic fallback (parityPlan-only path)"
1371,constexpr_lut_to_dense,normalization-needed,"4-bit palettization wrapper (fp16 LUT 64 or 256 groups x 16 centroids, uint4 indices) over weight.bin blob data: decompress to dense fp16 at weight-prep and emit as const BLOBFILE; no H13 encoder consumes palettized data"
1372,linear,normalization-needed,"weight producer is constexpr_lut_to_dense (constexpr_lut_to_dense), so constantValue(weight) is false and the linear handler rejects with h13.linear-nonconstant-weight; host LUT decompression (fp16 LUT [G,1,16,1] + uint4 indices -> dense fp16 [N,K]) re-emitted as a const with BLOBFILE payload unb..."
1373,const,direct-const,constant data; filtered before the program stream (ANEH13Compiler.mm:1391-1393)
1374,mul,direct,"inline fp16 scalar mul fold (splat constant, 64-element slices)"
1375,add,direct,"h13-source-qualified two-runtime same-shape binary, 64-element slices (rung 01-add-legacy proven path)"
1376,const,direct-const,constant data; filtered before the program stream (ANEH13Compiler.mm:1391-1393)
1377,const,direct-const,constant data; filtered before the program stream (ANEH13Compiler.mm:1391-1393)
1378,const,direct-const,constant data; filtered before the program stream (ANEH13Compiler.mm:1391-1393)
1379,layer_norm,missing,"normParityPlan hard-rejects affine layer_norm: requires args==3, fp32 epsilon==1e-5, NO gamma/beta ('Apple's compiler in this harness rejects every affine form', ANEH13Compiler.mm:751-792); all 120 here carry gamma+beta with epsilon as an fp16 const; additionally the affine-less core surface (1,3..."
1380,constexpr_lut_to_dense,normalization-needed,"4-bit palettization wrapper (fp16 LUT 64 or 256 groups x 16 centroids, uint4 indices) over weight.bin blob data: decompress to dense fp16 at weight-prep and emit as const BLOBFILE; no H13 encoder consumes palettized data"
1381,linear,normalization-needed,"weight producer is constexpr_lut_to_dense (constexpr_lut_to_dense), so constantValue(weight) is false and the linear handler rejects with h13.linear-nonconstant-weight; host LUT decompression (fp16 LUT [G,1,16,1] + uint4 indices -> dense fp16 [N,K]) re-emitted as a const with BLOBFILE payload unb..."
1382,const,direct-const,constant data; filtered before the program stream (ANEH13Compiler.mm:1391-1393)
1383,reshape,direct-alias,"compile-loop shape alias: metadata only, no program emitted (ANEH13Compiler.mm:1456-1482)"
1384,const,direct-const,constant data; filtered before the program stream (ANEH13Compiler.mm:1391-1393)
1385,constexpr_lut_to_dense,normalization-needed,"4-bit palettization wrapper (fp16 LUT 64 or 256 groups x 16 centroids, uint4 indices) over weight.bin blob data: decompress to dense fp16 at weight-prep and emit as const BLOBFILE; no H13 encoder consumes palettized data"
1386,linear,normalization-needed,"weight producer is constexpr_lut_to_dense (constexpr_lut_to_dense), so constantValue(weight) is false and the linear handler rejects with h13.linear-nonconstant-weight; host LUT decompression (fp16 LUT [G,1,16,1] + uint4 indices -> dense fp16 [N,K]) re-emitted as a const with BLOBFILE payload unb..."
1387,const,direct-const,constant data; filtered before the program stream (ANEH13Compiler.mm:1391-1393)
1388,reshape,direct-alias,"compile-loop shape alias: metadata only, no program emitted (ANEH13Compiler.mm:1456-1482)"
1389,const,direct-const,constant data; filtered before the program stream (ANEH13Compiler.mm:1391-1393)
1390,constexpr_lut_to_dense,normalization-needed,"4-bit palettization wrapper (fp16 LUT 64 or 256 groups x 16 centroids, uint4 indices) over weight.bin blob data: decompress to dense fp16 at weight-prep and emit as const BLOBFILE; no H13 encoder consumes palettized data"
1391,linear,normalization-needed,"weight producer is constexpr_lut_to_dense (constexpr_lut_to_dense), so constantValue(weight) is false and the linear handler rejects with h13.linear-nonconstant-weight; host LUT decompression (fp16 LUT [G,1,16,1] + uint4 indices -> dense fp16 [N,K]) re-emitted as a const with BLOBFILE payload unb..."
1392,const,direct-const,constant data; filtered before the program stream (ANEH13Compiler.mm:1391-1393)
1393,reshape,direct-alias,"compile-loop shape alias: metadata only, no program emitted (ANEH13Compiler.mm:1456-1482)"
1394,const,direct-const,constant data; filtered before the program stream (ANEH13Compiler.mm:1391-1393)
1395,const,direct-const,constant data; filtered before the program stream (ANEH13Compiler.mm:1391-1393)
1396,transpose,missing,no H13 encoder for 'transpose': lowerOperation final reject 'H13 has no source-qualified encoder for' (ANEH13Compiler.mm:1349-1350)
1397,add,direct,whole-tensor constant fold (add/mul/max/min; sub folds as sign-flipped add; real_div folds only for powers of two)
1398,const,direct-const,constant data; filtered before the program stream (ANEH13Compiler.mm:1391-1393)
1399,add,direct,whole-tensor constant fold (add/mul/max/min; sub folds as sign-flipped add; real_div folds only for powers of two)
1400,const,direct-const,constant data; filtered before the program stream (ANEH13Compiler.mm:1391-1393)
1401,const,direct-const,constant data; filtered before the program stream (ANEH13Compiler.mm:1391-1393)
1402,const,direct-const,constant data; filtered before the program stream (ANEH13Compiler.mm:1391-1393)
1403,matmul,normalization-needed,"const-weight matmul 3000x128x749 tx=False ty=False outside parity envelope; falls to the source-qualified chunked matvec path (per-row/512-column slices, physical reduction 256/512, weight must be a const with BLOBFILE payload — this proto stores it inline, so the handoff must re-emit weight.bin ..."
1404,const,direct-const,constant data; filtered before the program stream (ANEH13Compiler.mm:1391-1393)
1405,const,direct-const,constant data; filtered before the program stream (ANEH13Compiler.mm:1391-1393)
1406,const,direct-const,constant data; filtered before the program stream (ANEH13Compiler.mm:1391-1393)
1407,pad,missing,no H13 encoder for 'pad': lowerOperation final reject 'H13 has no source-qualified encoder for' (ANEH13Compiler.mm:1349-1350)
1408,const,direct-const,constant data; filtered before the program stream (ANEH13Compiler.mm:1391-1393)
1409,reshape,direct-alias,"compile-loop shape alias: metadata only, no program emitted (ANEH13Compiler.mm:1456-1482)"
1410,const,direct-const,constant data; filtered before the program stream (ANEH13Compiler.mm:1391-1393)
1411,const,direct-const,constant data; filtered before the program stream (ANEH13Compiler.mm:1391-1393)
1412,const,direct-const,constant data; filtered before the program stream (ANEH13Compiler.mm:1391-1393)
1413,slice_by_index,missing,no H13 encoder for 'slice_by_index': lowerOperation final reject 'H13 has no source-qualified encoder for' (ANEH13Compiler.mm:1349-1350)
1414,const,direct-const,constant data; filtered before the program stream (ANEH13Compiler.mm:1391-1393)
1415,reshape,direct-alias,"compile-loop shape alias: metadata only, no program emitted (ANEH13Compiler.mm:1456-1482)"
1416,const,direct-const,constant data; filtered before the program stream (ANEH13Compiler.mm:1391-1393)
1417,const,direct-const,constant data; filtered before the program stream (ANEH13Compiler.mm:1391-1393)
1418,const,direct-const,constant data; filtered before the program stream (ANEH13Compiler.mm:1391-1393)
1419,slice_by_index,missing,no H13 encoder for 'slice_by_index': lowerOperation final reject 'H13 has no source-qualified encoder for' (ANEH13Compiler.mm:1349-1350)
1420,const,direct-const,constant data; filtered before the program stream (ANEH13Compiler.mm:1391-1393)
1421,mul,direct,"inline fp16 scalar mul fold (splat constant, 64-element slices)"
1422,select,missing,no H13 encoder for 'select': lowerOperation final reject 'H13 has no source-qualified encoder for' (ANEH13Compiler.mm:1349-1350)
1423,mul,direct,"inline fp16 scalar mul fold (splat constant, 64-element slices)"
1424,const,direct-const,constant data; filtered before the program stream (ANEH13Compiler.mm:1391-1393)
1425,const,direct-const,constant data; filtered before the program stream (ANEH13Compiler.mm:1391-1393)
1426,transpose,missing,no H13 encoder for 'transpose': lowerOperation final reject 'H13 has no source-qualified encoder for' (ANEH13Compiler.mm:1349-1350)
1427,matmul,missing-envelope,"runtime-operand matmul rows=3000 red=128 cols=375 tx=False ty=True y=(1, 8, 375, 128): outside kMatmulEnvelopeTasks (rows decoded only for 1 and 16); runtime-weight matmul is parity-path-only — reject h13.matmul-outside-envelope; no chunked fallback exists for runtime operands"
1428,add,direct,"h13-source-qualified two-runtime same-shape binary, 64-element slices (rung 01-add-legacy proven path)"
1429,const,direct-const,constant data; filtered before the program stream (ANEH13Compiler.mm:1391-1393)
1430,softmax,missing-envelope,"softmax template lookup in=(8, 375, 375) out=(8, 375, 375) axis-mask=0x08: absent from kNormTasks (44 decoded softmax programs; largest spatial 256x256); normParityPlan is softmax's only path (no generic fallback)"
1431,const,direct-const,constant data; filtered before the program stream (ANEH13Compiler.mm:1391-1393)
1432,const,direct-const,constant data; filtered before the program stream (ANEH13Compiler.mm:1391-1393)
1433,transpose,missing,no H13 encoder for 'transpose': lowerOperation final reject 'H13 has no source-qualified encoder for' (ANEH13Compiler.mm:1349-1350)
1434,matmul,missing-envelope,"runtime-operand matmul rows=3000 red=375 cols=128 tx=False ty=False y=(1, 8, 375, 128): outside kMatmulEnvelopeTasks (rows decoded only for 1 and 16); runtime-weight matmul is parity-path-only — reject h13.matmul-outside-envelope; no chunked fallback exists for runtime operands"
1435,const,direct-const,constant data; filtered before the program stream (ANEH13Compiler.mm:1391-1393)
1436,const,direct-const,constant data; filtered before the program stream (ANEH13Compiler.mm:1391-1393)
1437,transpose,missing,no H13 encoder for 'transpose': lowerOperation final reject 'H13 has no source-qualified encoder for' (ANEH13Compiler.mm:1349-1350)
1438,reshape,direct-alias,"compile-loop shape alias: metadata only, no program emitted (ANEH13Compiler.mm:1456-1482)"
1439,constexpr_lut_to_dense,normalization-needed,"4-bit palettization wrapper (fp16 LUT 64 or 256 groups x 16 centroids, uint4 indices) over weight.bin blob data: decompress to dense fp16 at weight-prep and emit as const BLOBFILE; no H13 encoder consumes palettized data"
1440,linear,normalization-needed,"weight producer is constexpr_lut_to_dense (constexpr_lut_to_dense), so constantValue(weight) is false and the linear handler rejects with h13.linear-nonconstant-weight; host LUT decompression (fp16 LUT [G,1,16,1] + uint4 indices -> dense fp16 [N,K]) re-emitted as a const with BLOBFILE payload unb..."
1441,add,direct,"h13-source-qualified two-runtime same-shape binary, 64-element slices (rung 01-add-legacy proven path)"
1442,const,direct-const,constant data; filtered before the program stream (ANEH13Compiler.mm:1391-1393)
1443,const,direct-const,constant data; filtered before the program stream (ANEH13Compiler.mm:1391-1393)
1444,const,direct-const,constant data; filtered before the program stream (ANEH13Compiler.mm:1391-1393)
1445,layer_norm,missing,"normParityPlan hard-rejects affine layer_norm: requires args==3, fp32 epsilon==1e-5, NO gamma/beta ('Apple's compiler in this harness rejects every affine form', ANEH13Compiler.mm:751-792); all 120 here carry gamma+beta with epsilon as an fp16 const; additionally the affine-less core surface (1,3..."
1446,const,direct-const,constant data; filtered before the program stream (ANEH13Compiler.mm:1391-1393)
1447,const,direct-const,constant data; filtered before the program stream (ANEH13Compiler.mm:1391-1393)
1448,const,direct-const,constant data; filtered before the program stream (ANEH13Compiler.mm:1391-1393)
1449,const,direct-const,constant data; filtered before the program stream (ANEH13Compiler.mm:1391-1393)
1450,const,direct-const,constant data; filtered before the program stream (ANEH13Compiler.mm:1391-1393)
1451,const,direct-const,constant data; filtered before the program stream (ANEH13Compiler.mm:1391-1393)
1452,const,direct-const,constant data; filtered before the program stream (ANEH13Compiler.mm:1391-1393)
1453,transpose,missing,no H13 encoder for 'transpose': lowerOperation final reject 'H13 has no source-qualified encoder for' (ANEH13Compiler.mm:1349-1350)
1454,conv,missing-envelope,"rank-3 spelling rejected by convSurface (requires rank-4 fp16 NCHW batch=1); rank-4 re-spell would still need surface in kConvTasks: in=(1, 1024, 375) out=(1, 2048, 375) k=? s=1 g=1 pad_type 'valid'"
1455,const,direct-const,constant data; filtered before the program stream (ANEH13Compiler.mm:1391-1393)
1456,const,direct-const,constant data; filtered before the program stream (ANEH13Compiler.mm:1391-1393)
1457,split,missing,no H13 encoder for 'split': lowerOperation final reject 'H13 has no source-qualified encoder for' (ANEH13Compiler.mm:1349-1350)
1458,sigmoid,missing-envelope,"no Sigmoid surface for (1, 1024, 375): kElementwiseTasks carries unary ops only on channel-vector surfaces (C,1,1) C<=4096; unary ops have NO generic fallback (parityPlan-only path)"
1459,mul,direct,"h13-source-qualified two-runtime same-shape binary, 64-element slices (rung 01-add-legacy proven path)"
1460,select,missing,no H13 encoder for 'select': lowerOperation final reject 'H13 has no source-qualified encoder for' (ANEH13Compiler.mm:1349-1350)
1461,const,direct-const,constant data; filtered before the program stream (ANEH13Compiler.mm:1391-1393)
1462,const,direct-const,constant data; filtered before the program stream (ANEH13Compiler.mm:1391-1393)
1463,const,direct-const,constant data; filtered before the program stream (ANEH13Compiler.mm:1391-1393)
1464,const,direct-const,constant data; filtered before the program stream (ANEH13Compiler.mm:1391-1393)
1465,const,direct-const,constant data; filtered before the program stream (ANEH13Compiler.mm:1391-1393)
1466,const,direct-const,constant data; filtered before the program stream (ANEH13Compiler.mm:1391-1393)
1467,const,direct-const,constant data; filtered before the program stream (ANEH13Compiler.mm:1391-1393)
1468,conv,missing-envelope,"rank-3 spelling rejected by convSurface (requires rank-4 fp16 NCHW batch=1); rank-4 re-spell would still need surface in kConvTasks: in=(1, 1024, 375) out=(1, 1024, 375) k=? s=1 g=1024 pad_type 'custom'"
1469,silu,missing-envelope,"no Silu surface for (1, 1024, 375): kElementwiseTasks carries unary ops only on channel-vector surfaces (C,1,1) C<=4096; unary ops have NO generic fallback (parityPlan-only path)"
1470,const,direct-const,constant data; filtered before the program stream (ANEH13Compiler.mm:1391-1393)
1471,const,direct-const,constant data; filtered before the program stream (ANEH13Compiler.mm:1391-1393)
1472,const,direct-const,constant data; filtered before the program stream (ANEH13Compiler.mm:1391-1393)
1473,const,direct-const,constant data; filtered before the program stream (ANEH13Compiler.mm:1391-1393)
1474,const,direct-const,constant data; filtered before the program stream (ANEH13Compiler.mm:1391-1393)
1475,const,direct-const,constant data; filtered before the program stream (ANEH13Compiler.mm:1391-1393)
1476,conv,missing-envelope,"rank-3 spelling rejected by convSurface (requires rank-4 fp16 NCHW batch=1); rank-4 re-spell would still need surface in kConvTasks: in=(1, 1024, 375) out=(1, 1024, 375) k=? s=1 g=1 pad_type 'valid'"
1477,const,direct-const,constant data; filtered before the program stream (ANEH13Compiler.mm:1391-1393)
1478,transpose,missing,no H13 encoder for 'transpose': lowerOperation final reject 'H13 has no source-qualified encoder for' (ANEH13Compiler.mm:1349-1350)
1479,add,direct,"h13-source-qualified two-runtime same-shape binary, 64-element slices (rung 01-add-legacy proven path)"
1480,const,direct-const,constant data; filtered before the program stream (ANEH13Compiler.mm:1391-1393)
1481,const,direct-const,constant data; filtered before the program stream (ANEH13Compiler.mm:1391-1393)
1482,const,direct-const,constant data; filtered before the program stream (ANEH13Compiler.mm:1391-1393)
1483,layer_norm,missing,"normParityPlan hard-rejects affine layer_norm: requires args==3, fp32 epsilon==1e-5, NO gamma/beta ('Apple's compiler in this harness rejects every affine form', ANEH13Compiler.mm:751-792); all 120 here carry gamma+beta with epsilon as an fp16 const; additionally the affine-less core surface (1,3..."
1484,constexpr_lut_to_dense,normalization-needed,"4-bit palettization wrapper (fp16 LUT 64 or 256 groups x 16 centroids, uint4 indices) over weight.bin blob data: decompress to dense fp16 at weight-prep and emit as const BLOBFILE; no H13 encoder consumes palettized data"
1485,linear,normalization-needed,"weight producer is constexpr_lut_to_dense (constexpr_lut_to_dense), so constantValue(weight) is false and the linear handler rejects with h13.linear-nonconstant-weight; host LUT decompression (fp16 LUT [G,1,16,1] + uint4 indices -> dense fp16 [N,K]) re-emitted as a const with BLOBFILE payload unb..."
1486,silu,missing-envelope,"no Silu surface for (1, 375, 4096): kElementwiseTasks carries unary ops only on channel-vector surfaces (C,1,1) C<=4096; unary ops have NO generic fallback (parityPlan-only path)"
1487,constexpr_lut_to_dense,normalization-needed,"4-bit palettization wrapper (fp16 LUT 64 or 256 groups x 16 centroids, uint4 indices) over weight.bin blob data: decompress to dense fp16 at weight-prep and emit as const BLOBFILE; no H13 encoder consumes palettized data"
1488,linear,normalization-needed,"weight producer is constexpr_lut_to_dense (constexpr_lut_to_dense), so constantValue(weight) is false and the linear handler rejects with h13.linear-nonconstant-weight; host LUT decompression (fp16 LUT [G,1,16,1] + uint4 indices -> dense fp16 [N,K]) re-emitted as a const with BLOBFILE payload unb..."
1489,const,direct-const,constant data; filtered before the program stream (ANEH13Compiler.mm:1391-1393)
1490,mul,direct,"inline fp16 scalar mul fold (splat constant, 64-element slices)"
1491,add,direct,"h13-source-qualified two-runtime same-shape binary, 64-element slices (rung 01-add-legacy proven path)"
1492,const,direct-const,constant data; filtered before the program stream (ANEH13Compiler.mm:1391-1393)
1493,const,direct-const,constant data; filtered before the program stream (ANEH13Compiler.mm:1391-1393)
1494,const,direct-const,constant data; filtered before the program stream (ANEH13Compiler.mm:1391-1393)
1495,layer_norm,missing,"normParityPlan hard-rejects affine layer_norm: requires args==3, fp32 epsilon==1e-5, NO gamma/beta ('Apple's compiler in this harness rejects every affine form', ANEH13Compiler.mm:751-792); all 120 here carry gamma+beta with epsilon as an fp16 const; additionally the affine-less core surface (1,3..."
1496,const,direct-const,constant data; filtered before the program stream (ANEH13Compiler.mm:1391-1393)
1497,const,direct-const,constant data; filtered before the program stream (ANEH13Compiler.mm:1391-1393)
1498,const,direct-const,constant data; filtered before the program stream (ANEH13Compiler.mm:1391-1393)
1499,layer_norm,missing,"normParityPlan hard-rejects affine layer_norm: requires args==3, fp32 epsilon==1e-5, NO gamma/beta ('Apple's compiler in this harness rejects every affine form', ANEH13Compiler.mm:751-792); all 120 here carry gamma+beta with epsilon as an fp16 const; additionally the affine-less core surface (1,3..."
1500,constexpr_lut_to_dense,normalization-needed,"4-bit palettization wrapper (fp16 LUT 64 or 256 groups x 16 centroids, uint4 indices) over weight.bin blob data: decompress to dense fp16 at weight-prep and emit as const BLOBFILE; no H13 encoder consumes palettized data"
1501,linear,normalization-needed,"weight producer is constexpr_lut_to_dense (constexpr_lut_to_dense), so constantValue(weight) is false and the linear handler rejects with h13.linear-nonconstant-weight; host LUT decompression (fp16 LUT [G,1,16,1] + uint4 indices -> dense fp16 [N,K]) re-emitted as a const with BLOBFILE payload unb..."
1502,silu,missing-envelope,"no Silu surface for (1, 375, 4096): kElementwiseTasks carries unary ops only on channel-vector surfaces (C,1,1) C<=4096; unary ops have NO generic fallback (parityPlan-only path)"
1503,constexpr_lut_to_dense,normalization-needed,"4-bit palettization wrapper (fp16 LUT 64 or 256 groups x 16 centroids, uint4 indices) over weight.bin blob data: decompress to dense fp16 at weight-prep and emit as const BLOBFILE; no H13 encoder consumes palettized data"
1504,linear,normalization-needed,"weight producer is constexpr_lut_to_dense (constexpr_lut_to_dense), so constantValue(weight) is false and the linear handler rejects with h13.linear-nonconstant-weight; host LUT decompression (fp16 LUT [G,1,16,1] + uint4 indices -> dense fp16 [N,K]) re-emitted as a const with BLOBFILE payload unb..."
1505,const,direct-const,constant data; filtered before the program stream (ANEH13Compiler.mm:1391-1393)
1506,mul,direct,"inline fp16 scalar mul fold (splat constant, 64-element slices)"
1507,add,direct,"h13-source-qualified two-runtime same-shape binary, 64-element slices (rung 01-add-legacy proven path)"
1508,const,direct-const,constant data; filtered before the program stream (ANEH13Compiler.mm:1391-1393)
1509,const,direct-const,constant data; filtered before the program stream (ANEH13Compiler.mm:1391-1393)
1510,const,direct-const,constant data; filtered before the program stream (ANEH13Compiler.mm:1391-1393)
1511,layer_norm,missing,"normParityPlan hard-rejects affine layer_norm: requires args==3, fp32 epsilon==1e-5, NO gamma/beta ('Apple's compiler in this harness rejects every affine form', ANEH13Compiler.mm:751-792); all 120 here carry gamma+beta with epsilon as an fp16 const; additionally the affine-less core surface (1,3..."
1512,constexpr_lut_to_dense,normalization-needed,"4-bit palettization wrapper (fp16 LUT 64 or 256 groups x 16 centroids, uint4 indices) over weight.bin blob data: decompress to dense fp16 at weight-prep and emit as const BLOBFILE; no H13 encoder consumes palettized data"
1513,linear,normalization-needed,"weight producer is constexpr_lut_to_dense (constexpr_lut_to_dense), so constantValue(weight) is false and the linear handler rejects with h13.linear-nonconstant-weight; host LUT decompression (fp16 LUT [G,1,16,1] + uint4 indices -> dense fp16 [N,K]) re-emitted as a const with BLOBFILE payload unb..."
1514,const,direct-const,constant data; filtered before the program stream (ANEH13Compiler.mm:1391-1393)
1515,reshape,direct-alias,"compile-loop shape alias: metadata only, no program emitted (ANEH13Compiler.mm:1456-1482)"
1516,const,direct-const,constant data; filtered before the program stream (ANEH13Compiler.mm:1391-1393)
1517,constexpr_lut_to_dense,normalization-needed,"4-bit palettization wrapper (fp16 LUT 64 or 256 groups x 16 centroids, uint4 indices) over weight.bin blob data: decompress to dense fp16 at weight-prep and emit as const BLOBFILE; no H13 encoder consumes palettized data"
1518,linear,normalization-needed,"weight producer is constexpr_lut_to_dense (constexpr_lut_to_dense), so constantValue(weight) is false and the linear handler rejects with h13.linear-nonconstant-weight; host LUT decompression (fp16 LUT [G,1,16,1] + uint4 indices -> dense fp16 [N,K]) re-emitted as a const with BLOBFILE payload unb..."
1519,const,direct-const,constant data; filtered before the program stream (ANEH13Compiler.mm:1391-1393)
1520,reshape,direct-alias,"compile-loop shape alias: metadata only, no program emitted (ANEH13Compiler.mm:1456-1482)"
1521,const,direct-const,constant data; filtered before the program stream (ANEH13Compiler.mm:1391-1393)
1522,constexpr_lut_to_dense,normalization-needed,"4-bit palettization wrapper (fp16 LUT 64 or 256 groups x 16 centroids, uint4 indices) over weight.bin blob data: decompress to dense fp16 at weight-prep and emit as const BLOBFILE; no H13 encoder consumes palettized data"
1523,linear,normalization-needed,"weight producer is constexpr_lut_to_dense (constexpr_lut_to_dense), so constantValue(weight) is false and the linear handler rejects with h13.linear-nonconstant-weight; host LUT decompression (fp16 LUT [G,1,16,1] + uint4 indices -> dense fp16 [N,K]) re-emitted as a const with BLOBFILE payload unb..."
1524,const,direct-const,constant data; filtered before the program stream (ANEH13Compiler.mm:1391-1393)
1525,reshape,direct-alias,"compile-loop shape alias: metadata only, no program emitted (ANEH13Compiler.mm:1456-1482)"
1526,const,direct-const,constant data; filtered before the program stream (ANEH13Compiler.mm:1391-1393)
1527,const,direct-const,constant data; filtered before the program stream (ANEH13Compiler.mm:1391-1393)
1528,transpose,missing,no H13 encoder for 'transpose': lowerOperation final reject 'H13 has no source-qualified encoder for' (ANEH13Compiler.mm:1349-1350)
1529,add,direct,whole-tensor constant fold (add/mul/max/min; sub folds as sign-flipped add; real_div folds only for powers of two)
1530,const,direct-const,constant data; filtered before the program stream (ANEH13Compiler.mm:1391-1393)
1531,add,direct,whole-tensor constant fold (add/mul/max/min; sub folds as sign-flipped add; real_div folds only for powers of two)
1532,const,direct-const,constant data; filtered before the program stream (ANEH13Compiler.mm:1391-1393)
1533,const,direct-const,constant data; filtered before the program stream (ANEH13Compiler.mm:1391-1393)
1534,const,direct-const,constant data; filtered before the program stream (ANEH13Compiler.mm:1391-1393)
1535,matmul,normalization-needed,"const-weight matmul 3000x128x749 tx=False ty=False outside parity envelope; falls to the source-qualified chunked matvec path (per-row/512-column slices, physical reduction 256/512, weight must be a const with BLOBFILE payload — this proto stores it inline, so the handoff must re-emit weight.bin ..."
1536,const,direct-const,constant data; filtered before the program stream (ANEH13Compiler.mm:1391-1393)
1537,const,direct-const,constant data; filtered before the program stream (ANEH13Compiler.mm:1391-1393)
1538,const,direct-const,constant data; filtered before the program stream (ANEH13Compiler.mm:1391-1393)
1539,pad,missing,no H13 encoder for 'pad': lowerOperation final reject 'H13 has no source-qualified encoder for' (ANEH13Compiler.mm:1349-1350)
1540,const,direct-const,constant data; filtered before the program stream (ANEH13Compiler.mm:1391-1393)
1541,reshape,direct-alias,"compile-loop shape alias: metadata only, no program emitted (ANEH13Compiler.mm:1456-1482)"
1542,const,direct-const,constant data; filtered before the program stream (ANEH13Compiler.mm:1391-1393)
1543,const,direct-const,constant data; filtered before the program stream (ANEH13Compiler.mm:1391-1393)
1544,const,direct-const,constant data; filtered before the program stream (ANEH13Compiler.mm:1391-1393)
1545,slice_by_index,missing,no H13 encoder for 'slice_by_index': lowerOperation final reject 'H13 has no source-qualified encoder for' (ANEH13Compiler.mm:1349-1350)
1546,const,direct-const,constant data; filtered before the program stream (ANEH13Compiler.mm:1391-1393)
1547,reshape,direct-alias,"compile-loop shape alias: metadata only, no program emitted (ANEH13Compiler.mm:1456-1482)"
1548,const,direct-const,constant data; filtered before the program stream (ANEH13Compiler.mm:1391-1393)
1549,const,direct-const,constant data; filtered before the program stream (ANEH13Compiler.mm:1391-1393)
1550,const,direct-const,constant data; filtered before the program stream (ANEH13Compiler.mm:1391-1393)
1551,slice_by_index,missing,no H13 encoder for 'slice_by_index': lowerOperation final reject 'H13 has no source-qualified encoder for' (ANEH13Compiler.mm:1349-1350)
1552,const,direct-const,constant data; filtered before the program stream (ANEH13Compiler.mm:1391-1393)
1553,mul,direct,"inline fp16 scalar mul fold (splat constant, 64-element slices)"
1554,select,missing,no H13 encoder for 'select': lowerOperation final reject 'H13 has no source-qualified encoder for' (ANEH13Compiler.mm:1349-1350)
1555,mul,direct,"inline fp16 scalar mul fold (splat constant, 64-element slices)"
1556,const,direct-const,constant data; filtered before the program stream (ANEH13Compiler.mm:1391-1393)
1557,const,direct-const,constant data; filtered before the program stream (ANEH13Compiler.mm:1391-1393)
1558,transpose,missing,no H13 encoder for 'transpose': lowerOperation final reject 'H13 has no source-qualified encoder for' (ANEH13Compiler.mm:1349-1350)
1559,matmul,missing-envelope,"runtime-operand matmul rows=3000 red=128 cols=375 tx=False ty=True y=(1, 8, 375, 128): outside kMatmulEnvelopeTasks (rows decoded only for 1 and 16); runtime-weight matmul is parity-path-only — reject h13.matmul-outside-envelope; no chunked fallback exists for runtime operands"
1560,add,direct,"h13-source-qualified two-runtime same-shape binary, 64-element slices (rung 01-add-legacy proven path)"
1561,const,direct-const,constant data; filtered before the program stream (ANEH13Compiler.mm:1391-1393)
1562,softmax,missing-envelope,"softmax template lookup in=(8, 375, 375) out=(8, 375, 375) axis-mask=0x08: absent from kNormTasks (44 decoded softmax programs; largest spatial 256x256); normParityPlan is softmax's only path (no generic fallback)"
1563,const,direct-const,constant data; filtered before the program stream (ANEH13Compiler.mm:1391-1393)
1564,const,direct-const,constant data; filtered before the program stream (ANEH13Compiler.mm:1391-1393)
1565,transpose,missing,no H13 encoder for 'transpose': lowerOperation final reject 'H13 has no source-qualified encoder for' (ANEH13Compiler.mm:1349-1350)
1566,matmul,missing-envelope,"runtime-operand matmul rows=3000 red=375 cols=128 tx=False ty=False y=(1, 8, 375, 128): outside kMatmulEnvelopeTasks (rows decoded only for 1 and 16); runtime-weight matmul is parity-path-only — reject h13.matmul-outside-envelope; no chunked fallback exists for runtime operands"
1567,const,direct-const,constant data; filtered before the program stream (ANEH13Compiler.mm:1391-1393)
1568,const,direct-const,constant data; filtered before the program stream (ANEH13Compiler.mm:1391-1393)
1569,transpose,missing,no H13 encoder for 'transpose': lowerOperation final reject 'H13 has no source-qualified encoder for' (ANEH13Compiler.mm:1349-1350)
1570,reshape,direct-alias,"compile-loop shape alias: metadata only, no program emitted (ANEH13Compiler.mm:1456-1482)"
1571,constexpr_lut_to_dense,normalization-needed,"4-bit palettization wrapper (fp16 LUT 64 or 256 groups x 16 centroids, uint4 indices) over weight.bin blob data: decompress to dense fp16 at weight-prep and emit as const BLOBFILE; no H13 encoder consumes palettized data"
1572,linear,normalization-needed,"weight producer is constexpr_lut_to_dense (constexpr_lut_to_dense), so constantValue(weight) is false and the linear handler rejects with h13.linear-nonconstant-weight; host LUT decompression (fp16 LUT [G,1,16,1] + uint4 indices -> dense fp16 [N,K]) re-emitted as a const with BLOBFILE payload unb..."
1573,add,direct,"h13-source-qualified two-runtime same-shape binary, 64-element slices (rung 01-add-legacy proven path)"
1574,const,direct-const,constant data; filtered before the program stream (ANEH13Compiler.mm:1391-1393)
1575,const,direct-const,constant data; filtered before the program stream (ANEH13Compiler.mm:1391-1393)
1576,const,direct-const,constant data; filtered before the program stream (ANEH13Compiler.mm:1391-1393)
1577,layer_norm,missing,"normParityPlan hard-rejects affine layer_norm: requires args==3, fp32 epsilon==1e-5, NO gamma/beta ('Apple's compiler in this harness rejects every affine form', ANEH13Compiler.mm:751-792); all 120 here carry gamma+beta with epsilon as an fp16 const; additionally the affine-less core surface (1,3..."
1578,const,direct-const,constant data; filtered before the program stream (ANEH13Compiler.mm:1391-1393)
1579,const,direct-const,constant data; filtered before the program stream (ANEH13Compiler.mm:1391-1393)
1580,const,direct-const,constant data; filtered before the program stream (ANEH13Compiler.mm:1391-1393)
1581,const,direct-const,constant data; filtered before the program stream (ANEH13Compiler.mm:1391-1393)
1582,const,direct-const,constant data; filtered before the program stream (ANEH13Compiler.mm:1391-1393)
1583,const,direct-const,constant data; filtered before the program stream (ANEH13Compiler.mm:1391-1393)
1584,const,direct-const,constant data; filtered before the program stream (ANEH13Compiler.mm:1391-1393)
1585,transpose,missing,no H13 encoder for 'transpose': lowerOperation final reject 'H13 has no source-qualified encoder for' (ANEH13Compiler.mm:1349-1350)
1586,conv,missing-envelope,"rank-3 spelling rejected by convSurface (requires rank-4 fp16 NCHW batch=1); rank-4 re-spell would still need surface in kConvTasks: in=(1, 1024, 375) out=(1, 2048, 375) k=? s=1 g=1 pad_type 'valid'"
1587,const,direct-const,constant data; filtered before the program stream (ANEH13Compiler.mm:1391-1393)
1588,const,direct-const,constant data; filtered before the program stream (ANEH13Compiler.mm:1391-1393)
1589,split,missing,no H13 encoder for 'split': lowerOperation final reject 'H13 has no source-qualified encoder for' (ANEH13Compiler.mm:1349-1350)
1590,sigmoid,missing-envelope,"no Sigmoid surface for (1, 1024, 375): kElementwiseTasks carries unary ops only on channel-vector surfaces (C,1,1) C<=4096; unary ops have NO generic fallback (parityPlan-only path)"
1591,mul,direct,"h13-source-qualified two-runtime same-shape binary, 64-element slices (rung 01-add-legacy proven path)"
1592,select,missing,no H13 encoder for 'select': lowerOperation final reject 'H13 has no source-qualified encoder for' (ANEH13Compiler.mm:1349-1350)
1593,const,direct-const,constant data; filtered before the program stream (ANEH13Compiler.mm:1391-1393)
1594,const,direct-const,constant data; filtered before the program stream (ANEH13Compiler.mm:1391-1393)
1595,const,direct-const,constant data; filtered before the program stream (ANEH13Compiler.mm:1391-1393)
1596,const,direct-const,constant data; filtered before the program stream (ANEH13Compiler.mm:1391-1393)
1597,const,direct-const,constant data; filtered before the program stream (ANEH13Compiler.mm:1391-1393)
1598,const,direct-const,constant data; filtered before the program stream (ANEH13Compiler.mm:1391-1393)
1599,const,direct-const,constant data; filtered before the program stream (ANEH13Compiler.mm:1391-1393)
1600,conv,missing-envelope,"rank-3 spelling rejected by convSurface (requires rank-4 fp16 NCHW batch=1); rank-4 re-spell would still need surface in kConvTasks: in=(1, 1024, 375) out=(1, 1024, 375) k=? s=1 g=1024 pad_type 'custom'"
1601,silu,missing-envelope,"no Silu surface for (1, 1024, 375): kElementwiseTasks carries unary ops only on channel-vector surfaces (C,1,1) C<=4096; unary ops have NO generic fallback (parityPlan-only path)"
1602,const,direct-const,constant data; filtered before the program stream (ANEH13Compiler.mm:1391-1393)
1603,const,direct-const,constant data; filtered before the program stream (ANEH13Compiler.mm:1391-1393)
1604,const,direct-const,constant data; filtered before the program stream (ANEH13Compiler.mm:1391-1393)
1605,const,direct-const,constant data; filtered before the program stream (ANEH13Compiler.mm:1391-1393)
1606,const,direct-const,constant data; filtered before the program stream (ANEH13Compiler.mm:1391-1393)
1607,const,direct-const,constant data; filtered before the program stream (ANEH13Compiler.mm:1391-1393)
1608,conv,missing-envelope,"rank-3 spelling rejected by convSurface (requires rank-4 fp16 NCHW batch=1); rank-4 re-spell would still need surface in kConvTasks: in=(1, 1024, 375) out=(1, 1024, 375) k=? s=1 g=1 pad_type 'valid'"
1609,const,direct-const,constant data; filtered before the program stream (ANEH13Compiler.mm:1391-1393)
1610,transpose,missing,no H13 encoder for 'transpose': lowerOperation final reject 'H13 has no source-qualified encoder for' (ANEH13Compiler.mm:1349-1350)
1611,add,direct,"h13-source-qualified two-runtime same-shape binary, 64-element slices (rung 01-add-legacy proven path)"
1612,const,direct-const,constant data; filtered before the program stream (ANEH13Compiler.mm:1391-1393)
1613,const,direct-const,constant data; filtered before the program stream (ANEH13Compiler.mm:1391-1393)
1614,const,direct-const,constant data; filtered before the program stream (ANEH13Compiler.mm:1391-1393)
1615,layer_norm,missing,"normParityPlan hard-rejects affine layer_norm: requires args==3, fp32 epsilon==1e-5, NO gamma/beta ('Apple's compiler in this harness rejects every affine form', ANEH13Compiler.mm:751-792); all 120 here carry gamma+beta with epsilon as an fp16 const; additionally the affine-less core surface (1,3..."
1616,constexpr_lut_to_dense,normalization-needed,"4-bit palettization wrapper (fp16 LUT 64 or 256 groups x 16 centroids, uint4 indices) over weight.bin blob data: decompress to dense fp16 at weight-prep and emit as const BLOBFILE; no H13 encoder consumes palettized data"
1617,linear,normalization-needed,"weight producer is constexpr_lut_to_dense (constexpr_lut_to_dense), so constantValue(weight) is false and the linear handler rejects with h13.linear-nonconstant-weight; host LUT decompression (fp16 LUT [G,1,16,1] + uint4 indices -> dense fp16 [N,K]) re-emitted as a const with BLOBFILE payload unb..."
1618,silu,missing-envelope,"no Silu surface for (1, 375, 4096): kElementwiseTasks carries unary ops only on channel-vector surfaces (C,1,1) C<=4096; unary ops have NO generic fallback (parityPlan-only path)"
1619,constexpr_lut_to_dense,normalization-needed,"4-bit palettization wrapper (fp16 LUT 64 or 256 groups x 16 centroids, uint4 indices) over weight.bin blob data: decompress to dense fp16 at weight-prep and emit as const BLOBFILE; no H13 encoder consumes palettized data"
1620,linear,normalization-needed,"weight producer is constexpr_lut_to_dense (constexpr_lut_to_dense), so constantValue(weight) is false and the linear handler rejects with h13.linear-nonconstant-weight; host LUT decompression (fp16 LUT [G,1,16,1] + uint4 indices -> dense fp16 [N,K]) re-emitted as a const with BLOBFILE payload unb..."
1621,const,direct-const,constant data; filtered before the program stream (ANEH13Compiler.mm:1391-1393)
1622,mul,direct,"inline fp16 scalar mul fold (splat constant, 64-element slices)"
1623,add,direct,"h13-source-qualified two-runtime same-shape binary, 64-element slices (rung 01-add-legacy proven path)"
1624,const,direct-const,constant data; filtered before the program stream (ANEH13Compiler.mm:1391-1393)
1625,const,direct-const,constant data; filtered before the program stream (ANEH13Compiler.mm:1391-1393)
1626,const,direct-const,constant data; filtered before the program stream (ANEH13Compiler.mm:1391-1393)
1627,layer_norm,missing,"normParityPlan hard-rejects affine layer_norm: requires args==3, fp32 epsilon==1e-5, NO gamma/beta ('Apple's compiler in this harness rejects every affine form', ANEH13Compiler.mm:751-792); all 120 here carry gamma+beta with epsilon as an fp16 const; additionally the affine-less core surface (1,3..."
1628,const,direct-const,constant data; filtered before the program stream (ANEH13Compiler.mm:1391-1393)
1629,const,direct-const,constant data; filtered before the program stream (ANEH13Compiler.mm:1391-1393)
1630,const,direct-const,constant data; filtered before the program stream (ANEH13Compiler.mm:1391-1393)
1631,layer_norm,missing,"normParityPlan hard-rejects affine layer_norm: requires args==3, fp32 epsilon==1e-5, NO gamma/beta ('Apple's compiler in this harness rejects every affine form', ANEH13Compiler.mm:751-792); all 120 here carry gamma+beta with epsilon as an fp16 const; additionally the affine-less core surface (1,3..."
1632,constexpr_lut_to_dense,normalization-needed,"4-bit palettization wrapper (fp16 LUT 64 or 256 groups x 16 centroids, uint4 indices) over weight.bin blob data: decompress to dense fp16 at weight-prep and emit as const BLOBFILE; no H13 encoder consumes palettized data"
1633,linear,normalization-needed,"weight producer is constexpr_lut_to_dense (constexpr_lut_to_dense), so constantValue(weight) is false and the linear handler rejects with h13.linear-nonconstant-weight; host LUT decompression (fp16 LUT [G,1,16,1] + uint4 indices -> dense fp16 [N,K]) re-emitted as a const with BLOBFILE payload unb..."
1634,silu,missing-envelope,"no Silu surface for (1, 375, 4096): kElementwiseTasks carries unary ops only on channel-vector surfaces (C,1,1) C<=4096; unary ops have NO generic fallback (parityPlan-only path)"
1635,constexpr_lut_to_dense,normalization-needed,"4-bit palettization wrapper (fp16 LUT 64 or 256 groups x 16 centroids, uint4 indices) over weight.bin blob data: decompress to dense fp16 at weight-prep and emit as const BLOBFILE; no H13 encoder consumes palettized data"
1636,linear,normalization-needed,"weight producer is constexpr_lut_to_dense (constexpr_lut_to_dense), so constantValue(weight) is false and the linear handler rejects with h13.linear-nonconstant-weight; host LUT decompression (fp16 LUT [G,1,16,1] + uint4 indices -> dense fp16 [N,K]) re-emitted as a const with BLOBFILE payload unb..."
1637,const,direct-const,constant data; filtered before the program stream (ANEH13Compiler.mm:1391-1393)
1638,mul,direct,"inline fp16 scalar mul fold (splat constant, 64-element slices)"
1639,add,direct,"h13-source-qualified two-runtime same-shape binary, 64-element slices (rung 01-add-legacy proven path)"
1640,const,direct-const,constant data; filtered before the program stream (ANEH13Compiler.mm:1391-1393)
1641,const,direct-const,constant data; filtered before the program stream (ANEH13Compiler.mm:1391-1393)
1642,const,direct-const,constant data; filtered before the program stream (ANEH13Compiler.mm:1391-1393)
1643,layer_norm,missing,"normParityPlan hard-rejects affine layer_norm: requires args==3, fp32 epsilon==1e-5, NO gamma/beta ('Apple's compiler in this harness rejects every affine form', ANEH13Compiler.mm:751-792); all 120 here carry gamma+beta with epsilon as an fp16 const; additionally the affine-less core surface (1,3..."
1644,constexpr_lut_to_dense,normalization-needed,"4-bit palettization wrapper (fp16 LUT 64 or 256 groups x 16 centroids, uint4 indices) over weight.bin blob data: decompress to dense fp16 at weight-prep and emit as const BLOBFILE; no H13 encoder consumes palettized data"
1645,linear,normalization-needed,"weight producer is constexpr_lut_to_dense (constexpr_lut_to_dense), so constantValue(weight) is false and the linear handler rejects with h13.linear-nonconstant-weight; host LUT decompression (fp16 LUT [G,1,16,1] + uint4 indices -> dense fp16 [N,K]) re-emitted as a const with BLOBFILE payload unb..."
1646,const,direct-const,constant data; filtered before the program stream (ANEH13Compiler.mm:1391-1393)
1647,reshape,direct-alias,"compile-loop shape alias: metadata only, no program emitted (ANEH13Compiler.mm:1456-1482)"
1648,const,direct-const,constant data; filtered before the program stream (ANEH13Compiler.mm:1391-1393)
1649,constexpr_lut_to_dense,normalization-needed,"4-bit palettization wrapper (fp16 LUT 64 or 256 groups x 16 centroids, uint4 indices) over weight.bin blob data: decompress to dense fp16 at weight-prep and emit as const BLOBFILE; no H13 encoder consumes palettized data"
1650,linear,normalization-needed,"weight producer is constexpr_lut_to_dense (constexpr_lut_to_dense), so constantValue(weight) is false and the linear handler rejects with h13.linear-nonconstant-weight; host LUT decompression (fp16 LUT [G,1,16,1] + uint4 indices -> dense fp16 [N,K]) re-emitted as a const with BLOBFILE payload unb..."
1651,const,direct-const,constant data; filtered before the program stream (ANEH13Compiler.mm:1391-1393)
1652,reshape,direct-alias,"compile-loop shape alias: metadata only, no program emitted (ANEH13Compiler.mm:1456-1482)"
1653,const,direct-const,constant data; filtered before the program stream (ANEH13Compiler.mm:1391-1393)
1654,constexpr_lut_to_dense,normalization-needed,"4-bit palettization wrapper (fp16 LUT 64 or 256 groups x 16 centroids, uint4 indices) over weight.bin blob data: decompress to dense fp16 at weight-prep and emit as const BLOBFILE; no H13 encoder consumes palettized data"
1655,linear,normalization-needed,"weight producer is constexpr_lut_to_dense (constexpr_lut_to_dense), so constantValue(weight) is false and the linear handler rejects with h13.linear-nonconstant-weight; host LUT decompression (fp16 LUT [G,1,16,1] + uint4 indices -> dense fp16 [N,K]) re-emitted as a const with BLOBFILE payload unb..."
1656,const,direct-const,constant data; filtered before the program stream (ANEH13Compiler.mm:1391-1393)
1657,reshape,direct-alias,"compile-loop shape alias: metadata only, no program emitted (ANEH13Compiler.mm:1456-1482)"
1658,const,direct-const,constant data; filtered before the program stream (ANEH13Compiler.mm:1391-1393)
1659,const,direct-const,constant data; filtered before the program stream (ANEH13Compiler.mm:1391-1393)
1660,transpose,missing,no H13 encoder for 'transpose': lowerOperation final reject 'H13 has no source-qualified encoder for' (ANEH13Compiler.mm:1349-1350)
1661,add,direct,whole-tensor constant fold (add/mul/max/min; sub folds as sign-flipped add; real_div folds only for powers of two)
1662,const,direct-const,constant data; filtered before the program stream (ANEH13Compiler.mm:1391-1393)
1663,add,direct,whole-tensor constant fold (add/mul/max/min; sub folds as sign-flipped add; real_div folds only for powers of two)
1664,const,direct-const,constant data; filtered before the program stream (ANEH13Compiler.mm:1391-1393)
1665,const,direct-const,constant data; filtered before the program stream (ANEH13Compiler.mm:1391-1393)
1666,const,direct-const,constant data; filtered before the program stream (ANEH13Compiler.mm:1391-1393)
1667,matmul,normalization-needed,"const-weight matmul 3000x128x749 tx=False ty=False outside parity envelope; falls to the source-qualified chunked matvec path (per-row/512-column slices, physical reduction 256/512, weight must be a const with BLOBFILE payload — this proto stores it inline, so the handoff must re-emit weight.bin ..."
1668,const,direct-const,constant data; filtered before the program stream (ANEH13Compiler.mm:1391-1393)
1669,const,direct-const,constant data; filtered before the program stream (ANEH13Compiler.mm:1391-1393)
1670,const,direct-const,constant data; filtered before the program stream (ANEH13Compiler.mm:1391-1393)
1671,pad,missing,no H13 encoder for 'pad': lowerOperation final reject 'H13 has no source-qualified encoder for' (ANEH13Compiler.mm:1349-1350)
1672,const,direct-const,constant data; filtered before the program stream (ANEH13Compiler.mm:1391-1393)
1673,reshape,direct-alias,"compile-loop shape alias: metadata only, no program emitted (ANEH13Compiler.mm:1456-1482)"
1674,const,direct-const,constant data; filtered before the program stream (ANEH13Compiler.mm:1391-1393)
1675,const,direct-const,constant data; filtered before the program stream (ANEH13Compiler.mm:1391-1393)
1676,const,direct-const,constant data; filtered before the program stream (ANEH13Compiler.mm:1391-1393)
1677,slice_by_index,missing,no H13 encoder for 'slice_by_index': lowerOperation final reject 'H13 has no source-qualified encoder for' (ANEH13Compiler.mm:1349-1350)
1678,const,direct-const,constant data; filtered before the program stream (ANEH13Compiler.mm:1391-1393)
1679,reshape,direct-alias,"compile-loop shape alias: metadata only, no program emitted (ANEH13Compiler.mm:1456-1482)"
1680,const,direct-const,constant data; filtered before the program stream (ANEH13Compiler.mm:1391-1393)
1681,const,direct-const,constant data; filtered before the program stream (ANEH13Compiler.mm:1391-1393)
1682,const,direct-const,constant data; filtered before the program stream (ANEH13Compiler.mm:1391-1393)
1683,slice_by_index,missing,no H13 encoder for 'slice_by_index': lowerOperation final reject 'H13 has no source-qualified encoder for' (ANEH13Compiler.mm:1349-1350)
1684,const,direct-const,constant data; filtered before the program stream (ANEH13Compiler.mm:1391-1393)
1685,mul,direct,"inline fp16 scalar mul fold (splat constant, 64-element slices)"
1686,select,missing,no H13 encoder for 'select': lowerOperation final reject 'H13 has no source-qualified encoder for' (ANEH13Compiler.mm:1349-1350)
1687,mul,direct,"inline fp16 scalar mul fold (splat constant, 64-element slices)"
1688,const,direct-const,constant data; filtered before the program stream (ANEH13Compiler.mm:1391-1393)
1689,const,direct-const,constant data; filtered before the program stream (ANEH13Compiler.mm:1391-1393)
1690,transpose,missing,no H13 encoder for 'transpose': lowerOperation final reject 'H13 has no source-qualified encoder for' (ANEH13Compiler.mm:1349-1350)
1691,matmul,missing-envelope,"runtime-operand matmul rows=3000 red=128 cols=375 tx=False ty=True y=(1, 8, 375, 128): outside kMatmulEnvelopeTasks (rows decoded only for 1 and 16); runtime-weight matmul is parity-path-only — reject h13.matmul-outside-envelope; no chunked fallback exists for runtime operands"
1692,add,direct,"h13-source-qualified two-runtime same-shape binary, 64-element slices (rung 01-add-legacy proven path)"
1693,const,direct-const,constant data; filtered before the program stream (ANEH13Compiler.mm:1391-1393)
1694,softmax,missing-envelope,"softmax template lookup in=(8, 375, 375) out=(8, 375, 375) axis-mask=0x08: absent from kNormTasks (44 decoded softmax programs; largest spatial 256x256); normParityPlan is softmax's only path (no generic fallback)"
1695,const,direct-const,constant data; filtered before the program stream (ANEH13Compiler.mm:1391-1393)
1696,const,direct-const,constant data; filtered before the program stream (ANEH13Compiler.mm:1391-1393)
1697,transpose,missing,no H13 encoder for 'transpose': lowerOperation final reject 'H13 has no source-qualified encoder for' (ANEH13Compiler.mm:1349-1350)
1698,matmul,missing-envelope,"runtime-operand matmul rows=3000 red=375 cols=128 tx=False ty=False y=(1, 8, 375, 128): outside kMatmulEnvelopeTasks (rows decoded only for 1 and 16); runtime-weight matmul is parity-path-only — reject h13.matmul-outside-envelope; no chunked fallback exists for runtime operands"
1699,const,direct-const,constant data; filtered before the program stream (ANEH13Compiler.mm:1391-1393)
1700,const,direct-const,constant data; filtered before the program stream (ANEH13Compiler.mm:1391-1393)
1701,transpose,missing,no H13 encoder for 'transpose': lowerOperation final reject 'H13 has no source-qualified encoder for' (ANEH13Compiler.mm:1349-1350)
1702,reshape,direct-alias,"compile-loop shape alias: metadata only, no program emitted (ANEH13Compiler.mm:1456-1482)"
1703,constexpr_lut_to_dense,normalization-needed,"4-bit palettization wrapper (fp16 LUT 64 or 256 groups x 16 centroids, uint4 indices) over weight.bin blob data: decompress to dense fp16 at weight-prep and emit as const BLOBFILE; no H13 encoder consumes palettized data"
1704,linear,normalization-needed,"weight producer is constexpr_lut_to_dense (constexpr_lut_to_dense), so constantValue(weight) is false and the linear handler rejects with h13.linear-nonconstant-weight; host LUT decompression (fp16 LUT [G,1,16,1] + uint4 indices -> dense fp16 [N,K]) re-emitted as a const with BLOBFILE payload unb..."
1705,add,direct,"h13-source-qualified two-runtime same-shape binary, 64-element slices (rung 01-add-legacy proven path)"
1706,const,direct-const,constant data; filtered before the program stream (ANEH13Compiler.mm:1391-1393)
1707,const,direct-const,constant data; filtered before the program stream (ANEH13Compiler.mm:1391-1393)
1708,const,direct-const,constant data; filtered before the program stream (ANEH13Compiler.mm:1391-1393)
1709,layer_norm,missing,"normParityPlan hard-rejects affine layer_norm: requires args==3, fp32 epsilon==1e-5, NO gamma/beta ('Apple's compiler in this harness rejects every affine form', ANEH13Compiler.mm:751-792); all 120 here carry gamma+beta with epsilon as an fp16 const; additionally the affine-less core surface (1,3..."
1710,const,direct-const,constant data; filtered before the program stream (ANEH13Compiler.mm:1391-1393)
1711,const,direct-const,constant data; filtered before the program stream (ANEH13Compiler.mm:1391-1393)
1712,const,direct-const,constant data; filtered before the program stream (ANEH13Compiler.mm:1391-1393)
1713,const,direct-const,constant data; filtered before the program stream (ANEH13Compiler.mm:1391-1393)
1714,const,direct-const,constant data; filtered before the program stream (ANEH13Compiler.mm:1391-1393)
1715,const,direct-const,constant data; filtered before the program stream (ANEH13Compiler.mm:1391-1393)
1716,const,direct-const,constant data; filtered before the program stream (ANEH13Compiler.mm:1391-1393)
1717,transpose,missing,no H13 encoder for 'transpose': lowerOperation final reject 'H13 has no source-qualified encoder for' (ANEH13Compiler.mm:1349-1350)
1718,conv,missing-envelope,"rank-3 spelling rejected by convSurface (requires rank-4 fp16 NCHW batch=1); rank-4 re-spell would still need surface in kConvTasks: in=(1, 1024, 375) out=(1, 2048, 375) k=? s=1 g=1 pad_type 'valid'"
1719,const,direct-const,constant data; filtered before the program stream (ANEH13Compiler.mm:1391-1393)
1720,const,direct-const,constant data; filtered before the program stream (ANEH13Compiler.mm:1391-1393)
1721,split,missing,no H13 encoder for 'split': lowerOperation final reject 'H13 has no source-qualified encoder for' (ANEH13Compiler.mm:1349-1350)
1722,sigmoid,missing-envelope,"no Sigmoid surface for (1, 1024, 375): kElementwiseTasks carries unary ops only on channel-vector surfaces (C,1,1) C<=4096; unary ops have NO generic fallback (parityPlan-only path)"
1723,mul,direct,"h13-source-qualified two-runtime same-shape binary, 64-element slices (rung 01-add-legacy proven path)"
1724,select,missing,no H13 encoder for 'select': lowerOperation final reject 'H13 has no source-qualified encoder for' (ANEH13Compiler.mm:1349-1350)
1725,const,direct-const,constant data; filtered before the program stream (ANEH13Compiler.mm:1391-1393)
1726,const,direct-const,constant data; filtered before the program stream (ANEH13Compiler.mm:1391-1393)
1727,const,direct-const,constant data; filtered before the program stream (ANEH13Compiler.mm:1391-1393)
1728,const,direct-const,constant data; filtered before the program stream (ANEH13Compiler.mm:1391-1393)
1729,const,direct-const,constant data; filtered before the program stream (ANEH13Compiler.mm:1391-1393)
1730,const,direct-const,constant data; filtered before the program stream (ANEH13Compiler.mm:1391-1393)
1731,const,direct-const,constant data; filtered before the program stream (ANEH13Compiler.mm:1391-1393)
1732,conv,missing-envelope,"rank-3 spelling rejected by convSurface (requires rank-4 fp16 NCHW batch=1); rank-4 re-spell would still need surface in kConvTasks: in=(1, 1024, 375) out=(1, 1024, 375) k=? s=1 g=1024 pad_type 'custom'"
1733,silu,missing-envelope,"no Silu surface for (1, 1024, 375): kElementwiseTasks carries unary ops only on channel-vector surfaces (C,1,1) C<=4096; unary ops have NO generic fallback (parityPlan-only path)"
1734,const,direct-const,constant data; filtered before the program stream (ANEH13Compiler.mm:1391-1393)
1735,const,direct-const,constant data; filtered before the program stream (ANEH13Compiler.mm:1391-1393)
1736,const,direct-const,constant data; filtered before the program stream (ANEH13Compiler.mm:1391-1393)
1737,const,direct-const,constant data; filtered before the program stream (ANEH13Compiler.mm:1391-1393)
1738,const,direct-const,constant data; filtered before the program stream (ANEH13Compiler.mm:1391-1393)
1739,const,direct-const,constant data; filtered before the program stream (ANEH13Compiler.mm:1391-1393)
1740,conv,missing-envelope,"rank-3 spelling rejected by convSurface (requires rank-4 fp16 NCHW batch=1); rank-4 re-spell would still need surface in kConvTasks: in=(1, 1024, 375) out=(1, 1024, 375) k=? s=1 g=1 pad_type 'valid'"
1741,const,direct-const,constant data; filtered before the program stream (ANEH13Compiler.mm:1391-1393)
1742,transpose,missing,no H13 encoder for 'transpose': lowerOperation final reject 'H13 has no source-qualified encoder for' (ANEH13Compiler.mm:1349-1350)
1743,add,direct,"h13-source-qualified two-runtime same-shape binary, 64-element slices (rung 01-add-legacy proven path)"
1744,const,direct-const,constant data; filtered before the program stream (ANEH13Compiler.mm:1391-1393)
1745,const,direct-const,constant data; filtered before the program stream (ANEH13Compiler.mm:1391-1393)
1746,const,direct-const,constant data; filtered before the program stream (ANEH13Compiler.mm:1391-1393)
1747,layer_norm,missing,"normParityPlan hard-rejects affine layer_norm: requires args==3, fp32 epsilon==1e-5, NO gamma/beta ('Apple's compiler in this harness rejects every affine form', ANEH13Compiler.mm:751-792); all 120 here carry gamma+beta with epsilon as an fp16 const; additionally the affine-less core surface (1,3..."
1748,constexpr_lut_to_dense,normalization-needed,"4-bit palettization wrapper (fp16 LUT 64 or 256 groups x 16 centroids, uint4 indices) over weight.bin blob data: decompress to dense fp16 at weight-prep and emit as const BLOBFILE; no H13 encoder consumes palettized data"
1749,linear,normalization-needed,"weight producer is constexpr_lut_to_dense (constexpr_lut_to_dense), so constantValue(weight) is false and the linear handler rejects with h13.linear-nonconstant-weight; host LUT decompression (fp16 LUT [G,1,16,1] + uint4 indices -> dense fp16 [N,K]) re-emitted as a const with BLOBFILE payload unb..."
1750,silu,missing-envelope,"no Silu surface for (1, 375, 4096): kElementwiseTasks carries unary ops only on channel-vector surfaces (C,1,1) C<=4096; unary ops have NO generic fallback (parityPlan-only path)"
1751,constexpr_lut_to_dense,normalization-needed,"4-bit palettization wrapper (fp16 LUT 64 or 256 groups x 16 centroids, uint4 indices) over weight.bin blob data: decompress to dense fp16 at weight-prep and emit as const BLOBFILE; no H13 encoder consumes palettized data"
1752,linear,normalization-needed,"weight producer is constexpr_lut_to_dense (constexpr_lut_to_dense), so constantValue(weight) is false and the linear handler rejects with h13.linear-nonconstant-weight; host LUT decompression (fp16 LUT [G,1,16,1] + uint4 indices -> dense fp16 [N,K]) re-emitted as a const with BLOBFILE payload unb..."
1753,const,direct-const,constant data; filtered before the program stream (ANEH13Compiler.mm:1391-1393)
1754,mul,direct,"inline fp16 scalar mul fold (splat constant, 64-element slices)"
1755,add,direct,"h13-source-qualified two-runtime same-shape binary, 64-element slices (rung 01-add-legacy proven path)"
1756,const,direct-const,constant data; filtered before the program stream (ANEH13Compiler.mm:1391-1393)
1757,const,direct-const,constant data; filtered before the program stream (ANEH13Compiler.mm:1391-1393)
1758,const,direct-const,constant data; filtered before the program stream (ANEH13Compiler.mm:1391-1393)
1759,layer_norm,missing,"normParityPlan hard-rejects affine layer_norm: requires args==3, fp32 epsilon==1e-5, NO gamma/beta ('Apple's compiler in this harness rejects every affine form', ANEH13Compiler.mm:751-792); all 120 here carry gamma+beta with epsilon as an fp16 const; additionally the affine-less core surface (1,3..."
1760,const,direct-const,constant data; filtered before the program stream (ANEH13Compiler.mm:1391-1393)
1761,const,direct-const,constant data; filtered before the program stream (ANEH13Compiler.mm:1391-1393)
1762,const,direct-const,constant data; filtered before the program stream (ANEH13Compiler.mm:1391-1393)
1763,layer_norm,missing,"normParityPlan hard-rejects affine layer_norm: requires args==3, fp32 epsilon==1e-5, NO gamma/beta ('Apple's compiler in this harness rejects every affine form', ANEH13Compiler.mm:751-792); all 120 here carry gamma+beta with epsilon as an fp16 const; additionally the affine-less core surface (1,3..."
1764,constexpr_lut_to_dense,normalization-needed,"4-bit palettization wrapper (fp16 LUT 64 or 256 groups x 16 centroids, uint4 indices) over weight.bin blob data: decompress to dense fp16 at weight-prep and emit as const BLOBFILE; no H13 encoder consumes palettized data"
1765,linear,normalization-needed,"weight producer is constexpr_lut_to_dense (constexpr_lut_to_dense), so constantValue(weight) is false and the linear handler rejects with h13.linear-nonconstant-weight; host LUT decompression (fp16 LUT [G,1,16,1] + uint4 indices -> dense fp16 [N,K]) re-emitted as a const with BLOBFILE payload unb..."
1766,silu,missing-envelope,"no Silu surface for (1, 375, 4096): kElementwiseTasks carries unary ops only on channel-vector surfaces (C,1,1) C<=4096; unary ops have NO generic fallback (parityPlan-only path)"
1767,constexpr_lut_to_dense,normalization-needed,"4-bit palettization wrapper (fp16 LUT 64 or 256 groups x 16 centroids, uint4 indices) over weight.bin blob data: decompress to dense fp16 at weight-prep and emit as const BLOBFILE; no H13 encoder consumes palettized data"
1768,linear,normalization-needed,"weight producer is constexpr_lut_to_dense (constexpr_lut_to_dense), so constantValue(weight) is false and the linear handler rejects with h13.linear-nonconstant-weight; host LUT decompression (fp16 LUT [G,1,16,1] + uint4 indices -> dense fp16 [N,K]) re-emitted as a const with BLOBFILE payload unb..."
1769,const,direct-const,constant data; filtered before the program stream (ANEH13Compiler.mm:1391-1393)
1770,mul,direct,"inline fp16 scalar mul fold (splat constant, 64-element slices)"
1771,add,direct,"h13-source-qualified two-runtime same-shape binary, 64-element slices (rung 01-add-legacy proven path)"
1772,const,direct-const,constant data; filtered before the program stream (ANEH13Compiler.mm:1391-1393)
1773,const,direct-const,constant data; filtered before the program stream (ANEH13Compiler.mm:1391-1393)
1774,const,direct-const,constant data; filtered before the program stream (ANEH13Compiler.mm:1391-1393)
1775,layer_norm,missing,"normParityPlan hard-rejects affine layer_norm: requires args==3, fp32 epsilon==1e-5, NO gamma/beta ('Apple's compiler in this harness rejects every affine form', ANEH13Compiler.mm:751-792); all 120 here carry gamma+beta with epsilon as an fp16 const; additionally the affine-less core surface (1,3..."
1776,constexpr_lut_to_dense,normalization-needed,"4-bit palettization wrapper (fp16 LUT 64 or 256 groups x 16 centroids, uint4 indices) over weight.bin blob data: decompress to dense fp16 at weight-prep and emit as const BLOBFILE; no H13 encoder consumes palettized data"
1777,linear,normalization-needed,"weight producer is constexpr_lut_to_dense (constexpr_lut_to_dense), so constantValue(weight) is false and the linear handler rejects with h13.linear-nonconstant-weight; host LUT decompression (fp16 LUT [G,1,16,1] + uint4 indices -> dense fp16 [N,K]) re-emitted as a const with BLOBFILE payload unb..."
1778,const,direct-const,constant data; filtered before the program stream (ANEH13Compiler.mm:1391-1393)
1779,reshape,direct-alias,"compile-loop shape alias: metadata only, no program emitted (ANEH13Compiler.mm:1456-1482)"
1780,const,direct-const,constant data; filtered before the program stream (ANEH13Compiler.mm:1391-1393)
1781,constexpr_lut_to_dense,normalization-needed,"4-bit palettization wrapper (fp16 LUT 64 or 256 groups x 16 centroids, uint4 indices) over weight.bin blob data: decompress to dense fp16 at weight-prep and emit as const BLOBFILE; no H13 encoder consumes palettized data"
1782,linear,normalization-needed,"weight producer is constexpr_lut_to_dense (constexpr_lut_to_dense), so constantValue(weight) is false and the linear handler rejects with h13.linear-nonconstant-weight; host LUT decompression (fp16 LUT [G,1,16,1] + uint4 indices -> dense fp16 [N,K]) re-emitted as a const with BLOBFILE payload unb..."
1783,const,direct-const,constant data; filtered before the program stream (ANEH13Compiler.mm:1391-1393)
1784,reshape,direct-alias,"compile-loop shape alias: metadata only, no program emitted (ANEH13Compiler.mm:1456-1482)"
1785,const,direct-const,constant data; filtered before the program stream (ANEH13Compiler.mm:1391-1393)
1786,constexpr_lut_to_dense,normalization-needed,"4-bit palettization wrapper (fp16 LUT 64 or 256 groups x 16 centroids, uint4 indices) over weight.bin blob data: decompress to dense fp16 at weight-prep and emit as const BLOBFILE; no H13 encoder consumes palettized data"
1787,linear,normalization-needed,"weight producer is constexpr_lut_to_dense (constexpr_lut_to_dense), so constantValue(weight) is false and the linear handler rejects with h13.linear-nonconstant-weight; host LUT decompression (fp16 LUT [G,1,16,1] + uint4 indices -> dense fp16 [N,K]) re-emitted as a const with BLOBFILE payload unb..."
1788,const,direct-const,constant data; filtered before the program stream (ANEH13Compiler.mm:1391-1393)
1789,reshape,direct-alias,"compile-loop shape alias: metadata only, no program emitted (ANEH13Compiler.mm:1456-1482)"
1790,const,direct-const,constant data; filtered before the program stream (ANEH13Compiler.mm:1391-1393)
1791,const,direct-const,constant data; filtered before the program stream (ANEH13Compiler.mm:1391-1393)
1792,transpose,missing,no H13 encoder for 'transpose': lowerOperation final reject 'H13 has no source-qualified encoder for' (ANEH13Compiler.mm:1349-1350)
1793,add,direct,whole-tensor constant fold (add/mul/max/min; sub folds as sign-flipped add; real_div folds only for powers of two)
1794,const,direct-const,constant data; filtered before the program stream (ANEH13Compiler.mm:1391-1393)
1795,add,direct,whole-tensor constant fold (add/mul/max/min; sub folds as sign-flipped add; real_div folds only for powers of two)
1796,const,direct-const,constant data; filtered before the program stream (ANEH13Compiler.mm:1391-1393)
1797,const,direct-const,constant data; filtered before the program stream (ANEH13Compiler.mm:1391-1393)
1798,const,direct-const,constant data; filtered before the program stream (ANEH13Compiler.mm:1391-1393)
1799,matmul,normalization-needed,"const-weight matmul 3000x128x749 tx=False ty=False outside parity envelope; falls to the source-qualified chunked matvec path (per-row/512-column slices, physical reduction 256/512, weight must be a const with BLOBFILE payload — this proto stores it inline, so the handoff must re-emit weight.bin ..."
1800,const,direct-const,constant data; filtered before the program stream (ANEH13Compiler.mm:1391-1393)
1801,const,direct-const,constant data; filtered before the program stream (ANEH13Compiler.mm:1391-1393)
1802,const,direct-const,constant data; filtered before the program stream (ANEH13Compiler.mm:1391-1393)
1803,pad,missing,no H13 encoder for 'pad': lowerOperation final reject 'H13 has no source-qualified encoder for' (ANEH13Compiler.mm:1349-1350)
1804,const,direct-const,constant data; filtered before the program stream (ANEH13Compiler.mm:1391-1393)
1805,reshape,direct-alias,"compile-loop shape alias: metadata only, no program emitted (ANEH13Compiler.mm:1456-1482)"
1806,const,direct-const,constant data; filtered before the program stream (ANEH13Compiler.mm:1391-1393)
1807,const,direct-const,constant data; filtered before the program stream (ANEH13Compiler.mm:1391-1393)
1808,const,direct-const,constant data; filtered before the program stream (ANEH13Compiler.mm:1391-1393)
1809,slice_by_index,missing,no H13 encoder for 'slice_by_index': lowerOperation final reject 'H13 has no source-qualified encoder for' (ANEH13Compiler.mm:1349-1350)
1810,const,direct-const,constant data; filtered before the program stream (ANEH13Compiler.mm:1391-1393)
1811,reshape,direct-alias,"compile-loop shape alias: metadata only, no program emitted (ANEH13Compiler.mm:1456-1482)"
1812,const,direct-const,constant data; filtered before the program stream (ANEH13Compiler.mm:1391-1393)
1813,const,direct-const,constant data; filtered before the program stream (ANEH13Compiler.mm:1391-1393)
1814,const,direct-const,constant data; filtered before the program stream (ANEH13Compiler.mm:1391-1393)
1815,slice_by_index,missing,no H13 encoder for 'slice_by_index': lowerOperation final reject 'H13 has no source-qualified encoder for' (ANEH13Compiler.mm:1349-1350)
1816,const,direct-const,constant data; filtered before the program stream (ANEH13Compiler.mm:1391-1393)
1817,mul,direct,"inline fp16 scalar mul fold (splat constant, 64-element slices)"
1818,select,missing,no H13 encoder for 'select': lowerOperation final reject 'H13 has no source-qualified encoder for' (ANEH13Compiler.mm:1349-1350)
1819,mul,direct,"inline fp16 scalar mul fold (splat constant, 64-element slices)"
1820,const,direct-const,constant data; filtered before the program stream (ANEH13Compiler.mm:1391-1393)
1821,const,direct-const,constant data; filtered before the program stream (ANEH13Compiler.mm:1391-1393)
1822,transpose,missing,no H13 encoder for 'transpose': lowerOperation final reject 'H13 has no source-qualified encoder for' (ANEH13Compiler.mm:1349-1350)
1823,matmul,missing-envelope,"runtime-operand matmul rows=3000 red=128 cols=375 tx=False ty=True y=(1, 8, 375, 128): outside kMatmulEnvelopeTasks (rows decoded only for 1 and 16); runtime-weight matmul is parity-path-only — reject h13.matmul-outside-envelope; no chunked fallback exists for runtime operands"
1824,add,direct,"h13-source-qualified two-runtime same-shape binary, 64-element slices (rung 01-add-legacy proven path)"
1825,const,direct-const,constant data; filtered before the program stream (ANEH13Compiler.mm:1391-1393)
1826,softmax,missing-envelope,"softmax template lookup in=(8, 375, 375) out=(8, 375, 375) axis-mask=0x08: absent from kNormTasks (44 decoded softmax programs; largest spatial 256x256); normParityPlan is softmax's only path (no generic fallback)"
1827,const,direct-const,constant data; filtered before the program stream (ANEH13Compiler.mm:1391-1393)
1828,const,direct-const,constant data; filtered before the program stream (ANEH13Compiler.mm:1391-1393)
1829,transpose,missing,no H13 encoder for 'transpose': lowerOperation final reject 'H13 has no source-qualified encoder for' (ANEH13Compiler.mm:1349-1350)
1830,matmul,missing-envelope,"runtime-operand matmul rows=3000 red=375 cols=128 tx=False ty=False y=(1, 8, 375, 128): outside kMatmulEnvelopeTasks (rows decoded only for 1 and 16); runtime-weight matmul is parity-path-only — reject h13.matmul-outside-envelope; no chunked fallback exists for runtime operands"
1831,const,direct-const,constant data; filtered before the program stream (ANEH13Compiler.mm:1391-1393)
1832,const,direct-const,constant data; filtered before the program stream (ANEH13Compiler.mm:1391-1393)
1833,transpose,missing,no H13 encoder for 'transpose': lowerOperation final reject 'H13 has no source-qualified encoder for' (ANEH13Compiler.mm:1349-1350)
1834,reshape,direct-alias,"compile-loop shape alias: metadata only, no program emitted (ANEH13Compiler.mm:1456-1482)"
1835,constexpr_lut_to_dense,normalization-needed,"4-bit palettization wrapper (fp16 LUT 64 or 256 groups x 16 centroids, uint4 indices) over weight.bin blob data: decompress to dense fp16 at weight-prep and emit as const BLOBFILE; no H13 encoder consumes palettized data"
1836,linear,normalization-needed,"weight producer is constexpr_lut_to_dense (constexpr_lut_to_dense), so constantValue(weight) is false and the linear handler rejects with h13.linear-nonconstant-weight; host LUT decompression (fp16 LUT [G,1,16,1] + uint4 indices -> dense fp16 [N,K]) re-emitted as a const with BLOBFILE payload unb..."
1837,add,direct,"h13-source-qualified two-runtime same-shape binary, 64-element slices (rung 01-add-legacy proven path)"
1838,const,direct-const,constant data; filtered before the program stream (ANEH13Compiler.mm:1391-1393)
1839,const,direct-const,constant data; filtered before the program stream (ANEH13Compiler.mm:1391-1393)
1840,const,direct-const,constant data; filtered before the program stream (ANEH13Compiler.mm:1391-1393)
1841,layer_norm,missing,"normParityPlan hard-rejects affine layer_norm: requires args==3, fp32 epsilon==1e-5, NO gamma/beta ('Apple's compiler in this harness rejects every affine form', ANEH13Compiler.mm:751-792); all 120 here carry gamma+beta with epsilon as an fp16 const; additionally the affine-less core surface (1,3..."
1842,const,direct-const,constant data; filtered before the program stream (ANEH13Compiler.mm:1391-1393)
1843,const,direct-const,constant data; filtered before the program stream (ANEH13Compiler.mm:1391-1393)
1844,const,direct-const,constant data; filtered before the program stream (ANEH13Compiler.mm:1391-1393)
1845,const,direct-const,constant data; filtered before the program stream (ANEH13Compiler.mm:1391-1393)
1846,const,direct-const,constant data; filtered before the program stream (ANEH13Compiler.mm:1391-1393)
1847,const,direct-const,constant data; filtered before the program stream (ANEH13Compiler.mm:1391-1393)
1848,const,direct-const,constant data; filtered before the program stream (ANEH13Compiler.mm:1391-1393)
1849,transpose,missing,no H13 encoder for 'transpose': lowerOperation final reject 'H13 has no source-qualified encoder for' (ANEH13Compiler.mm:1349-1350)
1850,conv,missing-envelope,"rank-3 spelling rejected by convSurface (requires rank-4 fp16 NCHW batch=1); rank-4 re-spell would still need surface in kConvTasks: in=(1, 1024, 375) out=(1, 2048, 375) k=? s=1 g=1 pad_type 'valid'"
1851,const,direct-const,constant data; filtered before the program stream (ANEH13Compiler.mm:1391-1393)
1852,const,direct-const,constant data; filtered before the program stream (ANEH13Compiler.mm:1391-1393)
1853,split,missing,no H13 encoder for 'split': lowerOperation final reject 'H13 has no source-qualified encoder for' (ANEH13Compiler.mm:1349-1350)
1854,sigmoid,missing-envelope,"no Sigmoid surface for (1, 1024, 375): kElementwiseTasks carries unary ops only on channel-vector surfaces (C,1,1) C<=4096; unary ops have NO generic fallback (parityPlan-only path)"
1855,mul,direct,"h13-source-qualified two-runtime same-shape binary, 64-element slices (rung 01-add-legacy proven path)"
1856,select,missing,no H13 encoder for 'select': lowerOperation final reject 'H13 has no source-qualified encoder for' (ANEH13Compiler.mm:1349-1350)
1857,const,direct-const,constant data; filtered before the program stream (ANEH13Compiler.mm:1391-1393)
1858,const,direct-const,constant data; filtered before the program stream (ANEH13Compiler.mm:1391-1393)
1859,const,direct-const,constant data; filtered before the program stream (ANEH13Compiler.mm:1391-1393)
1860,const,direct-const,constant data; filtered before the program stream (ANEH13Compiler.mm:1391-1393)
1861,const,direct-const,constant data; filtered before the program stream (ANEH13Compiler.mm:1391-1393)
1862,const,direct-const,constant data; filtered before the program stream (ANEH13Compiler.mm:1391-1393)
1863,const,direct-const,constant data; filtered before the program stream (ANEH13Compiler.mm:1391-1393)
1864,conv,missing-envelope,"rank-3 spelling rejected by convSurface (requires rank-4 fp16 NCHW batch=1); rank-4 re-spell would still need surface in kConvTasks: in=(1, 1024, 375) out=(1, 1024, 375) k=? s=1 g=1024 pad_type 'custom'"
1865,silu,missing-envelope,"no Silu surface for (1, 1024, 375): kElementwiseTasks carries unary ops only on channel-vector surfaces (C,1,1) C<=4096; unary ops have NO generic fallback (parityPlan-only path)"
1866,const,direct-const,constant data; filtered before the program stream (ANEH13Compiler.mm:1391-1393)
1867,const,direct-const,constant data; filtered before the program stream (ANEH13Compiler.mm:1391-1393)
1868,const,direct-const,constant data; filtered before the program stream (ANEH13Compiler.mm:1391-1393)
1869,const,direct-const,constant data; filtered before the program stream (ANEH13Compiler.mm:1391-1393)
1870,const,direct-const,constant data; filtered before the program stream (ANEH13Compiler.mm:1391-1393)
1871,const,direct-const,constant data; filtered before the program stream (ANEH13Compiler.mm:1391-1393)
1872,conv,missing-envelope,"rank-3 spelling rejected by convSurface (requires rank-4 fp16 NCHW batch=1); rank-4 re-spell would still need surface in kConvTasks: in=(1, 1024, 375) out=(1, 1024, 375) k=? s=1 g=1 pad_type 'valid'"
1873,const,direct-const,constant data; filtered before the program stream (ANEH13Compiler.mm:1391-1393)
1874,transpose,missing,no H13 encoder for 'transpose': lowerOperation final reject 'H13 has no source-qualified encoder for' (ANEH13Compiler.mm:1349-1350)
1875,add,direct,"h13-source-qualified two-runtime same-shape binary, 64-element slices (rung 01-add-legacy proven path)"
1876,const,direct-const,constant data; filtered before the program stream (ANEH13Compiler.mm:1391-1393)
1877,const,direct-const,constant data; filtered before the program stream (ANEH13Compiler.mm:1391-1393)
1878,const,direct-const,constant data; filtered before the program stream (ANEH13Compiler.mm:1391-1393)
1879,layer_norm,missing,"normParityPlan hard-rejects affine layer_norm: requires args==3, fp32 epsilon==1e-5, NO gamma/beta ('Apple's compiler in this harness rejects every affine form', ANEH13Compiler.mm:751-792); all 120 here carry gamma+beta with epsilon as an fp16 const; additionally the affine-less core surface (1,3..."
1880,constexpr_lut_to_dense,normalization-needed,"4-bit palettization wrapper (fp16 LUT 64 or 256 groups x 16 centroids, uint4 indices) over weight.bin blob data: decompress to dense fp16 at weight-prep and emit as const BLOBFILE; no H13 encoder consumes palettized data"
1881,linear,normalization-needed,"weight producer is constexpr_lut_to_dense (constexpr_lut_to_dense), so constantValue(weight) is false and the linear handler rejects with h13.linear-nonconstant-weight; host LUT decompression (fp16 LUT [G,1,16,1] + uint4 indices -> dense fp16 [N,K]) re-emitted as a const with BLOBFILE payload unb..."
1882,silu,missing-envelope,"no Silu surface for (1, 375, 4096): kElementwiseTasks carries unary ops only on channel-vector surfaces (C,1,1) C<=4096; unary ops have NO generic fallback (parityPlan-only path)"
1883,constexpr_lut_to_dense,normalization-needed,"4-bit palettization wrapper (fp16 LUT 64 or 256 groups x 16 centroids, uint4 indices) over weight.bin blob data: decompress to dense fp16 at weight-prep and emit as const BLOBFILE; no H13 encoder consumes palettized data"
1884,linear,normalization-needed,"weight producer is constexpr_lut_to_dense (constexpr_lut_to_dense), so constantValue(weight) is false and the linear handler rejects with h13.linear-nonconstant-weight; host LUT decompression (fp16 LUT [G,1,16,1] + uint4 indices -> dense fp16 [N,K]) re-emitted as a const with BLOBFILE payload unb..."
1885,const,direct-const,constant data; filtered before the program stream (ANEH13Compiler.mm:1391-1393)
1886,mul,direct,"inline fp16 scalar mul fold (splat constant, 64-element slices)"
1887,add,direct,"h13-source-qualified two-runtime same-shape binary, 64-element slices (rung 01-add-legacy proven path)"
1888,const,direct-const,constant data; filtered before the program stream (ANEH13Compiler.mm:1391-1393)
1889,const,direct-const,constant data; filtered before the program stream (ANEH13Compiler.mm:1391-1393)
1890,const,direct-const,constant data; filtered before the program stream (ANEH13Compiler.mm:1391-1393)
1891,layer_norm,missing,"normParityPlan hard-rejects affine layer_norm: requires args==3, fp32 epsilon==1e-5, NO gamma/beta ('Apple's compiler in this harness rejects every affine form', ANEH13Compiler.mm:751-792); all 120 here carry gamma+beta with epsilon as an fp16 const; additionally the affine-less core surface (1,3..."
1892,const,direct-const,constant data; filtered before the program stream (ANEH13Compiler.mm:1391-1393)
1893,const,direct-const,constant data; filtered before the program stream (ANEH13Compiler.mm:1391-1393)
1894,const,direct-const,constant data; filtered before the program stream (ANEH13Compiler.mm:1391-1393)
1895,layer_norm,missing,"normParityPlan hard-rejects affine layer_norm: requires args==3, fp32 epsilon==1e-5, NO gamma/beta ('Apple's compiler in this harness rejects every affine form', ANEH13Compiler.mm:751-792); all 120 here carry gamma+beta with epsilon as an fp16 const; additionally the affine-less core surface (1,3..."
1896,constexpr_lut_to_dense,normalization-needed,"4-bit palettization wrapper (fp16 LUT 64 or 256 groups x 16 centroids, uint4 indices) over weight.bin blob data: decompress to dense fp16 at weight-prep and emit as const BLOBFILE; no H13 encoder consumes palettized data"
1897,linear,normalization-needed,"weight producer is constexpr_lut_to_dense (constexpr_lut_to_dense), so constantValue(weight) is false and the linear handler rejects with h13.linear-nonconstant-weight; host LUT decompression (fp16 LUT [G,1,16,1] + uint4 indices -> dense fp16 [N,K]) re-emitted as a const with BLOBFILE payload unb..."
1898,silu,missing-envelope,"no Silu surface for (1, 375, 4096): kElementwiseTasks carries unary ops only on channel-vector surfaces (C,1,1) C<=4096; unary ops have NO generic fallback (parityPlan-only path)"
1899,constexpr_lut_to_dense,normalization-needed,"4-bit palettization wrapper (fp16 LUT 64 or 256 groups x 16 centroids, uint4 indices) over weight.bin blob data: decompress to dense fp16 at weight-prep and emit as const BLOBFILE; no H13 encoder consumes palettized data"
1900,linear,normalization-needed,"weight producer is constexpr_lut_to_dense (constexpr_lut_to_dense), so constantValue(weight) is false and the linear handler rejects with h13.linear-nonconstant-weight; host LUT decompression (fp16 LUT [G,1,16,1] + uint4 indices -> dense fp16 [N,K]) re-emitted as a const with BLOBFILE payload unb..."
1901,const,direct-const,constant data; filtered before the program stream (ANEH13Compiler.mm:1391-1393)
1902,mul,direct,"inline fp16 scalar mul fold (splat constant, 64-element slices)"
1903,add,direct,"h13-source-qualified two-runtime same-shape binary, 64-element slices (rung 01-add-legacy proven path)"
1904,const,direct-const,constant data; filtered before the program stream (ANEH13Compiler.mm:1391-1393)
1905,const,direct-const,constant data; filtered before the program stream (ANEH13Compiler.mm:1391-1393)
1906,const,direct-const,constant data; filtered before the program stream (ANEH13Compiler.mm:1391-1393)
1907,layer_norm,missing,"normParityPlan hard-rejects affine layer_norm: requires args==3, fp32 epsilon==1e-5, NO gamma/beta ('Apple's compiler in this harness rejects every affine form', ANEH13Compiler.mm:751-792); all 120 here carry gamma+beta with epsilon as an fp16 const; additionally the affine-less core surface (1,3..."
1908,constexpr_lut_to_dense,normalization-needed,"4-bit palettization wrapper (fp16 LUT 64 or 256 groups x 16 centroids, uint4 indices) over weight.bin blob data: decompress to dense fp16 at weight-prep and emit as const BLOBFILE; no H13 encoder consumes palettized data"
1909,linear,normalization-needed,"weight producer is constexpr_lut_to_dense (constexpr_lut_to_dense), so constantValue(weight) is false and the linear handler rejects with h13.linear-nonconstant-weight; host LUT decompression (fp16 LUT [G,1,16,1] + uint4 indices -> dense fp16 [N,K]) re-emitted as a const with BLOBFILE payload unb..."
1910,const,direct-const,constant data; filtered before the program stream (ANEH13Compiler.mm:1391-1393)
1911,reshape,direct-alias,"compile-loop shape alias: metadata only, no program emitted (ANEH13Compiler.mm:1456-1482)"
1912,const,direct-const,constant data; filtered before the program stream (ANEH13Compiler.mm:1391-1393)
1913,constexpr_lut_to_dense,normalization-needed,"4-bit palettization wrapper (fp16 LUT 64 or 256 groups x 16 centroids, uint4 indices) over weight.bin blob data: decompress to dense fp16 at weight-prep and emit as const BLOBFILE; no H13 encoder consumes palettized data"
1914,linear,normalization-needed,"weight producer is constexpr_lut_to_dense (constexpr_lut_to_dense), so constantValue(weight) is false and the linear handler rejects with h13.linear-nonconstant-weight; host LUT decompression (fp16 LUT [G,1,16,1] + uint4 indices -> dense fp16 [N,K]) re-emitted as a const with BLOBFILE payload unb..."
1915,const,direct-const,constant data; filtered before the program stream (ANEH13Compiler.mm:1391-1393)
1916,reshape,direct-alias,"compile-loop shape alias: metadata only, no program emitted (ANEH13Compiler.mm:1456-1482)"
1917,const,direct-const,constant data; filtered before the program stream (ANEH13Compiler.mm:1391-1393)
1918,constexpr_lut_to_dense,normalization-needed,"4-bit palettization wrapper (fp16 LUT 64 or 256 groups x 16 centroids, uint4 indices) over weight.bin blob data: decompress to dense fp16 at weight-prep and emit as const BLOBFILE; no H13 encoder consumes palettized data"
1919,linear,normalization-needed,"weight producer is constexpr_lut_to_dense (constexpr_lut_to_dense), so constantValue(weight) is false and the linear handler rejects with h13.linear-nonconstant-weight; host LUT decompression (fp16 LUT [G,1,16,1] + uint4 indices -> dense fp16 [N,K]) re-emitted as a const with BLOBFILE payload unb..."
1920,const,direct-const,constant data; filtered before the program stream (ANEH13Compiler.mm:1391-1393)
1921,reshape,direct-alias,"compile-loop shape alias: metadata only, no program emitted (ANEH13Compiler.mm:1456-1482)"
1922,const,direct-const,constant data; filtered before the program stream (ANEH13Compiler.mm:1391-1393)
1923,const,direct-const,constant data; filtered before the program stream (ANEH13Compiler.mm:1391-1393)
1924,transpose,missing,no H13 encoder for 'transpose': lowerOperation final reject 'H13 has no source-qualified encoder for' (ANEH13Compiler.mm:1349-1350)
1925,add,direct,whole-tensor constant fold (add/mul/max/min; sub folds as sign-flipped add; real_div folds only for powers of two)
1926,const,direct-const,constant data; filtered before the program stream (ANEH13Compiler.mm:1391-1393)
1927,add,direct,whole-tensor constant fold (add/mul/max/min; sub folds as sign-flipped add; real_div folds only for powers of two)
1928,const,direct-const,constant data; filtered before the program stream (ANEH13Compiler.mm:1391-1393)
1929,const,direct-const,constant data; filtered before the program stream (ANEH13Compiler.mm:1391-1393)
1930,const,direct-const,constant data; filtered before the program stream (ANEH13Compiler.mm:1391-1393)
1931,matmul,normalization-needed,"const-weight matmul 3000x128x749 tx=False ty=False outside parity envelope; falls to the source-qualified chunked matvec path (per-row/512-column slices, physical reduction 256/512, weight must be a const with BLOBFILE payload — this proto stores it inline, so the handoff must re-emit weight.bin ..."
1932,const,direct-const,constant data; filtered before the program stream (ANEH13Compiler.mm:1391-1393)
1933,const,direct-const,constant data; filtered before the program stream (ANEH13Compiler.mm:1391-1393)
1934,const,direct-const,constant data; filtered before the program stream (ANEH13Compiler.mm:1391-1393)
1935,pad,missing,no H13 encoder for 'pad': lowerOperation final reject 'H13 has no source-qualified encoder for' (ANEH13Compiler.mm:1349-1350)
1936,const,direct-const,constant data; filtered before the program stream (ANEH13Compiler.mm:1391-1393)
1937,reshape,direct-alias,"compile-loop shape alias: metadata only, no program emitted (ANEH13Compiler.mm:1456-1482)"
1938,const,direct-const,constant data; filtered before the program stream (ANEH13Compiler.mm:1391-1393)
1939,const,direct-const,constant data; filtered before the program stream (ANEH13Compiler.mm:1391-1393)
1940,const,direct-const,constant data; filtered before the program stream (ANEH13Compiler.mm:1391-1393)
1941,slice_by_index,missing,no H13 encoder for 'slice_by_index': lowerOperation final reject 'H13 has no source-qualified encoder for' (ANEH13Compiler.mm:1349-1350)
1942,const,direct-const,constant data; filtered before the program stream (ANEH13Compiler.mm:1391-1393)
1943,reshape,direct-alias,"compile-loop shape alias: metadata only, no program emitted (ANEH13Compiler.mm:1456-1482)"
1944,const,direct-const,constant data; filtered before the program stream (ANEH13Compiler.mm:1391-1393)
1945,const,direct-const,constant data; filtered before the program stream (ANEH13Compiler.mm:1391-1393)
1946,const,direct-const,constant data; filtered before the program stream (ANEH13Compiler.mm:1391-1393)
1947,slice_by_index,missing,no H13 encoder for 'slice_by_index': lowerOperation final reject 'H13 has no source-qualified encoder for' (ANEH13Compiler.mm:1349-1350)
1948,const,direct-const,constant data; filtered before the program stream (ANEH13Compiler.mm:1391-1393)
1949,mul,direct,"inline fp16 scalar mul fold (splat constant, 64-element slices)"
1950,select,missing,no H13 encoder for 'select': lowerOperation final reject 'H13 has no source-qualified encoder for' (ANEH13Compiler.mm:1349-1350)
1951,mul,direct,"inline fp16 scalar mul fold (splat constant, 64-element slices)"
1952,const,direct-const,constant data; filtered before the program stream (ANEH13Compiler.mm:1391-1393)
1953,const,direct-const,constant data; filtered before the program stream (ANEH13Compiler.mm:1391-1393)
1954,transpose,missing,no H13 encoder for 'transpose': lowerOperation final reject 'H13 has no source-qualified encoder for' (ANEH13Compiler.mm:1349-1350)
1955,matmul,missing-envelope,"runtime-operand matmul rows=3000 red=128 cols=375 tx=False ty=True y=(1, 8, 375, 128): outside kMatmulEnvelopeTasks (rows decoded only for 1 and 16); runtime-weight matmul is parity-path-only — reject h13.matmul-outside-envelope; no chunked fallback exists for runtime operands"
1956,add,direct,"h13-source-qualified two-runtime same-shape binary, 64-element slices (rung 01-add-legacy proven path)"
1957,const,direct-const,constant data; filtered before the program stream (ANEH13Compiler.mm:1391-1393)
1958,softmax,missing-envelope,"softmax template lookup in=(8, 375, 375) out=(8, 375, 375) axis-mask=0x08: absent from kNormTasks (44 decoded softmax programs; largest spatial 256x256); normParityPlan is softmax's only path (no generic fallback)"
1959,const,direct-const,constant data; filtered before the program stream (ANEH13Compiler.mm:1391-1393)
1960,const,direct-const,constant data; filtered before the program stream (ANEH13Compiler.mm:1391-1393)
1961,transpose,missing,no H13 encoder for 'transpose': lowerOperation final reject 'H13 has no source-qualified encoder for' (ANEH13Compiler.mm:1349-1350)
1962,matmul,missing-envelope,"runtime-operand matmul rows=3000 red=375 cols=128 tx=False ty=False y=(1, 8, 375, 128): outside kMatmulEnvelopeTasks (rows decoded only for 1 and 16); runtime-weight matmul is parity-path-only — reject h13.matmul-outside-envelope; no chunked fallback exists for runtime operands"
1963,const,direct-const,constant data; filtered before the program stream (ANEH13Compiler.mm:1391-1393)
1964,const,direct-const,constant data; filtered before the program stream (ANEH13Compiler.mm:1391-1393)
1965,transpose,missing,no H13 encoder for 'transpose': lowerOperation final reject 'H13 has no source-qualified encoder for' (ANEH13Compiler.mm:1349-1350)
1966,reshape,direct-alias,"compile-loop shape alias: metadata only, no program emitted (ANEH13Compiler.mm:1456-1482)"
1967,constexpr_lut_to_dense,normalization-needed,"4-bit palettization wrapper (fp16 LUT 64 or 256 groups x 16 centroids, uint4 indices) over weight.bin blob data: decompress to dense fp16 at weight-prep and emit as const BLOBFILE; no H13 encoder consumes palettized data"
1968,linear,normalization-needed,"weight producer is constexpr_lut_to_dense (constexpr_lut_to_dense), so constantValue(weight) is false and the linear handler rejects with h13.linear-nonconstant-weight; host LUT decompression (fp16 LUT [G,1,16,1] + uint4 indices -> dense fp16 [N,K]) re-emitted as a const with BLOBFILE payload unb..."
1969,add,direct,"h13-source-qualified two-runtime same-shape binary, 64-element slices (rung 01-add-legacy proven path)"
1970,const,direct-const,constant data; filtered before the program stream (ANEH13Compiler.mm:1391-1393)
1971,const,direct-const,constant data; filtered before the program stream (ANEH13Compiler.mm:1391-1393)
1972,const,direct-const,constant data; filtered before the program stream (ANEH13Compiler.mm:1391-1393)
1973,layer_norm,missing,"normParityPlan hard-rejects affine layer_norm: requires args==3, fp32 epsilon==1e-5, NO gamma/beta ('Apple's compiler in this harness rejects every affine form', ANEH13Compiler.mm:751-792); all 120 here carry gamma+beta with epsilon as an fp16 const; additionally the affine-less core surface (1,3..."
1974,const,direct-const,constant data; filtered before the program stream (ANEH13Compiler.mm:1391-1393)
1975,const,direct-const,constant data; filtered before the program stream (ANEH13Compiler.mm:1391-1393)
1976,const,direct-const,constant data; filtered before the program stream (ANEH13Compiler.mm:1391-1393)
1977,const,direct-const,constant data; filtered before the program stream (ANEH13Compiler.mm:1391-1393)
1978,const,direct-const,constant data; filtered before the program stream (ANEH13Compiler.mm:1391-1393)
1979,const,direct-const,constant data; filtered before the program stream (ANEH13Compiler.mm:1391-1393)
1980,const,direct-const,constant data; filtered before the program stream (ANEH13Compiler.mm:1391-1393)
1981,transpose,missing,no H13 encoder for 'transpose': lowerOperation final reject 'H13 has no source-qualified encoder for' (ANEH13Compiler.mm:1349-1350)
1982,conv,missing-envelope,"rank-3 spelling rejected by convSurface (requires rank-4 fp16 NCHW batch=1); rank-4 re-spell would still need surface in kConvTasks: in=(1, 1024, 375) out=(1, 2048, 375) k=? s=1 g=1 pad_type 'valid'"
1983,const,direct-const,constant data; filtered before the program stream (ANEH13Compiler.mm:1391-1393)
1984,const,direct-const,constant data; filtered before the program stream (ANEH13Compiler.mm:1391-1393)
1985,split,missing,no H13 encoder for 'split': lowerOperation final reject 'H13 has no source-qualified encoder for' (ANEH13Compiler.mm:1349-1350)
1986,sigmoid,missing-envelope,"no Sigmoid surface for (1, 1024, 375): kElementwiseTasks carries unary ops only on channel-vector surfaces (C,1,1) C<=4096; unary ops have NO generic fallback (parityPlan-only path)"
1987,mul,direct,"h13-source-qualified two-runtime same-shape binary, 64-element slices (rung 01-add-legacy proven path)"
1988,select,missing,no H13 encoder for 'select': lowerOperation final reject 'H13 has no source-qualified encoder for' (ANEH13Compiler.mm:1349-1350)
1989,const,direct-const,constant data; filtered before the program stream (ANEH13Compiler.mm:1391-1393)
1990,const,direct-const,constant data; filtered before the program stream (ANEH13Compiler.mm:1391-1393)
1991,const,direct-const,constant data; filtered before the program stream (ANEH13Compiler.mm:1391-1393)
1992,const,direct-const,constant data; filtered before the program stream (ANEH13Compiler.mm:1391-1393)
1993,const,direct-const,constant data; filtered before the program stream (ANEH13Compiler.mm:1391-1393)
1994,const,direct-const,constant data; filtered before the program stream (ANEH13Compiler.mm:1391-1393)
1995,const,direct-const,constant data; filtered before the program stream (ANEH13Compiler.mm:1391-1393)
1996,conv,missing-envelope,"rank-3 spelling rejected by convSurface (requires rank-4 fp16 NCHW batch=1); rank-4 re-spell would still need surface in kConvTasks: in=(1, 1024, 375) out=(1, 1024, 375) k=? s=1 g=1024 pad_type 'custom'"
1997,silu,missing-envelope,"no Silu surface for (1, 1024, 375): kElementwiseTasks carries unary ops only on channel-vector surfaces (C,1,1) C<=4096; unary ops have NO generic fallback (parityPlan-only path)"
1998,const,direct-const,constant data; filtered before the program stream (ANEH13Compiler.mm:1391-1393)
1999,const,direct-const,constant data; filtered before the program stream (ANEH13Compiler.mm:1391-1393)
2000,const,direct-const,constant data; filtered before the program stream (ANEH13Compiler.mm:1391-1393)
2001,const,direct-const,constant data; filtered before the program stream (ANEH13Compiler.mm:1391-1393)
2002,const,direct-const,constant data; filtered before the program stream (ANEH13Compiler.mm:1391-1393)
2003,const,direct-const,constant data; filtered before the program stream (ANEH13Compiler.mm:1391-1393)
2004,conv,missing-envelope,"rank-3 spelling rejected by convSurface (requires rank-4 fp16 NCHW batch=1); rank-4 re-spell would still need surface in kConvTasks: in=(1, 1024, 375) out=(1, 1024, 375) k=? s=1 g=1 pad_type 'valid'"
2005,const,direct-const,constant data; filtered before the program stream (ANEH13Compiler.mm:1391-1393)
2006,transpose,missing,no H13 encoder for 'transpose': lowerOperation final reject 'H13 has no source-qualified encoder for' (ANEH13Compiler.mm:1349-1350)
2007,add,direct,"h13-source-qualified two-runtime same-shape binary, 64-element slices (rung 01-add-legacy proven path)"
2008,const,direct-const,constant data; filtered before the program stream (ANEH13Compiler.mm:1391-1393)
2009,const,direct-const,constant data; filtered before the program stream (ANEH13Compiler.mm:1391-1393)
2010,const,direct-const,constant data; filtered before the program stream (ANEH13Compiler.mm:1391-1393)
2011,layer_norm,missing,"normParityPlan hard-rejects affine layer_norm: requires args==3, fp32 epsilon==1e-5, NO gamma/beta ('Apple's compiler in this harness rejects every affine form', ANEH13Compiler.mm:751-792); all 120 here carry gamma+beta with epsilon as an fp16 const; additionally the affine-less core surface (1,3..."
2012,constexpr_lut_to_dense,normalization-needed,"4-bit palettization wrapper (fp16 LUT 64 or 256 groups x 16 centroids, uint4 indices) over weight.bin blob data: decompress to dense fp16 at weight-prep and emit as const BLOBFILE; no H13 encoder consumes palettized data"
2013,linear,normalization-needed,"weight producer is constexpr_lut_to_dense (constexpr_lut_to_dense), so constantValue(weight) is false and the linear handler rejects with h13.linear-nonconstant-weight; host LUT decompression (fp16 LUT [G,1,16,1] + uint4 indices -> dense fp16 [N,K]) re-emitted as a const with BLOBFILE payload unb..."
2014,silu,missing-envelope,"no Silu surface for (1, 375, 4096): kElementwiseTasks carries unary ops only on channel-vector surfaces (C,1,1) C<=4096; unary ops have NO generic fallback (parityPlan-only path)"
2015,constexpr_lut_to_dense,normalization-needed,"4-bit palettization wrapper (fp16 LUT 64 or 256 groups x 16 centroids, uint4 indices) over weight.bin blob data: decompress to dense fp16 at weight-prep and emit as const BLOBFILE; no H13 encoder consumes palettized data"
2016,linear,normalization-needed,"weight producer is constexpr_lut_to_dense (constexpr_lut_to_dense), so constantValue(weight) is false and the linear handler rejects with h13.linear-nonconstant-weight; host LUT decompression (fp16 LUT [G,1,16,1] + uint4 indices -> dense fp16 [N,K]) re-emitted as a const with BLOBFILE payload unb..."
2017,const,direct-const,constant data; filtered before the program stream (ANEH13Compiler.mm:1391-1393)
2018,mul,direct,"inline fp16 scalar mul fold (splat constant, 64-element slices)"
2019,add,direct,"h13-source-qualified two-runtime same-shape binary, 64-element slices (rung 01-add-legacy proven path)"
2020,const,direct-const,constant data; filtered before the program stream (ANEH13Compiler.mm:1391-1393)
2021,const,direct-const,constant data; filtered before the program stream (ANEH13Compiler.mm:1391-1393)
2022,const,direct-const,constant data; filtered before the program stream (ANEH13Compiler.mm:1391-1393)
2023,layer_norm,missing,"normParityPlan hard-rejects affine layer_norm: requires args==3, fp32 epsilon==1e-5, NO gamma/beta ('Apple's compiler in this harness rejects every affine form', ANEH13Compiler.mm:751-792); all 120 here carry gamma+beta with epsilon as an fp16 const; additionally the affine-less core surface (1,3..."
2024,const,direct-const,constant data; filtered before the program stream (ANEH13Compiler.mm:1391-1393)
2025,const,direct-const,constant data; filtered before the program stream (ANEH13Compiler.mm:1391-1393)
2026,const,direct-const,constant data; filtered before the program stream (ANEH13Compiler.mm:1391-1393)
2027,layer_norm,missing,"normParityPlan hard-rejects affine layer_norm: requires args==3, fp32 epsilon==1e-5, NO gamma/beta ('Apple's compiler in this harness rejects every affine form', ANEH13Compiler.mm:751-792); all 120 here carry gamma+beta with epsilon as an fp16 const; additionally the affine-less core surface (1,3..."
2028,constexpr_lut_to_dense,normalization-needed,"4-bit palettization wrapper (fp16 LUT 64 or 256 groups x 16 centroids, uint4 indices) over weight.bin blob data: decompress to dense fp16 at weight-prep and emit as const BLOBFILE; no H13 encoder consumes palettized data"
2029,linear,normalization-needed,"weight producer is constexpr_lut_to_dense (constexpr_lut_to_dense), so constantValue(weight) is false and the linear handler rejects with h13.linear-nonconstant-weight; host LUT decompression (fp16 LUT [G,1,16,1] + uint4 indices -> dense fp16 [N,K]) re-emitted as a const with BLOBFILE payload unb..."
2030,silu,missing-envelope,"no Silu surface for (1, 375, 4096): kElementwiseTasks carries unary ops only on channel-vector surfaces (C,1,1) C<=4096; unary ops have NO generic fallback (parityPlan-only path)"
2031,constexpr_lut_to_dense,normalization-needed,"4-bit palettization wrapper (fp16 LUT 64 or 256 groups x 16 centroids, uint4 indices) over weight.bin blob data: decompress to dense fp16 at weight-prep and emit as const BLOBFILE; no H13 encoder consumes palettized data"
2032,linear,normalization-needed,"weight producer is constexpr_lut_to_dense (constexpr_lut_to_dense), so constantValue(weight) is false and the linear handler rejects with h13.linear-nonconstant-weight; host LUT decompression (fp16 LUT [G,1,16,1] + uint4 indices -> dense fp16 [N,K]) re-emitted as a const with BLOBFILE payload unb..."
2033,const,direct-const,constant data; filtered before the program stream (ANEH13Compiler.mm:1391-1393)
2034,mul,direct,"inline fp16 scalar mul fold (splat constant, 64-element slices)"
2035,add,direct,"h13-source-qualified two-runtime same-shape binary, 64-element slices (rung 01-add-legacy proven path)"
2036,const,direct-const,constant data; filtered before the program stream (ANEH13Compiler.mm:1391-1393)
2037,const,direct-const,constant data; filtered before the program stream (ANEH13Compiler.mm:1391-1393)
2038,const,direct-const,constant data; filtered before the program stream (ANEH13Compiler.mm:1391-1393)
2039,layer_norm,missing,"normParityPlan hard-rejects affine layer_norm: requires args==3, fp32 epsilon==1e-5, NO gamma/beta ('Apple's compiler in this harness rejects every affine form', ANEH13Compiler.mm:751-792); all 120 here carry gamma+beta with epsilon as an fp16 const; additionally the affine-less core surface (1,3..."
2040,constexpr_lut_to_dense,normalization-needed,"4-bit palettization wrapper (fp16 LUT 64 or 256 groups x 16 centroids, uint4 indices) over weight.bin blob data: decompress to dense fp16 at weight-prep and emit as const BLOBFILE; no H13 encoder consumes palettized data"
2041,linear,normalization-needed,"weight producer is constexpr_lut_to_dense (constexpr_lut_to_dense), so constantValue(weight) is false and the linear handler rejects with h13.linear-nonconstant-weight; host LUT decompression (fp16 LUT [G,1,16,1] + uint4 indices -> dense fp16 [N,K]) re-emitted as a const with BLOBFILE payload unb..."
2042,const,direct-const,constant data; filtered before the program stream (ANEH13Compiler.mm:1391-1393)
2043,reshape,direct-alias,"compile-loop shape alias: metadata only, no program emitted (ANEH13Compiler.mm:1456-1482)"
2044,const,direct-const,constant data; filtered before the program stream (ANEH13Compiler.mm:1391-1393)
2045,constexpr_lut_to_dense,normalization-needed,"4-bit palettization wrapper (fp16 LUT 64 or 256 groups x 16 centroids, uint4 indices) over weight.bin blob data: decompress to dense fp16 at weight-prep and emit as const BLOBFILE; no H13 encoder consumes palettized data"
2046,linear,normalization-needed,"weight producer is constexpr_lut_to_dense (constexpr_lut_to_dense), so constantValue(weight) is false and the linear handler rejects with h13.linear-nonconstant-weight; host LUT decompression (fp16 LUT [G,1,16,1] + uint4 indices -> dense fp16 [N,K]) re-emitted as a const with BLOBFILE payload unb..."
2047,const,direct-const,constant data; filtered before the program stream (ANEH13Compiler.mm:1391-1393)
2048,reshape,direct-alias,"compile-loop shape alias: metadata only, no program emitted (ANEH13Compiler.mm:1456-1482)"
2049,const,direct-const,constant data; filtered before the program stream (ANEH13Compiler.mm:1391-1393)
2050,constexpr_lut_to_dense,normalization-needed,"4-bit palettization wrapper (fp16 LUT 64 or 256 groups x 16 centroids, uint4 indices) over weight.bin blob data: decompress to dense fp16 at weight-prep and emit as const BLOBFILE; no H13 encoder consumes palettized data"
2051,linear,normalization-needed,"weight producer is constexpr_lut_to_dense (constexpr_lut_to_dense), so constantValue(weight) is false and the linear handler rejects with h13.linear-nonconstant-weight; host LUT decompression (fp16 LUT [G,1,16,1] + uint4 indices -> dense fp16 [N,K]) re-emitted as a const with BLOBFILE payload unb..."
2052,const,direct-const,constant data; filtered before the program stream (ANEH13Compiler.mm:1391-1393)
2053,reshape,direct-alias,"compile-loop shape alias: metadata only, no program emitted (ANEH13Compiler.mm:1456-1482)"
2054,const,direct-const,constant data; filtered before the program stream (ANEH13Compiler.mm:1391-1393)
2055,const,direct-const,constant data; filtered before the program stream (ANEH13Compiler.mm:1391-1393)
2056,transpose,missing,no H13 encoder for 'transpose': lowerOperation final reject 'H13 has no source-qualified encoder for' (ANEH13Compiler.mm:1349-1350)
2057,add,direct,whole-tensor constant fold (add/mul/max/min; sub folds as sign-flipped add; real_div folds only for powers of two)
2058,const,direct-const,constant data; filtered before the program stream (ANEH13Compiler.mm:1391-1393)
2059,add,direct,whole-tensor constant fold (add/mul/max/min; sub folds as sign-flipped add; real_div folds only for powers of two)
2060,const,direct-const,constant data; filtered before the program stream (ANEH13Compiler.mm:1391-1393)
2061,const,direct-const,constant data; filtered before the program stream (ANEH13Compiler.mm:1391-1393)
2062,const,direct-const,constant data; filtered before the program stream (ANEH13Compiler.mm:1391-1393)
2063,matmul,normalization-needed,"const-weight matmul 3000x128x749 tx=False ty=False outside parity envelope; falls to the source-qualified chunked matvec path (per-row/512-column slices, physical reduction 256/512, weight must be a const with BLOBFILE payload — this proto stores it inline, so the handoff must re-emit weight.bin ..."
2064,const,direct-const,constant data; filtered before the program stream (ANEH13Compiler.mm:1391-1393)
2065,const,direct-const,constant data; filtered before the program stream (ANEH13Compiler.mm:1391-1393)
2066,const,direct-const,constant data; filtered before the program stream (ANEH13Compiler.mm:1391-1393)
2067,pad,missing,no H13 encoder for 'pad': lowerOperation final reject 'H13 has no source-qualified encoder for' (ANEH13Compiler.mm:1349-1350)
2068,const,direct-const,constant data; filtered before the program stream (ANEH13Compiler.mm:1391-1393)
2069,reshape,direct-alias,"compile-loop shape alias: metadata only, no program emitted (ANEH13Compiler.mm:1456-1482)"
2070,const,direct-const,constant data; filtered before the program stream (ANEH13Compiler.mm:1391-1393)
2071,const,direct-const,constant data; filtered before the program stream (ANEH13Compiler.mm:1391-1393)
2072,const,direct-const,constant data; filtered before the program stream (ANEH13Compiler.mm:1391-1393)
2073,slice_by_index,missing,no H13 encoder for 'slice_by_index': lowerOperation final reject 'H13 has no source-qualified encoder for' (ANEH13Compiler.mm:1349-1350)
2074,const,direct-const,constant data; filtered before the program stream (ANEH13Compiler.mm:1391-1393)
2075,reshape,direct-alias,"compile-loop shape alias: metadata only, no program emitted (ANEH13Compiler.mm:1456-1482)"
2076,const,direct-const,constant data; filtered before the program stream (ANEH13Compiler.mm:1391-1393)
2077,const,direct-const,constant data; filtered before the program stream (ANEH13Compiler.mm:1391-1393)
2078,const,direct-const,constant data; filtered before the program stream (ANEH13Compiler.mm:1391-1393)
2079,slice_by_index,missing,no H13 encoder for 'slice_by_index': lowerOperation final reject 'H13 has no source-qualified encoder for' (ANEH13Compiler.mm:1349-1350)
2080,const,direct-const,constant data; filtered before the program stream (ANEH13Compiler.mm:1391-1393)
2081,mul,direct,"inline fp16 scalar mul fold (splat constant, 64-element slices)"
2082,select,missing,no H13 encoder for 'select': lowerOperation final reject 'H13 has no source-qualified encoder for' (ANEH13Compiler.mm:1349-1350)
2083,mul,direct,"inline fp16 scalar mul fold (splat constant, 64-element slices)"
2084,const,direct-const,constant data; filtered before the program stream (ANEH13Compiler.mm:1391-1393)
2085,const,direct-const,constant data; filtered before the program stream (ANEH13Compiler.mm:1391-1393)
2086,transpose,missing,no H13 encoder for 'transpose': lowerOperation final reject 'H13 has no source-qualified encoder for' (ANEH13Compiler.mm:1349-1350)
2087,matmul,missing-envelope,"runtime-operand matmul rows=3000 red=128 cols=375 tx=False ty=True y=(1, 8, 375, 128): outside kMatmulEnvelopeTasks (rows decoded only for 1 and 16); runtime-weight matmul is parity-path-only — reject h13.matmul-outside-envelope; no chunked fallback exists for runtime operands"
2088,add,direct,"h13-source-qualified two-runtime same-shape binary, 64-element slices (rung 01-add-legacy proven path)"
2089,const,direct-const,constant data; filtered before the program stream (ANEH13Compiler.mm:1391-1393)
2090,softmax,missing-envelope,"softmax template lookup in=(8, 375, 375) out=(8, 375, 375) axis-mask=0x08: absent from kNormTasks (44 decoded softmax programs; largest spatial 256x256); normParityPlan is softmax's only path (no generic fallback)"
2091,const,direct-const,constant data; filtered before the program stream (ANEH13Compiler.mm:1391-1393)
2092,const,direct-const,constant data; filtered before the program stream (ANEH13Compiler.mm:1391-1393)
2093,transpose,missing,no H13 encoder for 'transpose': lowerOperation final reject 'H13 has no source-qualified encoder for' (ANEH13Compiler.mm:1349-1350)
2094,matmul,missing-envelope,"runtime-operand matmul rows=3000 red=375 cols=128 tx=False ty=False y=(1, 8, 375, 128): outside kMatmulEnvelopeTasks (rows decoded only for 1 and 16); runtime-weight matmul is parity-path-only — reject h13.matmul-outside-envelope; no chunked fallback exists for runtime operands"
2095,const,direct-const,constant data; filtered before the program stream (ANEH13Compiler.mm:1391-1393)
2096,const,direct-const,constant data; filtered before the program stream (ANEH13Compiler.mm:1391-1393)
2097,transpose,missing,no H13 encoder for 'transpose': lowerOperation final reject 'H13 has no source-qualified encoder for' (ANEH13Compiler.mm:1349-1350)
2098,reshape,direct-alias,"compile-loop shape alias: metadata only, no program emitted (ANEH13Compiler.mm:1456-1482)"
2099,constexpr_lut_to_dense,normalization-needed,"4-bit palettization wrapper (fp16 LUT 64 or 256 groups x 16 centroids, uint4 indices) over weight.bin blob data: decompress to dense fp16 at weight-prep and emit as const BLOBFILE; no H13 encoder consumes palettized data"
2100,linear,normalization-needed,"weight producer is constexpr_lut_to_dense (constexpr_lut_to_dense), so constantValue(weight) is false and the linear handler rejects with h13.linear-nonconstant-weight; host LUT decompression (fp16 LUT [G,1,16,1] + uint4 indices -> dense fp16 [N,K]) re-emitted as a const with BLOBFILE payload unb..."
2101,add,direct,"h13-source-qualified two-runtime same-shape binary, 64-element slices (rung 01-add-legacy proven path)"
2102,const,direct-const,constant data; filtered before the program stream (ANEH13Compiler.mm:1391-1393)
2103,const,direct-const,constant data; filtered before the program stream (ANEH13Compiler.mm:1391-1393)
2104,const,direct-const,constant data; filtered before the program stream (ANEH13Compiler.mm:1391-1393)
2105,layer_norm,missing,"normParityPlan hard-rejects affine layer_norm: requires args==3, fp32 epsilon==1e-5, NO gamma/beta ('Apple's compiler in this harness rejects every affine form', ANEH13Compiler.mm:751-792); all 120 here carry gamma+beta with epsilon as an fp16 const; additionally the affine-less core surface (1,3..."
2106,const,direct-const,constant data; filtered before the program stream (ANEH13Compiler.mm:1391-1393)
2107,const,direct-const,constant data; filtered before the program stream (ANEH13Compiler.mm:1391-1393)
2108,const,direct-const,constant data; filtered before the program stream (ANEH13Compiler.mm:1391-1393)
2109,const,direct-const,constant data; filtered before the program stream (ANEH13Compiler.mm:1391-1393)
2110,const,direct-const,constant data; filtered before the program stream (ANEH13Compiler.mm:1391-1393)
2111,const,direct-const,constant data; filtered before the program stream (ANEH13Compiler.mm:1391-1393)
2112,const,direct-const,constant data; filtered before the program stream (ANEH13Compiler.mm:1391-1393)
2113,transpose,missing,no H13 encoder for 'transpose': lowerOperation final reject 'H13 has no source-qualified encoder for' (ANEH13Compiler.mm:1349-1350)
2114,conv,missing-envelope,"rank-3 spelling rejected by convSurface (requires rank-4 fp16 NCHW batch=1); rank-4 re-spell would still need surface in kConvTasks: in=(1, 1024, 375) out=(1, 2048, 375) k=? s=1 g=1 pad_type 'valid'"
2115,const,direct-const,constant data; filtered before the program stream (ANEH13Compiler.mm:1391-1393)
2116,const,direct-const,constant data; filtered before the program stream (ANEH13Compiler.mm:1391-1393)
2117,split,missing,no H13 encoder for 'split': lowerOperation final reject 'H13 has no source-qualified encoder for' (ANEH13Compiler.mm:1349-1350)
2118,sigmoid,missing-envelope,"no Sigmoid surface for (1, 1024, 375): kElementwiseTasks carries unary ops only on channel-vector surfaces (C,1,1) C<=4096; unary ops have NO generic fallback (parityPlan-only path)"
2119,mul,direct,"h13-source-qualified two-runtime same-shape binary, 64-element slices (rung 01-add-legacy proven path)"
2120,select,missing,no H13 encoder for 'select': lowerOperation final reject 'H13 has no source-qualified encoder for' (ANEH13Compiler.mm:1349-1350)
2121,const,direct-const,constant data; filtered before the program stream (ANEH13Compiler.mm:1391-1393)
2122,const,direct-const,constant data; filtered before the program stream (ANEH13Compiler.mm:1391-1393)
2123,const,direct-const,constant data; filtered before the program stream (ANEH13Compiler.mm:1391-1393)
2124,const,direct-const,constant data; filtered before the program stream (ANEH13Compiler.mm:1391-1393)
2125,const,direct-const,constant data; filtered before the program stream (ANEH13Compiler.mm:1391-1393)
2126,const,direct-const,constant data; filtered before the program stream (ANEH13Compiler.mm:1391-1393)
2127,const,direct-const,constant data; filtered before the program stream (ANEH13Compiler.mm:1391-1393)
2128,conv,missing-envelope,"rank-3 spelling rejected by convSurface (requires rank-4 fp16 NCHW batch=1); rank-4 re-spell would still need surface in kConvTasks: in=(1, 1024, 375) out=(1, 1024, 375) k=? s=1 g=1024 pad_type 'custom'"
2129,silu,missing-envelope,"no Silu surface for (1, 1024, 375): kElementwiseTasks carries unary ops only on channel-vector surfaces (C,1,1) C<=4096; unary ops have NO generic fallback (parityPlan-only path)"
2130,const,direct-const,constant data; filtered before the program stream (ANEH13Compiler.mm:1391-1393)
2131,const,direct-const,constant data; filtered before the program stream (ANEH13Compiler.mm:1391-1393)
2132,const,direct-const,constant data; filtered before the program stream (ANEH13Compiler.mm:1391-1393)
2133,const,direct-const,constant data; filtered before the program stream (ANEH13Compiler.mm:1391-1393)
2134,const,direct-const,constant data; filtered before the program stream (ANEH13Compiler.mm:1391-1393)
2135,const,direct-const,constant data; filtered before the program stream (ANEH13Compiler.mm:1391-1393)
2136,conv,missing-envelope,"rank-3 spelling rejected by convSurface (requires rank-4 fp16 NCHW batch=1); rank-4 re-spell would still need surface in kConvTasks: in=(1, 1024, 375) out=(1, 1024, 375) k=? s=1 g=1 pad_type 'valid'"
2137,const,direct-const,constant data; filtered before the program stream (ANEH13Compiler.mm:1391-1393)
2138,transpose,missing,no H13 encoder for 'transpose': lowerOperation final reject 'H13 has no source-qualified encoder for' (ANEH13Compiler.mm:1349-1350)
2139,add,direct,"h13-source-qualified two-runtime same-shape binary, 64-element slices (rung 01-add-legacy proven path)"
2140,const,direct-const,constant data; filtered before the program stream (ANEH13Compiler.mm:1391-1393)
2141,const,direct-const,constant data; filtered before the program stream (ANEH13Compiler.mm:1391-1393)
2142,const,direct-const,constant data; filtered before the program stream (ANEH13Compiler.mm:1391-1393)
2143,layer_norm,missing,"normParityPlan hard-rejects affine layer_norm: requires args==3, fp32 epsilon==1e-5, NO gamma/beta ('Apple's compiler in this harness rejects every affine form', ANEH13Compiler.mm:751-792); all 120 here carry gamma+beta with epsilon as an fp16 const; additionally the affine-less core surface (1,3..."
2144,constexpr_lut_to_dense,normalization-needed,"4-bit palettization wrapper (fp16 LUT 64 or 256 groups x 16 centroids, uint4 indices) over weight.bin blob data: decompress to dense fp16 at weight-prep and emit as const BLOBFILE; no H13 encoder consumes palettized data"
2145,linear,normalization-needed,"weight producer is constexpr_lut_to_dense (constexpr_lut_to_dense), so constantValue(weight) is false and the linear handler rejects with h13.linear-nonconstant-weight; host LUT decompression (fp16 LUT [G,1,16,1] + uint4 indices -> dense fp16 [N,K]) re-emitted as a const with BLOBFILE payload unb..."
2146,silu,missing-envelope,"no Silu surface for (1, 375, 4096): kElementwiseTasks carries unary ops only on channel-vector surfaces (C,1,1) C<=4096; unary ops have NO generic fallback (parityPlan-only path)"
2147,constexpr_lut_to_dense,normalization-needed,"4-bit palettization wrapper (fp16 LUT 64 or 256 groups x 16 centroids, uint4 indices) over weight.bin blob data: decompress to dense fp16 at weight-prep and emit as const BLOBFILE; no H13 encoder consumes palettized data"
2148,linear,normalization-needed,"weight producer is constexpr_lut_to_dense (constexpr_lut_to_dense), so constantValue(weight) is false and the linear handler rejects with h13.linear-nonconstant-weight; host LUT decompression (fp16 LUT [G,1,16,1] + uint4 indices -> dense fp16 [N,K]) re-emitted as a const with BLOBFILE payload unb..."
2149,const,direct-const,constant data; filtered before the program stream (ANEH13Compiler.mm:1391-1393)
2150,mul,direct,"inline fp16 scalar mul fold (splat constant, 64-element slices)"
2151,add,direct,"h13-source-qualified two-runtime same-shape binary, 64-element slices (rung 01-add-legacy proven path)"
2152,const,direct-const,constant data; filtered before the program stream (ANEH13Compiler.mm:1391-1393)
2153,const,direct-const,constant data; filtered before the program stream (ANEH13Compiler.mm:1391-1393)
2154,const,direct-const,constant data; filtered before the program stream (ANEH13Compiler.mm:1391-1393)
2155,layer_norm,missing,"normParityPlan hard-rejects affine layer_norm: requires args==3, fp32 epsilon==1e-5, NO gamma/beta ('Apple's compiler in this harness rejects every affine form', ANEH13Compiler.mm:751-792); all 120 here carry gamma+beta with epsilon as an fp16 const; additionally the affine-less core surface (1,3..."
2156,const,direct-const,constant data; filtered before the program stream (ANEH13Compiler.mm:1391-1393)
2157,const,direct-const,constant data; filtered before the program stream (ANEH13Compiler.mm:1391-1393)
2158,const,direct-const,constant data; filtered before the program stream (ANEH13Compiler.mm:1391-1393)
2159,layer_norm,missing,"normParityPlan hard-rejects affine layer_norm: requires args==3, fp32 epsilon==1e-5, NO gamma/beta ('Apple's compiler in this harness rejects every affine form', ANEH13Compiler.mm:751-792); all 120 here carry gamma+beta with epsilon as an fp16 const; additionally the affine-less core surface (1,3..."
2160,constexpr_lut_to_dense,normalization-needed,"4-bit palettization wrapper (fp16 LUT 64 or 256 groups x 16 centroids, uint4 indices) over weight.bin blob data: decompress to dense fp16 at weight-prep and emit as const BLOBFILE; no H13 encoder consumes palettized data"
2161,linear,normalization-needed,"weight producer is constexpr_lut_to_dense (constexpr_lut_to_dense), so constantValue(weight) is false and the linear handler rejects with h13.linear-nonconstant-weight; host LUT decompression (fp16 LUT [G,1,16,1] + uint4 indices -> dense fp16 [N,K]) re-emitted as a const with BLOBFILE payload unb..."
2162,silu,missing-envelope,"no Silu surface for (1, 375, 4096): kElementwiseTasks carries unary ops only on channel-vector surfaces (C,1,1) C<=4096; unary ops have NO generic fallback (parityPlan-only path)"
2163,constexpr_lut_to_dense,normalization-needed,"4-bit palettization wrapper (fp16 LUT 64 or 256 groups x 16 centroids, uint4 indices) over weight.bin blob data: decompress to dense fp16 at weight-prep and emit as const BLOBFILE; no H13 encoder consumes palettized data"
2164,linear,normalization-needed,"weight producer is constexpr_lut_to_dense (constexpr_lut_to_dense), so constantValue(weight) is false and the linear handler rejects with h13.linear-nonconstant-weight; host LUT decompression (fp16 LUT [G,1,16,1] + uint4 indices -> dense fp16 [N,K]) re-emitted as a const with BLOBFILE payload unb..."
2165,const,direct-const,constant data; filtered before the program stream (ANEH13Compiler.mm:1391-1393)
2166,mul,direct,"inline fp16 scalar mul fold (splat constant, 64-element slices)"
2167,add,direct,"h13-source-qualified two-runtime same-shape binary, 64-element slices (rung 01-add-legacy proven path)"
2168,const,direct-const,constant data; filtered before the program stream (ANEH13Compiler.mm:1391-1393)
2169,const,direct-const,constant data; filtered before the program stream (ANEH13Compiler.mm:1391-1393)
2170,const,direct-const,constant data; filtered before the program stream (ANEH13Compiler.mm:1391-1393)
2171,layer_norm,missing,"normParityPlan hard-rejects affine layer_norm: requires args==3, fp32 epsilon==1e-5, NO gamma/beta ('Apple's compiler in this harness rejects every affine form', ANEH13Compiler.mm:751-792); all 120 here carry gamma+beta with epsilon as an fp16 const; additionally the affine-less core surface (1,3..."
2172,constexpr_lut_to_dense,normalization-needed,"4-bit palettization wrapper (fp16 LUT 64 or 256 groups x 16 centroids, uint4 indices) over weight.bin blob data: decompress to dense fp16 at weight-prep and emit as const BLOBFILE; no H13 encoder consumes palettized data"
2173,linear,normalization-needed,"weight producer is constexpr_lut_to_dense (constexpr_lut_to_dense), so constantValue(weight) is false and the linear handler rejects with h13.linear-nonconstant-weight; host LUT decompression (fp16 LUT [G,1,16,1] + uint4 indices -> dense fp16 [N,K]) re-emitted as a const with BLOBFILE payload unb..."
2174,const,direct-const,constant data; filtered before the program stream (ANEH13Compiler.mm:1391-1393)
2175,reshape,direct-alias,"compile-loop shape alias: metadata only, no program emitted (ANEH13Compiler.mm:1456-1482)"
2176,const,direct-const,constant data; filtered before the program stream (ANEH13Compiler.mm:1391-1393)
2177,constexpr_lut_to_dense,normalization-needed,"4-bit palettization wrapper (fp16 LUT 64 or 256 groups x 16 centroids, uint4 indices) over weight.bin blob data: decompress to dense fp16 at weight-prep and emit as const BLOBFILE; no H13 encoder consumes palettized data"
2178,linear,normalization-needed,"weight producer is constexpr_lut_to_dense (constexpr_lut_to_dense), so constantValue(weight) is false and the linear handler rejects with h13.linear-nonconstant-weight; host LUT decompression (fp16 LUT [G,1,16,1] + uint4 indices -> dense fp16 [N,K]) re-emitted as a const with BLOBFILE payload unb..."
2179,const,direct-const,constant data; filtered before the program stream (ANEH13Compiler.mm:1391-1393)
2180,reshape,direct-alias,"compile-loop shape alias: metadata only, no program emitted (ANEH13Compiler.mm:1456-1482)"
2181,const,direct-const,constant data; filtered before the program stream (ANEH13Compiler.mm:1391-1393)
2182,constexpr_lut_to_dense,normalization-needed,"4-bit palettization wrapper (fp16 LUT 64 or 256 groups x 16 centroids, uint4 indices) over weight.bin blob data: decompress to dense fp16 at weight-prep and emit as const BLOBFILE; no H13 encoder consumes palettized data"
2183,linear,normalization-needed,"weight producer is constexpr_lut_to_dense (constexpr_lut_to_dense), so constantValue(weight) is false and the linear handler rejects with h13.linear-nonconstant-weight; host LUT decompression (fp16 LUT [G,1,16,1] + uint4 indices -> dense fp16 [N,K]) re-emitted as a const with BLOBFILE payload unb..."
2184,const,direct-const,constant data; filtered before the program stream (ANEH13Compiler.mm:1391-1393)
2185,reshape,direct-alias,"compile-loop shape alias: metadata only, no program emitted (ANEH13Compiler.mm:1456-1482)"
2186,const,direct-const,constant data; filtered before the program stream (ANEH13Compiler.mm:1391-1393)
2187,const,direct-const,constant data; filtered before the program stream (ANEH13Compiler.mm:1391-1393)
2188,transpose,missing,no H13 encoder for 'transpose': lowerOperation final reject 'H13 has no source-qualified encoder for' (ANEH13Compiler.mm:1349-1350)
2189,add,direct,whole-tensor constant fold (add/mul/max/min; sub folds as sign-flipped add; real_div folds only for powers of two)
2190,const,direct-const,constant data; filtered before the program stream (ANEH13Compiler.mm:1391-1393)
2191,add,direct,whole-tensor constant fold (add/mul/max/min; sub folds as sign-flipped add; real_div folds only for powers of two)
2192,const,direct-const,constant data; filtered before the program stream (ANEH13Compiler.mm:1391-1393)
2193,const,direct-const,constant data; filtered before the program stream (ANEH13Compiler.mm:1391-1393)
2194,const,direct-const,constant data; filtered before the program stream (ANEH13Compiler.mm:1391-1393)
2195,matmul,normalization-needed,"const-weight matmul 3000x128x749 tx=False ty=False outside parity envelope; falls to the source-qualified chunked matvec path (per-row/512-column slices, physical reduction 256/512, weight must be a const with BLOBFILE payload — this proto stores it inline, so the handoff must re-emit weight.bin ..."
2196,const,direct-const,constant data; filtered before the program stream (ANEH13Compiler.mm:1391-1393)
2197,const,direct-const,constant data; filtered before the program stream (ANEH13Compiler.mm:1391-1393)
2198,const,direct-const,constant data; filtered before the program stream (ANEH13Compiler.mm:1391-1393)
2199,pad,missing,no H13 encoder for 'pad': lowerOperation final reject 'H13 has no source-qualified encoder for' (ANEH13Compiler.mm:1349-1350)
2200,const,direct-const,constant data; filtered before the program stream (ANEH13Compiler.mm:1391-1393)
2201,reshape,direct-alias,"compile-loop shape alias: metadata only, no program emitted (ANEH13Compiler.mm:1456-1482)"
2202,const,direct-const,constant data; filtered before the program stream (ANEH13Compiler.mm:1391-1393)
2203,const,direct-const,constant data; filtered before the program stream (ANEH13Compiler.mm:1391-1393)
2204,const,direct-const,constant data; filtered before the program stream (ANEH13Compiler.mm:1391-1393)
2205,slice_by_index,missing,no H13 encoder for 'slice_by_index': lowerOperation final reject 'H13 has no source-qualified encoder for' (ANEH13Compiler.mm:1349-1350)
2206,const,direct-const,constant data; filtered before the program stream (ANEH13Compiler.mm:1391-1393)
2207,reshape,direct-alias,"compile-loop shape alias: metadata only, no program emitted (ANEH13Compiler.mm:1456-1482)"
2208,const,direct-const,constant data; filtered before the program stream (ANEH13Compiler.mm:1391-1393)
2209,const,direct-const,constant data; filtered before the program stream (ANEH13Compiler.mm:1391-1393)
2210,const,direct-const,constant data; filtered before the program stream (ANEH13Compiler.mm:1391-1393)
2211,slice_by_index,missing,no H13 encoder for 'slice_by_index': lowerOperation final reject 'H13 has no source-qualified encoder for' (ANEH13Compiler.mm:1349-1350)
2212,const,direct-const,constant data; filtered before the program stream (ANEH13Compiler.mm:1391-1393)
2213,mul,direct,"inline fp16 scalar mul fold (splat constant, 64-element slices)"
2214,select,missing,no H13 encoder for 'select': lowerOperation final reject 'H13 has no source-qualified encoder for' (ANEH13Compiler.mm:1349-1350)
2215,mul,direct,"inline fp16 scalar mul fold (splat constant, 64-element slices)"
2216,const,direct-const,constant data; filtered before the program stream (ANEH13Compiler.mm:1391-1393)
2217,const,direct-const,constant data; filtered before the program stream (ANEH13Compiler.mm:1391-1393)
2218,transpose,missing,no H13 encoder for 'transpose': lowerOperation final reject 'H13 has no source-qualified encoder for' (ANEH13Compiler.mm:1349-1350)
2219,matmul,missing-envelope,"runtime-operand matmul rows=3000 red=128 cols=375 tx=False ty=True y=(1, 8, 375, 128): outside kMatmulEnvelopeTasks (rows decoded only for 1 and 16); runtime-weight matmul is parity-path-only — reject h13.matmul-outside-envelope; no chunked fallback exists for runtime operands"
2220,add,direct,"h13-source-qualified two-runtime same-shape binary, 64-element slices (rung 01-add-legacy proven path)"
2221,const,direct-const,constant data; filtered before the program stream (ANEH13Compiler.mm:1391-1393)
2222,softmax,missing-envelope,"softmax template lookup in=(8, 375, 375) out=(8, 375, 375) axis-mask=0x08: absent from kNormTasks (44 decoded softmax programs; largest spatial 256x256); normParityPlan is softmax's only path (no generic fallback)"
2223,const,direct-const,constant data; filtered before the program stream (ANEH13Compiler.mm:1391-1393)
2224,const,direct-const,constant data; filtered before the program stream (ANEH13Compiler.mm:1391-1393)
2225,transpose,missing,no H13 encoder for 'transpose': lowerOperation final reject 'H13 has no source-qualified encoder for' (ANEH13Compiler.mm:1349-1350)
2226,matmul,missing-envelope,"runtime-operand matmul rows=3000 red=375 cols=128 tx=False ty=False y=(1, 8, 375, 128): outside kMatmulEnvelopeTasks (rows decoded only for 1 and 16); runtime-weight matmul is parity-path-only — reject h13.matmul-outside-envelope; no chunked fallback exists for runtime operands"
2227,const,direct-const,constant data; filtered before the program stream (ANEH13Compiler.mm:1391-1393)
2228,const,direct-const,constant data; filtered before the program stream (ANEH13Compiler.mm:1391-1393)
2229,transpose,missing,no H13 encoder for 'transpose': lowerOperation final reject 'H13 has no source-qualified encoder for' (ANEH13Compiler.mm:1349-1350)
2230,reshape,direct-alias,"compile-loop shape alias: metadata only, no program emitted (ANEH13Compiler.mm:1456-1482)"
2231,constexpr_lut_to_dense,normalization-needed,"4-bit palettization wrapper (fp16 LUT 64 or 256 groups x 16 centroids, uint4 indices) over weight.bin blob data: decompress to dense fp16 at weight-prep and emit as const BLOBFILE; no H13 encoder consumes palettized data"
2232,linear,normalization-needed,"weight producer is constexpr_lut_to_dense (constexpr_lut_to_dense), so constantValue(weight) is false and the linear handler rejects with h13.linear-nonconstant-weight; host LUT decompression (fp16 LUT [G,1,16,1] + uint4 indices -> dense fp16 [N,K]) re-emitted as a const with BLOBFILE payload unb..."
2233,add,direct,"h13-source-qualified two-runtime same-shape binary, 64-element slices (rung 01-add-legacy proven path)"
2234,const,direct-const,constant data; filtered before the program stream (ANEH13Compiler.mm:1391-1393)
2235,const,direct-const,constant data; filtered before the program stream (ANEH13Compiler.mm:1391-1393)
2236,const,direct-const,constant data; filtered before the program stream (ANEH13Compiler.mm:1391-1393)
2237,layer_norm,missing,"normParityPlan hard-rejects affine layer_norm: requires args==3, fp32 epsilon==1e-5, NO gamma/beta ('Apple's compiler in this harness rejects every affine form', ANEH13Compiler.mm:751-792); all 120 here carry gamma+beta with epsilon as an fp16 const; additionally the affine-less core surface (1,3..."
2238,const,direct-const,constant data; filtered before the program stream (ANEH13Compiler.mm:1391-1393)
2239,const,direct-const,constant data; filtered before the program stream (ANEH13Compiler.mm:1391-1393)
2240,const,direct-const,constant data; filtered before the program stream (ANEH13Compiler.mm:1391-1393)
2241,const,direct-const,constant data; filtered before the program stream (ANEH13Compiler.mm:1391-1393)
2242,const,direct-const,constant data; filtered before the program stream (ANEH13Compiler.mm:1391-1393)
2243,const,direct-const,constant data; filtered before the program stream (ANEH13Compiler.mm:1391-1393)
2244,const,direct-const,constant data; filtered before the program stream (ANEH13Compiler.mm:1391-1393)
2245,transpose,missing,no H13 encoder for 'transpose': lowerOperation final reject 'H13 has no source-qualified encoder for' (ANEH13Compiler.mm:1349-1350)
2246,conv,missing-envelope,"rank-3 spelling rejected by convSurface (requires rank-4 fp16 NCHW batch=1); rank-4 re-spell would still need surface in kConvTasks: in=(1, 1024, 375) out=(1, 2048, 375) k=? s=1 g=1 pad_type 'valid'"
2247,const,direct-const,constant data; filtered before the program stream (ANEH13Compiler.mm:1391-1393)
2248,const,direct-const,constant data; filtered before the program stream (ANEH13Compiler.mm:1391-1393)
2249,split,missing,no H13 encoder for 'split': lowerOperation final reject 'H13 has no source-qualified encoder for' (ANEH13Compiler.mm:1349-1350)
2250,sigmoid,missing-envelope,"no Sigmoid surface for (1, 1024, 375): kElementwiseTasks carries unary ops only on channel-vector surfaces (C,1,1) C<=4096; unary ops have NO generic fallback (parityPlan-only path)"
2251,mul,direct,"h13-source-qualified two-runtime same-shape binary, 64-element slices (rung 01-add-legacy proven path)"
2252,select,missing,no H13 encoder for 'select': lowerOperation final reject 'H13 has no source-qualified encoder for' (ANEH13Compiler.mm:1349-1350)
2253,const,direct-const,constant data; filtered before the program stream (ANEH13Compiler.mm:1391-1393)
2254,const,direct-const,constant data; filtered before the program stream (ANEH13Compiler.mm:1391-1393)
2255,const,direct-const,constant data; filtered before the program stream (ANEH13Compiler.mm:1391-1393)
2256,const,direct-const,constant data; filtered before the program stream (ANEH13Compiler.mm:1391-1393)
2257,const,direct-const,constant data; filtered before the program stream (ANEH13Compiler.mm:1391-1393)
2258,const,direct-const,constant data; filtered before the program stream (ANEH13Compiler.mm:1391-1393)
2259,const,direct-const,constant data; filtered before the program stream (ANEH13Compiler.mm:1391-1393)
2260,conv,missing-envelope,"rank-3 spelling rejected by convSurface (requires rank-4 fp16 NCHW batch=1); rank-4 re-spell would still need surface in kConvTasks: in=(1, 1024, 375) out=(1, 1024, 375) k=? s=1 g=1024 pad_type 'custom'"
2261,silu,missing-envelope,"no Silu surface for (1, 1024, 375): kElementwiseTasks carries unary ops only on channel-vector surfaces (C,1,1) C<=4096; unary ops have NO generic fallback (parityPlan-only path)"
2262,const,direct-const,constant data; filtered before the program stream (ANEH13Compiler.mm:1391-1393)
2263,const,direct-const,constant data; filtered before the program stream (ANEH13Compiler.mm:1391-1393)
2264,const,direct-const,constant data; filtered before the program stream (ANEH13Compiler.mm:1391-1393)
2265,const,direct-const,constant data; filtered before the program stream (ANEH13Compiler.mm:1391-1393)
2266,const,direct-const,constant data; filtered before the program stream (ANEH13Compiler.mm:1391-1393)
2267,const,direct-const,constant data; filtered before the program stream (ANEH13Compiler.mm:1391-1393)
2268,conv,missing-envelope,"rank-3 spelling rejected by convSurface (requires rank-4 fp16 NCHW batch=1); rank-4 re-spell would still need surface in kConvTasks: in=(1, 1024, 375) out=(1, 1024, 375) k=? s=1 g=1 pad_type 'valid'"
2269,const,direct-const,constant data; filtered before the program stream (ANEH13Compiler.mm:1391-1393)
2270,transpose,missing,no H13 encoder for 'transpose': lowerOperation final reject 'H13 has no source-qualified encoder for' (ANEH13Compiler.mm:1349-1350)
2271,add,direct,"h13-source-qualified two-runtime same-shape binary, 64-element slices (rung 01-add-legacy proven path)"
2272,const,direct-const,constant data; filtered before the program stream (ANEH13Compiler.mm:1391-1393)
2273,const,direct-const,constant data; filtered before the program stream (ANEH13Compiler.mm:1391-1393)
2274,const,direct-const,constant data; filtered before the program stream (ANEH13Compiler.mm:1391-1393)
2275,layer_norm,missing,"normParityPlan hard-rejects affine layer_norm: requires args==3, fp32 epsilon==1e-5, NO gamma/beta ('Apple's compiler in this harness rejects every affine form', ANEH13Compiler.mm:751-792); all 120 here carry gamma+beta with epsilon as an fp16 const; additionally the affine-less core surface (1,3..."
2276,constexpr_lut_to_dense,normalization-needed,"4-bit palettization wrapper (fp16 LUT 64 or 256 groups x 16 centroids, uint4 indices) over weight.bin blob data: decompress to dense fp16 at weight-prep and emit as const BLOBFILE; no H13 encoder consumes palettized data"
2277,linear,normalization-needed,"weight producer is constexpr_lut_to_dense (constexpr_lut_to_dense), so constantValue(weight) is false and the linear handler rejects with h13.linear-nonconstant-weight; host LUT decompression (fp16 LUT [G,1,16,1] + uint4 indices -> dense fp16 [N,K]) re-emitted as a const with BLOBFILE payload unb..."
2278,silu,missing-envelope,"no Silu surface for (1, 375, 4096): kElementwiseTasks carries unary ops only on channel-vector surfaces (C,1,1) C<=4096; unary ops have NO generic fallback (parityPlan-only path)"
2279,constexpr_lut_to_dense,normalization-needed,"4-bit palettization wrapper (fp16 LUT 64 or 256 groups x 16 centroids, uint4 indices) over weight.bin blob data: decompress to dense fp16 at weight-prep and emit as const BLOBFILE; no H13 encoder consumes palettized data"
2280,linear,normalization-needed,"weight producer is constexpr_lut_to_dense (constexpr_lut_to_dense), so constantValue(weight) is false and the linear handler rejects with h13.linear-nonconstant-weight; host LUT decompression (fp16 LUT [G,1,16,1] + uint4 indices -> dense fp16 [N,K]) re-emitted as a const with BLOBFILE payload unb..."
2281,const,direct-const,constant data; filtered before the program stream (ANEH13Compiler.mm:1391-1393)
2282,mul,direct,"inline fp16 scalar mul fold (splat constant, 64-element slices)"
2283,add,direct,"h13-source-qualified two-runtime same-shape binary, 64-element slices (rung 01-add-legacy proven path)"
2284,const,direct-const,constant data; filtered before the program stream (ANEH13Compiler.mm:1391-1393)
2285,const,direct-const,constant data; filtered before the program stream (ANEH13Compiler.mm:1391-1393)
2286,const,direct-const,constant data; filtered before the program stream (ANEH13Compiler.mm:1391-1393)
2287,layer_norm,missing,"normParityPlan hard-rejects affine layer_norm: requires args==3, fp32 epsilon==1e-5, NO gamma/beta ('Apple's compiler in this harness rejects every affine form', ANEH13Compiler.mm:751-792); all 120 here carry gamma+beta with epsilon as an fp16 const; additionally the affine-less core surface (1,3..."
2288,const,direct-const,constant data; filtered before the program stream (ANEH13Compiler.mm:1391-1393)
2289,const,direct-const,constant data; filtered before the program stream (ANEH13Compiler.mm:1391-1393)
2290,const,direct-const,constant data; filtered before the program stream (ANEH13Compiler.mm:1391-1393)
2291,layer_norm,missing,"normParityPlan hard-rejects affine layer_norm: requires args==3, fp32 epsilon==1e-5, NO gamma/beta ('Apple's compiler in this harness rejects every affine form', ANEH13Compiler.mm:751-792); all 120 here carry gamma+beta with epsilon as an fp16 const; additionally the affine-less core surface (1,3..."
2292,constexpr_lut_to_dense,normalization-needed,"4-bit palettization wrapper (fp16 LUT 64 or 256 groups x 16 centroids, uint4 indices) over weight.bin blob data: decompress to dense fp16 at weight-prep and emit as const BLOBFILE; no H13 encoder consumes palettized data"
2293,linear,normalization-needed,"weight producer is constexpr_lut_to_dense (constexpr_lut_to_dense), so constantValue(weight) is false and the linear handler rejects with h13.linear-nonconstant-weight; host LUT decompression (fp16 LUT [G,1,16,1] + uint4 indices -> dense fp16 [N,K]) re-emitted as a const with BLOBFILE payload unb..."
2294,silu,missing-envelope,"no Silu surface for (1, 375, 4096): kElementwiseTasks carries unary ops only on channel-vector surfaces (C,1,1) C<=4096; unary ops have NO generic fallback (parityPlan-only path)"
2295,constexpr_lut_to_dense,normalization-needed,"4-bit palettization wrapper (fp16 LUT 64 or 256 groups x 16 centroids, uint4 indices) over weight.bin blob data: decompress to dense fp16 at weight-prep and emit as const BLOBFILE; no H13 encoder consumes palettized data"
2296,linear,normalization-needed,"weight producer is constexpr_lut_to_dense (constexpr_lut_to_dense), so constantValue(weight) is false and the linear handler rejects with h13.linear-nonconstant-weight; host LUT decompression (fp16 LUT [G,1,16,1] + uint4 indices -> dense fp16 [N,K]) re-emitted as a const with BLOBFILE payload unb..."
2297,const,direct-const,constant data; filtered before the program stream (ANEH13Compiler.mm:1391-1393)
2298,mul,direct,"inline fp16 scalar mul fold (splat constant, 64-element slices)"
2299,add,direct,"h13-source-qualified two-runtime same-shape binary, 64-element slices (rung 01-add-legacy proven path)"
2300,const,direct-const,constant data; filtered before the program stream (ANEH13Compiler.mm:1391-1393)
2301,const,direct-const,constant data; filtered before the program stream (ANEH13Compiler.mm:1391-1393)
2302,const,direct-const,constant data; filtered before the program stream (ANEH13Compiler.mm:1391-1393)
2303,layer_norm,missing,"normParityPlan hard-rejects affine layer_norm: requires args==3, fp32 epsilon==1e-5, NO gamma/beta ('Apple's compiler in this harness rejects every affine form', ANEH13Compiler.mm:751-792); all 120 here carry gamma+beta with epsilon as an fp16 const; additionally the affine-less core surface (1,3..."
2304,constexpr_lut_to_dense,normalization-needed,"4-bit palettization wrapper (fp16 LUT 64 or 256 groups x 16 centroids, uint4 indices) over weight.bin blob data: decompress to dense fp16 at weight-prep and emit as const BLOBFILE; no H13 encoder consumes palettized data"
2305,linear,normalization-needed,"weight producer is constexpr_lut_to_dense (constexpr_lut_to_dense), so constantValue(weight) is false and the linear handler rejects with h13.linear-nonconstant-weight; host LUT decompression (fp16 LUT [G,1,16,1] + uint4 indices -> dense fp16 [N,K]) re-emitted as a const with BLOBFILE payload unb..."
2306,const,direct-const,constant data; filtered before the program stream (ANEH13Compiler.mm:1391-1393)
2307,reshape,direct-alias,"compile-loop shape alias: metadata only, no program emitted (ANEH13Compiler.mm:1456-1482)"
2308,const,direct-const,constant data; filtered before the program stream (ANEH13Compiler.mm:1391-1393)
2309,constexpr_lut_to_dense,normalization-needed,"4-bit palettization wrapper (fp16 LUT 64 or 256 groups x 16 centroids, uint4 indices) over weight.bin blob data: decompress to dense fp16 at weight-prep and emit as const BLOBFILE; no H13 encoder consumes palettized data"
2310,linear,normalization-needed,"weight producer is constexpr_lut_to_dense (constexpr_lut_to_dense), so constantValue(weight) is false and the linear handler rejects with h13.linear-nonconstant-weight; host LUT decompression (fp16 LUT [G,1,16,1] + uint4 indices -> dense fp16 [N,K]) re-emitted as a const with BLOBFILE payload unb..."
2311,const,direct-const,constant data; filtered before the program stream (ANEH13Compiler.mm:1391-1393)
2312,reshape,direct-alias,"compile-loop shape alias: metadata only, no program emitted (ANEH13Compiler.mm:1456-1482)"
2313,const,direct-const,constant data; filtered before the program stream (ANEH13Compiler.mm:1391-1393)
2314,constexpr_lut_to_dense,normalization-needed,"4-bit palettization wrapper (fp16 LUT 64 or 256 groups x 16 centroids, uint4 indices) over weight.bin blob data: decompress to dense fp16 at weight-prep and emit as const BLOBFILE; no H13 encoder consumes palettized data"
2315,linear,normalization-needed,"weight producer is constexpr_lut_to_dense (constexpr_lut_to_dense), so constantValue(weight) is false and the linear handler rejects with h13.linear-nonconstant-weight; host LUT decompression (fp16 LUT [G,1,16,1] + uint4 indices -> dense fp16 [N,K]) re-emitted as a const with BLOBFILE payload unb..."
2316,const,direct-const,constant data; filtered before the program stream (ANEH13Compiler.mm:1391-1393)
2317,reshape,direct-alias,"compile-loop shape alias: metadata only, no program emitted (ANEH13Compiler.mm:1456-1482)"
2318,const,direct-const,constant data; filtered before the program stream (ANEH13Compiler.mm:1391-1393)
2319,const,direct-const,constant data; filtered before the program stream (ANEH13Compiler.mm:1391-1393)
2320,transpose,missing,no H13 encoder for 'transpose': lowerOperation final reject 'H13 has no source-qualified encoder for' (ANEH13Compiler.mm:1349-1350)
2321,add,direct,whole-tensor constant fold (add/mul/max/min; sub folds as sign-flipped add; real_div folds only for powers of two)
2322,const,direct-const,constant data; filtered before the program stream (ANEH13Compiler.mm:1391-1393)
2323,add,direct,whole-tensor constant fold (add/mul/max/min; sub folds as sign-flipped add; real_div folds only for powers of two)
2324,const,direct-const,constant data; filtered before the program stream (ANEH13Compiler.mm:1391-1393)
2325,const,direct-const,constant data; filtered before the program stream (ANEH13Compiler.mm:1391-1393)
2326,const,direct-const,constant data; filtered before the program stream (ANEH13Compiler.mm:1391-1393)
2327,matmul,normalization-needed,"const-weight matmul 3000x128x749 tx=False ty=False outside parity envelope; falls to the source-qualified chunked matvec path (per-row/512-column slices, physical reduction 256/512, weight must be a const with BLOBFILE payload — this proto stores it inline, so the handoff must re-emit weight.bin ..."
2328,const,direct-const,constant data; filtered before the program stream (ANEH13Compiler.mm:1391-1393)
2329,const,direct-const,constant data; filtered before the program stream (ANEH13Compiler.mm:1391-1393)
2330,const,direct-const,constant data; filtered before the program stream (ANEH13Compiler.mm:1391-1393)
2331,pad,missing,no H13 encoder for 'pad': lowerOperation final reject 'H13 has no source-qualified encoder for' (ANEH13Compiler.mm:1349-1350)
2332,const,direct-const,constant data; filtered before the program stream (ANEH13Compiler.mm:1391-1393)
2333,reshape,direct-alias,"compile-loop shape alias: metadata only, no program emitted (ANEH13Compiler.mm:1456-1482)"
2334,const,direct-const,constant data; filtered before the program stream (ANEH13Compiler.mm:1391-1393)
2335,const,direct-const,constant data; filtered before the program stream (ANEH13Compiler.mm:1391-1393)
2336,const,direct-const,constant data; filtered before the program stream (ANEH13Compiler.mm:1391-1393)
2337,slice_by_index,missing,no H13 encoder for 'slice_by_index': lowerOperation final reject 'H13 has no source-qualified encoder for' (ANEH13Compiler.mm:1349-1350)
2338,const,direct-const,constant data; filtered before the program stream (ANEH13Compiler.mm:1391-1393)
2339,reshape,direct-alias,"compile-loop shape alias: metadata only, no program emitted (ANEH13Compiler.mm:1456-1482)"
2340,const,direct-const,constant data; filtered before the program stream (ANEH13Compiler.mm:1391-1393)
2341,const,direct-const,constant data; filtered before the program stream (ANEH13Compiler.mm:1391-1393)
2342,const,direct-const,constant data; filtered before the program stream (ANEH13Compiler.mm:1391-1393)
2343,slice_by_index,missing,no H13 encoder for 'slice_by_index': lowerOperation final reject 'H13 has no source-qualified encoder for' (ANEH13Compiler.mm:1349-1350)
2344,const,direct-const,constant data; filtered before the program stream (ANEH13Compiler.mm:1391-1393)
2345,mul,direct,"inline fp16 scalar mul fold (splat constant, 64-element slices)"
2346,select,missing,no H13 encoder for 'select': lowerOperation final reject 'H13 has no source-qualified encoder for' (ANEH13Compiler.mm:1349-1350)
2347,mul,direct,"inline fp16 scalar mul fold (splat constant, 64-element slices)"
2348,const,direct-const,constant data; filtered before the program stream (ANEH13Compiler.mm:1391-1393)
2349,const,direct-const,constant data; filtered before the program stream (ANEH13Compiler.mm:1391-1393)
2350,transpose,missing,no H13 encoder for 'transpose': lowerOperation final reject 'H13 has no source-qualified encoder for' (ANEH13Compiler.mm:1349-1350)
2351,matmul,missing-envelope,"runtime-operand matmul rows=3000 red=128 cols=375 tx=False ty=True y=(1, 8, 375, 128): outside kMatmulEnvelopeTasks (rows decoded only for 1 and 16); runtime-weight matmul is parity-path-only — reject h13.matmul-outside-envelope; no chunked fallback exists for runtime operands"
2352,add,direct,"h13-source-qualified two-runtime same-shape binary, 64-element slices (rung 01-add-legacy proven path)"
2353,const,direct-const,constant data; filtered before the program stream (ANEH13Compiler.mm:1391-1393)
2354,softmax,missing-envelope,"softmax template lookup in=(8, 375, 375) out=(8, 375, 375) axis-mask=0x08: absent from kNormTasks (44 decoded softmax programs; largest spatial 256x256); normParityPlan is softmax's only path (no generic fallback)"
2355,const,direct-const,constant data; filtered before the program stream (ANEH13Compiler.mm:1391-1393)
2356,const,direct-const,constant data; filtered before the program stream (ANEH13Compiler.mm:1391-1393)
2357,transpose,missing,no H13 encoder for 'transpose': lowerOperation final reject 'H13 has no source-qualified encoder for' (ANEH13Compiler.mm:1349-1350)
2358,matmul,missing-envelope,"runtime-operand matmul rows=3000 red=375 cols=128 tx=False ty=False y=(1, 8, 375, 128): outside kMatmulEnvelopeTasks (rows decoded only for 1 and 16); runtime-weight matmul is parity-path-only — reject h13.matmul-outside-envelope; no chunked fallback exists for runtime operands"
2359,const,direct-const,constant data; filtered before the program stream (ANEH13Compiler.mm:1391-1393)
2360,const,direct-const,constant data; filtered before the program stream (ANEH13Compiler.mm:1391-1393)
2361,transpose,missing,no H13 encoder for 'transpose': lowerOperation final reject 'H13 has no source-qualified encoder for' (ANEH13Compiler.mm:1349-1350)
2362,reshape,direct-alias,"compile-loop shape alias: metadata only, no program emitted (ANEH13Compiler.mm:1456-1482)"
2363,constexpr_lut_to_dense,normalization-needed,"4-bit palettization wrapper (fp16 LUT 64 or 256 groups x 16 centroids, uint4 indices) over weight.bin blob data: decompress to dense fp16 at weight-prep and emit as const BLOBFILE; no H13 encoder consumes palettized data"
2364,linear,normalization-needed,"weight producer is constexpr_lut_to_dense (constexpr_lut_to_dense), so constantValue(weight) is false and the linear handler rejects with h13.linear-nonconstant-weight; host LUT decompression (fp16 LUT [G,1,16,1] + uint4 indices -> dense fp16 [N,K]) re-emitted as a const with BLOBFILE payload unb..."
2365,add,direct,"h13-source-qualified two-runtime same-shape binary, 64-element slices (rung 01-add-legacy proven path)"
2366,const,direct-const,constant data; filtered before the program stream (ANEH13Compiler.mm:1391-1393)
2367,const,direct-const,constant data; filtered before the program stream (ANEH13Compiler.mm:1391-1393)
2368,const,direct-const,constant data; filtered before the program stream (ANEH13Compiler.mm:1391-1393)
2369,layer_norm,missing,"normParityPlan hard-rejects affine layer_norm: requires args==3, fp32 epsilon==1e-5, NO gamma/beta ('Apple's compiler in this harness rejects every affine form', ANEH13Compiler.mm:751-792); all 120 here carry gamma+beta with epsilon as an fp16 const; additionally the affine-less core surface (1,3..."
2370,const,direct-const,constant data; filtered before the program stream (ANEH13Compiler.mm:1391-1393)
2371,const,direct-const,constant data; filtered before the program stream (ANEH13Compiler.mm:1391-1393)
2372,const,direct-const,constant data; filtered before the program stream (ANEH13Compiler.mm:1391-1393)
2373,const,direct-const,constant data; filtered before the program stream (ANEH13Compiler.mm:1391-1393)
2374,const,direct-const,constant data; filtered before the program stream (ANEH13Compiler.mm:1391-1393)
2375,const,direct-const,constant data; filtered before the program stream (ANEH13Compiler.mm:1391-1393)
2376,const,direct-const,constant data; filtered before the program stream (ANEH13Compiler.mm:1391-1393)
2377,transpose,missing,no H13 encoder for 'transpose': lowerOperation final reject 'H13 has no source-qualified encoder for' (ANEH13Compiler.mm:1349-1350)
2378,conv,missing-envelope,"rank-3 spelling rejected by convSurface (requires rank-4 fp16 NCHW batch=1); rank-4 re-spell would still need surface in kConvTasks: in=(1, 1024, 375) out=(1, 2048, 375) k=? s=1 g=1 pad_type 'valid'"
2379,const,direct-const,constant data; filtered before the program stream (ANEH13Compiler.mm:1391-1393)
2380,const,direct-const,constant data; filtered before the program stream (ANEH13Compiler.mm:1391-1393)
2381,split,missing,no H13 encoder for 'split': lowerOperation final reject 'H13 has no source-qualified encoder for' (ANEH13Compiler.mm:1349-1350)
2382,sigmoid,missing-envelope,"no Sigmoid surface for (1, 1024, 375): kElementwiseTasks carries unary ops only on channel-vector surfaces (C,1,1) C<=4096; unary ops have NO generic fallback (parityPlan-only path)"
2383,mul,direct,"h13-source-qualified two-runtime same-shape binary, 64-element slices (rung 01-add-legacy proven path)"
2384,select,missing,no H13 encoder for 'select': lowerOperation final reject 'H13 has no source-qualified encoder for' (ANEH13Compiler.mm:1349-1350)
2385,const,direct-const,constant data; filtered before the program stream (ANEH13Compiler.mm:1391-1393)
2386,const,direct-const,constant data; filtered before the program stream (ANEH13Compiler.mm:1391-1393)
2387,const,direct-const,constant data; filtered before the program stream (ANEH13Compiler.mm:1391-1393)
2388,const,direct-const,constant data; filtered before the program stream (ANEH13Compiler.mm:1391-1393)
2389,const,direct-const,constant data; filtered before the program stream (ANEH13Compiler.mm:1391-1393)
2390,const,direct-const,constant data; filtered before the program stream (ANEH13Compiler.mm:1391-1393)
2391,const,direct-const,constant data; filtered before the program stream (ANEH13Compiler.mm:1391-1393)
2392,conv,missing-envelope,"rank-3 spelling rejected by convSurface (requires rank-4 fp16 NCHW batch=1); rank-4 re-spell would still need surface in kConvTasks: in=(1, 1024, 375) out=(1, 1024, 375) k=? s=1 g=1024 pad_type 'custom'"
2393,silu,missing-envelope,"no Silu surface for (1, 1024, 375): kElementwiseTasks carries unary ops only on channel-vector surfaces (C,1,1) C<=4096; unary ops have NO generic fallback (parityPlan-only path)"
2394,const,direct-const,constant data; filtered before the program stream (ANEH13Compiler.mm:1391-1393)
2395,const,direct-const,constant data; filtered before the program stream (ANEH13Compiler.mm:1391-1393)
2396,const,direct-const,constant data; filtered before the program stream (ANEH13Compiler.mm:1391-1393)
2397,const,direct-const,constant data; filtered before the program stream (ANEH13Compiler.mm:1391-1393)
2398,const,direct-const,constant data; filtered before the program stream (ANEH13Compiler.mm:1391-1393)
2399,const,direct-const,constant data; filtered before the program stream (ANEH13Compiler.mm:1391-1393)
2400,conv,missing-envelope,"rank-3 spelling rejected by convSurface (requires rank-4 fp16 NCHW batch=1); rank-4 re-spell would still need surface in kConvTasks: in=(1, 1024, 375) out=(1, 1024, 375) k=? s=1 g=1 pad_type 'valid'"
2401,const,direct-const,constant data; filtered before the program stream (ANEH13Compiler.mm:1391-1393)
2402,transpose,missing,no H13 encoder for 'transpose': lowerOperation final reject 'H13 has no source-qualified encoder for' (ANEH13Compiler.mm:1349-1350)
2403,add,direct,"h13-source-qualified two-runtime same-shape binary, 64-element slices (rung 01-add-legacy proven path)"
2404,const,direct-const,constant data; filtered before the program stream (ANEH13Compiler.mm:1391-1393)
2405,const,direct-const,constant data; filtered before the program stream (ANEH13Compiler.mm:1391-1393)
2406,const,direct-const,constant data; filtered before the program stream (ANEH13Compiler.mm:1391-1393)
2407,layer_norm,missing,"normParityPlan hard-rejects affine layer_norm: requires args==3, fp32 epsilon==1e-5, NO gamma/beta ('Apple's compiler in this harness rejects every affine form', ANEH13Compiler.mm:751-792); all 120 here carry gamma+beta with epsilon as an fp16 const; additionally the affine-less core surface (1,3..."
2408,constexpr_lut_to_dense,normalization-needed,"4-bit palettization wrapper (fp16 LUT 64 or 256 groups x 16 centroids, uint4 indices) over weight.bin blob data: decompress to dense fp16 at weight-prep and emit as const BLOBFILE; no H13 encoder consumes palettized data"
2409,linear,normalization-needed,"weight producer is constexpr_lut_to_dense (constexpr_lut_to_dense), so constantValue(weight) is false and the linear handler rejects with h13.linear-nonconstant-weight; host LUT decompression (fp16 LUT [G,1,16,1] + uint4 indices -> dense fp16 [N,K]) re-emitted as a const with BLOBFILE payload unb..."
2410,silu,missing-envelope,"no Silu surface for (1, 375, 4096): kElementwiseTasks carries unary ops only on channel-vector surfaces (C,1,1) C<=4096; unary ops have NO generic fallback (parityPlan-only path)"
2411,constexpr_lut_to_dense,normalization-needed,"4-bit palettization wrapper (fp16 LUT 64 or 256 groups x 16 centroids, uint4 indices) over weight.bin blob data: decompress to dense fp16 at weight-prep and emit as const BLOBFILE; no H13 encoder consumes palettized data"
2412,linear,normalization-needed,"weight producer is constexpr_lut_to_dense (constexpr_lut_to_dense), so constantValue(weight) is false and the linear handler rejects with h13.linear-nonconstant-weight; host LUT decompression (fp16 LUT [G,1,16,1] + uint4 indices -> dense fp16 [N,K]) re-emitted as a const with BLOBFILE payload unb..."
2413,const,direct-const,constant data; filtered before the program stream (ANEH13Compiler.mm:1391-1393)
2414,mul,direct,"inline fp16 scalar mul fold (splat constant, 64-element slices)"
2415,add,direct,"h13-source-qualified two-runtime same-shape binary, 64-element slices (rung 01-add-legacy proven path)"
2416,const,direct-const,constant data; filtered before the program stream (ANEH13Compiler.mm:1391-1393)
2417,const,direct-const,constant data; filtered before the program stream (ANEH13Compiler.mm:1391-1393)
2418,const,direct-const,constant data; filtered before the program stream (ANEH13Compiler.mm:1391-1393)
2419,layer_norm,missing,"normParityPlan hard-rejects affine layer_norm: requires args==3, fp32 epsilon==1e-5, NO gamma/beta ('Apple's compiler in this harness rejects every affine form', ANEH13Compiler.mm:751-792); all 120 here carry gamma+beta with epsilon as an fp16 const; additionally the affine-less core surface (1,3..."
2420,const,direct-const,constant data; filtered before the program stream (ANEH13Compiler.mm:1391-1393)
2421,const,direct-const,constant data; filtered before the program stream (ANEH13Compiler.mm:1391-1393)
2422,const,direct-const,constant data; filtered before the program stream (ANEH13Compiler.mm:1391-1393)
2423,layer_norm,missing,"normParityPlan hard-rejects affine layer_norm: requires args==3, fp32 epsilon==1e-5, NO gamma/beta ('Apple's compiler in this harness rejects every affine form', ANEH13Compiler.mm:751-792); all 120 here carry gamma+beta with epsilon as an fp16 const; additionally the affine-less core surface (1,3..."
2424,constexpr_lut_to_dense,normalization-needed,"4-bit palettization wrapper (fp16 LUT 64 or 256 groups x 16 centroids, uint4 indices) over weight.bin blob data: decompress to dense fp16 at weight-prep and emit as const BLOBFILE; no H13 encoder consumes palettized data"
2425,linear,normalization-needed,"weight producer is constexpr_lut_to_dense (constexpr_lut_to_dense), so constantValue(weight) is false and the linear handler rejects with h13.linear-nonconstant-weight; host LUT decompression (fp16 LUT [G,1,16,1] + uint4 indices -> dense fp16 [N,K]) re-emitted as a const with BLOBFILE payload unb..."
2426,silu,missing-envelope,"no Silu surface for (1, 375, 4096): kElementwiseTasks carries unary ops only on channel-vector surfaces (C,1,1) C<=4096; unary ops have NO generic fallback (parityPlan-only path)"
2427,constexpr_lut_to_dense,normalization-needed,"4-bit palettization wrapper (fp16 LUT 64 or 256 groups x 16 centroids, uint4 indices) over weight.bin blob data: decompress to dense fp16 at weight-prep and emit as const BLOBFILE; no H13 encoder consumes palettized data"
2428,linear,normalization-needed,"weight producer is constexpr_lut_to_dense (constexpr_lut_to_dense), so constantValue(weight) is false and the linear handler rejects with h13.linear-nonconstant-weight; host LUT decompression (fp16 LUT [G,1,16,1] + uint4 indices -> dense fp16 [N,K]) re-emitted as a const with BLOBFILE payload unb..."
2429,const,direct-const,constant data; filtered before the program stream (ANEH13Compiler.mm:1391-1393)
2430,mul,direct,"inline fp16 scalar mul fold (splat constant, 64-element slices)"
2431,add,direct,"h13-source-qualified two-runtime same-shape binary, 64-element slices (rung 01-add-legacy proven path)"
2432,const,direct-const,constant data; filtered before the program stream (ANEH13Compiler.mm:1391-1393)
2433,const,direct-const,constant data; filtered before the program stream (ANEH13Compiler.mm:1391-1393)
2434,const,direct-const,constant data; filtered before the program stream (ANEH13Compiler.mm:1391-1393)
2435,layer_norm,missing,"normParityPlan hard-rejects affine layer_norm: requires args==3, fp32 epsilon==1e-5, NO gamma/beta ('Apple's compiler in this harness rejects every affine form', ANEH13Compiler.mm:751-792); all 120 here carry gamma+beta with epsilon as an fp16 const; additionally the affine-less core surface (1,3..."
2436,constexpr_lut_to_dense,normalization-needed,"4-bit palettization wrapper (fp16 LUT 64 or 256 groups x 16 centroids, uint4 indices) over weight.bin blob data: decompress to dense fp16 at weight-prep and emit as const BLOBFILE; no H13 encoder consumes palettized data"
2437,linear,normalization-needed,"weight producer is constexpr_lut_to_dense (constexpr_lut_to_dense), so constantValue(weight) is false and the linear handler rejects with h13.linear-nonconstant-weight; host LUT decompression (fp16 LUT [G,1,16,1] + uint4 indices -> dense fp16 [N,K]) re-emitted as a const with BLOBFILE payload unb..."
2438,const,direct-const,constant data; filtered before the program stream (ANEH13Compiler.mm:1391-1393)
2439,reshape,direct-alias,"compile-loop shape alias: metadata only, no program emitted (ANEH13Compiler.mm:1456-1482)"
2440,const,direct-const,constant data; filtered before the program stream (ANEH13Compiler.mm:1391-1393)
2441,constexpr_lut_to_dense,normalization-needed,"4-bit palettization wrapper (fp16 LUT 64 or 256 groups x 16 centroids, uint4 indices) over weight.bin blob data: decompress to dense fp16 at weight-prep and emit as const BLOBFILE; no H13 encoder consumes palettized data"
2442,linear,normalization-needed,"weight producer is constexpr_lut_to_dense (constexpr_lut_to_dense), so constantValue(weight) is false and the linear handler rejects with h13.linear-nonconstant-weight; host LUT decompression (fp16 LUT [G,1,16,1] + uint4 indices -> dense fp16 [N,K]) re-emitted as a const with BLOBFILE payload unb..."
2443,const,direct-const,constant data; filtered before the program stream (ANEH13Compiler.mm:1391-1393)
2444,reshape,direct-alias,"compile-loop shape alias: metadata only, no program emitted (ANEH13Compiler.mm:1456-1482)"
2445,const,direct-const,constant data; filtered before the program stream (ANEH13Compiler.mm:1391-1393)
2446,constexpr_lut_to_dense,normalization-needed,"4-bit palettization wrapper (fp16 LUT 64 or 256 groups x 16 centroids, uint4 indices) over weight.bin blob data: decompress to dense fp16 at weight-prep and emit as const BLOBFILE; no H13 encoder consumes palettized data"
2447,linear,normalization-needed,"weight producer is constexpr_lut_to_dense (constexpr_lut_to_dense), so constantValue(weight) is false and the linear handler rejects with h13.linear-nonconstant-weight; host LUT decompression (fp16 LUT [G,1,16,1] + uint4 indices -> dense fp16 [N,K]) re-emitted as a const with BLOBFILE payload unb..."
2448,const,direct-const,constant data; filtered before the program stream (ANEH13Compiler.mm:1391-1393)
2449,reshape,direct-alias,"compile-loop shape alias: metadata only, no program emitted (ANEH13Compiler.mm:1456-1482)"
2450,const,direct-const,constant data; filtered before the program stream (ANEH13Compiler.mm:1391-1393)
2451,const,direct-const,constant data; filtered before the program stream (ANEH13Compiler.mm:1391-1393)
2452,transpose,missing,no H13 encoder for 'transpose': lowerOperation final reject 'H13 has no source-qualified encoder for' (ANEH13Compiler.mm:1349-1350)
2453,add,direct,whole-tensor constant fold (add/mul/max/min; sub folds as sign-flipped add; real_div folds only for powers of two)
2454,const,direct-const,constant data; filtered before the program stream (ANEH13Compiler.mm:1391-1393)
2455,add,direct,whole-tensor constant fold (add/mul/max/min; sub folds as sign-flipped add; real_div folds only for powers of two)
2456,const,direct-const,constant data; filtered before the program stream (ANEH13Compiler.mm:1391-1393)
2457,const,direct-const,constant data; filtered before the program stream (ANEH13Compiler.mm:1391-1393)
2458,const,direct-const,constant data; filtered before the program stream (ANEH13Compiler.mm:1391-1393)
2459,matmul,normalization-needed,"const-weight matmul 3000x128x749 tx=False ty=False outside parity envelope; falls to the source-qualified chunked matvec path (per-row/512-column slices, physical reduction 256/512, weight must be a const with BLOBFILE payload — this proto stores it inline, so the handoff must re-emit weight.bin ..."
2460,const,direct-const,constant data; filtered before the program stream (ANEH13Compiler.mm:1391-1393)
2461,const,direct-const,constant data; filtered before the program stream (ANEH13Compiler.mm:1391-1393)
2462,const,direct-const,constant data; filtered before the program stream (ANEH13Compiler.mm:1391-1393)
2463,pad,missing,no H13 encoder for 'pad': lowerOperation final reject 'H13 has no source-qualified encoder for' (ANEH13Compiler.mm:1349-1350)
2464,const,direct-const,constant data; filtered before the program stream (ANEH13Compiler.mm:1391-1393)
2465,reshape,direct-alias,"compile-loop shape alias: metadata only, no program emitted (ANEH13Compiler.mm:1456-1482)"
2466,const,direct-const,constant data; filtered before the program stream (ANEH13Compiler.mm:1391-1393)
2467,const,direct-const,constant data; filtered before the program stream (ANEH13Compiler.mm:1391-1393)
2468,const,direct-const,constant data; filtered before the program stream (ANEH13Compiler.mm:1391-1393)
2469,slice_by_index,missing,no H13 encoder for 'slice_by_index': lowerOperation final reject 'H13 has no source-qualified encoder for' (ANEH13Compiler.mm:1349-1350)
2470,const,direct-const,constant data; filtered before the program stream (ANEH13Compiler.mm:1391-1393)
2471,reshape,direct-alias,"compile-loop shape alias: metadata only, no program emitted (ANEH13Compiler.mm:1456-1482)"
2472,const,direct-const,constant data; filtered before the program stream (ANEH13Compiler.mm:1391-1393)
2473,const,direct-const,constant data; filtered before the program stream (ANEH13Compiler.mm:1391-1393)
2474,const,direct-const,constant data; filtered before the program stream (ANEH13Compiler.mm:1391-1393)
2475,slice_by_index,missing,no H13 encoder for 'slice_by_index': lowerOperation final reject 'H13 has no source-qualified encoder for' (ANEH13Compiler.mm:1349-1350)
2476,const,direct-const,constant data; filtered before the program stream (ANEH13Compiler.mm:1391-1393)
2477,mul,direct,"inline fp16 scalar mul fold (splat constant, 64-element slices)"
2478,select,missing,no H13 encoder for 'select': lowerOperation final reject 'H13 has no source-qualified encoder for' (ANEH13Compiler.mm:1349-1350)
2479,mul,direct,"inline fp16 scalar mul fold (splat constant, 64-element slices)"
2480,const,direct-const,constant data; filtered before the program stream (ANEH13Compiler.mm:1391-1393)
2481,const,direct-const,constant data; filtered before the program stream (ANEH13Compiler.mm:1391-1393)
2482,transpose,missing,no H13 encoder for 'transpose': lowerOperation final reject 'H13 has no source-qualified encoder for' (ANEH13Compiler.mm:1349-1350)
2483,matmul,missing-envelope,"runtime-operand matmul rows=3000 red=128 cols=375 tx=False ty=True y=(1, 8, 375, 128): outside kMatmulEnvelopeTasks (rows decoded only for 1 and 16); runtime-weight matmul is parity-path-only — reject h13.matmul-outside-envelope; no chunked fallback exists for runtime operands"
2484,add,direct,"h13-source-qualified two-runtime same-shape binary, 64-element slices (rung 01-add-legacy proven path)"
2485,const,direct-const,constant data; filtered before the program stream (ANEH13Compiler.mm:1391-1393)
2486,softmax,missing-envelope,"softmax template lookup in=(8, 375, 375) out=(8, 375, 375) axis-mask=0x08: absent from kNormTasks (44 decoded softmax programs; largest spatial 256x256); normParityPlan is softmax's only path (no generic fallback)"
2487,const,direct-const,constant data; filtered before the program stream (ANEH13Compiler.mm:1391-1393)
2488,const,direct-const,constant data; filtered before the program stream (ANEH13Compiler.mm:1391-1393)
2489,transpose,missing,no H13 encoder for 'transpose': lowerOperation final reject 'H13 has no source-qualified encoder for' (ANEH13Compiler.mm:1349-1350)
2490,matmul,missing-envelope,"runtime-operand matmul rows=3000 red=375 cols=128 tx=False ty=False y=(1, 8, 375, 128): outside kMatmulEnvelopeTasks (rows decoded only for 1 and 16); runtime-weight matmul is parity-path-only — reject h13.matmul-outside-envelope; no chunked fallback exists for runtime operands"
2491,const,direct-const,constant data; filtered before the program stream (ANEH13Compiler.mm:1391-1393)
2492,const,direct-const,constant data; filtered before the program stream (ANEH13Compiler.mm:1391-1393)
2493,transpose,missing,no H13 encoder for 'transpose': lowerOperation final reject 'H13 has no source-qualified encoder for' (ANEH13Compiler.mm:1349-1350)
2494,reshape,direct-alias,"compile-loop shape alias: metadata only, no program emitted (ANEH13Compiler.mm:1456-1482)"
2495,constexpr_lut_to_dense,normalization-needed,"4-bit palettization wrapper (fp16 LUT 64 or 256 groups x 16 centroids, uint4 indices) over weight.bin blob data: decompress to dense fp16 at weight-prep and emit as const BLOBFILE; no H13 encoder consumes palettized data"
2496,linear,normalization-needed,"weight producer is constexpr_lut_to_dense (constexpr_lut_to_dense), so constantValue(weight) is false and the linear handler rejects with h13.linear-nonconstant-weight; host LUT decompression (fp16 LUT [G,1,16,1] + uint4 indices -> dense fp16 [N,K]) re-emitted as a const with BLOBFILE payload unb..."
2497,add,direct,"h13-source-qualified two-runtime same-shape binary, 64-element slices (rung 01-add-legacy proven path)"
2498,const,direct-const,constant data; filtered before the program stream (ANEH13Compiler.mm:1391-1393)
2499,const,direct-const,constant data; filtered before the program stream (ANEH13Compiler.mm:1391-1393)
2500,const,direct-const,constant data; filtered before the program stream (ANEH13Compiler.mm:1391-1393)
2501,layer_norm,missing,"normParityPlan hard-rejects affine layer_norm: requires args==3, fp32 epsilon==1e-5, NO gamma/beta ('Apple's compiler in this harness rejects every affine form', ANEH13Compiler.mm:751-792); all 120 here carry gamma+beta with epsilon as an fp16 const; additionally the affine-less core surface (1,3..."
2502,const,direct-const,constant data; filtered before the program stream (ANEH13Compiler.mm:1391-1393)
2503,const,direct-const,constant data; filtered before the program stream (ANEH13Compiler.mm:1391-1393)
2504,const,direct-const,constant data; filtered before the program stream (ANEH13Compiler.mm:1391-1393)
2505,const,direct-const,constant data; filtered before the program stream (ANEH13Compiler.mm:1391-1393)
2506,const,direct-const,constant data; filtered before the program stream (ANEH13Compiler.mm:1391-1393)
2507,const,direct-const,constant data; filtered before the program stream (ANEH13Compiler.mm:1391-1393)
2508,const,direct-const,constant data; filtered before the program stream (ANEH13Compiler.mm:1391-1393)
2509,transpose,missing,no H13 encoder for 'transpose': lowerOperation final reject 'H13 has no source-qualified encoder for' (ANEH13Compiler.mm:1349-1350)
2510,conv,missing-envelope,"rank-3 spelling rejected by convSurface (requires rank-4 fp16 NCHW batch=1); rank-4 re-spell would still need surface in kConvTasks: in=(1, 1024, 375) out=(1, 2048, 375) k=? s=1 g=1 pad_type 'valid'"
2511,const,direct-const,constant data; filtered before the program stream (ANEH13Compiler.mm:1391-1393)
2512,const,direct-const,constant data; filtered before the program stream (ANEH13Compiler.mm:1391-1393)
2513,split,missing,no H13 encoder for 'split': lowerOperation final reject 'H13 has no source-qualified encoder for' (ANEH13Compiler.mm:1349-1350)
2514,sigmoid,missing-envelope,"no Sigmoid surface for (1, 1024, 375): kElementwiseTasks carries unary ops only on channel-vector surfaces (C,1,1) C<=4096; unary ops have NO generic fallback (parityPlan-only path)"
2515,mul,direct,"h13-source-qualified two-runtime same-shape binary, 64-element slices (rung 01-add-legacy proven path)"
2516,select,missing,no H13 encoder for 'select': lowerOperation final reject 'H13 has no source-qualified encoder for' (ANEH13Compiler.mm:1349-1350)
2517,const,direct-const,constant data; filtered before the program stream (ANEH13Compiler.mm:1391-1393)
2518,const,direct-const,constant data; filtered before the program stream (ANEH13Compiler.mm:1391-1393)
2519,const,direct-const,constant data; filtered before the program stream (ANEH13Compiler.mm:1391-1393)
2520,const,direct-const,constant data; filtered before the program stream (ANEH13Compiler.mm:1391-1393)
2521,const,direct-const,constant data; filtered before the program stream (ANEH13Compiler.mm:1391-1393)
2522,const,direct-const,constant data; filtered before the program stream (ANEH13Compiler.mm:1391-1393)
2523,const,direct-const,constant data; filtered before the program stream (ANEH13Compiler.mm:1391-1393)
2524,conv,missing-envelope,"rank-3 spelling rejected by convSurface (requires rank-4 fp16 NCHW batch=1); rank-4 re-spell would still need surface in kConvTasks: in=(1, 1024, 375) out=(1, 1024, 375) k=? s=1 g=1024 pad_type 'custom'"
2525,silu,missing-envelope,"no Silu surface for (1, 1024, 375): kElementwiseTasks carries unary ops only on channel-vector surfaces (C,1,1) C<=4096; unary ops have NO generic fallback (parityPlan-only path)"
2526,const,direct-const,constant data; filtered before the program stream (ANEH13Compiler.mm:1391-1393)
2527,const,direct-const,constant data; filtered before the program stream (ANEH13Compiler.mm:1391-1393)
2528,const,direct-const,constant data; filtered before the program stream (ANEH13Compiler.mm:1391-1393)
2529,const,direct-const,constant data; filtered before the program stream (ANEH13Compiler.mm:1391-1393)
2530,const,direct-const,constant data; filtered before the program stream (ANEH13Compiler.mm:1391-1393)
2531,const,direct-const,constant data; filtered before the program stream (ANEH13Compiler.mm:1391-1393)
2532,conv,missing-envelope,"rank-3 spelling rejected by convSurface (requires rank-4 fp16 NCHW batch=1); rank-4 re-spell would still need surface in kConvTasks: in=(1, 1024, 375) out=(1, 1024, 375) k=? s=1 g=1 pad_type 'valid'"
2533,const,direct-const,constant data; filtered before the program stream (ANEH13Compiler.mm:1391-1393)
2534,transpose,missing,no H13 encoder for 'transpose': lowerOperation final reject 'H13 has no source-qualified encoder for' (ANEH13Compiler.mm:1349-1350)
2535,add,direct,"h13-source-qualified two-runtime same-shape binary, 64-element slices (rung 01-add-legacy proven path)"
2536,const,direct-const,constant data; filtered before the program stream (ANEH13Compiler.mm:1391-1393)
2537,const,direct-const,constant data; filtered before the program stream (ANEH13Compiler.mm:1391-1393)
2538,const,direct-const,constant data; filtered before the program stream (ANEH13Compiler.mm:1391-1393)
2539,layer_norm,missing,"normParityPlan hard-rejects affine layer_norm: requires args==3, fp32 epsilon==1e-5, NO gamma/beta ('Apple's compiler in this harness rejects every affine form', ANEH13Compiler.mm:751-792); all 120 here carry gamma+beta with epsilon as an fp16 const; additionally the affine-less core surface (1,3..."
2540,constexpr_lut_to_dense,normalization-needed,"4-bit palettization wrapper (fp16 LUT 64 or 256 groups x 16 centroids, uint4 indices) over weight.bin blob data: decompress to dense fp16 at weight-prep and emit as const BLOBFILE; no H13 encoder consumes palettized data"
2541,linear,normalization-needed,"weight producer is constexpr_lut_to_dense (constexpr_lut_to_dense), so constantValue(weight) is false and the linear handler rejects with h13.linear-nonconstant-weight; host LUT decompression (fp16 LUT [G,1,16,1] + uint4 indices -> dense fp16 [N,K]) re-emitted as a const with BLOBFILE payload unb..."
2542,silu,missing-envelope,"no Silu surface for (1, 375, 4096): kElementwiseTasks carries unary ops only on channel-vector surfaces (C,1,1) C<=4096; unary ops have NO generic fallback (parityPlan-only path)"
2543,constexpr_lut_to_dense,normalization-needed,"4-bit palettization wrapper (fp16 LUT 64 or 256 groups x 16 centroids, uint4 indices) over weight.bin blob data: decompress to dense fp16 at weight-prep and emit as const BLOBFILE; no H13 encoder consumes palettized data"
2544,linear,normalization-needed,"weight producer is constexpr_lut_to_dense (constexpr_lut_to_dense), so constantValue(weight) is false and the linear handler rejects with h13.linear-nonconstant-weight; host LUT decompression (fp16 LUT [G,1,16,1] + uint4 indices -> dense fp16 [N,K]) re-emitted as a const with BLOBFILE payload unb..."
2545,const,direct-const,constant data; filtered before the program stream (ANEH13Compiler.mm:1391-1393)
2546,mul,direct,"inline fp16 scalar mul fold (splat constant, 64-element slices)"
2547,add,direct,"h13-source-qualified two-runtime same-shape binary, 64-element slices (rung 01-add-legacy proven path)"
2548,const,direct-const,constant data; filtered before the program stream (ANEH13Compiler.mm:1391-1393)
2549,const,direct-const,constant data; filtered before the program stream (ANEH13Compiler.mm:1391-1393)
2550,const,direct-const,constant data; filtered before the program stream (ANEH13Compiler.mm:1391-1393)
2551,layer_norm,missing,"normParityPlan hard-rejects affine layer_norm: requires args==3, fp32 epsilon==1e-5, NO gamma/beta ('Apple's compiler in this harness rejects every affine form', ANEH13Compiler.mm:751-792); all 120 here carry gamma+beta with epsilon as an fp16 const; additionally the affine-less core surface (1,3..."
2552,const,direct-const,constant data; filtered before the program stream (ANEH13Compiler.mm:1391-1393)
2553,const,direct-const,constant data; filtered before the program stream (ANEH13Compiler.mm:1391-1393)
2554,const,direct-const,constant data; filtered before the program stream (ANEH13Compiler.mm:1391-1393)
2555,layer_norm,missing,"normParityPlan hard-rejects affine layer_norm: requires args==3, fp32 epsilon==1e-5, NO gamma/beta ('Apple's compiler in this harness rejects every affine form', ANEH13Compiler.mm:751-792); all 120 here carry gamma+beta with epsilon as an fp16 const; additionally the affine-less core surface (1,3..."
2556,constexpr_lut_to_dense,normalization-needed,"4-bit palettization wrapper (fp16 LUT 64 or 256 groups x 16 centroids, uint4 indices) over weight.bin blob data: decompress to dense fp16 at weight-prep and emit as const BLOBFILE; no H13 encoder consumes palettized data"
2557,linear,normalization-needed,"weight producer is constexpr_lut_to_dense (constexpr_lut_to_dense), so constantValue(weight) is false and the linear handler rejects with h13.linear-nonconstant-weight; host LUT decompression (fp16 LUT [G,1,16,1] + uint4 indices -> dense fp16 [N,K]) re-emitted as a const with BLOBFILE payload unb..."
2558,silu,missing-envelope,"no Silu surface for (1, 375, 4096): kElementwiseTasks carries unary ops only on channel-vector surfaces (C,1,1) C<=4096; unary ops have NO generic fallback (parityPlan-only path)"
2559,constexpr_lut_to_dense,normalization-needed,"4-bit palettization wrapper (fp16 LUT 64 or 256 groups x 16 centroids, uint4 indices) over weight.bin blob data: decompress to dense fp16 at weight-prep and emit as const BLOBFILE; no H13 encoder consumes palettized data"
2560,linear,normalization-needed,"weight producer is constexpr_lut_to_dense (constexpr_lut_to_dense), so constantValue(weight) is false and the linear handler rejects with h13.linear-nonconstant-weight; host LUT decompression (fp16 LUT [G,1,16,1] + uint4 indices -> dense fp16 [N,K]) re-emitted as a const with BLOBFILE payload unb..."
2561,const,direct-const,constant data; filtered before the program stream (ANEH13Compiler.mm:1391-1393)
2562,mul,direct,"inline fp16 scalar mul fold (splat constant, 64-element slices)"
2563,add,direct,"h13-source-qualified two-runtime same-shape binary, 64-element slices (rung 01-add-legacy proven path)"
2564,const,direct-const,constant data; filtered before the program stream (ANEH13Compiler.mm:1391-1393)
2565,const,direct-const,constant data; filtered before the program stream (ANEH13Compiler.mm:1391-1393)
2566,const,direct-const,constant data; filtered before the program stream (ANEH13Compiler.mm:1391-1393)
2567,layer_norm,missing,"normParityPlan hard-rejects affine layer_norm: requires args==3, fp32 epsilon==1e-5, NO gamma/beta ('Apple's compiler in this harness rejects every affine form', ANEH13Compiler.mm:751-792); all 120 here carry gamma+beta with epsilon as an fp16 const; additionally the affine-less core surface (1,3..."
2568,constexpr_lut_to_dense,normalization-needed,"4-bit palettization wrapper (fp16 LUT 64 or 256 groups x 16 centroids, uint4 indices) over weight.bin blob data: decompress to dense fp16 at weight-prep and emit as const BLOBFILE; no H13 encoder consumes palettized data"
2569,linear,normalization-needed,"weight producer is constexpr_lut_to_dense (constexpr_lut_to_dense), so constantValue(weight) is false and the linear handler rejects with h13.linear-nonconstant-weight; host LUT decompression (fp16 LUT [G,1,16,1] + uint4 indices -> dense fp16 [N,K]) re-emitted as a const with BLOBFILE payload unb..."
2570,const,direct-const,constant data; filtered before the program stream (ANEH13Compiler.mm:1391-1393)
2571,reshape,direct-alias,"compile-loop shape alias: metadata only, no program emitted (ANEH13Compiler.mm:1456-1482)"
2572,const,direct-const,constant data; filtered before the program stream (ANEH13Compiler.mm:1391-1393)
2573,constexpr_lut_to_dense,normalization-needed,"4-bit palettization wrapper (fp16 LUT 64 or 256 groups x 16 centroids, uint4 indices) over weight.bin blob data: decompress to dense fp16 at weight-prep and emit as const BLOBFILE; no H13 encoder consumes palettized data"
2574,linear,normalization-needed,"weight producer is constexpr_lut_to_dense (constexpr_lut_to_dense), so constantValue(weight) is false and the linear handler rejects with h13.linear-nonconstant-weight; host LUT decompression (fp16 LUT [G,1,16,1] + uint4 indices -> dense fp16 [N,K]) re-emitted as a const with BLOBFILE payload unb..."
2575,const,direct-const,constant data; filtered before the program stream (ANEH13Compiler.mm:1391-1393)
2576,reshape,direct-alias,"compile-loop shape alias: metadata only, no program emitted (ANEH13Compiler.mm:1456-1482)"
2577,const,direct-const,constant data; filtered before the program stream (ANEH13Compiler.mm:1391-1393)
2578,constexpr_lut_to_dense,normalization-needed,"4-bit palettization wrapper (fp16 LUT 64 or 256 groups x 16 centroids, uint4 indices) over weight.bin blob data: decompress to dense fp16 at weight-prep and emit as const BLOBFILE; no H13 encoder consumes palettized data"
2579,linear,normalization-needed,"weight producer is constexpr_lut_to_dense (constexpr_lut_to_dense), so constantValue(weight) is false and the linear handler rejects with h13.linear-nonconstant-weight; host LUT decompression (fp16 LUT [G,1,16,1] + uint4 indices -> dense fp16 [N,K]) re-emitted as a const with BLOBFILE payload unb..."
2580,const,direct-const,constant data; filtered before the program stream (ANEH13Compiler.mm:1391-1393)
2581,reshape,direct-alias,"compile-loop shape alias: metadata only, no program emitted (ANEH13Compiler.mm:1456-1482)"
2582,const,direct-const,constant data; filtered before the program stream (ANEH13Compiler.mm:1391-1393)
2583,const,direct-const,constant data; filtered before the program stream (ANEH13Compiler.mm:1391-1393)
2584,transpose,missing,no H13 encoder for 'transpose': lowerOperation final reject 'H13 has no source-qualified encoder for' (ANEH13Compiler.mm:1349-1350)
2585,add,direct,whole-tensor constant fold (add/mul/max/min; sub folds as sign-flipped add; real_div folds only for powers of two)
2586,const,direct-const,constant data; filtered before the program stream (ANEH13Compiler.mm:1391-1393)
2587,add,direct,whole-tensor constant fold (add/mul/max/min; sub folds as sign-flipped add; real_div folds only for powers of two)
2588,const,direct-const,constant data; filtered before the program stream (ANEH13Compiler.mm:1391-1393)
2589,const,direct-const,constant data; filtered before the program stream (ANEH13Compiler.mm:1391-1393)
2590,const,direct-const,constant data; filtered before the program stream (ANEH13Compiler.mm:1391-1393)
2591,matmul,normalization-needed,"const-weight matmul 3000x128x749 tx=False ty=False outside parity envelope; falls to the source-qualified chunked matvec path (per-row/512-column slices, physical reduction 256/512, weight must be a const with BLOBFILE payload — this proto stores it inline, so the handoff must re-emit weight.bin ..."
2592,const,direct-const,constant data; filtered before the program stream (ANEH13Compiler.mm:1391-1393)
2593,const,direct-const,constant data; filtered before the program stream (ANEH13Compiler.mm:1391-1393)
2594,const,direct-const,constant data; filtered before the program stream (ANEH13Compiler.mm:1391-1393)
2595,pad,missing,no H13 encoder for 'pad': lowerOperation final reject 'H13 has no source-qualified encoder for' (ANEH13Compiler.mm:1349-1350)
2596,const,direct-const,constant data; filtered before the program stream (ANEH13Compiler.mm:1391-1393)
2597,reshape,direct-alias,"compile-loop shape alias: metadata only, no program emitted (ANEH13Compiler.mm:1456-1482)"
2598,const,direct-const,constant data; filtered before the program stream (ANEH13Compiler.mm:1391-1393)
2599,const,direct-const,constant data; filtered before the program stream (ANEH13Compiler.mm:1391-1393)
2600,const,direct-const,constant data; filtered before the program stream (ANEH13Compiler.mm:1391-1393)
2601,slice_by_index,missing,no H13 encoder for 'slice_by_index': lowerOperation final reject 'H13 has no source-qualified encoder for' (ANEH13Compiler.mm:1349-1350)
2602,const,direct-const,constant data; filtered before the program stream (ANEH13Compiler.mm:1391-1393)
2603,reshape,direct-alias,"compile-loop shape alias: metadata only, no program emitted (ANEH13Compiler.mm:1456-1482)"
2604,const,direct-const,constant data; filtered before the program stream (ANEH13Compiler.mm:1391-1393)
2605,const,direct-const,constant data; filtered before the program stream (ANEH13Compiler.mm:1391-1393)
2606,const,direct-const,constant data; filtered before the program stream (ANEH13Compiler.mm:1391-1393)
2607,slice_by_index,missing,no H13 encoder for 'slice_by_index': lowerOperation final reject 'H13 has no source-qualified encoder for' (ANEH13Compiler.mm:1349-1350)
2608,const,direct-const,constant data; filtered before the program stream (ANEH13Compiler.mm:1391-1393)
2609,mul,direct,"inline fp16 scalar mul fold (splat constant, 64-element slices)"
2610,select,missing,no H13 encoder for 'select': lowerOperation final reject 'H13 has no source-qualified encoder for' (ANEH13Compiler.mm:1349-1350)
2611,mul,direct,"inline fp16 scalar mul fold (splat constant, 64-element slices)"
2612,const,direct-const,constant data; filtered before the program stream (ANEH13Compiler.mm:1391-1393)
2613,const,direct-const,constant data; filtered before the program stream (ANEH13Compiler.mm:1391-1393)
2614,transpose,missing,no H13 encoder for 'transpose': lowerOperation final reject 'H13 has no source-qualified encoder for' (ANEH13Compiler.mm:1349-1350)
2615,matmul,missing-envelope,"runtime-operand matmul rows=3000 red=128 cols=375 tx=False ty=True y=(1, 8, 375, 128): outside kMatmulEnvelopeTasks (rows decoded only for 1 and 16); runtime-weight matmul is parity-path-only — reject h13.matmul-outside-envelope; no chunked fallback exists for runtime operands"
2616,add,direct,"h13-source-qualified two-runtime same-shape binary, 64-element slices (rung 01-add-legacy proven path)"
2617,const,direct-const,constant data; filtered before the program stream (ANEH13Compiler.mm:1391-1393)
2618,softmax,missing-envelope,"softmax template lookup in=(8, 375, 375) out=(8, 375, 375) axis-mask=0x08: absent from kNormTasks (44 decoded softmax programs; largest spatial 256x256); normParityPlan is softmax's only path (no generic fallback)"
2619,const,direct-const,constant data; filtered before the program stream (ANEH13Compiler.mm:1391-1393)
2620,const,direct-const,constant data; filtered before the program stream (ANEH13Compiler.mm:1391-1393)
2621,transpose,missing,no H13 encoder for 'transpose': lowerOperation final reject 'H13 has no source-qualified encoder for' (ANEH13Compiler.mm:1349-1350)
2622,matmul,missing-envelope,"runtime-operand matmul rows=3000 red=375 cols=128 tx=False ty=False y=(1, 8, 375, 128): outside kMatmulEnvelopeTasks (rows decoded only for 1 and 16); runtime-weight matmul is parity-path-only — reject h13.matmul-outside-envelope; no chunked fallback exists for runtime operands"
2623,const,direct-const,constant data; filtered before the program stream (ANEH13Compiler.mm:1391-1393)
2624,const,direct-const,constant data; filtered before the program stream (ANEH13Compiler.mm:1391-1393)
2625,transpose,missing,no H13 encoder for 'transpose': lowerOperation final reject 'H13 has no source-qualified encoder for' (ANEH13Compiler.mm:1349-1350)
2626,reshape,direct-alias,"compile-loop shape alias: metadata only, no program emitted (ANEH13Compiler.mm:1456-1482)"
2627,constexpr_lut_to_dense,normalization-needed,"4-bit palettization wrapper (fp16 LUT 64 or 256 groups x 16 centroids, uint4 indices) over weight.bin blob data: decompress to dense fp16 at weight-prep and emit as const BLOBFILE; no H13 encoder consumes palettized data"
2628,linear,normalization-needed,"weight producer is constexpr_lut_to_dense (constexpr_lut_to_dense), so constantValue(weight) is false and the linear handler rejects with h13.linear-nonconstant-weight; host LUT decompression (fp16 LUT [G,1,16,1] + uint4 indices -> dense fp16 [N,K]) re-emitted as a const with BLOBFILE payload unb..."
2629,add,direct,"h13-source-qualified two-runtime same-shape binary, 64-element slices (rung 01-add-legacy proven path)"
2630,const,direct-const,constant data; filtered before the program stream (ANEH13Compiler.mm:1391-1393)
2631,const,direct-const,constant data; filtered before the program stream (ANEH13Compiler.mm:1391-1393)
2632,const,direct-const,constant data; filtered before the program stream (ANEH13Compiler.mm:1391-1393)
2633,layer_norm,missing,"normParityPlan hard-rejects affine layer_norm: requires args==3, fp32 epsilon==1e-5, NO gamma/beta ('Apple's compiler in this harness rejects every affine form', ANEH13Compiler.mm:751-792); all 120 here carry gamma+beta with epsilon as an fp16 const; additionally the affine-less core surface (1,3..."
2634,const,direct-const,constant data; filtered before the program stream (ANEH13Compiler.mm:1391-1393)
2635,const,direct-const,constant data; filtered before the program stream (ANEH13Compiler.mm:1391-1393)
2636,const,direct-const,constant data; filtered before the program stream (ANEH13Compiler.mm:1391-1393)
2637,const,direct-const,constant data; filtered before the program stream (ANEH13Compiler.mm:1391-1393)
2638,const,direct-const,constant data; filtered before the program stream (ANEH13Compiler.mm:1391-1393)
2639,const,direct-const,constant data; filtered before the program stream (ANEH13Compiler.mm:1391-1393)
2640,const,direct-const,constant data; filtered before the program stream (ANEH13Compiler.mm:1391-1393)
2641,transpose,missing,no H13 encoder for 'transpose': lowerOperation final reject 'H13 has no source-qualified encoder for' (ANEH13Compiler.mm:1349-1350)
2642,conv,missing-envelope,"rank-3 spelling rejected by convSurface (requires rank-4 fp16 NCHW batch=1); rank-4 re-spell would still need surface in kConvTasks: in=(1, 1024, 375) out=(1, 2048, 375) k=? s=1 g=1 pad_type 'valid'"
2643,const,direct-const,constant data; filtered before the program stream (ANEH13Compiler.mm:1391-1393)
2644,const,direct-const,constant data; filtered before the program stream (ANEH13Compiler.mm:1391-1393)
2645,split,missing,no H13 encoder for 'split': lowerOperation final reject 'H13 has no source-qualified encoder for' (ANEH13Compiler.mm:1349-1350)
2646,sigmoid,missing-envelope,"no Sigmoid surface for (1, 1024, 375): kElementwiseTasks carries unary ops only on channel-vector surfaces (C,1,1) C<=4096; unary ops have NO generic fallback (parityPlan-only path)"
2647,mul,direct,"h13-source-qualified two-runtime same-shape binary, 64-element slices (rung 01-add-legacy proven path)"
2648,select,missing,no H13 encoder for 'select': lowerOperation final reject 'H13 has no source-qualified encoder for' (ANEH13Compiler.mm:1349-1350)
2649,const,direct-const,constant data; filtered before the program stream (ANEH13Compiler.mm:1391-1393)
2650,const,direct-const,constant data; filtered before the program stream (ANEH13Compiler.mm:1391-1393)
2651,const,direct-const,constant data; filtered before the program stream (ANEH13Compiler.mm:1391-1393)
2652,const,direct-const,constant data; filtered before the program stream (ANEH13Compiler.mm:1391-1393)
2653,const,direct-const,constant data; filtered before the program stream (ANEH13Compiler.mm:1391-1393)
2654,const,direct-const,constant data; filtered before the program stream (ANEH13Compiler.mm:1391-1393)
2655,const,direct-const,constant data; filtered before the program stream (ANEH13Compiler.mm:1391-1393)
2656,conv,missing-envelope,"rank-3 spelling rejected by convSurface (requires rank-4 fp16 NCHW batch=1); rank-4 re-spell would still need surface in kConvTasks: in=(1, 1024, 375) out=(1, 1024, 375) k=? s=1 g=1024 pad_type 'custom'"
2657,silu,missing-envelope,"no Silu surface for (1, 1024, 375): kElementwiseTasks carries unary ops only on channel-vector surfaces (C,1,1) C<=4096; unary ops have NO generic fallback (parityPlan-only path)"
2658,const,direct-const,constant data; filtered before the program stream (ANEH13Compiler.mm:1391-1393)
2659,const,direct-const,constant data; filtered before the program stream (ANEH13Compiler.mm:1391-1393)
2660,const,direct-const,constant data; filtered before the program stream (ANEH13Compiler.mm:1391-1393)
2661,const,direct-const,constant data; filtered before the program stream (ANEH13Compiler.mm:1391-1393)
2662,const,direct-const,constant data; filtered before the program stream (ANEH13Compiler.mm:1391-1393)
2663,const,direct-const,constant data; filtered before the program stream (ANEH13Compiler.mm:1391-1393)
2664,conv,missing-envelope,"rank-3 spelling rejected by convSurface (requires rank-4 fp16 NCHW batch=1); rank-4 re-spell would still need surface in kConvTasks: in=(1, 1024, 375) out=(1, 1024, 375) k=? s=1 g=1 pad_type 'valid'"
2665,const,direct-const,constant data; filtered before the program stream (ANEH13Compiler.mm:1391-1393)
2666,transpose,missing,no H13 encoder for 'transpose': lowerOperation final reject 'H13 has no source-qualified encoder for' (ANEH13Compiler.mm:1349-1350)
2667,add,direct,"h13-source-qualified two-runtime same-shape binary, 64-element slices (rung 01-add-legacy proven path)"
2668,const,direct-const,constant data; filtered before the program stream (ANEH13Compiler.mm:1391-1393)
2669,const,direct-const,constant data; filtered before the program stream (ANEH13Compiler.mm:1391-1393)
2670,const,direct-const,constant data; filtered before the program stream (ANEH13Compiler.mm:1391-1393)
2671,layer_norm,missing,"normParityPlan hard-rejects affine layer_norm: requires args==3, fp32 epsilon==1e-5, NO gamma/beta ('Apple's compiler in this harness rejects every affine form', ANEH13Compiler.mm:751-792); all 120 here carry gamma+beta with epsilon as an fp16 const; additionally the affine-less core surface (1,3..."
2672,constexpr_lut_to_dense,normalization-needed,"4-bit palettization wrapper (fp16 LUT 64 or 256 groups x 16 centroids, uint4 indices) over weight.bin blob data: decompress to dense fp16 at weight-prep and emit as const BLOBFILE; no H13 encoder consumes palettized data"
2673,linear,normalization-needed,"weight producer is constexpr_lut_to_dense (constexpr_lut_to_dense), so constantValue(weight) is false and the linear handler rejects with h13.linear-nonconstant-weight; host LUT decompression (fp16 LUT [G,1,16,1] + uint4 indices -> dense fp16 [N,K]) re-emitted as a const with BLOBFILE payload unb..."
2674,silu,missing-envelope,"no Silu surface for (1, 375, 4096): kElementwiseTasks carries unary ops only on channel-vector surfaces (C,1,1) C<=4096; unary ops have NO generic fallback (parityPlan-only path)"
2675,constexpr_lut_to_dense,normalization-needed,"4-bit palettization wrapper (fp16 LUT 64 or 256 groups x 16 centroids, uint4 indices) over weight.bin blob data: decompress to dense fp16 at weight-prep and emit as const BLOBFILE; no H13 encoder consumes palettized data"
2676,linear,normalization-needed,"weight producer is constexpr_lut_to_dense (constexpr_lut_to_dense), so constantValue(weight) is false and the linear handler rejects with h13.linear-nonconstant-weight; host LUT decompression (fp16 LUT [G,1,16,1] + uint4 indices -> dense fp16 [N,K]) re-emitted as a const with BLOBFILE payload unb..."
2677,const,direct-const,constant data; filtered before the program stream (ANEH13Compiler.mm:1391-1393)
2678,mul,direct,"inline fp16 scalar mul fold (splat constant, 64-element slices)"
2679,add,direct,"h13-source-qualified two-runtime same-shape binary, 64-element slices (rung 01-add-legacy proven path)"
2680,const,direct-const,constant data; filtered before the program stream (ANEH13Compiler.mm:1391-1393)
2681,const,direct-const,constant data; filtered before the program stream (ANEH13Compiler.mm:1391-1393)
2682,const,direct-const,constant data; filtered before the program stream (ANEH13Compiler.mm:1391-1393)
2683,layer_norm,missing,"normParityPlan hard-rejects affine layer_norm: requires args==3, fp32 epsilon==1e-5, NO gamma/beta ('Apple's compiler in this harness rejects every affine form', ANEH13Compiler.mm:751-792); all 120 here carry gamma+beta with epsilon as an fp16 const; additionally the affine-less core surface (1,3..."
2684,const,direct-const,constant data; filtered before the program stream (ANEH13Compiler.mm:1391-1393)
2685,const,direct-const,constant data; filtered before the program stream (ANEH13Compiler.mm:1391-1393)
2686,const,direct-const,constant data; filtered before the program stream (ANEH13Compiler.mm:1391-1393)
2687,layer_norm,missing,"normParityPlan hard-rejects affine layer_norm: requires args==3, fp32 epsilon==1e-5, NO gamma/beta ('Apple's compiler in this harness rejects every affine form', ANEH13Compiler.mm:751-792); all 120 here carry gamma+beta with epsilon as an fp16 const; additionally the affine-less core surface (1,3..."
2688,constexpr_lut_to_dense,normalization-needed,"4-bit palettization wrapper (fp16 LUT 64 or 256 groups x 16 centroids, uint4 indices) over weight.bin blob data: decompress to dense fp16 at weight-prep and emit as const BLOBFILE; no H13 encoder consumes palettized data"
2689,linear,normalization-needed,"weight producer is constexpr_lut_to_dense (constexpr_lut_to_dense), so constantValue(weight) is false and the linear handler rejects with h13.linear-nonconstant-weight; host LUT decompression (fp16 LUT [G,1,16,1] + uint4 indices -> dense fp16 [N,K]) re-emitted as a const with BLOBFILE payload unb..."
2690,silu,missing-envelope,"no Silu surface for (1, 375, 4096): kElementwiseTasks carries unary ops only on channel-vector surfaces (C,1,1) C<=4096; unary ops have NO generic fallback (parityPlan-only path)"
2691,constexpr_lut_to_dense,normalization-needed,"4-bit palettization wrapper (fp16 LUT 64 or 256 groups x 16 centroids, uint4 indices) over weight.bin blob data: decompress to dense fp16 at weight-prep and emit as const BLOBFILE; no H13 encoder consumes palettized data"
2692,linear,normalization-needed,"weight producer is constexpr_lut_to_dense (constexpr_lut_to_dense), so constantValue(weight) is false and the linear handler rejects with h13.linear-nonconstant-weight; host LUT decompression (fp16 LUT [G,1,16,1] + uint4 indices -> dense fp16 [N,K]) re-emitted as a const with BLOBFILE payload unb..."
2693,const,direct-const,constant data; filtered before the program stream (ANEH13Compiler.mm:1391-1393)
2694,mul,direct,"inline fp16 scalar mul fold (splat constant, 64-element slices)"
2695,add,direct,"h13-source-qualified two-runtime same-shape binary, 64-element slices (rung 01-add-legacy proven path)"
2696,const,direct-const,constant data; filtered before the program stream (ANEH13Compiler.mm:1391-1393)
2697,const,direct-const,constant data; filtered before the program stream (ANEH13Compiler.mm:1391-1393)
2698,const,direct-const,constant data; filtered before the program stream (ANEH13Compiler.mm:1391-1393)
2699,layer_norm,missing,"normParityPlan hard-rejects affine layer_norm: requires args==3, fp32 epsilon==1e-5, NO gamma/beta ('Apple's compiler in this harness rejects every affine form', ANEH13Compiler.mm:751-792); all 120 here carry gamma+beta with epsilon as an fp16 const; additionally the affine-less core surface (1,3..."
2700,constexpr_lut_to_dense,normalization-needed,"4-bit palettization wrapper (fp16 LUT 64 or 256 groups x 16 centroids, uint4 indices) over weight.bin blob data: decompress to dense fp16 at weight-prep and emit as const BLOBFILE; no H13 encoder consumes palettized data"
2701,linear,normalization-needed,"weight producer is constexpr_lut_to_dense (constexpr_lut_to_dense), so constantValue(weight) is false and the linear handler rejects with h13.linear-nonconstant-weight; host LUT decompression (fp16 LUT [G,1,16,1] + uint4 indices -> dense fp16 [N,K]) re-emitted as a const with BLOBFILE payload unb..."
2702,const,direct-const,constant data; filtered before the program stream (ANEH13Compiler.mm:1391-1393)
2703,reshape,direct-alias,"compile-loop shape alias: metadata only, no program emitted (ANEH13Compiler.mm:1456-1482)"
2704,const,direct-const,constant data; filtered before the program stream (ANEH13Compiler.mm:1391-1393)
2705,constexpr_lut_to_dense,normalization-needed,"4-bit palettization wrapper (fp16 LUT 64 or 256 groups x 16 centroids, uint4 indices) over weight.bin blob data: decompress to dense fp16 at weight-prep and emit as const BLOBFILE; no H13 encoder consumes palettized data"
2706,linear,normalization-needed,"weight producer is constexpr_lut_to_dense (constexpr_lut_to_dense), so constantValue(weight) is false and the linear handler rejects with h13.linear-nonconstant-weight; host LUT decompression (fp16 LUT [G,1,16,1] + uint4 indices -> dense fp16 [N,K]) re-emitted as a const with BLOBFILE payload unb..."
2707,const,direct-const,constant data; filtered before the program stream (ANEH13Compiler.mm:1391-1393)
2708,reshape,direct-alias,"compile-loop shape alias: metadata only, no program emitted (ANEH13Compiler.mm:1456-1482)"
2709,const,direct-const,constant data; filtered before the program stream (ANEH13Compiler.mm:1391-1393)
2710,constexpr_lut_to_dense,normalization-needed,"4-bit palettization wrapper (fp16 LUT 64 or 256 groups x 16 centroids, uint4 indices) over weight.bin blob data: decompress to dense fp16 at weight-prep and emit as const BLOBFILE; no H13 encoder consumes palettized data"
2711,linear,normalization-needed,"weight producer is constexpr_lut_to_dense (constexpr_lut_to_dense), so constantValue(weight) is false and the linear handler rejects with h13.linear-nonconstant-weight; host LUT decompression (fp16 LUT [G,1,16,1] + uint4 indices -> dense fp16 [N,K]) re-emitted as a const with BLOBFILE payload unb..."
2712,const,direct-const,constant data; filtered before the program stream (ANEH13Compiler.mm:1391-1393)
2713,reshape,direct-alias,"compile-loop shape alias: metadata only, no program emitted (ANEH13Compiler.mm:1456-1482)"
2714,const,direct-const,constant data; filtered before the program stream (ANEH13Compiler.mm:1391-1393)
2715,const,direct-const,constant data; filtered before the program stream (ANEH13Compiler.mm:1391-1393)
2716,transpose,missing,no H13 encoder for 'transpose': lowerOperation final reject 'H13 has no source-qualified encoder for' (ANEH13Compiler.mm:1349-1350)
2717,add,direct,whole-tensor constant fold (add/mul/max/min; sub folds as sign-flipped add; real_div folds only for powers of two)
2718,const,direct-const,constant data; filtered before the program stream (ANEH13Compiler.mm:1391-1393)
2719,add,direct,whole-tensor constant fold (add/mul/max/min; sub folds as sign-flipped add; real_div folds only for powers of two)
2720,const,direct-const,constant data; filtered before the program stream (ANEH13Compiler.mm:1391-1393)
2721,const,direct-const,constant data; filtered before the program stream (ANEH13Compiler.mm:1391-1393)
2722,const,direct-const,constant data; filtered before the program stream (ANEH13Compiler.mm:1391-1393)
2723,matmul,normalization-needed,"const-weight matmul 3000x128x749 tx=False ty=False outside parity envelope; falls to the source-qualified chunked matvec path (per-row/512-column slices, physical reduction 256/512, weight must be a const with BLOBFILE payload — this proto stores it inline, so the handoff must re-emit weight.bin ..."
2724,const,direct-const,constant data; filtered before the program stream (ANEH13Compiler.mm:1391-1393)
2725,const,direct-const,constant data; filtered before the program stream (ANEH13Compiler.mm:1391-1393)
2726,const,direct-const,constant data; filtered before the program stream (ANEH13Compiler.mm:1391-1393)
2727,pad,missing,no H13 encoder for 'pad': lowerOperation final reject 'H13 has no source-qualified encoder for' (ANEH13Compiler.mm:1349-1350)
2728,const,direct-const,constant data; filtered before the program stream (ANEH13Compiler.mm:1391-1393)
2729,reshape,direct-alias,"compile-loop shape alias: metadata only, no program emitted (ANEH13Compiler.mm:1456-1482)"
2730,const,direct-const,constant data; filtered before the program stream (ANEH13Compiler.mm:1391-1393)
2731,const,direct-const,constant data; filtered before the program stream (ANEH13Compiler.mm:1391-1393)
2732,const,direct-const,constant data; filtered before the program stream (ANEH13Compiler.mm:1391-1393)
2733,slice_by_index,missing,no H13 encoder for 'slice_by_index': lowerOperation final reject 'H13 has no source-qualified encoder for' (ANEH13Compiler.mm:1349-1350)
2734,const,direct-const,constant data; filtered before the program stream (ANEH13Compiler.mm:1391-1393)
2735,reshape,direct-alias,"compile-loop shape alias: metadata only, no program emitted (ANEH13Compiler.mm:1456-1482)"
2736,const,direct-const,constant data; filtered before the program stream (ANEH13Compiler.mm:1391-1393)
2737,const,direct-const,constant data; filtered before the program stream (ANEH13Compiler.mm:1391-1393)
2738,const,direct-const,constant data; filtered before the program stream (ANEH13Compiler.mm:1391-1393)
2739,slice_by_index,missing,no H13 encoder for 'slice_by_index': lowerOperation final reject 'H13 has no source-qualified encoder for' (ANEH13Compiler.mm:1349-1350)
2740,const,direct-const,constant data; filtered before the program stream (ANEH13Compiler.mm:1391-1393)
2741,mul,direct,"inline fp16 scalar mul fold (splat constant, 64-element slices)"
2742,select,missing,no H13 encoder for 'select': lowerOperation final reject 'H13 has no source-qualified encoder for' (ANEH13Compiler.mm:1349-1350)
2743,mul,direct,"inline fp16 scalar mul fold (splat constant, 64-element slices)"
2744,const,direct-const,constant data; filtered before the program stream (ANEH13Compiler.mm:1391-1393)
2745,const,direct-const,constant data; filtered before the program stream (ANEH13Compiler.mm:1391-1393)
2746,transpose,missing,no H13 encoder for 'transpose': lowerOperation final reject 'H13 has no source-qualified encoder for' (ANEH13Compiler.mm:1349-1350)
2747,matmul,missing-envelope,"runtime-operand matmul rows=3000 red=128 cols=375 tx=False ty=True y=(1, 8, 375, 128): outside kMatmulEnvelopeTasks (rows decoded only for 1 and 16); runtime-weight matmul is parity-path-only — reject h13.matmul-outside-envelope; no chunked fallback exists for runtime operands"
2748,add,direct,"h13-source-qualified two-runtime same-shape binary, 64-element slices (rung 01-add-legacy proven path)"
2749,const,direct-const,constant data; filtered before the program stream (ANEH13Compiler.mm:1391-1393)
2750,softmax,missing-envelope,"softmax template lookup in=(8, 375, 375) out=(8, 375, 375) axis-mask=0x08: absent from kNormTasks (44 decoded softmax programs; largest spatial 256x256); normParityPlan is softmax's only path (no generic fallback)"
2751,const,direct-const,constant data; filtered before the program stream (ANEH13Compiler.mm:1391-1393)
2752,const,direct-const,constant data; filtered before the program stream (ANEH13Compiler.mm:1391-1393)
2753,transpose,missing,no H13 encoder for 'transpose': lowerOperation final reject 'H13 has no source-qualified encoder for' (ANEH13Compiler.mm:1349-1350)
2754,matmul,missing-envelope,"runtime-operand matmul rows=3000 red=375 cols=128 tx=False ty=False y=(1, 8, 375, 128): outside kMatmulEnvelopeTasks (rows decoded only for 1 and 16); runtime-weight matmul is parity-path-only — reject h13.matmul-outside-envelope; no chunked fallback exists for runtime operands"
2755,const,direct-const,constant data; filtered before the program stream (ANEH13Compiler.mm:1391-1393)
2756,const,direct-const,constant data; filtered before the program stream (ANEH13Compiler.mm:1391-1393)
2757,transpose,missing,no H13 encoder for 'transpose': lowerOperation final reject 'H13 has no source-qualified encoder for' (ANEH13Compiler.mm:1349-1350)
2758,reshape,direct-alias,"compile-loop shape alias: metadata only, no program emitted (ANEH13Compiler.mm:1456-1482)"
2759,constexpr_lut_to_dense,normalization-needed,"4-bit palettization wrapper (fp16 LUT 64 or 256 groups x 16 centroids, uint4 indices) over weight.bin blob data: decompress to dense fp16 at weight-prep and emit as const BLOBFILE; no H13 encoder consumes palettized data"
2760,linear,normalization-needed,"weight producer is constexpr_lut_to_dense (constexpr_lut_to_dense), so constantValue(weight) is false and the linear handler rejects with h13.linear-nonconstant-weight; host LUT decompression (fp16 LUT [G,1,16,1] + uint4 indices -> dense fp16 [N,K]) re-emitted as a const with BLOBFILE payload unb..."
2761,add,direct,"h13-source-qualified two-runtime same-shape binary, 64-element slices (rung 01-add-legacy proven path)"
2762,const,direct-const,constant data; filtered before the program stream (ANEH13Compiler.mm:1391-1393)
2763,const,direct-const,constant data; filtered before the program stream (ANEH13Compiler.mm:1391-1393)
2764,const,direct-const,constant data; filtered before the program stream (ANEH13Compiler.mm:1391-1393)
2765,layer_norm,missing,"normParityPlan hard-rejects affine layer_norm: requires args==3, fp32 epsilon==1e-5, NO gamma/beta ('Apple's compiler in this harness rejects every affine form', ANEH13Compiler.mm:751-792); all 120 here carry gamma+beta with epsilon as an fp16 const; additionally the affine-less core surface (1,3..."
2766,const,direct-const,constant data; filtered before the program stream (ANEH13Compiler.mm:1391-1393)
2767,const,direct-const,constant data; filtered before the program stream (ANEH13Compiler.mm:1391-1393)
2768,const,direct-const,constant data; filtered before the program stream (ANEH13Compiler.mm:1391-1393)
2769,const,direct-const,constant data; filtered before the program stream (ANEH13Compiler.mm:1391-1393)
2770,const,direct-const,constant data; filtered before the program stream (ANEH13Compiler.mm:1391-1393)
2771,const,direct-const,constant data; filtered before the program stream (ANEH13Compiler.mm:1391-1393)
2772,const,direct-const,constant data; filtered before the program stream (ANEH13Compiler.mm:1391-1393)
2773,transpose,missing,no H13 encoder for 'transpose': lowerOperation final reject 'H13 has no source-qualified encoder for' (ANEH13Compiler.mm:1349-1350)
2774,conv,missing-envelope,"rank-3 spelling rejected by convSurface (requires rank-4 fp16 NCHW batch=1); rank-4 re-spell would still need surface in kConvTasks: in=(1, 1024, 375) out=(1, 2048, 375) k=? s=1 g=1 pad_type 'valid'"
2775,const,direct-const,constant data; filtered before the program stream (ANEH13Compiler.mm:1391-1393)
2776,const,direct-const,constant data; filtered before the program stream (ANEH13Compiler.mm:1391-1393)
2777,split,missing,no H13 encoder for 'split': lowerOperation final reject 'H13 has no source-qualified encoder for' (ANEH13Compiler.mm:1349-1350)
2778,sigmoid,missing-envelope,"no Sigmoid surface for (1, 1024, 375): kElementwiseTasks carries unary ops only on channel-vector surfaces (C,1,1) C<=4096; unary ops have NO generic fallback (parityPlan-only path)"
2779,mul,direct,"h13-source-qualified two-runtime same-shape binary, 64-element slices (rung 01-add-legacy proven path)"
2780,select,missing,no H13 encoder for 'select': lowerOperation final reject 'H13 has no source-qualified encoder for' (ANEH13Compiler.mm:1349-1350)
2781,const,direct-const,constant data; filtered before the program stream (ANEH13Compiler.mm:1391-1393)
2782,const,direct-const,constant data; filtered before the program stream (ANEH13Compiler.mm:1391-1393)
2783,const,direct-const,constant data; filtered before the program stream (ANEH13Compiler.mm:1391-1393)
2784,const,direct-const,constant data; filtered before the program stream (ANEH13Compiler.mm:1391-1393)
2785,const,direct-const,constant data; filtered before the program stream (ANEH13Compiler.mm:1391-1393)
2786,const,direct-const,constant data; filtered before the program stream (ANEH13Compiler.mm:1391-1393)
2787,const,direct-const,constant data; filtered before the program stream (ANEH13Compiler.mm:1391-1393)
2788,conv,missing-envelope,"rank-3 spelling rejected by convSurface (requires rank-4 fp16 NCHW batch=1); rank-4 re-spell would still need surface in kConvTasks: in=(1, 1024, 375) out=(1, 1024, 375) k=? s=1 g=1024 pad_type 'custom'"
2789,silu,missing-envelope,"no Silu surface for (1, 1024, 375): kElementwiseTasks carries unary ops only on channel-vector surfaces (C,1,1) C<=4096; unary ops have NO generic fallback (parityPlan-only path)"
2790,const,direct-const,constant data; filtered before the program stream (ANEH13Compiler.mm:1391-1393)
2791,const,direct-const,constant data; filtered before the program stream (ANEH13Compiler.mm:1391-1393)
2792,const,direct-const,constant data; filtered before the program stream (ANEH13Compiler.mm:1391-1393)
2793,const,direct-const,constant data; filtered before the program stream (ANEH13Compiler.mm:1391-1393)
2794,const,direct-const,constant data; filtered before the program stream (ANEH13Compiler.mm:1391-1393)
2795,const,direct-const,constant data; filtered before the program stream (ANEH13Compiler.mm:1391-1393)
2796,conv,missing-envelope,"rank-3 spelling rejected by convSurface (requires rank-4 fp16 NCHW batch=1); rank-4 re-spell would still need surface in kConvTasks: in=(1, 1024, 375) out=(1, 1024, 375) k=? s=1 g=1 pad_type 'valid'"
2797,const,direct-const,constant data; filtered before the program stream (ANEH13Compiler.mm:1391-1393)
2798,transpose,missing,no H13 encoder for 'transpose': lowerOperation final reject 'H13 has no source-qualified encoder for' (ANEH13Compiler.mm:1349-1350)
2799,add,direct,"h13-source-qualified two-runtime same-shape binary, 64-element slices (rung 01-add-legacy proven path)"
2800,const,direct-const,constant data; filtered before the program stream (ANEH13Compiler.mm:1391-1393)
2801,const,direct-const,constant data; filtered before the program stream (ANEH13Compiler.mm:1391-1393)
2802,const,direct-const,constant data; filtered before the program stream (ANEH13Compiler.mm:1391-1393)
2803,layer_norm,missing,"normParityPlan hard-rejects affine layer_norm: requires args==3, fp32 epsilon==1e-5, NO gamma/beta ('Apple's compiler in this harness rejects every affine form', ANEH13Compiler.mm:751-792); all 120 here carry gamma+beta with epsilon as an fp16 const; additionally the affine-less core surface (1,3..."
2804,constexpr_lut_to_dense,normalization-needed,"4-bit palettization wrapper (fp16 LUT 64 or 256 groups x 16 centroids, uint4 indices) over weight.bin blob data: decompress to dense fp16 at weight-prep and emit as const BLOBFILE; no H13 encoder consumes palettized data"
2805,linear,normalization-needed,"weight producer is constexpr_lut_to_dense (constexpr_lut_to_dense), so constantValue(weight) is false and the linear handler rejects with h13.linear-nonconstant-weight; host LUT decompression (fp16 LUT [G,1,16,1] + uint4 indices -> dense fp16 [N,K]) re-emitted as a const with BLOBFILE payload unb..."
2806,silu,missing-envelope,"no Silu surface for (1, 375, 4096): kElementwiseTasks carries unary ops only on channel-vector surfaces (C,1,1) C<=4096; unary ops have NO generic fallback (parityPlan-only path)"
2807,constexpr_lut_to_dense,normalization-needed,"4-bit palettization wrapper (fp16 LUT 64 or 256 groups x 16 centroids, uint4 indices) over weight.bin blob data: decompress to dense fp16 at weight-prep and emit as const BLOBFILE; no H13 encoder consumes palettized data"
2808,linear,normalization-needed,"weight producer is constexpr_lut_to_dense (constexpr_lut_to_dense), so constantValue(weight) is false and the linear handler rejects with h13.linear-nonconstant-weight; host LUT decompression (fp16 LUT [G,1,16,1] + uint4 indices -> dense fp16 [N,K]) re-emitted as a const with BLOBFILE payload unb..."
2809,const,direct-const,constant data; filtered before the program stream (ANEH13Compiler.mm:1391-1393)
2810,mul,direct,"inline fp16 scalar mul fold (splat constant, 64-element slices)"
2811,add,direct,"h13-source-qualified two-runtime same-shape binary, 64-element slices (rung 01-add-legacy proven path)"
2812,const,direct-const,constant data; filtered before the program stream (ANEH13Compiler.mm:1391-1393)
2813,const,direct-const,constant data; filtered before the program stream (ANEH13Compiler.mm:1391-1393)
2814,const,direct-const,constant data; filtered before the program stream (ANEH13Compiler.mm:1391-1393)
2815,layer_norm,missing,"normParityPlan hard-rejects affine layer_norm: requires args==3, fp32 epsilon==1e-5, NO gamma/beta ('Apple's compiler in this harness rejects every affine form', ANEH13Compiler.mm:751-792); all 120 here carry gamma+beta with epsilon as an fp16 const; additionally the affine-less core surface (1,3..."
2816,const,direct-const,constant data; filtered before the program stream (ANEH13Compiler.mm:1391-1393)
2817,const,direct-const,constant data; filtered before the program stream (ANEH13Compiler.mm:1391-1393)
2818,const,direct-const,constant data; filtered before the program stream (ANEH13Compiler.mm:1391-1393)
2819,layer_norm,missing,"normParityPlan hard-rejects affine layer_norm: requires args==3, fp32 epsilon==1e-5, NO gamma/beta ('Apple's compiler in this harness rejects every affine form', ANEH13Compiler.mm:751-792); all 120 here carry gamma+beta with epsilon as an fp16 const; additionally the affine-less core surface (1,3..."
2820,constexpr_lut_to_dense,normalization-needed,"4-bit palettization wrapper (fp16 LUT 64 or 256 groups x 16 centroids, uint4 indices) over weight.bin blob data: decompress to dense fp16 at weight-prep and emit as const BLOBFILE; no H13 encoder consumes palettized data"
2821,linear,normalization-needed,"weight producer is constexpr_lut_to_dense (constexpr_lut_to_dense), so constantValue(weight) is false and the linear handler rejects with h13.linear-nonconstant-weight; host LUT decompression (fp16 LUT [G,1,16,1] + uint4 indices -> dense fp16 [N,K]) re-emitted as a const with BLOBFILE payload unb..."
2822,silu,missing-envelope,"no Silu surface for (1, 375, 4096): kElementwiseTasks carries unary ops only on channel-vector surfaces (C,1,1) C<=4096; unary ops have NO generic fallback (parityPlan-only path)"
2823,constexpr_lut_to_dense,normalization-needed,"4-bit palettization wrapper (fp16 LUT 64 or 256 groups x 16 centroids, uint4 indices) over weight.bin blob data: decompress to dense fp16 at weight-prep and emit as const BLOBFILE; no H13 encoder consumes palettized data"
2824,linear,normalization-needed,"weight producer is constexpr_lut_to_dense (constexpr_lut_to_dense), so constantValue(weight) is false and the linear handler rejects with h13.linear-nonconstant-weight; host LUT decompression (fp16 LUT [G,1,16,1] + uint4 indices -> dense fp16 [N,K]) re-emitted as a const with BLOBFILE payload unb..."
2825,const,direct-const,constant data; filtered before the program stream (ANEH13Compiler.mm:1391-1393)
2826,mul,direct,"inline fp16 scalar mul fold (splat constant, 64-element slices)"
2827,add,direct,"h13-source-qualified two-runtime same-shape binary, 64-element slices (rung 01-add-legacy proven path)"
2828,const,direct-const,constant data; filtered before the program stream (ANEH13Compiler.mm:1391-1393)
2829,const,direct-const,constant data; filtered before the program stream (ANEH13Compiler.mm:1391-1393)
2830,const,direct-const,constant data; filtered before the program stream (ANEH13Compiler.mm:1391-1393)
2831,layer_norm,missing,"normParityPlan hard-rejects affine layer_norm: requires args==3, fp32 epsilon==1e-5, NO gamma/beta ('Apple's compiler in this harness rejects every affine form', ANEH13Compiler.mm:751-792); all 120 here carry gamma+beta with epsilon as an fp16 const; additionally the affine-less core surface (1,3..."
2832,constexpr_lut_to_dense,normalization-needed,"4-bit palettization wrapper (fp16 LUT 64 or 256 groups x 16 centroids, uint4 indices) over weight.bin blob data: decompress to dense fp16 at weight-prep and emit as const BLOBFILE; no H13 encoder consumes palettized data"
2833,linear,normalization-needed,"weight producer is constexpr_lut_to_dense (constexpr_lut_to_dense), so constantValue(weight) is false and the linear handler rejects with h13.linear-nonconstant-weight; host LUT decompression (fp16 LUT [G,1,16,1] + uint4 indices -> dense fp16 [N,K]) re-emitted as a const with BLOBFILE payload unb..."
2834,const,direct-const,constant data; filtered before the program stream (ANEH13Compiler.mm:1391-1393)
2835,reshape,direct-alias,"compile-loop shape alias: metadata only, no program emitted (ANEH13Compiler.mm:1456-1482)"
2836,const,direct-const,constant data; filtered before the program stream (ANEH13Compiler.mm:1391-1393)
2837,constexpr_lut_to_dense,normalization-needed,"4-bit palettization wrapper (fp16 LUT 64 or 256 groups x 16 centroids, uint4 indices) over weight.bin blob data: decompress to dense fp16 at weight-prep and emit as const BLOBFILE; no H13 encoder consumes palettized data"
2838,linear,normalization-needed,"weight producer is constexpr_lut_to_dense (constexpr_lut_to_dense), so constantValue(weight) is false and the linear handler rejects with h13.linear-nonconstant-weight; host LUT decompression (fp16 LUT [G,1,16,1] + uint4 indices -> dense fp16 [N,K]) re-emitted as a const with BLOBFILE payload unb..."
2839,const,direct-const,constant data; filtered before the program stream (ANEH13Compiler.mm:1391-1393)
2840,reshape,direct-alias,"compile-loop shape alias: metadata only, no program emitted (ANEH13Compiler.mm:1456-1482)"
2841,const,direct-const,constant data; filtered before the program stream (ANEH13Compiler.mm:1391-1393)
2842,constexpr_lut_to_dense,normalization-needed,"4-bit palettization wrapper (fp16 LUT 64 or 256 groups x 16 centroids, uint4 indices) over weight.bin blob data: decompress to dense fp16 at weight-prep and emit as const BLOBFILE; no H13 encoder consumes palettized data"
2843,linear,normalization-needed,"weight producer is constexpr_lut_to_dense (constexpr_lut_to_dense), so constantValue(weight) is false and the linear handler rejects with h13.linear-nonconstant-weight; host LUT decompression (fp16 LUT [G,1,16,1] + uint4 indices -> dense fp16 [N,K]) re-emitted as a const with BLOBFILE payload unb..."
2844,const,direct-const,constant data; filtered before the program stream (ANEH13Compiler.mm:1391-1393)
2845,reshape,direct-alias,"compile-loop shape alias: metadata only, no program emitted (ANEH13Compiler.mm:1456-1482)"
2846,const,direct-const,constant data; filtered before the program stream (ANEH13Compiler.mm:1391-1393)
2847,const,direct-const,constant data; filtered before the program stream (ANEH13Compiler.mm:1391-1393)
2848,transpose,missing,no H13 encoder for 'transpose': lowerOperation final reject 'H13 has no source-qualified encoder for' (ANEH13Compiler.mm:1349-1350)
2849,add,direct,whole-tensor constant fold (add/mul/max/min; sub folds as sign-flipped add; real_div folds only for powers of two)
2850,const,direct-const,constant data; filtered before the program stream (ANEH13Compiler.mm:1391-1393)
2851,add,direct,whole-tensor constant fold (add/mul/max/min; sub folds as sign-flipped add; real_div folds only for powers of two)
2852,const,direct-const,constant data; filtered before the program stream (ANEH13Compiler.mm:1391-1393)
2853,const,direct-const,constant data; filtered before the program stream (ANEH13Compiler.mm:1391-1393)
2854,const,direct-const,constant data; filtered before the program stream (ANEH13Compiler.mm:1391-1393)
2855,matmul,normalization-needed,"const-weight matmul 3000x128x749 tx=False ty=False outside parity envelope; falls to the source-qualified chunked matvec path (per-row/512-column slices, physical reduction 256/512, weight must be a const with BLOBFILE payload — this proto stores it inline, so the handoff must re-emit weight.bin ..."
2856,const,direct-const,constant data; filtered before the program stream (ANEH13Compiler.mm:1391-1393)
2857,const,direct-const,constant data; filtered before the program stream (ANEH13Compiler.mm:1391-1393)
2858,const,direct-const,constant data; filtered before the program stream (ANEH13Compiler.mm:1391-1393)
2859,pad,missing,no H13 encoder for 'pad': lowerOperation final reject 'H13 has no source-qualified encoder for' (ANEH13Compiler.mm:1349-1350)
2860,const,direct-const,constant data; filtered before the program stream (ANEH13Compiler.mm:1391-1393)
2861,reshape,direct-alias,"compile-loop shape alias: metadata only, no program emitted (ANEH13Compiler.mm:1456-1482)"
2862,const,direct-const,constant data; filtered before the program stream (ANEH13Compiler.mm:1391-1393)
2863,const,direct-const,constant data; filtered before the program stream (ANEH13Compiler.mm:1391-1393)
2864,const,direct-const,constant data; filtered before the program stream (ANEH13Compiler.mm:1391-1393)
2865,slice_by_index,missing,no H13 encoder for 'slice_by_index': lowerOperation final reject 'H13 has no source-qualified encoder for' (ANEH13Compiler.mm:1349-1350)
2866,const,direct-const,constant data; filtered before the program stream (ANEH13Compiler.mm:1391-1393)
2867,reshape,direct-alias,"compile-loop shape alias: metadata only, no program emitted (ANEH13Compiler.mm:1456-1482)"
2868,const,direct-const,constant data; filtered before the program stream (ANEH13Compiler.mm:1391-1393)
2869,const,direct-const,constant data; filtered before the program stream (ANEH13Compiler.mm:1391-1393)
2870,const,direct-const,constant data; filtered before the program stream (ANEH13Compiler.mm:1391-1393)
2871,slice_by_index,missing,no H13 encoder for 'slice_by_index': lowerOperation final reject 'H13 has no source-qualified encoder for' (ANEH13Compiler.mm:1349-1350)
2872,const,direct-const,constant data; filtered before the program stream (ANEH13Compiler.mm:1391-1393)
2873,mul,direct,"inline fp16 scalar mul fold (splat constant, 64-element slices)"
2874,select,missing,no H13 encoder for 'select': lowerOperation final reject 'H13 has no source-qualified encoder for' (ANEH13Compiler.mm:1349-1350)
2875,mul,direct,"inline fp16 scalar mul fold (splat constant, 64-element slices)"
2876,const,direct-const,constant data; filtered before the program stream (ANEH13Compiler.mm:1391-1393)
2877,const,direct-const,constant data; filtered before the program stream (ANEH13Compiler.mm:1391-1393)
2878,transpose,missing,no H13 encoder for 'transpose': lowerOperation final reject 'H13 has no source-qualified encoder for' (ANEH13Compiler.mm:1349-1350)
2879,matmul,missing-envelope,"runtime-operand matmul rows=3000 red=128 cols=375 tx=False ty=True y=(1, 8, 375, 128): outside kMatmulEnvelopeTasks (rows decoded only for 1 and 16); runtime-weight matmul is parity-path-only — reject h13.matmul-outside-envelope; no chunked fallback exists for runtime operands"
2880,add,direct,"h13-source-qualified two-runtime same-shape binary, 64-element slices (rung 01-add-legacy proven path)"
2881,const,direct-const,constant data; filtered before the program stream (ANEH13Compiler.mm:1391-1393)
2882,softmax,missing-envelope,"softmax template lookup in=(8, 375, 375) out=(8, 375, 375) axis-mask=0x08: absent from kNormTasks (44 decoded softmax programs; largest spatial 256x256); normParityPlan is softmax's only path (no generic fallback)"
2883,const,direct-const,constant data; filtered before the program stream (ANEH13Compiler.mm:1391-1393)
2884,const,direct-const,constant data; filtered before the program stream (ANEH13Compiler.mm:1391-1393)
2885,transpose,missing,no H13 encoder for 'transpose': lowerOperation final reject 'H13 has no source-qualified encoder for' (ANEH13Compiler.mm:1349-1350)
2886,matmul,missing-envelope,"runtime-operand matmul rows=3000 red=375 cols=128 tx=False ty=False y=(1, 8, 375, 128): outside kMatmulEnvelopeTasks (rows decoded only for 1 and 16); runtime-weight matmul is parity-path-only — reject h13.matmul-outside-envelope; no chunked fallback exists for runtime operands"
2887,const,direct-const,constant data; filtered before the program stream (ANEH13Compiler.mm:1391-1393)
2888,const,direct-const,constant data; filtered before the program stream (ANEH13Compiler.mm:1391-1393)
2889,transpose,missing,no H13 encoder for 'transpose': lowerOperation final reject 'H13 has no source-qualified encoder for' (ANEH13Compiler.mm:1349-1350)
2890,reshape,direct-alias,"compile-loop shape alias: metadata only, no program emitted (ANEH13Compiler.mm:1456-1482)"
2891,constexpr_lut_to_dense,normalization-needed,"4-bit palettization wrapper (fp16 LUT 64 or 256 groups x 16 centroids, uint4 indices) over weight.bin blob data: decompress to dense fp16 at weight-prep and emit as const BLOBFILE; no H13 encoder consumes palettized data"
2892,linear,normalization-needed,"weight producer is constexpr_lut_to_dense (constexpr_lut_to_dense), so constantValue(weight) is false and the linear handler rejects with h13.linear-nonconstant-weight; host LUT decompression (fp16 LUT [G,1,16,1] + uint4 indices -> dense fp16 [N,K]) re-emitted as a const with BLOBFILE payload unb..."
2893,add,direct,"h13-source-qualified two-runtime same-shape binary, 64-element slices (rung 01-add-legacy proven path)"
2894,const,direct-const,constant data; filtered before the program stream (ANEH13Compiler.mm:1391-1393)
2895,const,direct-const,constant data; filtered before the program stream (ANEH13Compiler.mm:1391-1393)
2896,const,direct-const,constant data; filtered before the program stream (ANEH13Compiler.mm:1391-1393)
2897,layer_norm,missing,"normParityPlan hard-rejects affine layer_norm: requires args==3, fp32 epsilon==1e-5, NO gamma/beta ('Apple's compiler in this harness rejects every affine form', ANEH13Compiler.mm:751-792); all 120 here carry gamma+beta with epsilon as an fp16 const; additionally the affine-less core surface (1,3..."
2898,const,direct-const,constant data; filtered before the program stream (ANEH13Compiler.mm:1391-1393)
2899,const,direct-const,constant data; filtered before the program stream (ANEH13Compiler.mm:1391-1393)
2900,const,direct-const,constant data; filtered before the program stream (ANEH13Compiler.mm:1391-1393)
2901,const,direct-const,constant data; filtered before the program stream (ANEH13Compiler.mm:1391-1393)
2902,const,direct-const,constant data; filtered before the program stream (ANEH13Compiler.mm:1391-1393)
2903,const,direct-const,constant data; filtered before the program stream (ANEH13Compiler.mm:1391-1393)
2904,const,direct-const,constant data; filtered before the program stream (ANEH13Compiler.mm:1391-1393)
2905,transpose,missing,no H13 encoder for 'transpose': lowerOperation final reject 'H13 has no source-qualified encoder for' (ANEH13Compiler.mm:1349-1350)
2906,conv,missing-envelope,"rank-3 spelling rejected by convSurface (requires rank-4 fp16 NCHW batch=1); rank-4 re-spell would still need surface in kConvTasks: in=(1, 1024, 375) out=(1, 2048, 375) k=? s=1 g=1 pad_type 'valid'"
2907,const,direct-const,constant data; filtered before the program stream (ANEH13Compiler.mm:1391-1393)
2908,const,direct-const,constant data; filtered before the program stream (ANEH13Compiler.mm:1391-1393)
2909,split,missing,no H13 encoder for 'split': lowerOperation final reject 'H13 has no source-qualified encoder for' (ANEH13Compiler.mm:1349-1350)
2910,sigmoid,missing-envelope,"no Sigmoid surface for (1, 1024, 375): kElementwiseTasks carries unary ops only on channel-vector surfaces (C,1,1) C<=4096; unary ops have NO generic fallback (parityPlan-only path)"
2911,mul,direct,"h13-source-qualified two-runtime same-shape binary, 64-element slices (rung 01-add-legacy proven path)"
2912,select,missing,no H13 encoder for 'select': lowerOperation final reject 'H13 has no source-qualified encoder for' (ANEH13Compiler.mm:1349-1350)
2913,const,direct-const,constant data; filtered before the program stream (ANEH13Compiler.mm:1391-1393)
2914,const,direct-const,constant data; filtered before the program stream (ANEH13Compiler.mm:1391-1393)
2915,const,direct-const,constant data; filtered before the program stream (ANEH13Compiler.mm:1391-1393)
2916,const,direct-const,constant data; filtered before the program stream (ANEH13Compiler.mm:1391-1393)
2917,const,direct-const,constant data; filtered before the program stream (ANEH13Compiler.mm:1391-1393)
2918,const,direct-const,constant data; filtered before the program stream (ANEH13Compiler.mm:1391-1393)
2919,const,direct-const,constant data; filtered before the program stream (ANEH13Compiler.mm:1391-1393)
2920,conv,missing-envelope,"rank-3 spelling rejected by convSurface (requires rank-4 fp16 NCHW batch=1); rank-4 re-spell would still need surface in kConvTasks: in=(1, 1024, 375) out=(1, 1024, 375) k=? s=1 g=1024 pad_type 'custom'"
2921,silu,missing-envelope,"no Silu surface for (1, 1024, 375): kElementwiseTasks carries unary ops only on channel-vector surfaces (C,1,1) C<=4096; unary ops have NO generic fallback (parityPlan-only path)"
2922,const,direct-const,constant data; filtered before the program stream (ANEH13Compiler.mm:1391-1393)
2923,const,direct-const,constant data; filtered before the program stream (ANEH13Compiler.mm:1391-1393)
2924,const,direct-const,constant data; filtered before the program stream (ANEH13Compiler.mm:1391-1393)
2925,const,direct-const,constant data; filtered before the program stream (ANEH13Compiler.mm:1391-1393)
2926,const,direct-const,constant data; filtered before the program stream (ANEH13Compiler.mm:1391-1393)
2927,const,direct-const,constant data; filtered before the program stream (ANEH13Compiler.mm:1391-1393)
2928,conv,missing-envelope,"rank-3 spelling rejected by convSurface (requires rank-4 fp16 NCHW batch=1); rank-4 re-spell would still need surface in kConvTasks: in=(1, 1024, 375) out=(1, 1024, 375) k=? s=1 g=1 pad_type 'valid'"
2929,const,direct-const,constant data; filtered before the program stream (ANEH13Compiler.mm:1391-1393)
2930,transpose,missing,no H13 encoder for 'transpose': lowerOperation final reject 'H13 has no source-qualified encoder for' (ANEH13Compiler.mm:1349-1350)
2931,add,direct,"h13-source-qualified two-runtime same-shape binary, 64-element slices (rung 01-add-legacy proven path)"
2932,const,direct-const,constant data; filtered before the program stream (ANEH13Compiler.mm:1391-1393)
2933,const,direct-const,constant data; filtered before the program stream (ANEH13Compiler.mm:1391-1393)
2934,const,direct-const,constant data; filtered before the program stream (ANEH13Compiler.mm:1391-1393)
2935,layer_norm,missing,"normParityPlan hard-rejects affine layer_norm: requires args==3, fp32 epsilon==1e-5, NO gamma/beta ('Apple's compiler in this harness rejects every affine form', ANEH13Compiler.mm:751-792); all 120 here carry gamma+beta with epsilon as an fp16 const; additionally the affine-less core surface (1,3..."
2936,constexpr_lut_to_dense,normalization-needed,"4-bit palettization wrapper (fp16 LUT 64 or 256 groups x 16 centroids, uint4 indices) over weight.bin blob data: decompress to dense fp16 at weight-prep and emit as const BLOBFILE; no H13 encoder consumes palettized data"
2937,linear,normalization-needed,"weight producer is constexpr_lut_to_dense (constexpr_lut_to_dense), so constantValue(weight) is false and the linear handler rejects with h13.linear-nonconstant-weight; host LUT decompression (fp16 LUT [G,1,16,1] + uint4 indices -> dense fp16 [N,K]) re-emitted as a const with BLOBFILE payload unb..."
2938,silu,missing-envelope,"no Silu surface for (1, 375, 4096): kElementwiseTasks carries unary ops only on channel-vector surfaces (C,1,1) C<=4096; unary ops have NO generic fallback (parityPlan-only path)"
2939,constexpr_lut_to_dense,normalization-needed,"4-bit palettization wrapper (fp16 LUT 64 or 256 groups x 16 centroids, uint4 indices) over weight.bin blob data: decompress to dense fp16 at weight-prep and emit as const BLOBFILE; no H13 encoder consumes palettized data"
2940,linear,normalization-needed,"weight producer is constexpr_lut_to_dense (constexpr_lut_to_dense), so constantValue(weight) is false and the linear handler rejects with h13.linear-nonconstant-weight; host LUT decompression (fp16 LUT [G,1,16,1] + uint4 indices -> dense fp16 [N,K]) re-emitted as a const with BLOBFILE payload unb..."
2941,const,direct-const,constant data; filtered before the program stream (ANEH13Compiler.mm:1391-1393)
2942,mul,direct,"inline fp16 scalar mul fold (splat constant, 64-element slices)"
2943,add,direct,"h13-source-qualified two-runtime same-shape binary, 64-element slices (rung 01-add-legacy proven path)"
2944,const,direct-const,constant data; filtered before the program stream (ANEH13Compiler.mm:1391-1393)
2945,const,direct-const,constant data; filtered before the program stream (ANEH13Compiler.mm:1391-1393)
2946,const,direct-const,constant data; filtered before the program stream (ANEH13Compiler.mm:1391-1393)
2947,layer_norm,missing,"normParityPlan hard-rejects affine layer_norm: requires args==3, fp32 epsilon==1e-5, NO gamma/beta ('Apple's compiler in this harness rejects every affine form', ANEH13Compiler.mm:751-792); all 120 here carry gamma+beta with epsilon as an fp16 const; additionally the affine-less core surface (1,3..."
2948,const,direct-const,constant data; filtered before the program stream (ANEH13Compiler.mm:1391-1393)
2949,const,direct-const,constant data; filtered before the program stream (ANEH13Compiler.mm:1391-1393)
2950,const,direct-const,constant data; filtered before the program stream (ANEH13Compiler.mm:1391-1393)
2951,layer_norm,missing,"normParityPlan hard-rejects affine layer_norm: requires args==3, fp32 epsilon==1e-5, NO gamma/beta ('Apple's compiler in this harness rejects every affine form', ANEH13Compiler.mm:751-792); all 120 here carry gamma+beta with epsilon as an fp16 const; additionally the affine-less core surface (1,3..."
2952,constexpr_lut_to_dense,normalization-needed,"4-bit palettization wrapper (fp16 LUT 64 or 256 groups x 16 centroids, uint4 indices) over weight.bin blob data: decompress to dense fp16 at weight-prep and emit as const BLOBFILE; no H13 encoder consumes palettized data"
2953,linear,normalization-needed,"weight producer is constexpr_lut_to_dense (constexpr_lut_to_dense), so constantValue(weight) is false and the linear handler rejects with h13.linear-nonconstant-weight; host LUT decompression (fp16 LUT [G,1,16,1] + uint4 indices -> dense fp16 [N,K]) re-emitted as a const with BLOBFILE payload unb..."
2954,silu,missing-envelope,"no Silu surface for (1, 375, 4096): kElementwiseTasks carries unary ops only on channel-vector surfaces (C,1,1) C<=4096; unary ops have NO generic fallback (parityPlan-only path)"
2955,constexpr_lut_to_dense,normalization-needed,"4-bit palettization wrapper (fp16 LUT 64 or 256 groups x 16 centroids, uint4 indices) over weight.bin blob data: decompress to dense fp16 at weight-prep and emit as const BLOBFILE; no H13 encoder consumes palettized data"
2956,linear,normalization-needed,"weight producer is constexpr_lut_to_dense (constexpr_lut_to_dense), so constantValue(weight) is false and the linear handler rejects with h13.linear-nonconstant-weight; host LUT decompression (fp16 LUT [G,1,16,1] + uint4 indices -> dense fp16 [N,K]) re-emitted as a const with BLOBFILE payload unb..."
2957,const,direct-const,constant data; filtered before the program stream (ANEH13Compiler.mm:1391-1393)
2958,mul,direct,"inline fp16 scalar mul fold (splat constant, 64-element slices)"
2959,add,direct,"h13-source-qualified two-runtime same-shape binary, 64-element slices (rung 01-add-legacy proven path)"
2960,const,direct-const,constant data; filtered before the program stream (ANEH13Compiler.mm:1391-1393)
2961,const,direct-const,constant data; filtered before the program stream (ANEH13Compiler.mm:1391-1393)
2962,const,direct-const,constant data; filtered before the program stream (ANEH13Compiler.mm:1391-1393)
2963,layer_norm,missing,"normParityPlan hard-rejects affine layer_norm: requires args==3, fp32 epsilon==1e-5, NO gamma/beta ('Apple's compiler in this harness rejects every affine form', ANEH13Compiler.mm:751-792); all 120 here carry gamma+beta with epsilon as an fp16 const; additionally the affine-less core surface (1,3..."
2964,constexpr_lut_to_dense,normalization-needed,"4-bit palettization wrapper (fp16 LUT 64 or 256 groups x 16 centroids, uint4 indices) over weight.bin blob data: decompress to dense fp16 at weight-prep and emit as const BLOBFILE; no H13 encoder consumes palettized data"
2965,linear,normalization-needed,"weight producer is constexpr_lut_to_dense (constexpr_lut_to_dense), so constantValue(weight) is false and the linear handler rejects with h13.linear-nonconstant-weight; host LUT decompression (fp16 LUT [G,1,16,1] + uint4 indices -> dense fp16 [N,K]) re-emitted as a const with BLOBFILE payload unb..."
2966,const,direct-const,constant data; filtered before the program stream (ANEH13Compiler.mm:1391-1393)
2967,reshape,direct-alias,"compile-loop shape alias: metadata only, no program emitted (ANEH13Compiler.mm:1456-1482)"
2968,const,direct-const,constant data; filtered before the program stream (ANEH13Compiler.mm:1391-1393)
2969,constexpr_lut_to_dense,normalization-needed,"4-bit palettization wrapper (fp16 LUT 64 or 256 groups x 16 centroids, uint4 indices) over weight.bin blob data: decompress to dense fp16 at weight-prep and emit as const BLOBFILE; no H13 encoder consumes palettized data"
2970,linear,normalization-needed,"weight producer is constexpr_lut_to_dense (constexpr_lut_to_dense), so constantValue(weight) is false and the linear handler rejects with h13.linear-nonconstant-weight; host LUT decompression (fp16 LUT [G,1,16,1] + uint4 indices -> dense fp16 [N,K]) re-emitted as a const with BLOBFILE payload unb..."
2971,const,direct-const,constant data; filtered before the program stream (ANEH13Compiler.mm:1391-1393)
2972,reshape,direct-alias,"compile-loop shape alias: metadata only, no program emitted (ANEH13Compiler.mm:1456-1482)"
2973,const,direct-const,constant data; filtered before the program stream (ANEH13Compiler.mm:1391-1393)
2974,constexpr_lut_to_dense,normalization-needed,"4-bit palettization wrapper (fp16 LUT 64 or 256 groups x 16 centroids, uint4 indices) over weight.bin blob data: decompress to dense fp16 at weight-prep and emit as const BLOBFILE; no H13 encoder consumes palettized data"
2975,linear,normalization-needed,"weight producer is constexpr_lut_to_dense (constexpr_lut_to_dense), so constantValue(weight) is false and the linear handler rejects with h13.linear-nonconstant-weight; host LUT decompression (fp16 LUT [G,1,16,1] + uint4 indices -> dense fp16 [N,K]) re-emitted as a const with BLOBFILE payload unb..."
2976,const,direct-const,constant data; filtered before the program stream (ANEH13Compiler.mm:1391-1393)
2977,reshape,direct-alias,"compile-loop shape alias: metadata only, no program emitted (ANEH13Compiler.mm:1456-1482)"
2978,const,direct-const,constant data; filtered before the program stream (ANEH13Compiler.mm:1391-1393)
2979,const,direct-const,constant data; filtered before the program stream (ANEH13Compiler.mm:1391-1393)
2980,transpose,missing,no H13 encoder for 'transpose': lowerOperation final reject 'H13 has no source-qualified encoder for' (ANEH13Compiler.mm:1349-1350)
2981,add,direct,whole-tensor constant fold (add/mul/max/min; sub folds as sign-flipped add; real_div folds only for powers of two)
2982,const,direct-const,constant data; filtered before the program stream (ANEH13Compiler.mm:1391-1393)
2983,add,direct,whole-tensor constant fold (add/mul/max/min; sub folds as sign-flipped add; real_div folds only for powers of two)
2984,const,direct-const,constant data; filtered before the program stream (ANEH13Compiler.mm:1391-1393)
2985,const,direct-const,constant data; filtered before the program stream (ANEH13Compiler.mm:1391-1393)
2986,const,direct-const,constant data; filtered before the program stream (ANEH13Compiler.mm:1391-1393)
2987,matmul,normalization-needed,"const-weight matmul 3000x128x749 tx=False ty=False outside parity envelope; falls to the source-qualified chunked matvec path (per-row/512-column slices, physical reduction 256/512, weight must be a const with BLOBFILE payload — this proto stores it inline, so the handoff must re-emit weight.bin ..."
2988,const,direct-const,constant data; filtered before the program stream (ANEH13Compiler.mm:1391-1393)
2989,const,direct-const,constant data; filtered before the program stream (ANEH13Compiler.mm:1391-1393)
2990,const,direct-const,constant data; filtered before the program stream (ANEH13Compiler.mm:1391-1393)
2991,pad,missing,no H13 encoder for 'pad': lowerOperation final reject 'H13 has no source-qualified encoder for' (ANEH13Compiler.mm:1349-1350)
2992,const,direct-const,constant data; filtered before the program stream (ANEH13Compiler.mm:1391-1393)
2993,reshape,direct-alias,"compile-loop shape alias: metadata only, no program emitted (ANEH13Compiler.mm:1456-1482)"
2994,const,direct-const,constant data; filtered before the program stream (ANEH13Compiler.mm:1391-1393)
2995,const,direct-const,constant data; filtered before the program stream (ANEH13Compiler.mm:1391-1393)
2996,const,direct-const,constant data; filtered before the program stream (ANEH13Compiler.mm:1391-1393)
2997,slice_by_index,missing,no H13 encoder for 'slice_by_index': lowerOperation final reject 'H13 has no source-qualified encoder for' (ANEH13Compiler.mm:1349-1350)
2998,const,direct-const,constant data; filtered before the program stream (ANEH13Compiler.mm:1391-1393)
2999,reshape,direct-alias,"compile-loop shape alias: metadata only, no program emitted (ANEH13Compiler.mm:1456-1482)"
3000,const,direct-const,constant data; filtered before the program stream (ANEH13Compiler.mm:1391-1393)
3001,const,direct-const,constant data; filtered before the program stream (ANEH13Compiler.mm:1391-1393)
3002,const,direct-const,constant data; filtered before the program stream (ANEH13Compiler.mm:1391-1393)
3003,slice_by_index,missing,no H13 encoder for 'slice_by_index': lowerOperation final reject 'H13 has no source-qualified encoder for' (ANEH13Compiler.mm:1349-1350)
3004,const,direct-const,constant data; filtered before the program stream (ANEH13Compiler.mm:1391-1393)
3005,mul,direct,"inline fp16 scalar mul fold (splat constant, 64-element slices)"
3006,select,missing,no H13 encoder for 'select': lowerOperation final reject 'H13 has no source-qualified encoder for' (ANEH13Compiler.mm:1349-1350)
3007,mul,direct,"inline fp16 scalar mul fold (splat constant, 64-element slices)"
3008,const,direct-const,constant data; filtered before the program stream (ANEH13Compiler.mm:1391-1393)
3009,const,direct-const,constant data; filtered before the program stream (ANEH13Compiler.mm:1391-1393)
3010,transpose,missing,no H13 encoder for 'transpose': lowerOperation final reject 'H13 has no source-qualified encoder for' (ANEH13Compiler.mm:1349-1350)
3011,matmul,missing-envelope,"runtime-operand matmul rows=3000 red=128 cols=375 tx=False ty=True y=(1, 8, 375, 128): outside kMatmulEnvelopeTasks (rows decoded only for 1 and 16); runtime-weight matmul is parity-path-only — reject h13.matmul-outside-envelope; no chunked fallback exists for runtime operands"
3012,add,direct,"h13-source-qualified two-runtime same-shape binary, 64-element slices (rung 01-add-legacy proven path)"
3013,const,direct-const,constant data; filtered before the program stream (ANEH13Compiler.mm:1391-1393)
3014,softmax,missing-envelope,"softmax template lookup in=(8, 375, 375) out=(8, 375, 375) axis-mask=0x08: absent from kNormTasks (44 decoded softmax programs; largest spatial 256x256); normParityPlan is softmax's only path (no generic fallback)"
3015,const,direct-const,constant data; filtered before the program stream (ANEH13Compiler.mm:1391-1393)
3016,const,direct-const,constant data; filtered before the program stream (ANEH13Compiler.mm:1391-1393)
3017,transpose,missing,no H13 encoder for 'transpose': lowerOperation final reject 'H13 has no source-qualified encoder for' (ANEH13Compiler.mm:1349-1350)
3018,matmul,missing-envelope,"runtime-operand matmul rows=3000 red=375 cols=128 tx=False ty=False y=(1, 8, 375, 128): outside kMatmulEnvelopeTasks (rows decoded only for 1 and 16); runtime-weight matmul is parity-path-only — reject h13.matmul-outside-envelope; no chunked fallback exists for runtime operands"
3019,const,direct-const,constant data; filtered before the program stream (ANEH13Compiler.mm:1391-1393)
3020,const,direct-const,constant data; filtered before the program stream (ANEH13Compiler.mm:1391-1393)
3021,transpose,missing,no H13 encoder for 'transpose': lowerOperation final reject 'H13 has no source-qualified encoder for' (ANEH13Compiler.mm:1349-1350)
3022,reshape,direct-alias,"compile-loop shape alias: metadata only, no program emitted (ANEH13Compiler.mm:1456-1482)"
3023,constexpr_lut_to_dense,normalization-needed,"4-bit palettization wrapper (fp16 LUT 64 or 256 groups x 16 centroids, uint4 indices) over weight.bin blob data: decompress to dense fp16 at weight-prep and emit as const BLOBFILE; no H13 encoder consumes palettized data"
3024,linear,normalization-needed,"weight producer is constexpr_lut_to_dense (constexpr_lut_to_dense), so constantValue(weight) is false and the linear handler rejects with h13.linear-nonconstant-weight; host LUT decompression (fp16 LUT [G,1,16,1] + uint4 indices -> dense fp16 [N,K]) re-emitted as a const with BLOBFILE payload unb..."
3025,add,direct,"h13-source-qualified two-runtime same-shape binary, 64-element slices (rung 01-add-legacy proven path)"
3026,const,direct-const,constant data; filtered before the program stream (ANEH13Compiler.mm:1391-1393)
3027,const,direct-const,constant data; filtered before the program stream (ANEH13Compiler.mm:1391-1393)
3028,const,direct-const,constant data; filtered before the program stream (ANEH13Compiler.mm:1391-1393)
3029,layer_norm,missing,"normParityPlan hard-rejects affine layer_norm: requires args==3, fp32 epsilon==1e-5, NO gamma/beta ('Apple's compiler in this harness rejects every affine form', ANEH13Compiler.mm:751-792); all 120 here carry gamma+beta with epsilon as an fp16 const; additionally the affine-less core surface (1,3..."
3030,const,direct-const,constant data; filtered before the program stream (ANEH13Compiler.mm:1391-1393)
3031,const,direct-const,constant data; filtered before the program stream (ANEH13Compiler.mm:1391-1393)
3032,const,direct-const,constant data; filtered before the program stream (ANEH13Compiler.mm:1391-1393)
3033,const,direct-const,constant data; filtered before the program stream (ANEH13Compiler.mm:1391-1393)
3034,const,direct-const,constant data; filtered before the program stream (ANEH13Compiler.mm:1391-1393)
3035,const,direct-const,constant data; filtered before the program stream (ANEH13Compiler.mm:1391-1393)
3036,const,direct-const,constant data; filtered before the program stream (ANEH13Compiler.mm:1391-1393)
3037,transpose,missing,no H13 encoder for 'transpose': lowerOperation final reject 'H13 has no source-qualified encoder for' (ANEH13Compiler.mm:1349-1350)
3038,conv,missing-envelope,"rank-3 spelling rejected by convSurface (requires rank-4 fp16 NCHW batch=1); rank-4 re-spell would still need surface in kConvTasks: in=(1, 1024, 375) out=(1, 2048, 375) k=? s=1 g=1 pad_type 'valid'"
3039,const,direct-const,constant data; filtered before the program stream (ANEH13Compiler.mm:1391-1393)
3040,const,direct-const,constant data; filtered before the program stream (ANEH13Compiler.mm:1391-1393)
3041,split,missing,no H13 encoder for 'split': lowerOperation final reject 'H13 has no source-qualified encoder for' (ANEH13Compiler.mm:1349-1350)
3042,sigmoid,missing-envelope,"no Sigmoid surface for (1, 1024, 375): kElementwiseTasks carries unary ops only on channel-vector surfaces (C,1,1) C<=4096; unary ops have NO generic fallback (parityPlan-only path)"
3043,mul,direct,"h13-source-qualified two-runtime same-shape binary, 64-element slices (rung 01-add-legacy proven path)"
3044,select,missing,no H13 encoder for 'select': lowerOperation final reject 'H13 has no source-qualified encoder for' (ANEH13Compiler.mm:1349-1350)
3045,const,direct-const,constant data; filtered before the program stream (ANEH13Compiler.mm:1391-1393)
3046,const,direct-const,constant data; filtered before the program stream (ANEH13Compiler.mm:1391-1393)
3047,const,direct-const,constant data; filtered before the program stream (ANEH13Compiler.mm:1391-1393)
3048,const,direct-const,constant data; filtered before the program stream (ANEH13Compiler.mm:1391-1393)
3049,const,direct-const,constant data; filtered before the program stream (ANEH13Compiler.mm:1391-1393)
3050,const,direct-const,constant data; filtered before the program stream (ANEH13Compiler.mm:1391-1393)
3051,const,direct-const,constant data; filtered before the program stream (ANEH13Compiler.mm:1391-1393)
3052,conv,missing-envelope,"rank-3 spelling rejected by convSurface (requires rank-4 fp16 NCHW batch=1); rank-4 re-spell would still need surface in kConvTasks: in=(1, 1024, 375) out=(1, 1024, 375) k=? s=1 g=1024 pad_type 'custom'"
3053,silu,missing-envelope,"no Silu surface for (1, 1024, 375): kElementwiseTasks carries unary ops only on channel-vector surfaces (C,1,1) C<=4096; unary ops have NO generic fallback (parityPlan-only path)"
3054,const,direct-const,constant data; filtered before the program stream (ANEH13Compiler.mm:1391-1393)
3055,const,direct-const,constant data; filtered before the program stream (ANEH13Compiler.mm:1391-1393)
3056,const,direct-const,constant data; filtered before the program stream (ANEH13Compiler.mm:1391-1393)
3057,const,direct-const,constant data; filtered before the program stream (ANEH13Compiler.mm:1391-1393)
3058,const,direct-const,constant data; filtered before the program stream (ANEH13Compiler.mm:1391-1393)
3059,const,direct-const,constant data; filtered before the program stream (ANEH13Compiler.mm:1391-1393)
3060,conv,missing-envelope,"rank-3 spelling rejected by convSurface (requires rank-4 fp16 NCHW batch=1); rank-4 re-spell would still need surface in kConvTasks: in=(1, 1024, 375) out=(1, 1024, 375) k=? s=1 g=1 pad_type 'valid'"
3061,const,direct-const,constant data; filtered before the program stream (ANEH13Compiler.mm:1391-1393)
3062,transpose,missing,no H13 encoder for 'transpose': lowerOperation final reject 'H13 has no source-qualified encoder for' (ANEH13Compiler.mm:1349-1350)
3063,add,direct,"h13-source-qualified two-runtime same-shape binary, 64-element slices (rung 01-add-legacy proven path)"
3064,const,direct-const,constant data; filtered before the program stream (ANEH13Compiler.mm:1391-1393)
3065,const,direct-const,constant data; filtered before the program stream (ANEH13Compiler.mm:1391-1393)
3066,const,direct-const,constant data; filtered before the program stream (ANEH13Compiler.mm:1391-1393)
3067,layer_norm,missing,"normParityPlan hard-rejects affine layer_norm: requires args==3, fp32 epsilon==1e-5, NO gamma/beta ('Apple's compiler in this harness rejects every affine form', ANEH13Compiler.mm:751-792); all 120 here carry gamma+beta with epsilon as an fp16 const; additionally the affine-less core surface (1,3..."
3068,constexpr_lut_to_dense,normalization-needed,"4-bit palettization wrapper (fp16 LUT 64 or 256 groups x 16 centroids, uint4 indices) over weight.bin blob data: decompress to dense fp16 at weight-prep and emit as const BLOBFILE; no H13 encoder consumes palettized data"
3069,linear,normalization-needed,"weight producer is constexpr_lut_to_dense (constexpr_lut_to_dense), so constantValue(weight) is false and the linear handler rejects with h13.linear-nonconstant-weight; host LUT decompression (fp16 LUT [G,1,16,1] + uint4 indices -> dense fp16 [N,K]) re-emitted as a const with BLOBFILE payload unb..."
3070,silu,missing-envelope,"no Silu surface for (1, 375, 4096): kElementwiseTasks carries unary ops only on channel-vector surfaces (C,1,1) C<=4096; unary ops have NO generic fallback (parityPlan-only path)"
3071,constexpr_lut_to_dense,normalization-needed,"4-bit palettization wrapper (fp16 LUT 64 or 256 groups x 16 centroids, uint4 indices) over weight.bin blob data: decompress to dense fp16 at weight-prep and emit as const BLOBFILE; no H13 encoder consumes palettized data"
3072,linear,normalization-needed,"weight producer is constexpr_lut_to_dense (constexpr_lut_to_dense), so constantValue(weight) is false and the linear handler rejects with h13.linear-nonconstant-weight; host LUT decompression (fp16 LUT [G,1,16,1] + uint4 indices -> dense fp16 [N,K]) re-emitted as a const with BLOBFILE payload unb..."
3073,const,direct-const,constant data; filtered before the program stream (ANEH13Compiler.mm:1391-1393)
3074,mul,direct,"inline fp16 scalar mul fold (splat constant, 64-element slices)"
3075,add,direct,"h13-source-qualified two-runtime same-shape binary, 64-element slices (rung 01-add-legacy proven path)"
3076,const,direct-const,constant data; filtered before the program stream (ANEH13Compiler.mm:1391-1393)
3077,const,direct-const,constant data; filtered before the program stream (ANEH13Compiler.mm:1391-1393)
3078,const,direct-const,constant data; filtered before the program stream (ANEH13Compiler.mm:1391-1393)
3079,layer_norm,missing,"normParityPlan hard-rejects affine layer_norm: requires args==3, fp32 epsilon==1e-5, NO gamma/beta ('Apple's compiler in this harness rejects every affine form', ANEH13Compiler.mm:751-792); all 120 here carry gamma+beta with epsilon as an fp16 const; additionally the affine-less core surface (1,3..."
3080,const,direct-const,constant data; filtered before the program stream (ANEH13Compiler.mm:1391-1393)
3081,const,direct-const,constant data; filtered before the program stream (ANEH13Compiler.mm:1391-1393)
3082,const,direct-const,constant data; filtered before the program stream (ANEH13Compiler.mm:1391-1393)
3083,layer_norm,missing,"normParityPlan hard-rejects affine layer_norm: requires args==3, fp32 epsilon==1e-5, NO gamma/beta ('Apple's compiler in this harness rejects every affine form', ANEH13Compiler.mm:751-792); all 120 here carry gamma+beta with epsilon as an fp16 const; additionally the affine-less core surface (1,3..."
3084,constexpr_lut_to_dense,normalization-needed,"4-bit palettization wrapper (fp16 LUT 64 or 256 groups x 16 centroids, uint4 indices) over weight.bin blob data: decompress to dense fp16 at weight-prep and emit as const BLOBFILE; no H13 encoder consumes palettized data"
3085,linear,normalization-needed,"weight producer is constexpr_lut_to_dense (constexpr_lut_to_dense), so constantValue(weight) is false and the linear handler rejects with h13.linear-nonconstant-weight; host LUT decompression (fp16 LUT [G,1,16,1] + uint4 indices -> dense fp16 [N,K]) re-emitted as a const with BLOBFILE payload unb..."
3086,silu,missing-envelope,"no Silu surface for (1, 375, 4096): kElementwiseTasks carries unary ops only on channel-vector surfaces (C,1,1) C<=4096; unary ops have NO generic fallback (parityPlan-only path)"
3087,constexpr_lut_to_dense,normalization-needed,"4-bit palettization wrapper (fp16 LUT 64 or 256 groups x 16 centroids, uint4 indices) over weight.bin blob data: decompress to dense fp16 at weight-prep and emit as const BLOBFILE; no H13 encoder consumes palettized data"
3088,linear,normalization-needed,"weight producer is constexpr_lut_to_dense (constexpr_lut_to_dense), so constantValue(weight) is false and the linear handler rejects with h13.linear-nonconstant-weight; host LUT decompression (fp16 LUT [G,1,16,1] + uint4 indices -> dense fp16 [N,K]) re-emitted as a const with BLOBFILE payload unb..."
3089,const,direct-const,constant data; filtered before the program stream (ANEH13Compiler.mm:1391-1393)
3090,mul,direct,"inline fp16 scalar mul fold (splat constant, 64-element slices)"
3091,add,direct,"h13-source-qualified two-runtime same-shape binary, 64-element slices (rung 01-add-legacy proven path)"
3092,const,direct-const,constant data; filtered before the program stream (ANEH13Compiler.mm:1391-1393)
3093,const,direct-const,constant data; filtered before the program stream (ANEH13Compiler.mm:1391-1393)
3094,const,direct-const,constant data; filtered before the program stream (ANEH13Compiler.mm:1391-1393)
3095,layer_norm,missing,"normParityPlan hard-rejects affine layer_norm: requires args==3, fp32 epsilon==1e-5, NO gamma/beta ('Apple's compiler in this harness rejects every affine form', ANEH13Compiler.mm:751-792); all 120 here carry gamma+beta with epsilon as an fp16 const; additionally the affine-less core surface (1,3..."
3096,constexpr_lut_to_dense,normalization-needed,"4-bit palettization wrapper (fp16 LUT 64 or 256 groups x 16 centroids, uint4 indices) over weight.bin blob data: decompress to dense fp16 at weight-prep and emit as const BLOBFILE; no H13 encoder consumes palettized data"
3097,linear,normalization-needed,"weight producer is constexpr_lut_to_dense (constexpr_lut_to_dense), so constantValue(weight) is false and the linear handler rejects with h13.linear-nonconstant-weight; host LUT decompression (fp16 LUT [G,1,16,1] + uint4 indices -> dense fp16 [N,K]) re-emitted as a const with BLOBFILE payload unb..."
3098,const,direct-const,constant data; filtered before the program stream (ANEH13Compiler.mm:1391-1393)
3099,reshape,direct-alias,"compile-loop shape alias: metadata only, no program emitted (ANEH13Compiler.mm:1456-1482)"
3100,const,direct-const,constant data; filtered before the program stream (ANEH13Compiler.mm:1391-1393)
3101,constexpr_lut_to_dense,normalization-needed,"4-bit palettization wrapper (fp16 LUT 64 or 256 groups x 16 centroids, uint4 indices) over weight.bin blob data: decompress to dense fp16 at weight-prep and emit as const BLOBFILE; no H13 encoder consumes palettized data"
3102,linear,normalization-needed,"weight producer is constexpr_lut_to_dense (constexpr_lut_to_dense), so constantValue(weight) is false and the linear handler rejects with h13.linear-nonconstant-weight; host LUT decompression (fp16 LUT [G,1,16,1] + uint4 indices -> dense fp16 [N,K]) re-emitted as a const with BLOBFILE payload unb..."
3103,const,direct-const,constant data; filtered before the program stream (ANEH13Compiler.mm:1391-1393)
3104,reshape,direct-alias,"compile-loop shape alias: metadata only, no program emitted (ANEH13Compiler.mm:1456-1482)"
3105,const,direct-const,constant data; filtered before the program stream (ANEH13Compiler.mm:1391-1393)
3106,constexpr_lut_to_dense,normalization-needed,"4-bit palettization wrapper (fp16 LUT 64 or 256 groups x 16 centroids, uint4 indices) over weight.bin blob data: decompress to dense fp16 at weight-prep and emit as const BLOBFILE; no H13 encoder consumes palettized data"
3107,linear,normalization-needed,"weight producer is constexpr_lut_to_dense (constexpr_lut_to_dense), so constantValue(weight) is false and the linear handler rejects with h13.linear-nonconstant-weight; host LUT decompression (fp16 LUT [G,1,16,1] + uint4 indices -> dense fp16 [N,K]) re-emitted as a const with BLOBFILE payload unb..."
3108,const,direct-const,constant data; filtered before the program stream (ANEH13Compiler.mm:1391-1393)
3109,reshape,direct-alias,"compile-loop shape alias: metadata only, no program emitted (ANEH13Compiler.mm:1456-1482)"
3110,const,direct-const,constant data; filtered before the program stream (ANEH13Compiler.mm:1391-1393)
3111,const,direct-const,constant data; filtered before the program stream (ANEH13Compiler.mm:1391-1393)
3112,transpose,missing,no H13 encoder for 'transpose': lowerOperation final reject 'H13 has no source-qualified encoder for' (ANEH13Compiler.mm:1349-1350)
3113,add,direct,whole-tensor constant fold (add/mul/max/min; sub folds as sign-flipped add; real_div folds only for powers of two)
3114,const,direct-const,constant data; filtered before the program stream (ANEH13Compiler.mm:1391-1393)
3115,add,direct,whole-tensor constant fold (add/mul/max/min; sub folds as sign-flipped add; real_div folds only for powers of two)
3116,const,direct-const,constant data; filtered before the program stream (ANEH13Compiler.mm:1391-1393)
3117,const,direct-const,constant data; filtered before the program stream (ANEH13Compiler.mm:1391-1393)
3118,const,direct-const,constant data; filtered before the program stream (ANEH13Compiler.mm:1391-1393)
3119,matmul,normalization-needed,"const-weight matmul 3000x128x749 tx=False ty=False outside parity envelope; falls to the source-qualified chunked matvec path (per-row/512-column slices, physical reduction 256/512, weight must be a const with BLOBFILE payload — this proto stores it inline, so the handoff must re-emit weight.bin ..."
3120,const,direct-const,constant data; filtered before the program stream (ANEH13Compiler.mm:1391-1393)
3121,const,direct-const,constant data; filtered before the program stream (ANEH13Compiler.mm:1391-1393)
3122,const,direct-const,constant data; filtered before the program stream (ANEH13Compiler.mm:1391-1393)
3123,pad,missing,no H13 encoder for 'pad': lowerOperation final reject 'H13 has no source-qualified encoder for' (ANEH13Compiler.mm:1349-1350)
3124,const,direct-const,constant data; filtered before the program stream (ANEH13Compiler.mm:1391-1393)
3125,reshape,direct-alias,"compile-loop shape alias: metadata only, no program emitted (ANEH13Compiler.mm:1456-1482)"
3126,const,direct-const,constant data; filtered before the program stream (ANEH13Compiler.mm:1391-1393)
3127,const,direct-const,constant data; filtered before the program stream (ANEH13Compiler.mm:1391-1393)
3128,const,direct-const,constant data; filtered before the program stream (ANEH13Compiler.mm:1391-1393)
3129,slice_by_index,missing,no H13 encoder for 'slice_by_index': lowerOperation final reject 'H13 has no source-qualified encoder for' (ANEH13Compiler.mm:1349-1350)
3130,const,direct-const,constant data; filtered before the program stream (ANEH13Compiler.mm:1391-1393)
3131,reshape,direct-alias,"compile-loop shape alias: metadata only, no program emitted (ANEH13Compiler.mm:1456-1482)"
3132,const,direct-const,constant data; filtered before the program stream (ANEH13Compiler.mm:1391-1393)
3133,const,direct-const,constant data; filtered before the program stream (ANEH13Compiler.mm:1391-1393)
3134,const,direct-const,constant data; filtered before the program stream (ANEH13Compiler.mm:1391-1393)
3135,slice_by_index,missing,no H13 encoder for 'slice_by_index': lowerOperation final reject 'H13 has no source-qualified encoder for' (ANEH13Compiler.mm:1349-1350)
3136,const,direct-const,constant data; filtered before the program stream (ANEH13Compiler.mm:1391-1393)
3137,mul,direct,"inline fp16 scalar mul fold (splat constant, 64-element slices)"
3138,select,missing,no H13 encoder for 'select': lowerOperation final reject 'H13 has no source-qualified encoder for' (ANEH13Compiler.mm:1349-1350)
3139,mul,direct,"inline fp16 scalar mul fold (splat constant, 64-element slices)"
3140,const,direct-const,constant data; filtered before the program stream (ANEH13Compiler.mm:1391-1393)
3141,const,direct-const,constant data; filtered before the program stream (ANEH13Compiler.mm:1391-1393)
3142,transpose,missing,no H13 encoder for 'transpose': lowerOperation final reject 'H13 has no source-qualified encoder for' (ANEH13Compiler.mm:1349-1350)
3143,matmul,missing-envelope,"runtime-operand matmul rows=3000 red=128 cols=375 tx=False ty=True y=(1, 8, 375, 128): outside kMatmulEnvelopeTasks (rows decoded only for 1 and 16); runtime-weight matmul is parity-path-only — reject h13.matmul-outside-envelope; no chunked fallback exists for runtime operands"
3144,add,direct,"h13-source-qualified two-runtime same-shape binary, 64-element slices (rung 01-add-legacy proven path)"
3145,const,direct-const,constant data; filtered before the program stream (ANEH13Compiler.mm:1391-1393)
3146,softmax,missing-envelope,"softmax template lookup in=(8, 375, 375) out=(8, 375, 375) axis-mask=0x08: absent from kNormTasks (44 decoded softmax programs; largest spatial 256x256); normParityPlan is softmax's only path (no generic fallback)"
3147,const,direct-const,constant data; filtered before the program stream (ANEH13Compiler.mm:1391-1393)
3148,const,direct-const,constant data; filtered before the program stream (ANEH13Compiler.mm:1391-1393)
3149,transpose,missing,no H13 encoder for 'transpose': lowerOperation final reject 'H13 has no source-qualified encoder for' (ANEH13Compiler.mm:1349-1350)
3150,matmul,missing-envelope,"runtime-operand matmul rows=3000 red=375 cols=128 tx=False ty=False y=(1, 8, 375, 128): outside kMatmulEnvelopeTasks (rows decoded only for 1 and 16); runtime-weight matmul is parity-path-only — reject h13.matmul-outside-envelope; no chunked fallback exists for runtime operands"
3151,const,direct-const,constant data; filtered before the program stream (ANEH13Compiler.mm:1391-1393)
3152,const,direct-const,constant data; filtered before the program stream (ANEH13Compiler.mm:1391-1393)
3153,transpose,missing,no H13 encoder for 'transpose': lowerOperation final reject 'H13 has no source-qualified encoder for' (ANEH13Compiler.mm:1349-1350)
3154,reshape,direct-alias,"compile-loop shape alias: metadata only, no program emitted (ANEH13Compiler.mm:1456-1482)"
3155,constexpr_lut_to_dense,normalization-needed,"4-bit palettization wrapper (fp16 LUT 64 or 256 groups x 16 centroids, uint4 indices) over weight.bin blob data: decompress to dense fp16 at weight-prep and emit as const BLOBFILE; no H13 encoder consumes palettized data"
3156,linear,normalization-needed,"weight producer is constexpr_lut_to_dense (constexpr_lut_to_dense), so constantValue(weight) is false and the linear handler rejects with h13.linear-nonconstant-weight; host LUT decompression (fp16 LUT [G,1,16,1] + uint4 indices -> dense fp16 [N,K]) re-emitted as a const with BLOBFILE payload unb..."
3157,add,direct,"h13-source-qualified two-runtime same-shape binary, 64-element slices (rung 01-add-legacy proven path)"
3158,const,direct-const,constant data; filtered before the program stream (ANEH13Compiler.mm:1391-1393)
3159,const,direct-const,constant data; filtered before the program stream (ANEH13Compiler.mm:1391-1393)
3160,const,direct-const,constant data; filtered before the program stream (ANEH13Compiler.mm:1391-1393)
3161,layer_norm,missing,"normParityPlan hard-rejects affine layer_norm: requires args==3, fp32 epsilon==1e-5, NO gamma/beta ('Apple's compiler in this harness rejects every affine form', ANEH13Compiler.mm:751-792); all 120 here carry gamma+beta with epsilon as an fp16 const; additionally the affine-less core surface (1,3..."
3162,const,direct-const,constant data; filtered before the program stream (ANEH13Compiler.mm:1391-1393)
3163,const,direct-const,constant data; filtered before the program stream (ANEH13Compiler.mm:1391-1393)
3164,const,direct-const,constant data; filtered before the program stream (ANEH13Compiler.mm:1391-1393)
3165,const,direct-const,constant data; filtered before the program stream (ANEH13Compiler.mm:1391-1393)
3166,const,direct-const,constant data; filtered before the program stream (ANEH13Compiler.mm:1391-1393)
3167,const,direct-const,constant data; filtered before the program stream (ANEH13Compiler.mm:1391-1393)
3168,const,direct-const,constant data; filtered before the program stream (ANEH13Compiler.mm:1391-1393)
3169,transpose,missing,no H13 encoder for 'transpose': lowerOperation final reject 'H13 has no source-qualified encoder for' (ANEH13Compiler.mm:1349-1350)
3170,conv,missing-envelope,"rank-3 spelling rejected by convSurface (requires rank-4 fp16 NCHW batch=1); rank-4 re-spell would still need surface in kConvTasks: in=(1, 1024, 375) out=(1, 2048, 375) k=? s=1 g=1 pad_type 'valid'"
3171,const,direct-const,constant data; filtered before the program stream (ANEH13Compiler.mm:1391-1393)
3172,const,direct-const,constant data; filtered before the program stream (ANEH13Compiler.mm:1391-1393)
3173,split,missing,no H13 encoder for 'split': lowerOperation final reject 'H13 has no source-qualified encoder for' (ANEH13Compiler.mm:1349-1350)
3174,sigmoid,missing-envelope,"no Sigmoid surface for (1, 1024, 375): kElementwiseTasks carries unary ops only on channel-vector surfaces (C,1,1) C<=4096; unary ops have NO generic fallback (parityPlan-only path)"
3175,mul,direct,"h13-source-qualified two-runtime same-shape binary, 64-element slices (rung 01-add-legacy proven path)"
3176,select,missing,no H13 encoder for 'select': lowerOperation final reject 'H13 has no source-qualified encoder for' (ANEH13Compiler.mm:1349-1350)
3177,const,direct-const,constant data; filtered before the program stream (ANEH13Compiler.mm:1391-1393)
3178,const,direct-const,constant data; filtered before the program stream (ANEH13Compiler.mm:1391-1393)
3179,const,direct-const,constant data; filtered before the program stream (ANEH13Compiler.mm:1391-1393)
3180,const,direct-const,constant data; filtered before the program stream (ANEH13Compiler.mm:1391-1393)
3181,const,direct-const,constant data; filtered before the program stream (ANEH13Compiler.mm:1391-1393)
3182,const,direct-const,constant data; filtered before the program stream (ANEH13Compiler.mm:1391-1393)
3183,const,direct-const,constant data; filtered before the program stream (ANEH13Compiler.mm:1391-1393)
3184,conv,missing-envelope,"rank-3 spelling rejected by convSurface (requires rank-4 fp16 NCHW batch=1); rank-4 re-spell would still need surface in kConvTasks: in=(1, 1024, 375) out=(1, 1024, 375) k=? s=1 g=1024 pad_type 'custom'"
3185,silu,missing-envelope,"no Silu surface for (1, 1024, 375): kElementwiseTasks carries unary ops only on channel-vector surfaces (C,1,1) C<=4096; unary ops have NO generic fallback (parityPlan-only path)"
3186,const,direct-const,constant data; filtered before the program stream (ANEH13Compiler.mm:1391-1393)
3187,const,direct-const,constant data; filtered before the program stream (ANEH13Compiler.mm:1391-1393)
3188,const,direct-const,constant data; filtered before the program stream (ANEH13Compiler.mm:1391-1393)
3189,const,direct-const,constant data; filtered before the program stream (ANEH13Compiler.mm:1391-1393)
3190,const,direct-const,constant data; filtered before the program stream (ANEH13Compiler.mm:1391-1393)
3191,const,direct-const,constant data; filtered before the program stream (ANEH13Compiler.mm:1391-1393)
3192,conv,missing-envelope,"rank-3 spelling rejected by convSurface (requires rank-4 fp16 NCHW batch=1); rank-4 re-spell would still need surface in kConvTasks: in=(1, 1024, 375) out=(1, 1024, 375) k=? s=1 g=1 pad_type 'valid'"
3193,const,direct-const,constant data; filtered before the program stream (ANEH13Compiler.mm:1391-1393)
3194,transpose,missing,no H13 encoder for 'transpose': lowerOperation final reject 'H13 has no source-qualified encoder for' (ANEH13Compiler.mm:1349-1350)
3195,add,direct,"h13-source-qualified two-runtime same-shape binary, 64-element slices (rung 01-add-legacy proven path)"
3196,const,direct-const,constant data; filtered before the program stream (ANEH13Compiler.mm:1391-1393)
3197,const,direct-const,constant data; filtered before the program stream (ANEH13Compiler.mm:1391-1393)
3198,const,direct-const,constant data; filtered before the program stream (ANEH13Compiler.mm:1391-1393)
3199,layer_norm,missing,"normParityPlan hard-rejects affine layer_norm: requires args==3, fp32 epsilon==1e-5, NO gamma/beta ('Apple's compiler in this harness rejects every affine form', ANEH13Compiler.mm:751-792); all 120 here carry gamma+beta with epsilon as an fp16 const; additionally the affine-less core surface (1,3..."
3200,constexpr_lut_to_dense,normalization-needed,"4-bit palettization wrapper (fp16 LUT 64 or 256 groups x 16 centroids, uint4 indices) over weight.bin blob data: decompress to dense fp16 at weight-prep and emit as const BLOBFILE; no H13 encoder consumes palettized data"
3201,linear,normalization-needed,"weight producer is constexpr_lut_to_dense (constexpr_lut_to_dense), so constantValue(weight) is false and the linear handler rejects with h13.linear-nonconstant-weight; host LUT decompression (fp16 LUT [G,1,16,1] + uint4 indices -> dense fp16 [N,K]) re-emitted as a const with BLOBFILE payload unb..."
3202,silu,missing-envelope,"no Silu surface for (1, 375, 4096): kElementwiseTasks carries unary ops only on channel-vector surfaces (C,1,1) C<=4096; unary ops have NO generic fallback (parityPlan-only path)"
3203,constexpr_lut_to_dense,normalization-needed,"4-bit palettization wrapper (fp16 LUT 64 or 256 groups x 16 centroids, uint4 indices) over weight.bin blob data: decompress to dense fp16 at weight-prep and emit as const BLOBFILE; no H13 encoder consumes palettized data"
3204,linear,normalization-needed,"weight producer is constexpr_lut_to_dense (constexpr_lut_to_dense), so constantValue(weight) is false and the linear handler rejects with h13.linear-nonconstant-weight; host LUT decompression (fp16 LUT [G,1,16,1] + uint4 indices -> dense fp16 [N,K]) re-emitted as a const with BLOBFILE payload unb..."
3205,const,direct-const,constant data; filtered before the program stream (ANEH13Compiler.mm:1391-1393)
3206,mul,direct,"inline fp16 scalar mul fold (splat constant, 64-element slices)"
3207,add,direct,"h13-source-qualified two-runtime same-shape binary, 64-element slices (rung 01-add-legacy proven path)"
3208,const,direct-const,constant data; filtered before the program stream (ANEH13Compiler.mm:1391-1393)
3209,const,direct-const,constant data; filtered before the program stream (ANEH13Compiler.mm:1391-1393)
3210,const,direct-const,constant data; filtered before the program stream (ANEH13Compiler.mm:1391-1393)
3211,layer_norm,missing,"normParityPlan hard-rejects affine layer_norm: requires args==3, fp32 epsilon==1e-5, NO gamma/beta ('Apple's compiler in this harness rejects every affine form', ANEH13Compiler.mm:751-792); all 120 here carry gamma+beta with epsilon as an fp16 const; additionally the affine-less core surface (1,3..."
3212,const,direct-const,constant data; filtered before the program stream (ANEH13Compiler.mm:1391-1393)
3213,const,direct-const,constant data; filtered before the program stream (ANEH13Compiler.mm:1391-1393)
3214,const,direct-const,constant data; filtered before the program stream (ANEH13Compiler.mm:1391-1393)
3215,layer_norm,missing,"normParityPlan hard-rejects affine layer_norm: requires args==3, fp32 epsilon==1e-5, NO gamma/beta ('Apple's compiler in this harness rejects every affine form', ANEH13Compiler.mm:751-792); all 120 here carry gamma+beta with epsilon as an fp16 const; additionally the affine-less core surface (1,3..."
3216,constexpr_lut_to_dense,normalization-needed,"4-bit palettization wrapper (fp16 LUT 64 or 256 groups x 16 centroids, uint4 indices) over weight.bin blob data: decompress to dense fp16 at weight-prep and emit as const BLOBFILE; no H13 encoder consumes palettized data"
3217,linear,normalization-needed,"weight producer is constexpr_lut_to_dense (constexpr_lut_to_dense), so constantValue(weight) is false and the linear handler rejects with h13.linear-nonconstant-weight; host LUT decompression (fp16 LUT [G,1,16,1] + uint4 indices -> dense fp16 [N,K]) re-emitted as a const with BLOBFILE payload unb..."
3218,silu,missing-envelope,"no Silu surface for (1, 375, 4096): kElementwiseTasks carries unary ops only on channel-vector surfaces (C,1,1) C<=4096; unary ops have NO generic fallback (parityPlan-only path)"
3219,constexpr_lut_to_dense,normalization-needed,"4-bit palettization wrapper (fp16 LUT 64 or 256 groups x 16 centroids, uint4 indices) over weight.bin blob data: decompress to dense fp16 at weight-prep and emit as const BLOBFILE; no H13 encoder consumes palettized data"
3220,linear,normalization-needed,"weight producer is constexpr_lut_to_dense (constexpr_lut_to_dense), so constantValue(weight) is false and the linear handler rejects with h13.linear-nonconstant-weight; host LUT decompression (fp16 LUT [G,1,16,1] + uint4 indices -> dense fp16 [N,K]) re-emitted as a const with BLOBFILE payload unb..."
3221,const,direct-const,constant data; filtered before the program stream (ANEH13Compiler.mm:1391-1393)
3222,mul,direct,"inline fp16 scalar mul fold (splat constant, 64-element slices)"
3223,add,direct,"h13-source-qualified two-runtime same-shape binary, 64-element slices (rung 01-add-legacy proven path)"
3224,const,direct-const,constant data; filtered before the program stream (ANEH13Compiler.mm:1391-1393)
3225,const,direct-const,constant data; filtered before the program stream (ANEH13Compiler.mm:1391-1393)
3226,const,direct-const,constant data; filtered before the program stream (ANEH13Compiler.mm:1391-1393)
3227,layer_norm,missing,"normParityPlan hard-rejects affine layer_norm: requires args==3, fp32 epsilon==1e-5, NO gamma/beta ('Apple's compiler in this harness rejects every affine form', ANEH13Compiler.mm:751-792); all 120 here carry gamma+beta with epsilon as an fp16 const; additionally the affine-less core surface (1,3..."
3228,constexpr_lut_to_dense,normalization-needed,"4-bit palettization wrapper (fp16 LUT 64 or 256 groups x 16 centroids, uint4 indices) over weight.bin blob data: decompress to dense fp16 at weight-prep and emit as const BLOBFILE; no H13 encoder consumes palettized data"
3229,linear,normalization-needed,"weight producer is constexpr_lut_to_dense (constexpr_lut_to_dense), so constantValue(weight) is false and the linear handler rejects with h13.linear-nonconstant-weight; host LUT decompression (fp16 LUT [G,1,16,1] + uint4 indices -> dense fp16 [N,K]) re-emitted as a const with BLOBFILE payload unb..."
3230,const,direct-const,constant data; filtered before the program stream (ANEH13Compiler.mm:1391-1393)
3231,reshape,direct-alias,"compile-loop shape alias: metadata only, no program emitted (ANEH13Compiler.mm:1456-1482)"
3232,const,direct-const,constant data; filtered before the program stream (ANEH13Compiler.mm:1391-1393)
3233,constexpr_lut_to_dense,normalization-needed,"4-bit palettization wrapper (fp16 LUT 64 or 256 groups x 16 centroids, uint4 indices) over weight.bin blob data: decompress to dense fp16 at weight-prep and emit as const BLOBFILE; no H13 encoder consumes palettized data"
3234,linear,normalization-needed,"weight producer is constexpr_lut_to_dense (constexpr_lut_to_dense), so constantValue(weight) is false and the linear handler rejects with h13.linear-nonconstant-weight; host LUT decompression (fp16 LUT [G,1,16,1] + uint4 indices -> dense fp16 [N,K]) re-emitted as a const with BLOBFILE payload unb..."
3235,const,direct-const,constant data; filtered before the program stream (ANEH13Compiler.mm:1391-1393)
3236,reshape,direct-alias,"compile-loop shape alias: metadata only, no program emitted (ANEH13Compiler.mm:1456-1482)"
3237,const,direct-const,constant data; filtered before the program stream (ANEH13Compiler.mm:1391-1393)
3238,constexpr_lut_to_dense,normalization-needed,"4-bit palettization wrapper (fp16 LUT 64 or 256 groups x 16 centroids, uint4 indices) over weight.bin blob data: decompress to dense fp16 at weight-prep and emit as const BLOBFILE; no H13 encoder consumes palettized data"
3239,linear,normalization-needed,"weight producer is constexpr_lut_to_dense (constexpr_lut_to_dense), so constantValue(weight) is false and the linear handler rejects with h13.linear-nonconstant-weight; host LUT decompression (fp16 LUT [G,1,16,1] + uint4 indices -> dense fp16 [N,K]) re-emitted as a const with BLOBFILE payload unb..."
3240,const,direct-const,constant data; filtered before the program stream (ANEH13Compiler.mm:1391-1393)
3241,reshape,direct-alias,"compile-loop shape alias: metadata only, no program emitted (ANEH13Compiler.mm:1456-1482)"
3242,const,direct-const,constant data; filtered before the program stream (ANEH13Compiler.mm:1391-1393)
3243,const,direct-const,constant data; filtered before the program stream (ANEH13Compiler.mm:1391-1393)
3244,transpose,missing,no H13 encoder for 'transpose': lowerOperation final reject 'H13 has no source-qualified encoder for' (ANEH13Compiler.mm:1349-1350)
3245,add,direct,whole-tensor constant fold (add/mul/max/min; sub folds as sign-flipped add; real_div folds only for powers of two)
3246,const,direct-const,constant data; filtered before the program stream (ANEH13Compiler.mm:1391-1393)
3247,add,direct,whole-tensor constant fold (add/mul/max/min; sub folds as sign-flipped add; real_div folds only for powers of two)
3248,const,direct-const,constant data; filtered before the program stream (ANEH13Compiler.mm:1391-1393)
3249,const,direct-const,constant data; filtered before the program stream (ANEH13Compiler.mm:1391-1393)
3250,const,direct-const,constant data; filtered before the program stream (ANEH13Compiler.mm:1391-1393)
3251,matmul,normalization-needed,"const-weight matmul 3000x128x749 tx=False ty=False outside parity envelope; falls to the source-qualified chunked matvec path (per-row/512-column slices, physical reduction 256/512, weight must be a const with BLOBFILE payload — this proto stores it inline, so the handoff must re-emit weight.bin ..."
3252,const,direct-const,constant data; filtered before the program stream (ANEH13Compiler.mm:1391-1393)
3253,const,direct-const,constant data; filtered before the program stream (ANEH13Compiler.mm:1391-1393)
3254,const,direct-const,constant data; filtered before the program stream (ANEH13Compiler.mm:1391-1393)
3255,pad,missing,no H13 encoder for 'pad': lowerOperation final reject 'H13 has no source-qualified encoder for' (ANEH13Compiler.mm:1349-1350)
3256,const,direct-const,constant data; filtered before the program stream (ANEH13Compiler.mm:1391-1393)
3257,reshape,direct-alias,"compile-loop shape alias: metadata only, no program emitted (ANEH13Compiler.mm:1456-1482)"
3258,const,direct-const,constant data; filtered before the program stream (ANEH13Compiler.mm:1391-1393)
3259,const,direct-const,constant data; filtered before the program stream (ANEH13Compiler.mm:1391-1393)
3260,const,direct-const,constant data; filtered before the program stream (ANEH13Compiler.mm:1391-1393)
3261,slice_by_index,missing,no H13 encoder for 'slice_by_index': lowerOperation final reject 'H13 has no source-qualified encoder for' (ANEH13Compiler.mm:1349-1350)
3262,const,direct-const,constant data; filtered before the program stream (ANEH13Compiler.mm:1391-1393)
3263,reshape,direct-alias,"compile-loop shape alias: metadata only, no program emitted (ANEH13Compiler.mm:1456-1482)"
3264,const,direct-const,constant data; filtered before the program stream (ANEH13Compiler.mm:1391-1393)
3265,const,direct-const,constant data; filtered before the program stream (ANEH13Compiler.mm:1391-1393)
3266,const,direct-const,constant data; filtered before the program stream (ANEH13Compiler.mm:1391-1393)
3267,slice_by_index,missing,no H13 encoder for 'slice_by_index': lowerOperation final reject 'H13 has no source-qualified encoder for' (ANEH13Compiler.mm:1349-1350)
3268,const,direct-const,constant data; filtered before the program stream (ANEH13Compiler.mm:1391-1393)
3269,mul,direct,"inline fp16 scalar mul fold (splat constant, 64-element slices)"
3270,select,missing,no H13 encoder for 'select': lowerOperation final reject 'H13 has no source-qualified encoder for' (ANEH13Compiler.mm:1349-1350)
3271,mul,direct,"inline fp16 scalar mul fold (splat constant, 64-element slices)"
3272,const,direct-const,constant data; filtered before the program stream (ANEH13Compiler.mm:1391-1393)
3273,const,direct-const,constant data; filtered before the program stream (ANEH13Compiler.mm:1391-1393)
3274,transpose,missing,no H13 encoder for 'transpose': lowerOperation final reject 'H13 has no source-qualified encoder for' (ANEH13Compiler.mm:1349-1350)
3275,matmul,missing-envelope,"runtime-operand matmul rows=3000 red=128 cols=375 tx=False ty=True y=(1, 8, 375, 128): outside kMatmulEnvelopeTasks (rows decoded only for 1 and 16); runtime-weight matmul is parity-path-only — reject h13.matmul-outside-envelope; no chunked fallback exists for runtime operands"
3276,add,direct,"h13-source-qualified two-runtime same-shape binary, 64-element slices (rung 01-add-legacy proven path)"
3277,const,direct-const,constant data; filtered before the program stream (ANEH13Compiler.mm:1391-1393)
3278,softmax,missing-envelope,"softmax template lookup in=(8, 375, 375) out=(8, 375, 375) axis-mask=0x08: absent from kNormTasks (44 decoded softmax programs; largest spatial 256x256); normParityPlan is softmax's only path (no generic fallback)"
3279,const,direct-const,constant data; filtered before the program stream (ANEH13Compiler.mm:1391-1393)
3280,const,direct-const,constant data; filtered before the program stream (ANEH13Compiler.mm:1391-1393)
3281,transpose,missing,no H13 encoder for 'transpose': lowerOperation final reject 'H13 has no source-qualified encoder for' (ANEH13Compiler.mm:1349-1350)
3282,matmul,missing-envelope,"runtime-operand matmul rows=3000 red=375 cols=128 tx=False ty=False y=(1, 8, 375, 128): outside kMatmulEnvelopeTasks (rows decoded only for 1 and 16); runtime-weight matmul is parity-path-only — reject h13.matmul-outside-envelope; no chunked fallback exists for runtime operands"
3283,const,direct-const,constant data; filtered before the program stream (ANEH13Compiler.mm:1391-1393)
3284,const,direct-const,constant data; filtered before the program stream (ANEH13Compiler.mm:1391-1393)
3285,transpose,missing,no H13 encoder for 'transpose': lowerOperation final reject 'H13 has no source-qualified encoder for' (ANEH13Compiler.mm:1349-1350)
3286,reshape,direct-alias,"compile-loop shape alias: metadata only, no program emitted (ANEH13Compiler.mm:1456-1482)"
3287,constexpr_lut_to_dense,normalization-needed,"4-bit palettization wrapper (fp16 LUT 64 or 256 groups x 16 centroids, uint4 indices) over weight.bin blob data: decompress to dense fp16 at weight-prep and emit as const BLOBFILE; no H13 encoder consumes palettized data"
3288,linear,normalization-needed,"weight producer is constexpr_lut_to_dense (constexpr_lut_to_dense), so constantValue(weight) is false and the linear handler rejects with h13.linear-nonconstant-weight; host LUT decompression (fp16 LUT [G,1,16,1] + uint4 indices -> dense fp16 [N,K]) re-emitted as a const with BLOBFILE payload unb..."
3289,add,direct,"h13-source-qualified two-runtime same-shape binary, 64-element slices (rung 01-add-legacy proven path)"
3290,const,direct-const,constant data; filtered before the program stream (ANEH13Compiler.mm:1391-1393)
3291,const,direct-const,constant data; filtered before the program stream (ANEH13Compiler.mm:1391-1393)
3292,const,direct-const,constant data; filtered before the program stream (ANEH13Compiler.mm:1391-1393)
3293,layer_norm,missing,"normParityPlan hard-rejects affine layer_norm: requires args==3, fp32 epsilon==1e-5, NO gamma/beta ('Apple's compiler in this harness rejects every affine form', ANEH13Compiler.mm:751-792); all 120 here carry gamma+beta with epsilon as an fp16 const; additionally the affine-less core surface (1,3..."
3294,const,direct-const,constant data; filtered before the program stream (ANEH13Compiler.mm:1391-1393)
3295,const,direct-const,constant data; filtered before the program stream (ANEH13Compiler.mm:1391-1393)
3296,const,direct-const,constant data; filtered before the program stream (ANEH13Compiler.mm:1391-1393)
3297,const,direct-const,constant data; filtered before the program stream (ANEH13Compiler.mm:1391-1393)
3298,const,direct-const,constant data; filtered before the program stream (ANEH13Compiler.mm:1391-1393)
3299,const,direct-const,constant data; filtered before the program stream (ANEH13Compiler.mm:1391-1393)
3300,const,direct-const,constant data; filtered before the program stream (ANEH13Compiler.mm:1391-1393)
3301,transpose,missing,no H13 encoder for 'transpose': lowerOperation final reject 'H13 has no source-qualified encoder for' (ANEH13Compiler.mm:1349-1350)
3302,conv,missing-envelope,"rank-3 spelling rejected by convSurface (requires rank-4 fp16 NCHW batch=1); rank-4 re-spell would still need surface in kConvTasks: in=(1, 1024, 375) out=(1, 2048, 375) k=? s=1 g=1 pad_type 'valid'"
3303,const,direct-const,constant data; filtered before the program stream (ANEH13Compiler.mm:1391-1393)
3304,const,direct-const,constant data; filtered before the program stream (ANEH13Compiler.mm:1391-1393)
3305,split,missing,no H13 encoder for 'split': lowerOperation final reject 'H13 has no source-qualified encoder for' (ANEH13Compiler.mm:1349-1350)
3306,sigmoid,missing-envelope,"no Sigmoid surface for (1, 1024, 375): kElementwiseTasks carries unary ops only on channel-vector surfaces (C,1,1) C<=4096; unary ops have NO generic fallback (parityPlan-only path)"
3307,mul,direct,"h13-source-qualified two-runtime same-shape binary, 64-element slices (rung 01-add-legacy proven path)"
3308,select,missing,no H13 encoder for 'select': lowerOperation final reject 'H13 has no source-qualified encoder for' (ANEH13Compiler.mm:1349-1350)
3309,const,direct-const,constant data; filtered before the program stream (ANEH13Compiler.mm:1391-1393)
3310,const,direct-const,constant data; filtered before the program stream (ANEH13Compiler.mm:1391-1393)
3311,const,direct-const,constant data; filtered before the program stream (ANEH13Compiler.mm:1391-1393)
3312,const,direct-const,constant data; filtered before the program stream (ANEH13Compiler.mm:1391-1393)
3313,const,direct-const,constant data; filtered before the program stream (ANEH13Compiler.mm:1391-1393)
3314,const,direct-const,constant data; filtered before the program stream (ANEH13Compiler.mm:1391-1393)
3315,const,direct-const,constant data; filtered before the program stream (ANEH13Compiler.mm:1391-1393)
3316,conv,missing-envelope,"rank-3 spelling rejected by convSurface (requires rank-4 fp16 NCHW batch=1); rank-4 re-spell would still need surface in kConvTasks: in=(1, 1024, 375) out=(1, 1024, 375) k=? s=1 g=1024 pad_type 'custom'"
3317,silu,missing-envelope,"no Silu surface for (1, 1024, 375): kElementwiseTasks carries unary ops only on channel-vector surfaces (C,1,1) C<=4096; unary ops have NO generic fallback (parityPlan-only path)"
3318,const,direct-const,constant data; filtered before the program stream (ANEH13Compiler.mm:1391-1393)
3319,const,direct-const,constant data; filtered before the program stream (ANEH13Compiler.mm:1391-1393)
3320,const,direct-const,constant data; filtered before the program stream (ANEH13Compiler.mm:1391-1393)
3321,const,direct-const,constant data; filtered before the program stream (ANEH13Compiler.mm:1391-1393)
3322,const,direct-const,constant data; filtered before the program stream (ANEH13Compiler.mm:1391-1393)
3323,const,direct-const,constant data; filtered before the program stream (ANEH13Compiler.mm:1391-1393)
3324,conv,missing-envelope,"rank-3 spelling rejected by convSurface (requires rank-4 fp16 NCHW batch=1); rank-4 re-spell would still need surface in kConvTasks: in=(1, 1024, 375) out=(1, 1024, 375) k=? s=1 g=1 pad_type 'valid'"
3325,const,direct-const,constant data; filtered before the program stream (ANEH13Compiler.mm:1391-1393)
3326,transpose,missing,no H13 encoder for 'transpose': lowerOperation final reject 'H13 has no source-qualified encoder for' (ANEH13Compiler.mm:1349-1350)
3327,add,direct,"h13-source-qualified two-runtime same-shape binary, 64-element slices (rung 01-add-legacy proven path)"
3328,const,direct-const,constant data; filtered before the program stream (ANEH13Compiler.mm:1391-1393)
3329,const,direct-const,constant data; filtered before the program stream (ANEH13Compiler.mm:1391-1393)
3330,const,direct-const,constant data; filtered before the program stream (ANEH13Compiler.mm:1391-1393)
3331,layer_norm,missing,"normParityPlan hard-rejects affine layer_norm: requires args==3, fp32 epsilon==1e-5, NO gamma/beta ('Apple's compiler in this harness rejects every affine form', ANEH13Compiler.mm:751-792); all 120 here carry gamma+beta with epsilon as an fp16 const; additionally the affine-less core surface (1,3..."
3332,constexpr_lut_to_dense,normalization-needed,"4-bit palettization wrapper (fp16 LUT 64 or 256 groups x 16 centroids, uint4 indices) over weight.bin blob data: decompress to dense fp16 at weight-prep and emit as const BLOBFILE; no H13 encoder consumes palettized data"
3333,linear,normalization-needed,"weight producer is constexpr_lut_to_dense (constexpr_lut_to_dense), so constantValue(weight) is false and the linear handler rejects with h13.linear-nonconstant-weight; host LUT decompression (fp16 LUT [G,1,16,1] + uint4 indices -> dense fp16 [N,K]) re-emitted as a const with BLOBFILE payload unb..."
3334,silu,missing-envelope,"no Silu surface for (1, 375, 4096): kElementwiseTasks carries unary ops only on channel-vector surfaces (C,1,1) C<=4096; unary ops have NO generic fallback (parityPlan-only path)"
3335,constexpr_lut_to_dense,normalization-needed,"4-bit palettization wrapper (fp16 LUT 64 or 256 groups x 16 centroids, uint4 indices) over weight.bin blob data: decompress to dense fp16 at weight-prep and emit as const BLOBFILE; no H13 encoder consumes palettized data"
3336,linear,normalization-needed,"weight producer is constexpr_lut_to_dense (constexpr_lut_to_dense), so constantValue(weight) is false and the linear handler rejects with h13.linear-nonconstant-weight; host LUT decompression (fp16 LUT [G,1,16,1] + uint4 indices -> dense fp16 [N,K]) re-emitted as a const with BLOBFILE payload unb..."
3337,const,direct-const,constant data; filtered before the program stream (ANEH13Compiler.mm:1391-1393)
3338,mul,direct,"inline fp16 scalar mul fold (splat constant, 64-element slices)"
3339,add,direct,"h13-source-qualified two-runtime same-shape binary, 64-element slices (rung 01-add-legacy proven path)"
3340,const,direct-const,constant data; filtered before the program stream (ANEH13Compiler.mm:1391-1393)
3341,const,direct-const,constant data; filtered before the program stream (ANEH13Compiler.mm:1391-1393)
3342,const,direct-const,constant data; filtered before the program stream (ANEH13Compiler.mm:1391-1393)
3343,layer_norm,missing,"normParityPlan hard-rejects affine layer_norm: requires args==3, fp32 epsilon==1e-5, NO gamma/beta ('Apple's compiler in this harness rejects every affine form', ANEH13Compiler.mm:751-792); all 120 here carry gamma+beta with epsilon as an fp16 const; additionally the affine-less core surface (1,3..."
3344,constexpr_lut_to_dense,normalization-needed,"4-bit palettization wrapper (fp16 LUT 64 or 256 groups x 16 centroids, uint4 indices) over weight.bin blob data: decompress to dense fp16 at weight-prep and emit as const BLOBFILE; no H13 encoder consumes palettized data"
3345,const,direct-const,constant data; filtered before the program stream (ANEH13Compiler.mm:1391-1393)
3346,linear,normalization-needed,"weight producer is constexpr_lut_to_dense (constexpr_lut_to_dense), so constantValue(weight) is false and the linear handler rejects with h13.linear-nonconstant-weight; host LUT decompression (fp16 LUT [G,1,16,1] + uint4 indices -> dense fp16 [N,K]) re-emitted as a const with BLOBFILE payload unb..."
3347,const,direct-const,constant data; filtered before the program stream (ANEH13Compiler.mm:1391-1393)
3348,const,direct-const,constant data; filtered before the program stream (ANEH13Compiler.mm:1391-1393)
3349,cast,missing,no H13 encoder for 'cast': lowerOperation final reject 'H13 has no source-qualified encoder for' (ANEH13Compiler.mm:1349-1350)
3350,cast,missing,no H13 encoder for 'cast': lowerOperation final reject 'H13 has no source-qualified encoder for' (ANEH13Compiler.mm:1349-1350)
