Sep 20 15:02:20 jwm1-linux kernel: Booting Linux on physical CPU 0x0000000000 [0x611f0221]
Sep 20 15:02:20 jwm1-linux kernel: Linux version 7.1.13-3-2-ARCH (linux-asahi@archlinux) (gcc (GCC) 16.1.1 20260430, GNU ld (GNU Binutils) 2.46.0) #1 SMP PREEMPT_DYNAMIC Sat, 19 Sep 2026 16:04:41 +0000
Sep 20 15:02:20 jwm1-linux kernel: random: crng init done
Sep 20 15:02:20 jwm1-linux kernel: Machine model: Apple MacBook Pro (13-inch, M1, 2020)
Sep 20 15:02:20 jwm1-linux kernel: efi: EFI v2.11 by Das U-Boot
Sep 20 15:02:20 jwm1-linux kernel: efi: RTPROP=0xbcda37040 SMBIOS 3.0=0xbceac8000 INITRD=0xb34ffe040 MEMRESERVE=0xb34ffd040 
Sep 20 15:02:20 jwm1-linux kernel: OF: reserved mem: 0x0000000801b50000..0x0000000801f7ffff (4288 KiB) nomap non-reusable asc-firmware@801b50000
Sep 20 15:02:20 jwm1-linux kernel: OF: reserved mem: 0x0000000800b0c000..0x000000080152ffff (10384 KiB) nomap non-reusable asc-firmware@800b0c000
Sep 20 15:02:20 jwm1-linux kernel: OF: reserved mem: 0x000000080547c000..0x0000000805a53fff (5984 KiB) map non-reusable sep-firmware
Sep 20 15:02:20 jwm1-linux kernel: OF: reserved mem: 0x0000000bd5d5c000..0x0000000bd8ab7fff (46448 KiB) nomap non-reusable framebuffer@bd5d5c000
Sep 20 15:02:20 jwm1-linux kernel: OF: reserved mem: 0x0000000bd8ab8000..0x0000000bd8b77fff (768 KiB) nomap non-reusable region95@bd8ab8000
Sep 20 15:02:20 jwm1-linux kernel: OF: reserved mem: 0x0000000bd8b78000..0x0000000bd8b7bfff (16 KiB) nomap non-reusable region94@bd8b78000
Sep 20 15:02:20 jwm1-linux kernel: OF: reserved mem: 0x0000000bd8b7c000..0x0000000bd9b7bfff (16384 KiB) nomap non-reusable region57@bd8b7c000
Sep 20 15:02:20 jwm1-linux kernel: OF: reserved mem: 0x0000000bd9b7c000..0x0000000bd9e7bfff (3072 KiB) nomap non-reusable dcp_data@bd9b7c000
Sep 20 15:02:20 jwm1-linux kernel: OF: reserved mem: 0x0000000bd2bac000..0x0000000bd2baffff (16 KiB) map non-reusable flash@bd2bac000
Sep 20 15:02:20 jwm1-linux kernel: OF: reserved mem: 0x0000000804dd4000..0x0000000804e33fff (384 KiB) map non-reusable flash@804dd4000
Sep 20 15:02:20 jwm1-linux kernel: OF: reserved mem: 0x0000000bd2b8c000..0x0000000bd2b9ffff (80 KiB) map non-reusable globals
Sep 20 15:02:20 jwm1-linux kernel: OF: reserved mem: 0x0000000bd2ba4000..0x0000000bd2babfff (32 KiB) map non-reusable hw-cal-a
Sep 20 15:02:20 jwm1-linux kernel: OF: reserved mem: 0x0000000bd2ba0000..0x0000000bd2ba3fff (16 KiB) map non-reusable hw-cal-b
Sep 20 15:02:20 jwm1-linux kernel: OF: reserved mem: 0x0000000bfff70000..0x0000000bfff73fff (16 KiB) map non-reusable uat-handoff
Sep 20 15:02:20 jwm1-linux kernel: OF: reserved mem: 0x0000000bfff78000..0x0000000bfffb7fff (256 KiB) map non-reusable uat-pagetables
Sep 20 15:02:20 jwm1-linux kernel: OF: reserved mem: 0x0000000bfffb8000..0x0000000bfffbbfff (16 KiB) map non-reusable uat-ttbs
Sep 20 15:02:20 jwm1-linux kernel: OF: reserved mem: 0x0000000bd2bb0000..0x0000000bd2d5bfff (1712 KiB) nomap non-reusable isp-heap
Sep 20 15:02:20 jwm1-linux kernel: cma: Reserved 64 MiB at 0x0000000808000000
Sep 20 15:02:20 jwm1-linux kernel: Zone ranges:
Sep 20 15:02:20 jwm1-linux kernel:   DMA      [mem 0x0000000800b0c000-0x0000000bfffbbfff]
Sep 20 15:02:20 jwm1-linux kernel:   DMA32    empty
Sep 20 15:02:20 jwm1-linux kernel:   Normal   empty
Sep 20 15:02:20 jwm1-linux kernel: Movable zone start for each node
Sep 20 15:02:20 jwm1-linux kernel: Early memory node ranges
Sep 20 15:02:20 jwm1-linux kernel:   node   0: [mem 0x0000000800b0c000-0x000000080152ffff]
Sep 20 15:02:20 jwm1-linux kernel:   node   0: [mem 0x0000000801b50000-0x0000000801f7ffff]
Sep 20 15:02:20 jwm1-linux kernel:   node   0: [mem 0x0000000802078000-0x0000000804e8bfff]
Sep 20 15:02:20 jwm1-linux kernel:   node   0: [mem 0x0000000804e8c000-0x0000000804f9bfff]
Sep 20 15:02:20 jwm1-linux kernel:   node   0: [mem 0x0000000804f9c000-0x0000000806f13fff]
Sep 20 15:02:20 jwm1-linux kernel:   node   0: [mem 0x0000000806f14000-0x0000000806f23fff]
Sep 20 15:02:20 jwm1-linux kernel:   node   0: [mem 0x0000000806f24000-0x0000000806f27fff]
Sep 20 15:02:20 jwm1-linux kernel:   node   0: [mem 0x0000000806f28000-0x0000000806f37fff]
Sep 20 15:02:20 jwm1-linux kernel:   node   0: [mem 0x0000000806f38000-0x0000000806f3bfff]
Sep 20 15:02:20 jwm1-linux kernel:   node   0: [mem 0x0000000806f3c000-0x0000000806f4bfff]
Sep 20 15:02:20 jwm1-linux kernel:   node   0: [mem 0x0000000806f4c000-0x0000000806f4ffff]
Sep 20 15:02:20 jwm1-linux kernel:   node   0: [mem 0x0000000806f50000-0x0000000806f5ffff]
Sep 20 15:02:20 jwm1-linux kernel:   node   0: [mem 0x0000000806f60000-0x0000000806f63fff]
Sep 20 15:02:20 jwm1-linux kernel:   node   0: [mem 0x0000000806f64000-0x0000000806f73fff]
Sep 20 15:02:20 jwm1-linux kernel:   node   0: [mem 0x0000000806f74000-0x0000000806f77fff]
Sep 20 15:02:20 jwm1-linux kernel:   node   0: [mem 0x0000000806f78000-0x0000000806f87fff]
Sep 20 15:02:20 jwm1-linux kernel:   node   0: [mem 0x0000000806f88000-0x0000000806f8bfff]
Sep 20 15:02:20 jwm1-linux kernel:   node   0: [mem 0x0000000806f8c000-0x0000000806f9bfff]
Sep 20 15:02:20 jwm1-linux kernel:   node   0: [mem 0x0000000806f9c000-0x0000000806f9ffff]
Sep 20 15:02:20 jwm1-linux kernel:   node   0: [mem 0x0000000806fa0000-0x0000000806fcbfff]
Sep 20 15:02:20 jwm1-linux kernel:   node   0: [mem 0x0000000806fcc000-0x0000000b34bfffff]
Sep 20 15:02:20 jwm1-linux kernel:   node   0: [mem 0x0000000b34c00000-0x0000000b34c03fff]
Sep 20 15:02:20 jwm1-linux kernel:   node   0: [mem 0x0000000b34c04000-0x0000000bcda33fff]
Sep 20 15:02:20 jwm1-linux kernel:   node   0: [mem 0x0000000bcda34000-0x0000000bcda5bfff]
Sep 20 15:02:20 jwm1-linux kernel:   node   0: [mem 0x0000000bcda5c000-0x0000000bceac7fff]
Sep 20 15:02:20 jwm1-linux kernel:   node   0: [mem 0x0000000bceac8000-0x0000000bceacbfff]
Sep 20 15:02:20 jwm1-linux kernel:   node   0: [mem 0x0000000bceacc000-0x0000000bd2a9ffff]
Sep 20 15:02:20 jwm1-linux kernel:   node   0: [mem 0x0000000bd2aa0000-0x0000000bd2aaffff]
Sep 20 15:02:20 jwm1-linux kernel:   node   0: [mem 0x0000000bd2ab0000-0x0000000bd2b87fff]
Sep 20 15:02:20 jwm1-linux kernel:   node   0: [mem 0x0000000bd2b8c000-0x0000000bd2baffff]
Sep 20 15:02:20 jwm1-linux kernel:   node   0: [mem 0x0000000bd2bb0000-0x0000000bd2d5bfff]
Sep 20 15:02:20 jwm1-linux kernel:   node   0: [mem 0x0000000bd5d5c000-0x0000000bd9e7bfff]
Sep 20 15:02:20 jwm1-linux kernel:   node   0: [mem 0x0000000bfff70000-0x0000000bfff73fff]
Sep 20 15:02:20 jwm1-linux kernel:   node   0: [mem 0x0000000bfff78000-0x0000000bfffbbfff]
Sep 20 15:02:20 jwm1-linux kernel: Initmem setup node 0 [mem 0x0000000800b0c000-0x0000000bfffbbfff]
Sep 20 15:02:20 jwm1-linux kernel: On node 0, zone DMA: 707 pages in unavailable ranges
Sep 20 15:02:20 jwm1-linux kernel: On node 0, zone DMA: 392 pages in unavailable ranges
Sep 20 15:02:20 jwm1-linux kernel: On node 0, zone DMA: 62 pages in unavailable ranges
Sep 20 15:02:20 jwm1-linux kernel: On node 0, zone DMA: 1 pages in unavailable ranges
Sep 20 15:02:20 jwm1-linux kernel: On node 0, zone DMA: 3072 pages in unavailable ranges
Sep 20 15:02:20 jwm1-linux kernel: On node 0, zone DMA: 14397 pages in unavailable ranges
Sep 20 15:02:20 jwm1-linux kernel: On node 0, zone DMA: 1 pages in unavailable ranges
Sep 20 15:02:20 jwm1-linux kernel: On node 0, zone DMA: 17 pages in unavailable ranges
Sep 20 15:02:20 jwm1-linux kernel: percpu: Embedded 9 pages/cpu s103640 r8192 d35624 u147456
Sep 20 15:02:20 jwm1-linux kernel: pcpu-alloc: s103640 r8192 d35624 u147456 alloc=9*16384
Sep 20 15:02:20 jwm1-linux kernel: pcpu-alloc: [0] 0 [0] 1 [0] 2 [0] 3 [0] 4 [0] 5 [0] 6 [0] 7 
Sep 20 15:02:20 jwm1-linux kernel: Detected VIPT I-cache on CPU0
Sep 20 15:02:20 jwm1-linux kernel: CPU features: detected: Address authentication (IMP DEF algorithm)
Sep 20 15:02:20 jwm1-linux kernel: CPU features: detected: Virtualization Host Extensions
Sep 20 15:02:20 jwm1-linux kernel: CPU features: detected: Spectre-v4
Sep 20 15:02:20 jwm1-linux kernel: CPU features: detected: Spectre-BHB
Sep 20 15:02:20 jwm1-linux kernel: CPU features: detected: Apple IMPDEF PMUv3 Traps
Sep 20 15:02:20 jwm1-linux kernel: alternatives: applying boot alternatives
Sep 20 15:02:20 jwm1-linux kernel: Kernel command line: BOOT_IMAGE=/@/boot/vmlinuz-linux-asahi root=UUID=725346d2-f127-47bc-b464-9dd46155e8d6 rw rootflags=subvol=@ loglevel=3 quiet splash
Sep 20 15:02:20 jwm1-linux kernel: Unknown kernel command line parameters "splash", will be passed to user space.
Sep 20 15:02:20 jwm1-linux kernel: printk: log buffer data + meta data: 262144 + 1114112 = 1376256 bytes
Sep 20 15:02:20 jwm1-linux kernel: Dentry cache hash table entries: 2097152 (order: 10, 16777216 bytes, linear)
Sep 20 15:02:20 jwm1-linux kernel: Inode-cache hash table entries: 1048576 (order: 9, 8388608 bytes, linear)
Sep 20 15:02:20 jwm1-linux kernel: software IO TLB: SWIOTLB bounce buffer size adjusted to 15MB
Sep 20 15:02:20 jwm1-linux kernel: software IO TLB: area num 8.
Sep 20 15:02:20 jwm1-linux kernel: software IO TLB: SWIOTLB bounce buffer size roundup to 16MB
Sep 20 15:02:20 jwm1-linux kernel: software IO TLB: mapped [mem 0x0000000bcfa20000-0x0000000bd0a20000] (16MB)
Sep 20 15:02:20 jwm1-linux kernel: Built 1 zonelists, mobility grouping on.  Total pages: 1005351
Sep 20 15:02:20 jwm1-linux kernel: mem auto-init: stack:off, heap alloc:on, heap free:off
Sep 20 15:02:20 jwm1-linux kernel: SLUB: HWalign=64, Order=0-3, MinObjects=0, CPUs=8, Nodes=1
Sep 20 15:02:20 jwm1-linux kernel: ftrace: allocating 49671 entries in 49 pages
Sep 20 15:02:20 jwm1-linux kernel: ftrace: allocated 49 pages with 3 groups
Sep 20 15:02:20 jwm1-linux kernel: Dynamic Preempt: full
Sep 20 15:02:20 jwm1-linux kernel: rcu: Preemptible hierarchical RCU implementation.
Sep 20 15:02:20 jwm1-linux kernel: rcu:         RCU restricting CPUs from NR_CPUS=64 to nr_cpu_ids=8.
Sep 20 15:02:20 jwm1-linux kernel:         Trampoline variant of Tasks RCU enabled.
Sep 20 15:02:20 jwm1-linux kernel:         Rude variant of Tasks RCU enabled.
Sep 20 15:02:20 jwm1-linux kernel:         Tracing variant of Tasks RCU enabled.
Sep 20 15:02:20 jwm1-linux kernel: rcu: RCU calculated value of scheduler-enlistment delay is 100 jiffies.
Sep 20 15:02:20 jwm1-linux kernel: rcu: Adjusting geometry for rcu_fanout_leaf=16, nr_cpu_ids=8
Sep 20 15:02:20 jwm1-linux kernel: RCU Tasks: Setting shift to 3 and lim to 1 rcu_task_cb_adjust=1 rcu_task_cpu_ids=8.
Sep 20 15:02:20 jwm1-linux kernel: RCU Tasks Rude: Setting shift to 3 and lim to 1 rcu_task_cb_adjust=1 rcu_task_cpu_ids=8.
Sep 20 15:02:20 jwm1-linux kernel: NR_IRQS: 64, nr_irqs: 64, preallocated irqs: 0
Sep 20 15:02:20 jwm1-linux kernel: Root IRQ handler: aic_handle_irq
Sep 20 15:02:20 jwm1-linux kernel: Root FIQ handler: aic_handle_fiq
Sep 20 15:02:20 jwm1-linux kernel: irq_apple_aic: Using Fast IPIs
Sep 20 15:02:20 jwm1-linux kernel: irq_apple_aic: Initialized with 896/1024 IRQs * 1/1 die(s), 7 FIQs, 32 vIPIs
Sep 20 15:02:20 jwm1-linux kernel: rcu: srcu_init: Setting srcu_struct sizes based on contention.
Sep 20 15:02:20 jwm1-linux kernel: clocksource: jiffies: mask: 0xffffffff max_cycles: 0xffffffff, max_idle_ns: 1911260446275000 ns
Sep 20 15:02:20 jwm1-linux kernel: arch_timer: cp15 timer running at 24.00MHz (phys).
Sep 20 15:02:20 jwm1-linux kernel: clocksource: arch_sys_counter: mask: 0xffffffffffffff max_cycles: 0x588fe9dc0, max_idle_ns: 440795202592 ns
Sep 20 15:02:20 jwm1-linux kernel: sched_clock: 56 bits at 24MHz, resolution 41ns, wraps every 4398046511097ns
Sep 20 15:02:20 jwm1-linux kernel: Console: colour dummy device 80x25
Sep 20 15:02:20 jwm1-linux kernel: printk: legacy console [tty0] enabled
Sep 20 15:02:20 jwm1-linux kernel: Calibrating delay loop (skipped), value calculated using timer frequency.. 48.00 BogoMIPS (lpj=24000)
Sep 20 15:02:20 jwm1-linux kernel: pid_max: default: 32768 minimum: 301
Sep 20 15:02:20 jwm1-linux kernel: landlock: Up and running.
Sep 20 15:02:20 jwm1-linux kernel: Yama: becoming mindful.
Sep 20 15:02:20 jwm1-linux kernel: AppArmor: AppArmor initialized
Sep 20 15:02:20 jwm1-linux kernel: LSM support for eBPF active
Sep 20 15:02:20 jwm1-linux kernel: Mount-cache hash table entries: 32768 (order: 4, 262144 bytes, linear)
Sep 20 15:02:20 jwm1-linux kernel: Mountpoint-cache hash table entries: 32768 (order: 4, 262144 bytes, linear)
Sep 20 15:02:20 jwm1-linux kernel: VFS: Finished mounting rootfs on nullfs
Sep 20 15:02:20 jwm1-linux kernel: rcu: Hierarchical SRCU implementation.
Sep 20 15:02:20 jwm1-linux kernel: rcu:         Max phase no-delay instances is 400.
Sep 20 15:02:20 jwm1-linux kernel: Timer migration: 1 hierarchy levels; 8 children per group; 1 crossnode level
Sep 20 15:02:20 jwm1-linux kernel: Remapping and enabling EFI services.
Sep 20 15:02:20 jwm1-linux kernel: smp: Bringing up secondary CPUs ...
Sep 20 15:02:20 jwm1-linux kernel: Detected VIPT I-cache on CPU1
Sep 20 15:02:20 jwm1-linux kernel: CPU1: Booted secondary processor 0x0000000001 [0x611f0221]
Sep 20 15:02:20 jwm1-linux kernel: Detected VIPT I-cache on CPU2
Sep 20 15:02:20 jwm1-linux kernel: CPU2: Booted secondary processor 0x0000000002 [0x611f0221]
Sep 20 15:02:20 jwm1-linux kernel: Detected VIPT I-cache on CPU3
Sep 20 15:02:20 jwm1-linux kernel: CPU3: Booted secondary processor 0x0000000003 [0x611f0221]
Sep 20 15:02:20 jwm1-linux kernel: Detected VIPT I-cache on CPU4
Sep 20 15:02:20 jwm1-linux kernel: CPU4: Booted secondary processor 0x0000010100 [0x611f0231]
Sep 20 15:02:20 jwm1-linux kernel: Detected VIPT I-cache on CPU5
Sep 20 15:02:20 jwm1-linux kernel: CPU5: Booted secondary processor 0x0000010101 [0x611f0231]
Sep 20 15:02:20 jwm1-linux kernel: Detected VIPT I-cache on CPU6
Sep 20 15:02:20 jwm1-linux kernel: CPU6: Booted secondary processor 0x0000010102 [0x611f0231]
Sep 20 15:02:20 jwm1-linux kernel: Detected VIPT I-cache on CPU7
Sep 20 15:02:20 jwm1-linux kernel: CPU7: Booted secondary processor 0x0000010103 [0x611f0231]
Sep 20 15:02:20 jwm1-linux kernel: smp: Brought up 1 node, 8 CPUs
Sep 20 15:02:20 jwm1-linux kernel: SMP: Total of 8 processors activated.
Sep 20 15:02:20 jwm1-linux kernel: CPU: All CPU(s) started at EL2
Sep 20 15:02:20 jwm1-linux kernel: CPU features: detected: ARMv8.4 Translation Table Level
Sep 20 15:02:20 jwm1-linux kernel: CPU features: detected: Data cache clean to the PoU not required for I/D coherence
Sep 20 15:02:20 jwm1-linux kernel: CPU features: detected: Common not Private translations
Sep 20 15:02:20 jwm1-linux kernel: CPU features: detected: CRC32 instructions
Sep 20 15:02:20 jwm1-linux kernel: CPU features: detected: Data independent timing control (DIT)
Sep 20 15:02:20 jwm1-linux kernel: CPU features: detected: E0PD
Sep 20 15:02:20 jwm1-linux kernel: CPU features: detected: Enhanced Virtualization Traps
Sep 20 15:02:20 jwm1-linux kernel: CPU features: detected: Generic authentication (IMP DEF algorithm)
Sep 20 15:02:20 jwm1-linux kernel: CPU features: detected: RCpc load-acquire (LDAPR)
Sep 20 15:02:20 jwm1-linux kernel: CPU features: detected: LSE atomic instructions
Sep 20 15:02:20 jwm1-linux kernel: CPU features: detected: Privileged Access Never
Sep 20 15:02:20 jwm1-linux kernel: CPU features: detected: RAS Extension Support
Sep 20 15:02:20 jwm1-linux kernel: CPU features: detected: Speculation barrier (SB)
Sep 20 15:02:20 jwm1-linux kernel: CPU features: detected: Stage-2 Force Write-Back
Sep 20 15:02:20 jwm1-linux kernel: CPU features: detected: TLB range maintenance instructions
Sep 20 15:02:20 jwm1-linux kernel: CPU features: detected: XNX
Sep 20 15:02:20 jwm1-linux kernel: CPU features: detected: Speculative Store Bypassing Safe (SSBS)
Sep 20 15:02:20 jwm1-linux kernel: alternatives: applying system-wide alternatives
Sep 20 15:02:20 jwm1-linux kernel: CPU features: detected: ACTLR virtualization (IMPDEF, Apple)
Sep 20 15:02:20 jwm1-linux kernel: CPU features: detected: ICV_DIR_EL1 trapping
Sep 20 15:02:20 jwm1-linux kernel: CPU features: detected: TSO memory model (Apple)
Sep 20 15:02:20 jwm1-linux kernel: Memory: 15745264K/16085616K available (17088K kernel code, 2994K rwdata, 12112K rodata, 2560K init, 671K bss, 262032K reserved, 65536K cma-reserved)
Sep 20 15:02:20 jwm1-linux kernel: devtmpfs: initialized
Sep 20 15:02:20 jwm1-linux kernel: posixtimers hash table entries: 4096 (order: 2, 65536 bytes, linear)
Sep 20 15:02:20 jwm1-linux kernel: futex hash table entries: 2048 (131072 bytes on 1 NUMA nodes, total 128 KiB, linear).
Sep 20 15:02:20 jwm1-linux kernel: 5952 pages in range for non-PLT usage
Sep 20 15:02:20 jwm1-linux kernel: 128832 pages in range for PLT usage
Sep 20 15:02:20 jwm1-linux kernel: DMI: SMBIOS 3.7.0 present.
Sep 20 15:02:20 jwm1-linux kernel: DMI: Apple Inc. MacBookPro17,1/J293, BIOS 2026.07 07/01/2026
Sep 20 15:02:20 jwm1-linux kernel: DMI: Memory slots populated: 1/1
Sep 20 15:02:20 jwm1-linux kernel: NET: Registered PF_NETLINK/PF_ROUTE protocol family
Sep 20 15:02:20 jwm1-linux kernel: DMA: preallocated 2048 KiB GFP_KERNEL|GFP_DMA pool for atomic allocations
Sep 20 15:02:20 jwm1-linux kernel: audit: initializing netlink subsys (disabled)
Sep 20 15:02:20 jwm1-linux kernel: audit: type=2000 audit(0.008:1): state=initialized audit_enabled=0 res=1
Sep 20 15:02:20 jwm1-linux kernel: thermal_sys: Registered thermal governor 'fair_share'
Sep 20 15:02:20 jwm1-linux kernel: thermal_sys: Registered thermal governor 'bang_bang'
Sep 20 15:02:20 jwm1-linux kernel: thermal_sys: Registered thermal governor 'step_wise'
Sep 20 15:02:20 jwm1-linux kernel: thermal_sys: Registered thermal governor 'user_space'
Sep 20 15:02:20 jwm1-linux kernel: thermal_sys: Registered thermal governor 'power_allocator'
Sep 20 15:02:20 jwm1-linux kernel: cpuidle: using governor ladder
Sep 20 15:02:20 jwm1-linux kernel: cpuidle: using governor menu
Sep 20 15:02:20 jwm1-linux kernel: hw-breakpoint: found 6 breakpoint and 4 watchpoint registers.
Sep 20 15:02:20 jwm1-linux kernel: ASID allocator initialised with 256 entries
Sep 20 15:02:20 jwm1-linux kernel: /soc/display-pipe@228200000: Fixed dependency cycle(s) with /soc/dsi@228600000
Sep 20 15:02:20 jwm1-linux kernel: /soc/dsi@228600000: Fixed dependency cycle(s) with /soc/dsi@228600000/panel@0
Sep 20 15:02:20 jwm1-linux kernel: /soc/dsi@228600000: Fixed dependency cycle(s) with /soc/display-pipe@228200000
Sep 20 15:02:20 jwm1-linux kernel: /soc/dsi@228600000/panel@0: Fixed dependency cycle(s) with /soc/dsi@228600000
Sep 20 15:02:20 jwm1-linux kernel: /soc/i2c@235010000/usb-pd@38/connector: Fixed dependency cycle(s) with /soc/phy@383000000
Sep 20 15:02:20 jwm1-linux kernel: /soc/i2c@235010000/usb-pd@38/connector: Fixed dependency cycle(s) with /soc/usb@382280000
Sep 20 15:02:20 jwm1-linux kernel: /soc/i2c@235010000/usb-pd@3f/connector: Fixed dependency cycle(s) with /soc/phy@503000000
Sep 20 15:02:20 jwm1-linux kernel: /soc/i2c@235010000/usb-pd@3f/connector: Fixed dependency cycle(s) with /soc/usb@502280000
Sep 20 15:02:20 jwm1-linux kernel: /soc/usb@382280000: Fixed dependency cycle(s) with /soc/i2c@235010000/usb-pd@38/connector
Sep 20 15:02:20 jwm1-linux kernel: /soc/usb@382280000: Fixed dependency cycle(s) with /soc/phy@383000000
Sep 20 15:02:20 jwm1-linux kernel: /soc/phy@383000000: Fixed dependency cycle(s) with /soc/usb@382280000
Sep 20 15:02:20 jwm1-linux kernel: /soc/phy@383000000: Fixed dependency cycle(s) with /soc/i2c@235010000/usb-pd@38/connector
Sep 20 15:02:20 jwm1-linux kernel: /soc/usb@502280000: Fixed dependency cycle(s) with /soc/i2c@235010000/usb-pd@3f/connector
Sep 20 15:02:20 jwm1-linux kernel: /soc/usb@502280000: Fixed dependency cycle(s) with /soc/phy@503000000
Sep 20 15:02:20 jwm1-linux kernel: /soc/phy@503000000: Fixed dependency cycle(s) with /soc/usb@502280000
Sep 20 15:02:20 jwm1-linux kernel: /soc/phy@503000000: Fixed dependency cycle(s) with /soc/i2c@235010000/usb-pd@3f/connector
Sep 20 15:02:20 jwm1-linux kernel: /soc/pcie@690000000: Fixed dependency cycle(s) with /soc/pcie@690000000
Sep 20 15:02:20 jwm1-linux kernel: /soc/pcie@690000000/pci@0,0: Fixed dependency cycle(s) with /soc/pcie@690000000/pci@0,0
Sep 20 15:02:20 jwm1-linux kernel: /soc/display-pipe@228200000: Fixed dependency cycle(s) with /soc/dsi@228600000
Sep 20 15:02:20 jwm1-linux kernel: /soc/display-pipe@228200000: Fixed dependency cycle(s) with /soc/dsi@228600000
Sep 20 15:02:20 jwm1-linux kernel: /soc/dsi@228600000: Fixed dependency cycle(s) with /soc/dsi@228600000/panel@0
Sep 20 15:02:20 jwm1-linux kernel: /soc/dsi@228600000: Fixed dependency cycle(s) with /soc/display-pipe@228200000
Sep 20 15:02:20 jwm1-linux kernel: /soc/dsi@228600000/panel@0: Fixed dependency cycle(s) with /soc/dsi@228600000
Sep 20 15:02:20 jwm1-linux kernel: /soc/i2c@235010000/usb-pd@38/connector: Fixed dependency cycle(s) with /soc/phy@383000000
Sep 20 15:02:20 jwm1-linux kernel: /soc/i2c@235010000/usb-pd@38/connector: Fixed dependency cycle(s) with /soc/usb@382280000
Sep 20 15:02:20 jwm1-linux kernel: /soc/i2c@235010000/usb-pd@3f/connector: Fixed dependency cycle(s) with /soc/phy@503000000
Sep 20 15:02:20 jwm1-linux kernel: /soc/i2c@235010000/usb-pd@3f/connector: Fixed dependency cycle(s) with /soc/usb@502280000
Sep 20 15:02:20 jwm1-linux kernel: /soc/i2c@235010000/usb-pd@38/connector: Fixed dependency cycle(s) with /soc/usb@382280000
Sep 20 15:02:20 jwm1-linux kernel: /soc/usb@382280000: Fixed dependency cycle(s) with /soc/i2c@235010000/usb-pd@38/connector
Sep 20 15:02:20 jwm1-linux kernel: /soc/usb@382280000: Fixed dependency cycle(s) with /soc/phy@383000000
Sep 20 15:02:20 jwm1-linux kernel: /soc/usb@382280000: Fixed dependency cycle(s) with /soc/phy@383000000
Sep 20 15:02:20 jwm1-linux kernel: /soc/i2c@235010000/usb-pd@38/connector: Fixed dependency cycle(s) with /soc/phy@383000000
Sep 20 15:02:20 jwm1-linux kernel: /soc/phy@383000000: Fixed dependency cycle(s) with /soc/usb@382280000
Sep 20 15:02:20 jwm1-linux kernel: /soc/phy@383000000: Fixed dependency cycle(s) with /soc/i2c@235010000/usb-pd@38/connector
Sep 20 15:02:20 jwm1-linux kernel: /soc/i2c@235010000/usb-pd@3f/connector: Fixed dependency cycle(s) with /soc/usb@502280000
Sep 20 15:02:20 jwm1-linux kernel: /soc/usb@502280000: Fixed dependency cycle(s) with /soc/i2c@235010000/usb-pd@3f/connector
Sep 20 15:02:20 jwm1-linux kernel: /soc/usb@502280000: Fixed dependency cycle(s) with /soc/phy@503000000
Sep 20 15:02:20 jwm1-linux kernel: /soc/usb@502280000: Fixed dependency cycle(s) with /soc/phy@503000000
Sep 20 15:02:20 jwm1-linux kernel: /soc/i2c@235010000/usb-pd@3f/connector: Fixed dependency cycle(s) with /soc/phy@503000000
Sep 20 15:02:20 jwm1-linux kernel: /soc/phy@503000000: Fixed dependency cycle(s) with /soc/usb@502280000
Sep 20 15:02:20 jwm1-linux kernel: /soc/phy@503000000: Fixed dependency cycle(s) with /soc/i2c@235010000/usb-pd@3f/connector
Sep 20 15:02:20 jwm1-linux kernel: /soc/pcie@690000000: Fixed dependency cycle(s) with /soc/pcie@690000000
Sep 20 15:02:20 jwm1-linux kernel: /soc/pcie@690000000/pci@0,0: Fixed dependency cycle(s) with /soc/pcie@690000000/pci@0,0
Sep 20 15:02:20 jwm1-linux kernel: HugeTLB: registered 1.00 GiB page size, pre-allocated 0 pages
Sep 20 15:02:20 jwm1-linux kernel: HugeTLB: 0 KiB vmemmap can be freed for a 1.00 GiB page
Sep 20 15:02:20 jwm1-linux kernel: HugeTLB: registered 32.0 MiB page size, pre-allocated 0 pages
Sep 20 15:02:20 jwm1-linux kernel: HugeTLB: 0 KiB vmemmap can be freed for a 32.0 MiB page
Sep 20 15:02:20 jwm1-linux kernel: HugeTLB: registered 2.00 MiB page size, pre-allocated 0 pages
Sep 20 15:02:20 jwm1-linux kernel: HugeTLB: 0 KiB vmemmap can be freed for a 2.00 MiB page
Sep 20 15:02:20 jwm1-linux kernel: iommu: Default domain type: Translated
Sep 20 15:02:20 jwm1-linux kernel: iommu: DMA domain TLB invalidation policy: strict mode
Sep 20 15:02:20 jwm1-linux kernel: SCSI subsystem initialized
Sep 20 15:02:20 jwm1-linux kernel: usbcore: registered new interface driver usbfs
Sep 20 15:02:20 jwm1-linux kernel: usbcore: registered new interface driver hub
Sep 20 15:02:20 jwm1-linux kernel: usbcore: registered new device driver usb
Sep 20 15:02:20 jwm1-linux kernel: pps_core: LinuxPPS API ver. 1 registered
Sep 20 15:02:20 jwm1-linux kernel: pps_core: Software ver. 5.3.6 - Copyright 2005-2007 Rodolfo Giometti <giometti@linux.it>
Sep 20 15:02:20 jwm1-linux kernel: efivars: Registered efivars operations
Sep 20 15:02:20 jwm1-linux kernel: Advanced Linux Sound Architecture Driver Initialized.
Sep 20 15:02:20 jwm1-linux kernel: NetLabel: Initializing
Sep 20 15:02:20 jwm1-linux kernel: NetLabel:  domain hash size = 128
Sep 20 15:02:20 jwm1-linux kernel: NetLabel:  protocols = UNLABELED CIPSOv4 CALIPSO
Sep 20 15:02:20 jwm1-linux kernel: NetLabel:  unlabeled traffic allowed by default
Sep 20 15:02:20 jwm1-linux kernel: vgaarb: loaded
Sep 20 15:02:20 jwm1-linux kernel: clocksource: Switched to clocksource arch_sys_counter
Sep 20 15:02:20 jwm1-linux kernel: VFS: Disk quotas dquot_6.6.0
Sep 20 15:02:20 jwm1-linux kernel: VFS: Dquot-cache hash table entries: 2048 (order 0, 16384 bytes)
Sep 20 15:02:20 jwm1-linux kernel: AppArmor: AppArmor Filesystem Enabled
Sep 20 15:02:20 jwm1-linux kernel: NET: Registered PF_INET protocol family
Sep 20 15:02:20 jwm1-linux kernel: IP idents hash table entries: 262144 (order: 7, 2097152 bytes, linear)
Sep 20 15:02:20 jwm1-linux kernel: tcp_listen_portaddr_hash hash table entries: 8192 (order: 3, 131072 bytes, linear)
Sep 20 15:02:20 jwm1-linux kernel: Table-perturb hash table entries: 65536 (order: 4, 262144 bytes, linear)
Sep 20 15:02:20 jwm1-linux kernel: TCP established hash table entries: 131072 (order: 6, 1048576 bytes, linear)
Sep 20 15:02:20 jwm1-linux kernel: TCP bind hash table entries: 65536 (order: 7, 2097152 bytes, linear)
Sep 20 15:02:20 jwm1-linux kernel: TCP: Hash tables configured (established 131072 bind 65536)
Sep 20 15:02:20 jwm1-linux kernel: MPTCP token hash table entries: 16384 (order: 5, 393216 bytes, linear)
Sep 20 15:02:20 jwm1-linux kernel: UDP hash table entries: 8192 (order: 5, 524288 bytes, linear)
Sep 20 15:02:20 jwm1-linux kernel: NET: Registered PF_UNIX/PF_LOCAL protocol family
Sep 20 15:02:20 jwm1-linux kernel: RPC: Registered named UNIX socket transport module.
Sep 20 15:02:20 jwm1-linux kernel: RPC: Registered udp transport module.
Sep 20 15:02:20 jwm1-linux kernel: RPC: Registered tcp transport module.
Sep 20 15:02:20 jwm1-linux kernel: RPC: Registered tcp-with-tls transport module.
Sep 20 15:02:20 jwm1-linux kernel: RPC: Registered tcp NFSv4.1 backchannel transport module.
Sep 20 15:02:20 jwm1-linux kernel: PCI: CLS 0 bytes, default 64
Sep 20 15:02:20 jwm1-linux kernel: Trying to unpack rootfs image as initramfs...
Sep 20 15:02:20 jwm1-linux kernel: kvm [1]: nv: 570 coarse grained trap handlers
Sep 20 15:02:20 jwm1-linux kernel: kvm [1]: nv: 710 fine grained trap handlers
Sep 20 15:02:20 jwm1-linux kernel: kvm [1]: IPA Size Limit: 36 bits (Reduced IPA size, limited VM/VMM compatibility)
Sep 20 15:02:20 jwm1-linux kernel: kvm [1]: Non-architectural vgic, tainting kernel
Sep 20 15:02:20 jwm1-linux kernel: kvm [1]: GICv3: no GICV resource entry
Sep 20 15:02:20 jwm1-linux kernel: kvm [1]: disabling GICv2 emulation
Sep 20 15:02:20 jwm1-linux kernel: kvm [1]: GICv3 with broken locally generated SEI
Sep 20 15:02:20 jwm1-linux kernel: kvm [1]: GICv3 sysreg trapping enabled ([G0G1D], reduced performance)
Sep 20 15:02:20 jwm1-linux kernel: kvm [1]: GIC system register CPU interface enabled
Sep 20 15:02:20 jwm1-linux kernel: kvm [1]: vgic interrupt IRQ33
Sep 20 15:02:20 jwm1-linux kernel: kvm [1]: VHE mode initialized successfully
Sep 20 15:02:20 jwm1-linux kernel: Initialise system trusted keyrings
Sep 20 15:02:20 jwm1-linux kernel: workingset: timestamp_bits=46 (anon: 42) max_order=20 bucket_order=0 (anon: 0)
Sep 20 15:02:20 jwm1-linux kernel: NFS: Registering the id_resolver key type
Sep 20 15:02:20 jwm1-linux kernel: Key type id_resolver registered
Sep 20 15:02:20 jwm1-linux kernel: Key type id_legacy registered
Sep 20 15:02:20 jwm1-linux kernel: nfs4filelayout_init: NFSv4 File Layout Driver Registering...
Sep 20 15:02:20 jwm1-linux kernel: nfs4flexfilelayout_init: NFSv4 Flexfile Layout Driver Registering...
Sep 20 15:02:20 jwm1-linux kernel: cryptd: max_cpu_qlen set to 1000
Sep 20 15:02:20 jwm1-linux kernel: NET: Registered PF_ALG protocol family
Sep 20 15:02:20 jwm1-linux kernel: Key type asymmetric registered
Sep 20 15:02:20 jwm1-linux kernel: Asymmetric key parser 'x509' registered
Sep 20 15:02:20 jwm1-linux kernel: Asymmetric key parser 'pkcs8' registered
Sep 20 15:02:20 jwm1-linux kernel: Block layer SCSI generic (bsg) driver version 0.4 loaded (major 248)
Sep 20 15:02:20 jwm1-linux kernel: io scheduler mq-deadline registered
Sep 20 15:02:20 jwm1-linux kernel: io scheduler kyber registered
Sep 20 15:02:20 jwm1-linux kernel: io scheduler bfq registered
Sep 20 15:02:20 jwm1-linux kernel: ledtrig-cpu: registered to indicate activity on CPUs
Sep 20 15:02:20 jwm1-linux kernel: apple-pmgr-pwrstate 23d280000.power-management:power-controller@78: always-on domain msg is not on at boot
Sep 20 15:02:20 jwm1-linux kernel: 235200000.serial: ttySAC0 at MMIO 0x235200000 (irq = 60, base_baud = 0) is a APPLE S5L
Sep 20 15:02:20 jwm1-linux kernel: 235208000.serial: ttySAC2 at MMIO 0x235208000 (irq = 61, base_baud = 0) is a APPLE S5L
Sep 20 15:02:20 jwm1-linux kernel: apple-dart 26b800000.iommu: DART [pagesize 4000, 16 streams, bypass support: 1, bypass forced: 0, locked: 0, AS 32 -> 36] initialized
Sep 20 15:02:20 jwm1-linux kernel: apple-dart 26b810000.iommu: DART [pagesize 4000, 16 streams, bypass support: 0, bypass forced: 0, locked: 0, AS 32 -> 36] initialized
Sep 20 15:02:20 jwm1-linux kernel: platform 26bc04000.ane: Adding to iommu group 0
Sep 20 15:02:20 jwm1-linux kernel: apple-dart 26b820000.iommu: DART [pagesize 4000, 16 streams, bypass support: 1, bypass forced: 0, locked: 0, AS 32 -> 36] initialized
Sep 20 15:02:20 jwm1-linux kernel: platform 228200000.display-pipe: Adding to iommu group 1
Sep 20 15:02:20 jwm1-linux kernel: apple-dart 228304000.iommu: DART [pagesize 4000, 16 streams, bypass support: 0, bypass forced: 0, locked: 0, AS 32 -> 36] initialized
Sep 20 15:02:20 jwm1-linux kernel: apple-dart 22c0e8000.iommu: DART [pagesize 4000, 16 streams, bypass support: 1, bypass forced: 0, locked: 0, AS 32 -> 36] initialized
Sep 20 15:02:20 jwm1-linux kernel: apple-dart 22c0f4000.iommu: DART [pagesize 4000, 16 streams, bypass support: 0, bypass forced: 0, locked: 0, AS 32 -> 36] initialized
Sep 20 15:02:20 jwm1-linux kernel: platform 22a000000.isp: Adding to iommu group 2
Sep 20 15:02:20 jwm1-linux kernel: apple-dart 22c0fc000.iommu: DART [pagesize 4000, 16 streams, bypass support: 0, bypass forced: 0, locked: 0, AS 32 -> 36] initialized
Sep 20 15:02:20 jwm1-linux kernel: platform 242400000.sep: Adding to iommu group 3
Sep 20 15:02:20 jwm1-linux kernel: apple-dart 2412c0000.iommu: DART [pagesize 4000, 16 streams, bypass support: 0, bypass forced: 0, locked: 0, AS 32 -> 36] initialized
Sep 20 15:02:20 jwm1-linux kernel: platform 24a980000.dma-controller: Adding to iommu group 4
Sep 20 15:02:20 jwm1-linux kernel: platform 24ac00000.aop: Adding to iommu group 5
Sep 20 15:02:20 jwm1-linux kernel: apple-dart 24a808000.iommu: DART [pagesize 4000, 16 streams, bypass support: 1, bypass forced: 0, locked: 0, AS 32 -> 36] initialized
Sep 20 15:02:20 jwm1-linux kernel: platform 269080000.avd: Adding to iommu group 6
Sep 20 15:02:20 jwm1-linux kernel: apple-dart 269010000.iommu: DART [pagesize 4000, 16 streams, bypass support: 0, bypass forced: 0, locked: 0, AS 32 -> 36] initialized
Sep 20 15:02:20 jwm1-linux kernel: apple-dart 382f00000.iommu: DART [pagesize 4000, 16 streams, bypass support: 1, bypass forced: 0, locked: 0, AS 32 -> 36] initialized
Sep 20 15:02:20 jwm1-linux kernel: platform 382280000.usb: Adding to iommu group 7
Sep 20 15:02:20 jwm1-linux kernel: apple-dart 382f80000.iommu: DART [pagesize 4000, 16 streams, bypass support: 1, bypass forced: 0, locked: 0, AS 32 -> 36] initialized
Sep 20 15:02:20 jwm1-linux kernel: apple-dart 502f00000.iommu: DART [pagesize 4000, 16 streams, bypass support: 1, bypass forced: 0, locked: 0, AS 32 -> 36] initialized
Sep 20 15:02:20 jwm1-linux kernel: platform 502280000.usb: Adding to iommu group 8
Sep 20 15:02:20 jwm1-linux kernel: apple-dart 502f80000.iommu: DART [pagesize 4000, 16 streams, bypass support: 1, bypass forced: 0, locked: 0, AS 32 -> 36] initialized
Sep 20 15:02:20 jwm1-linux kernel: apple-dart 681008000.iommu: DART [pagesize 4000, 16 streams, bypass support: 0, bypass forced: 0, locked: 0, AS 32 -> 36] initialized
Sep 20 15:02:20 jwm1-linux kernel: asahi 206400000.gpu: Probing...
Sep 20 15:02:20 jwm1-linux kernel: asahi 206400000.gpu: MMU: Initializing...
Sep 20 15:02:20 jwm1-linux kernel: asahi 206400000.gpu: MMU: Initializing kernel page table
Sep 20 15:02:20 jwm1-linux kernel: asahi 206400000.gpu: MMU: Creating kernel page tables
Sep 20 15:02:20 jwm1-linux kernel: asahi 206400000.gpu: MMU: Kernel page tables created
Sep 20 15:02:20 jwm1-linux kernel: asahi 206400000.gpu: MMU: Initializing TTBs
Sep 20 15:02:20 jwm1-linux kernel: asahi 206400000.gpu: MMU: initialized
Sep 20 15:02:20 jwm1-linux kernel: asahi 206400000.gpu: GPU ID registers: 0x4021100 0x40a04 0x30808 0x40404 0x1320300 0x101311
Sep 20 15:02:20 jwm1-linux kernel: asahi 206400000.gpu: Core masks: [
                                       0xff,
                                       0x0,
                                   ]
Sep 20 15:02:20 jwm1-linux kernel: asahi 206400000.gpu: GPU Information:
Sep 20 15:02:20 jwm1-linux kernel: asahi 206400000.gpu:   Type: G13G
Sep 20 15:02:20 jwm1-linux kernel: asahi 206400000.gpu:   Clusters: 1
Sep 20 15:02:20 jwm1-linux kernel: asahi 206400000.gpu:   Cores: 8 (8)
Sep 20 15:02:20 jwm1-linux kernel: asahi 206400000.gpu:   Frags: 8 (8)
Sep 20 15:02:20 jwm1-linux kernel: asahi 206400000.gpu:   GPs: 4 (4)
Sep 20 15:02:20 jwm1-linux kernel: asahi 206400000.gpu:   Core masks: [
                                       0xff,
                                   ]
Sep 20 15:02:20 jwm1-linux kernel: asahi 206400000.gpu:   Active cores: 8
Sep 20 15:02:20 jwm1-linux kernel: asahi 206400000.gpu: Getting configuration from device tree...
Sep 20 15:02:20 jwm1-linux kernel: asahi 206400000.gpu: Dynamic configuration fetched
Sep 20 15:02:20 jwm1-linux kernel: asahi 206400000.gpu: !!! Hwdata A match
Sep 20 15:02:20 jwm1-linux kernel: asahi 206400000.gpu: !!! Hwdata B match
Sep 20 15:02:20 jwm1-linux kernel: asahi 206400000.gpu: !!! Globals match
Sep 20 15:02:20 jwm1-linux kernel: asahi 206400000.gpu: MMU: IO map: 0x204d00000:0x1c000 -> 0xffffffaf00000000
Sep 20 15:02:20 jwm1-linux kernel: asahi 206400000.gpu: MMU: IO map: 0x20e100000:0x4000 -> 0xffffffaf00020000
Sep 20 15:02:20 jwm1-linux kernel: asahi 206400000.gpu: MMU: IO map: 0x23b104000:0x4000 -> 0xffffffaf00028000
Sep 20 15:02:20 jwm1-linux kernel: asahi 206400000.gpu: MMU: IO map: 0x204000000:0x20000 -> 0xffffffaf00030000
Sep 20 15:02:20 jwm1-linux kernel: asahi 206400000.gpu: MMU: IO map: 0x23b2e8000:0x4000 -> 0xffffffaf00054000
Sep 20 15:02:20 jwm1-linux kernel: asahi 206400000.gpu: MMU: IO map: 0x23bc00000:0x4000 -> 0xffffffaf0005c000
Sep 20 15:02:20 jwm1-linux kernel: asahi 206400000.gpu: MMU: IO map: 0x204d80000:0x8000 -> 0xffffffaf00064000
Sep 20 15:02:20 jwm1-linux kernel: asahi 206400000.gpu: MMU: IO map: 0x204d60000:0x4000 -> 0xffffffaf00070000
Sep 20 15:02:20 jwm1-linux kernel: asahi 206400000.gpu: MMU: IO map: 0x200000000:0xd8000 -> 0xffffffaf00078000
Sep 20 15:02:20 jwm1-linux kernel: asahi 206400000.gpu: MMU: IO map: 0x23b738000:0x4000 -> 0xffffffaf00154000
Sep 20 15:02:20 jwm1-linux kernel: asahi 206400000.gpu: RTKit: Initializing (protocol version 12)
Sep 20 15:02:20 jwm1-linux kernel: [drm] Initialized asahi 0.0.0 for 206400000.gpu on minor 0
Sep 20 15:02:20 jwm1-linux kernel: macsmc 23e400000.smc: RTKit: Initializing (protocol version 12)
Sep 20 15:02:20 jwm1-linux kernel: macsmc-gpio macsmc-gpio: First GPIO key: gP01 (0x67503031)
Sep 20 15:02:20 jwm1-linux kernel: macsmc-low-gpio: Failed to locate of_node [id: -1]
Sep 20 15:02:20 jwm1-linux kernel: mousedev: PS/2 mouse device common for all mice
Sep 20 15:02:20 jwm1-linux kernel: input: Apple SMC power/lid events as /devices/platform/soc/23e400000.smc/macsmc-input/input/input0
Sep 20 15:02:20 jwm1-linux kernel: hwmon hwmon2: temp1_input not attached to any thermal zone
Sep 20 15:02:20 jwm1-linux kernel: hwmon hwmon2: temp2_input not attached to any thermal zone
Sep 20 15:02:20 jwm1-linux kernel: hwmon hwmon2: temp3_input not attached to any thermal zone
Sep 20 15:02:20 jwm1-linux kernel: hwmon hwmon2: temp4_input not attached to any thermal zone
Sep 20 15:02:20 jwm1-linux kernel: device-mapper: uevent: version 1.0.3
Sep 20 15:02:20 jwm1-linux kernel: device-mapper: ioctl: 4.50.0-ioctl (2025-04-28) initialised: dm-devel@lists.linux.dev
Sep 20 15:02:20 jwm1-linux kernel: cpu cpu0: EM: created perf domain
Sep 20 15:02:20 jwm1-linux kernel: cpu cpu4: EM: created perf domain
Sep 20 15:02:20 jwm1-linux kernel: energy_model: updating cpu0 cpu_cap=493 old capacity=714
Sep 20 15:02:20 jwm1-linux kernel: hid: raw HID events driver (C) Jiri Kosina
Sep 20 15:02:20 jwm1-linux kernel: watchdog: NMI not fully supported
Sep 20 15:02:20 jwm1-linux kernel: watchdog: Hard watchdog permanently disabled
Sep 20 15:02:20 jwm1-linux kernel: hw perfevents: enabled with apple_icestorm_pmu PMU driver, 10 (0,000003ff) counters available
Sep 20 15:02:20 jwm1-linux kernel: hw perfevents: enabled with apple_firestorm_pmu PMU driver, 10 (0,000003ff) counters available
Sep 20 15:02:20 jwm1-linux kernel: Initializing XFRM netlink socket
Sep 20 15:02:20 jwm1-linux kernel: NET: Registered PF_INET6 protocol family
Sep 20 15:02:20 jwm1-linux kernel: Segment Routing with IPv6
Sep 20 15:02:20 jwm1-linux kernel: In-situ OAM (IOAM) with IPv6
Sep 20 15:02:20 jwm1-linux kernel: mip6: Mobile IPv6
Sep 20 15:02:20 jwm1-linux kernel: NET: Registered PF_PACKET protocol family
Sep 20 15:02:20 jwm1-linux kernel: Key type dns_resolver registered
Sep 20 15:02:20 jwm1-linux kernel: registered taskstats version 1
Sep 20 15:02:20 jwm1-linux kernel: Loading compiled-in X.509 certificates
Sep 20 15:02:20 jwm1-linux kernel: Key type .fscrypt registered
Sep 20 15:02:20 jwm1-linux kernel: Key type fscrypt-provisioning registered
Sep 20 15:02:20 jwm1-linux kernel: Key type encrypted registered
Sep 20 15:02:20 jwm1-linux kernel: AppArmor: AppArmor sha256 policy hashing enabled
Sep 20 15:02:20 jwm1-linux kernel: leds_pwm led-controller: failed to read period for kbd_backlight, default to off
Sep 20 15:02:20 jwm1-linux kernel: pcie-apple 690000000.pcie: host bridge /soc/pcie@690000000 ranges:
Sep 20 15:02:20 jwm1-linux kernel: pcie-apple 690000000.pcie:      MEM 0x06a0000000..0x06bfffffff -> 0x06a0000000
Sep 20 15:02:20 jwm1-linux kernel: pcie-apple 690000000.pcie:      MEM 0x06c0000000..0x06ffffffff -> 0x00c0000000
Sep 20 15:02:20 jwm1-linux kernel: pcie-apple 690000000.pcie: Using 0 auxiliary PERST#
Sep 20 15:02:20 jwm1-linux kernel: Freeing initrd memory: 19392K
Sep 20 15:02:20 jwm1-linux kernel: pcie-apple 690000000.pcie: ECAM at [mem 0x690000000-0x690ffffff] for [bus 00-03]
Sep 20 15:02:20 jwm1-linux kernel: pcie-apple 690000000.pcie: PCI host bridge to bus 0000:00
Sep 20 15:02:20 jwm1-linux kernel: pci_bus 0000:00: root bus resource [bus 00-03]
Sep 20 15:02:20 jwm1-linux kernel: pci_bus 0000:00: root bus resource [mem 0x6a0000000-0x6bfffffff pref]
Sep 20 15:02:20 jwm1-linux kernel: pci_bus 0000:00: root bus resource [mem 0x6c0000000-0x6ffffffff] (bus address [0xc0000000-0xffffffff])
Sep 20 15:02:20 jwm1-linux kernel: pci 0000:00:00.0: [106b:100c] type 01 class 0x060400 PCIe Root Port
Sep 20 15:02:20 jwm1-linux kernel: pci 0000:00:00.0: PCI bridge to [bus 01]
Sep 20 15:02:20 jwm1-linux kernel: pci 0000:00:00.0: PME# supported from D0 D3hot D3cold
Sep 20 15:02:20 jwm1-linux kernel: OF: /soc/pcie@690000000: no iommu-map translation for id 0x0 on (null)
Sep 20 15:02:20 jwm1-linux kernel: /soc/pcie@690000000/pci@0,0: Fixed dependency cycle(s) with /soc/pcie@690000000/pci@0,0
Sep 20 15:02:20 jwm1-linux kernel: pci 0000:01:00.0: [14e4:4425] type 00 class 0x028000 PCIe Endpoint
Sep 20 15:02:20 jwm1-linux kernel: pci 0000:01:00.0: BAR 0 [mem 0x00000000-0x0000ffff 64bit]
Sep 20 15:02:20 jwm1-linux kernel: pci 0000:01:00.0: BAR 2 [mem 0x00000000-0x007fffff 64bit]
Sep 20 15:02:20 jwm1-linux kernel: pci 0000:01:00.0: supports D1 D2
Sep 20 15:02:20 jwm1-linux kernel: pci 0000:01:00.0: PME# supported from D0 D1 D2 D3hot D3cold
Sep 20 15:02:20 jwm1-linux kernel: pci 0000:01:00.0: Adding to iommu group 9
Sep 20 15:02:20 jwm1-linux kernel: pci 0000:01:00.1: [14e4:5f69] type 00 class 0x028000 PCIe Endpoint
Sep 20 15:02:20 jwm1-linux kernel: pci 0000:01:00.1: BAR 0 [mem 0x00000000-0x00007fff 64bit]
Sep 20 15:02:20 jwm1-linux kernel: pci 0000:01:00.1: BAR 2 [mem 0x00000000-0x003fffff 64bit]
Sep 20 15:02:20 jwm1-linux kernel: pci 0000:01:00.1: supports D1 D2
Sep 20 15:02:20 jwm1-linux kernel: pci 0000:01:00.1: PME# supported from D0 D1 D2 D3hot D3cold
Sep 20 15:02:20 jwm1-linux kernel: pci 0000:01:00.1: Adding to iommu group 9
Sep 20 15:02:20 jwm1-linux kernel: pci 0000:01:00.0: ASPM: default states L1
Sep 20 15:02:20 jwm1-linux kernel: pci_bus 0000:01: busn_res: [bus 01-03] end is updated to 01
Sep 20 15:02:20 jwm1-linux kernel: pci 0000:00:00.0: bridge window [mem 0x6c0000000-0x6c0cfffff]: assigned
Sep 20 15:02:20 jwm1-linux kernel: pci 0000:01:00.0: BAR 2 [mem 0x6c0000000-0x6c07fffff 64bit]: assigned
Sep 20 15:02:20 jwm1-linux kernel: pci 0000:01:00.1: BAR 2 [mem 0x6c0800000-0x6c0bfffff 64bit]: assigned
Sep 20 15:02:20 jwm1-linux kernel: pci 0000:01:00.0: BAR 0 [mem 0x6c0c00000-0x6c0c0ffff 64bit]: assigned
Sep 20 15:02:20 jwm1-linux kernel: pci 0000:01:00.1: BAR 0 [mem 0x6c0c10000-0x6c0c17fff 64bit]: assigned
Sep 20 15:02:20 jwm1-linux kernel: pci 0000:00:00.0: PCI bridge to [bus 01]
Sep 20 15:02:20 jwm1-linux kernel: pci 0000:00:00.0:   bridge window [mem 0x6c0000000-0x6c0cfffff]
Sep 20 15:02:20 jwm1-linux kernel: pci_bus 0000:00: resource 4 [mem 0x6a0000000-0x6bfffffff pref]
Sep 20 15:02:20 jwm1-linux kernel: pci_bus 0000:00: resource 5 [mem 0x6c0000000-0x6ffffffff]
Sep 20 15:02:20 jwm1-linux kernel: pci_bus 0000:01: resource 1 [mem 0x6c0000000-0x6c0cfffff]
Sep 20 15:02:20 jwm1-linux kernel: OF: /soc/pcie@690000000: no iommu-map translation for id 0x0 on (null)
Sep 20 15:02:20 jwm1-linux kernel: pcieport 0000:00:00.0: PME: Signaling with IRQ 90
Sep 20 15:02:20 jwm1-linux kernel: pcieport 0000:00:00.0: AER: enabled with IRQ 90
Sep 20 15:02:20 jwm1-linux kernel: apple-admac 24a980000.dma-controller: Audio DMA Controller
Sep 20 15:02:20 jwm1-linux kernel: apple-dart 231304000.iommu: Limiting DMA range to 0x0000000000000000..0x00000000fbffffff
Sep 20 15:02:20 jwm1-linux kernel: platform soc:display-subsystem: Adding to iommu group 10
Sep 20 15:02:20 jwm1-linux kernel: apple-dart 231304000.iommu: DART [pagesize 4000, 16 streams, bypass support: 1, bypass forced: 0, locked: 1, AS 32 -> 36] initialized
Sep 20 15:02:20 jwm1-linux kernel: apple-dart 23130c000.iommu: Limiting DMA range to 0x0000000f00000000..0x0000000ffbffffff
Sep 20 15:02:20 jwm1-linux kernel: platform 231c00000.dcp: Adding to iommu group 11
Sep 20 15:02:20 jwm1-linux kernel: apple-dart 23130c000.iommu: DART [pagesize 4000, 16 streams, bypass support: 1, bypass forced: 0, locked: 1, AS 32 -> 36] initialized
Sep 20 15:02:20 jwm1-linux kernel: platform 238200000.dma-controller: Adding to iommu group 12
Sep 20 15:02:20 jwm1-linux kernel: apple-dart 235004000.iommu: DART [pagesize 4000, 16 streams, bypass support: 1, bypass forced: 0, locked: 0, AS 32 -> 36] initialized
Sep 20 15:02:20 jwm1-linux kernel: [drm] Initialized simpledrm 1.0.0 for bd5d5c000.framebuffer on minor 1
Sep 20 15:02:20 jwm1-linux kernel: Console: switching to colour frame buffer device 160x50
Sep 20 15:02:20 jwm1-linux kernel: simple-framebuffer bd5d5c000.framebuffer: [drm] fb0: simpledrmdrmfb frame buffer device
Sep 20 15:02:20 jwm1-linux kernel: nvme-apple 27bcc0000.nvme: RTKit: Initializing (protocol version 12)
Sep 20 15:02:20 jwm1-linux kernel: nvme-apple 27bcc0000.nvme: RTKit: syslog message: cmd.c:6438:  boot mode normal
Sep 20 15:02:20 jwm1-linux kernel: spi-hid-apple-of spi2.0: limiting the number of devices to mngt, kbd and mouse
Sep 20 15:02:20 jwm1-linux kernel: nvme nvme0: passthrough uses implicit buffer lengths
Sep 20 15:02:20 jwm1-linux kernel:  nvme0n1: p1 p2 p3 p4 p5 p6
Sep 20 15:02:20 jwm1-linux kernel: input: Apple SPI Keyboard as /devices/platform/soc/23510c000.spi/spi_master/spi2/spi2.0/001C:05AC:0341.0001/input/input1
Sep 20 15:02:20 jwm1-linux kernel: hid-generic 001C:05AC:0341.0001: input,hidraw0: SPI HID v1.75 Keyboard [Apple SPI Keyboard] on spi2.0 (1)
Sep 20 15:02:20 jwm1-linux kernel: input: Apple SPI Trackpad Mouse as /devices/platform/soc/23510c000.spi/spi_master/spi2/spi2.0/001C:05AC:0341.0002/input/input2
Sep 20 15:02:20 jwm1-linux kernel: hid-generic 001C:05AC:0341.0002: input,hidraw1: SPI HID v1.75 Mouse [Apple SPI Trackpad] on spi2.0 (2)
Sep 20 15:02:20 jwm1-linux kernel: macsmc-rtc macsmc-rtc: registered as rtc0
Sep 20 15:02:20 jwm1-linux kernel: macsmc-rtc macsmc-rtc: setting system clock to 2026-09-20T20:02:18 UTC (1789934538)
Sep 20 15:02:20 jwm1-linux kernel: /soc/i2c@235010000/usb-pd@38/connector: Fixed dependency cycle(s) with /soc/phy@383000000
Sep 20 15:02:20 jwm1-linux kernel: /soc/i2c@235010000/usb-pd@38/connector: Fixed dependency cycle(s) with /soc/usb@382280000
Sep 20 15:02:20 jwm1-linux kernel: /soc/i2c@235010000/usb-pd@3f/connector: Fixed dependency cycle(s) with /soc/phy@503000000
Sep 20 15:02:20 jwm1-linux kernel: /soc/i2c@235010000/usb-pd@3f/connector: Fixed dependency cycle(s) with /soc/usb@502280000
Sep 20 15:02:20 jwm1-linux kernel: macsmc-reboot macsmc-reboot: Handling reboot and poweroff requests via SMC
Sep 20 15:02:20 jwm1-linux kernel: apple-admac 238200000.dma-controller: Audio DMA Controller
Sep 20 15:02:20 jwm1-linux kernel: clk: Disabling unused clocks
Sep 20 15:02:20 jwm1-linux kernel: PM: genpd: Disabling unused power domains
Sep 20 15:02:20 jwm1-linux kernel: ALSA device list:
Sep 20 15:02:20 jwm1-linux kernel:   No soundcards found.
Sep 20 15:02:20 jwm1-linux kernel: Freeing unused kernel memory: 2560K
Sep 20 15:02:20 jwm1-linux kernel: Checked W+X mappings: passed, no W+X pages found
Sep 20 15:02:20 jwm1-linux kernel: Run /init as init process
Sep 20 15:02:20 jwm1-linux kernel:   with arguments:
Sep 20 15:02:20 jwm1-linux kernel:     /init
Sep 20 15:02:20 jwm1-linux kernel:     splash
Sep 20 15:02:20 jwm1-linux kernel:   with environment:
Sep 20 15:02:20 jwm1-linux kernel:     HOME=/
Sep 20 15:02:20 jwm1-linux kernel:     TERM=linux
Sep 20 15:02:20 jwm1-linux kernel: raid6: neonx8   gen() 28101 MB/s
Sep 20 15:02:20 jwm1-linux kernel: raid6: neonx4   gen() 34623 MB/s
Sep 20 15:02:20 jwm1-linux kernel: raid6: neonx2   gen() 34253 MB/s
Sep 20 15:02:20 jwm1-linux kernel: raid6: neonx1   gen() 32765 MB/s
Sep 20 15:02:20 jwm1-linux kernel: raid6: int64x8  gen() 13722 MB/s
Sep 20 15:02:20 jwm1-linux kernel: raid6: int64x4  gen() 12234 MB/s
Sep 20 15:02:20 jwm1-linux kernel: raid6: int64x2  gen() 11080 MB/s
Sep 20 15:02:20 jwm1-linux kernel: raid6: int64x1  gen()  9703 MB/s
Sep 20 15:02:20 jwm1-linux kernel: raid6: using algorithm neonx4 gen() 34623 MB/s
Sep 20 15:02:20 jwm1-linux kernel: raid6: .... xor() 28318 MB/s, rmw enabled
Sep 20 15:02:20 jwm1-linux kernel: raid6: using neon recovery algorithm
Sep 20 15:02:20 jwm1-linux kernel: xor: measuring software checksum speed
Sep 20 15:02:20 jwm1-linux kernel:    eor3            : 46898 MB/sec
Sep 20 15:02:20 jwm1-linux kernel:    32regs          : 44536 MB/sec
Sep 20 15:02:20 jwm1-linux kernel:    8regs           : 24745 MB/sec
Sep 20 15:02:20 jwm1-linux kernel: xor: using function: eor3 (46898 MB/sec)
Sep 20 15:02:20 jwm1-linux kernel: Btrfs loaded, zoned=yes, fsverity=no
Sep 20 15:02:20 jwm1-linux kernel: input: Apple SPI Keyboard as /devices/platform/soc/23510c000.spi/spi_master/spi2/spi2.0/001C:05AC:0341.0001/input/input5
Sep 20 15:02:20 jwm1-linux kernel: apple 001C:05AC:0341.0001: input,hidraw0: SPI HID v1.75 Keyboard [Apple SPI Keyboard] on spi2.0 (1)
Sep 20 15:02:20 jwm1-linux kernel: input: Apple SPI Trackpad as /devices/platform/soc/23510c000.spi/spi_master/spi2/spi2.0/001C:05AC:0341.0002/input/input6
Sep 20 15:02:20 jwm1-linux kernel: magicmouse 001C:05AC:0341.0002: input,hidraw1: SPI HID v1.75 Mouse [Apple SPI Trackpad] on spi2.0 (2)
Sep 20 15:02:20 jwm1-linux kernel: /soc/dsi@228600000: Fixed dependency cycle(s) with /soc/dsi@228600000/panel@0
Sep 20 15:02:20 jwm1-linux kernel: /soc/dsi@228600000/panel@0: Fixed dependency cycle(s) with /soc/dsi@228600000
Sep 20 15:02:20 jwm1-linux kernel: platform 231c00000.dcp:piodma: Adding to iommu group 13
Sep 20 15:02:20 jwm1-linux kernel: apple-dcp 231c00000.dcp: RTKit: Initializing (protocol version 12)
Sep 20 15:02:20 jwm1-linux kernel: apple-dcp 231c00000.dcp: shmem_setup: iova: f00267000 -> pa: bd9de3000 -> iomem: ffff8000876e3000
Sep 20 15:02:20 jwm1-linux kernel: apple-dcp 231c00000.dcp: shmem_setup: iova: ffbffc000, buffer: ffff800084b48000
Sep 20 15:02:20 jwm1-linux kernel: apple-dcp 231c00000.dcp: shmem_setup: iova: ffbff8000, buffer: ffff800084be4000
Sep 20 15:02:20 jwm1-linux kernel: apple-dcp 231c00000.dcp: shmem_setup: iova: f0025f000 -> pa: bd9ddb000 -> iomem: ffff800084a93000
Sep 20 15:02:20 jwm1-linux kernel: apple-drm soc:display-subsystem: bound 231c00000.dcp (ops dcp_comp_ops [appledrm])
Sep 20 15:02:20 jwm1-linux kernel: apple-dcp 231c00000.dcp: RTKit: syslog message: ap_link.c:299: shared memory dva: 0xffbe00000 0xffffffff000e7000
Sep 20 15:02:20 jwm1-linux kernel: apple-dcp 231c00000.dcp: RTKit: syslog message: ap_link.c:276: ap_link: IOMFB: DCP heap size: 0x1030000 [iBoot:0x1030000] [LinkService:0x0]
Sep 20 15:02:20 jwm1-linux kernel: apple-dcp 231c00000.dcp: RTKit: syslog message: nifiedPipeline.cpp:4191: IOMFB: Could not find Backlight service
Sep 20 15:02:20 jwm1-linux kernel: apple-dcp 231c00000.dcp: RTKit: syslog message: nifiedPipeline.cpp:4199: IOMFB: Could not find nvram service
Sep 20 15:02:20 jwm1-linux kernel: apple-dcp 231c00000.dcp: RTKit: syslog message: nifiedPipeline.cpp:1838: virtual bool UnifiedPipeline::start_ios_gated(): Created AP Services
Sep 20 15:02:20 jwm1-linux kernel: apple-dcp 231c00000.dcp: RTKit: syslog message: nifiedPipeline.cpp:1864: start_ios_gated: trigger pending HPD notification
Sep 20 15:02:20 jwm1-linux kernel: apple-dcp 231c00000.dcp: cb_hotplug() connected:1, valid_mode:0
Sep 20 15:02:20 jwm1-linux kernel: apple-dcp 231c00000.dcp: dcp_hotplug() connected:1 valid_mode:0 nr_modes:0
Sep 20 15:02:20 jwm1-linux kernel: apple-dcp 231c00000.dcp: RTKit: syslog message: nifiedPipeline.cpp:1871: virtual bool UnifiedPipeline::start_ios_gated(): Flushed RTPs
Sep 20 15:02:20 jwm1-linux kernel: apple-dcp 231c00000.dcp: RTKit: syslog message: PPipeDCP_H13P.cpp:11092: IOMFB updateFrequencies: minimum-frequency property not found, using getClockFrequency(0) instead.
Sep 20 15:02:20 jwm1-linux kernel: apple-dcp 231c00000.dcp: RTKit: syslog message: nifiedPipeline.cpp:1356: set_device_enabled_gated: current state: 1, requested state: 1
Sep 20 15:02:20 jwm1-linux kernel: apple-dcp 231c00000.dcp: RTKit: syslog message: PPipeDCP_H13P.cpp:11092: IOMFB updateFrequencies: minimum-frequency property not found, using getClockFrequency(0) instead.
Sep 20 15:02:20 jwm1-linux kernel: apple-dcp 231c00000.dcp: RTKit: syslog message: PPipeDCP_H13P.cpp:10490: set_run_mode_safe: deferring: 2 -> 4
Sep 20 15:02:20 jwm1-linux kernel: apple-dcp 231c00000.dcp: RTKit: syslog message: PPipeDCP_H13P.cpp:10395: virtual IOMFBStatus IOMFB::UPPipeDCP_H13P::ready_for_run_mode_change(IOMFB::AppleRegisterStream *): initiating deferred run mod
Sep 20 15:02:20 jwm1-linux kernel: apple-dcp 231c00000.dcp: RTKit: syslog message: M3Hal_v1.cpp:197: IOMFB: load APT M3 IMem : size 0x7948
Sep 20 15:02:20 jwm1-linux kernel: apple-dcp 231c00000.dcp: RTKit: syslog message: M3Hal_v1.cpp:197: IOMFB: load APT M3 DMem : size 0x6f60
Sep 20 15:02:20 jwm1-linux kernel: apple-dcp 231c00000.dcp: RTKit: syslog message: CAHandler.cpp:188: IOMFB load_ca_data: Unrecognized data version 0 (expected 1 or 2)
Sep 20 15:02:20 jwm1-linux kernel: apple-dcp 231c00000.dcp: RTKit: syslog message: UPPipe.cpp:3767: IOMFB read_pmu_data_sync: pmu ram read error (e00800d8)
Sep 20 15:02:20 jwm1-linux kernel: apple-dcp 231c00000.dcp: RTKit: syslog message: PPipeDCP_H13P.cpp:14085: IOMFB Int RTBandwidth: program_M3_rt_config: Using Legacy, scratch 23b738014
Sep 20 15:02:20 jwm1-linux kernel: apple-dcp 231c00000.dcp: RTKit: syslog message: PPipeDCP_H13P.cpp:14105: IOMFB Int RTBandwidth: using legacy. Doorbell 23bc3c000, bit 2
Sep 20 15:02:20 jwm1-linux kernel: apple-dcp 231c00000.dcp: RTKit: syslog message: UPTSQManager.cpp:133: IOMFB: clearing M3 reset
Sep 20 15:02:20 jwm1-linux kernel: apple-dcp 231c00000.dcp: RTKit: syslog message: UPTSQ_Hal_v1.cpp:349: IOMFB: timebase_offset = 4
Sep 20 15:02:20 jwm1-linux kernel: apple-dcp 231c00000.dcp: AFK[ep:20]: new service system on channel 5
Sep 20 15:02:20 jwm1-linux kernel: apple-dcp 231c00000.dcp: AFK[ep:20]: new service powerlog-service on channel 7
Sep 20 15:02:20 jwm1-linux kernel: apple-dcp 231c00000.dcp: RTKit: syslog message: dpointInterface.cpp:606: [AFK][AFKMailboxSharedMemoryEndpointInterface:#63] if:1 inCmd:0 inResp:0 outRepErr:0 outCmdErr:0 t:491819885
Sep 20 15:02:20 jwm1-linux kernel: apple-dcp 231c00000.dcp: RTKit: syslog message: dpointInterface.cpp:606: [AFK][AFKMailboxSharedMemoryEndpointInterface:#66] if:3 inCmd:0 inResp:0 outRepErr:0 outCmdErr:0 t:491821656
Sep 20 15:02:20 jwm1-linux kernel: apple-dcp 231c00000.dcp: RTKit: syslog message: UPTSQManager.cpp:105: IOMFB: switch to normal mode succeeded
Sep 20 15:02:20 jwm1-linux kernel: apple-dcp 231c00000.dcp: DCP booted
Sep 20 15:02:20 jwm1-linux kernel: apple-dcp 231c00000.dcp: DCP is_main_display: 1
Sep 20 15:02:20 jwm1-linux kernel: apple-dcp 231c00000.dcp: dcp_hotplug() connected:1 valid_mode:0 nr_modes:1
Sep 20 15:02:20 jwm1-linux kernel: Console: switching to colour dummy device 80x25
Sep 20 15:02:20 jwm1-linux kernel: [drm] Initialized apple 1.0.0 for soc:display-subsystem on minor 2
Sep 20 15:02:20 jwm1-linux kernel: apple-dcp 231c00000.dcp: dcp_poweron() starting
Sep 20 15:02:20 jwm1-linux kernel: apple-dcp 231c00000.dcp: dcp_set_power_state_req returned, 10000 ms remaining
Sep 20 15:02:20 jwm1-linux kernel: apple-dcp 231c00000.dcp: set_digital_out_mode(color:1 timing:2) "2560x1600": 60 266630 2560 2568 2600 2642 1600 1632 1640 1682 0x48 0x0
Sep 20 15:02:20 jwm1-linux kernel: apple-dcp 231c00000.dcp: set_digital_out_mode() color mode depth:8 format:0 colorimetry:16 eotf:0 range:0 vrr:0
Sep 20 15:02:20 jwm1-linux kernel: apple-dcp 231c00000.dcp: RTKit: syslog message: nifiedPipeline.cpp:7462: set_digital_out_mode: Modeset requested for colorID: 1, timingID: 2
Sep 20 15:02:20 jwm1-linux kernel: apple-dcp 231c00000.dcp: RTKit: syslog message: PPipeDCP_H13P.cpp:18011: Dual pipe disabled offset 0
Sep 20 15:02:20 jwm1-linux kernel: apple-dcp 231c00000.dcp: RTKit: syslog message: nifiedPipeline.cpp:7465: set_digital_out_mode returned 8000000b
Sep 20 15:02:20 jwm1-linux kernel: apple-dcp 231c00000.dcp: set_digital_out_mode finished:8499
Sep 20 15:02:20 jwm1-linux kernel: Console: switching to colour frame buffer device 160x50
Sep 20 15:02:20 jwm1-linux kernel: apple-drm soc:display-subsystem: [drm] fb0: appledrmfb frame buffer device
Sep 20 15:02:20 jwm1-linux kernel: [drm] Initialized adp 0.1.0 for 228200000.display-pipe on minor 3
Sep 20 15:02:20 jwm1-linux kernel: BTRFS: device label asahi-root devid 1 transid 674 /dev/nvme0n1p5 (259:5) scanned by mount (312)
Sep 20 15:02:20 jwm1-linux kernel: BTRFS info (device nvme0n1p5): first mount of filesystem 725346d2-f127-47bc-b464-9dd46155e8d6
Sep 20 15:02:20 jwm1-linux kernel: BTRFS info (device nvme0n1p5): using crc32c checksum algorithm
Sep 20 15:02:20 jwm1-linux kernel: BTRFS info (device nvme0n1p5): enabling ssd optimizations
Sep 20 15:02:20 jwm1-linux kernel: BTRFS info (device nvme0n1p5): turning on async discard
Sep 20 15:02:20 jwm1-linux kernel: BTRFS info (device nvme0n1p5): enabling free space tree
Sep 20 15:02:20 jwm1-linux systemd[1]: systemd 261.3-1-arch running in system mode (+PAM +AUDIT -SELINUX +APPARMOR -IMA +IPE +SMACK +SECCOMP +GCRYPT +GNUTLS +OPENSSL +ACL +BLKID +CURL +ELFUTILS +FIDO2 +IDN2 +KMOD +LIBCRYPTSETUP +LIBCRYPTSETUP_PLUGINS +LIBFDISK +PCRE2 +PWQUALITY +P11KIT +QRENCODE +TPM2 +BZIP2 +LZ4 +XZ +ZLIB +ZSTD +BPF_FRAMEWORK -BTF +XKBCOMMON +UTMP +LIBARCHIVE)
Sep 20 15:02:20 jwm1-linux systemd[1]: Detected architecture arm64.
Sep 20 15:02:20 jwm1-linux systemd[1]: Hostname set to <jwm1-linux>.
Sep 20 15:02:20 jwm1-linux systemd[1]: bpf-restrict-fs: LSM BPF program attached
Sep 20 15:02:20 jwm1-linux kernel: zram: Added device: zram0
Sep 20 15:02:20 jwm1-linux systemd[1]: Queued start job for default target Graphical Interface.
Sep 20 15:02:20 jwm1-linux systemd[1]: Created slice CUPS Slice.
Sep 20 15:02:20 jwm1-linux systemd[1]: Created slice Slice /system/dirmngr.
Sep 20 15:02:20 jwm1-linux systemd[1]: Created slice Slice /system/getty.
Sep 20 15:02:20 jwm1-linux systemd[1]: Created slice Slice /system/gpg-agent.
Sep 20 15:02:20 jwm1-linux systemd[1]: Created slice Slice /system/gpg-agent-browser.
Sep 20 15:02:20 jwm1-linux systemd[1]: Created slice Slice /system/gpg-agent-extra.
Sep 20 15:02:20 jwm1-linux systemd[1]: Created slice Slice /system/gpg-agent-ssh.
Sep 20 15:02:20 jwm1-linux systemd[1]: Created slice Slice /system/keyboxd.
Sep 20 15:02:20 jwm1-linux systemd[1]: Created slice Slice /system/modprobe.
Sep 20 15:02:20 jwm1-linux systemd[1]: Created slice Slice /system/systemd-fsck.
Sep 20 15:02:20 jwm1-linux systemd[1]: Created slice Slice /system/systemd-growfs.
Sep 20 15:02:20 jwm1-linux systemd[1]: Created slice Slice /system/systemd-zram-setup.
Sep 20 15:02:20 jwm1-linux systemd[1]: Created slice User and Session Slice.
Sep 20 15:02:20 jwm1-linux systemd[1]: Started Forward Password Requests to Wall Directory Watch.
Sep 20 15:02:20 jwm1-linux systemd[1]: Set up automount Arbitrary Executable File Formats File System Automount Point.
Sep 20 15:02:20 jwm1-linux systemd[1]: Expecting device /dev/disk/by-uuid/725346d2-f127-47bc-b464-9dd46155e8d6...
Sep 20 15:02:20 jwm1-linux systemd[1]: Expecting device /dev/disk/by-uuid/BD14-6F4C...
Sep 20 15:02:20 jwm1-linux systemd[1]: Expecting device /dev/zram0...
Sep 20 15:02:20 jwm1-linux systemd[1]: Reached target Login Prompts.
Sep 20 15:02:20 jwm1-linux systemd[1]: Reached target Image Downloads.
Sep 20 15:02:20 jwm1-linux systemd[1]: Reached target Local Integrity Protected Volumes.
Sep 20 15:02:20 jwm1-linux systemd[1]: Reached target Remote Encrypted Volumes.
Sep 20 15:02:20 jwm1-linux systemd[1]: Reached target Remote File Systems.
Sep 20 15:02:20 jwm1-linux systemd[1]: Reached target Remote Integrity Protected Volumes.
Sep 20 15:02:20 jwm1-linux systemd[1]: Reached target Remote Verity Protected Volumes.
Sep 20 15:02:20 jwm1-linux systemd[1]: Reached target Slice Units.
Sep 20 15:02:20 jwm1-linux systemd[1]: Reached target Local Verity Protected Volumes.
Sep 20 15:02:20 jwm1-linux systemd[1]: Listening on Device-mapper event daemon FIFOs.
Sep 20 15:02:20 jwm1-linux systemd[1]: Listening on Query the User Interactively for a Password.
Sep 20 15:02:20 jwm1-linux systemd[1]: Listening on Process Core Dump Socket.
Sep 20 15:02:20 jwm1-linux systemd[1]: Listening on Credential Encryption/Decryption.
Sep 20 15:02:20 jwm1-linux systemd[1]: Listening on Factory Reset Management.
Sep 20 15:02:20 jwm1-linux systemd[1]: Listening on Hostname Service Socket.
Sep 20 15:02:20 jwm1-linux systemd[1]: Listening on Journal Audit Socket.
Sep 20 15:02:20 jwm1-linux systemd[1]: Listening on Journal Socket (/dev/log).
Sep 20 15:02:20 jwm1-linux systemd[1]: Listening on Journal Sockets.
Sep 20 15:02:20 jwm1-linux systemd[1]: Listening on DDI File System Mounter Socket.
Sep 20 15:02:20 jwm1-linux systemd[1]: Listening on Console Output Muting Service Socket.
Sep 20 15:02:20 jwm1-linux systemd[1]: Listening on Namespace Resource Manager Socket.
Sep 20 15:02:20 jwm1-linux systemd[1]: Listening on Userspace Out-Of-Memory (OOM) Killer Socket.
Sep 20 15:02:20 jwm1-linux systemd[1]: TPM PCR Measurements skipped, unmet condition check ConditionSecurity=measured-os
Sep 20 15:02:20 jwm1-linux systemd[1]: Make TPM PCR Policy skipped, unmet condition check ConditionSecurity=measured-uki
Sep 20 15:02:20 jwm1-linux systemd[1]: Listening on Disk Repartitioning Service Socket.
Sep 20 15:02:20 jwm1-linux systemd[1]: Listening on Report System Basic Metrics Socket.
Sep 20 15:02:20 jwm1-linux systemd[1]: Listening on CGroup Report Varlink Socket.
Sep 20 15:02:20 jwm1-linux systemd[1]: Listening on Resolve Monitor Varlink Socket.
Sep 20 15:02:20 jwm1-linux systemd[1]: Listening on Resolve Service Varlink Socket.
Sep 20 15:02:20 jwm1-linux systemd[1]: Listening on Simple Block Device Backed Storage Provider.
Sep 20 15:02:20 jwm1-linux systemd[1]: Listening on Simple File System Backed Storage Provider.
Sep 20 15:02:20 jwm1-linux systemd[1]: Listening on udev Control Socket.
Sep 20 15:02:20 jwm1-linux systemd[1]: Listening on udev Kernel Socket.
Sep 20 15:02:20 jwm1-linux systemd[1]: Listening on udev Varlink Socket.
Sep 20 15:02:20 jwm1-linux systemd[1]: Listening on User Database Manager Socket.
Sep 20 15:02:20 jwm1-linux systemd[1]: Mounting Huge Pages File System...
Sep 20 15:02:20 jwm1-linux systemd[1]: Mounting POSIX Message Queue File System...
Sep 20 15:02:20 jwm1-linux systemd[1]: Mounting Kernel Debug File System...
Sep 20 15:02:20 jwm1-linux systemd[1]: Mounting Kernel Trace File System...
Sep 20 15:02:20 jwm1-linux systemd[1]: Starting Create List of Static Device Nodes...
Sep 20 15:02:20 jwm1-linux systemd[1]: Load Kernel Module configfs skipped, unmet condition check ConditionKernelModuleLoaded=!configfs
Sep 20 15:02:20 jwm1-linux systemd[1]: Mounting Kernel Configuration File System...
Sep 20 15:02:20 jwm1-linux systemd[1]: Load Kernel Module drm skipped, unmet condition check ConditionKernelModuleLoaded=!drm
Sep 20 15:02:20 jwm1-linux systemd[1]: Load Kernel Module efi_pstore skipped, unmet condition check ConditionKernelModuleLoaded=!efi_pstore
Sep 20 15:02:20 jwm1-linux systemd[1]: Starting Load Kernel Module fuse...
Sep 20 15:02:20 jwm1-linux systemd[1]: Clear SysFail Entry If The Boot Is Successful skipped, unmet condition check ConditionPathExists=/sys/firmware/efi/efivars/LoaderEntrySysFail-4a67b082-0a4c-41cf-b6c7-440b29bb8c4f
Sep 20 15:02:20 jwm1-linux systemd[1]: Clear Stale Hibernate Storage Info skipped, unmet condition check ConditionPathExists=/sys/firmware/efi/efivars/HibernateLocation-8cf2644b-4b0b-428f-9387-6d876050dc67
Sep 20 15:02:20 jwm1-linux systemd[1]: Starting Journal Service...
Sep 20 15:02:20 jwm1-linux systemd[1]: Starting Load Kernel Modules...
Sep 20 15:02:20 jwm1-linux systemd[1]: TPM PCR Machine ID Measurement skipped, unmet condition check ConditionSecurity=measured-os
Sep 20 15:02:20 jwm1-linux systemd[1]: TPM PCR OS Separator skipped, unmet condition check ConditionSecurity=measured-os
Sep 20 15:02:20 jwm1-linux systemd[1]: Starting Remount Root and Kernel File Systems...
Sep 20 15:02:20 jwm1-linux systemd[1]: Early TPM SRK Setup skipped, unmet condition check ConditionSecurity=measured-os
Sep 20 15:02:20 jwm1-linux systemd[1]: TPM PCR NvPCR Initialization Separator skipped, unmet condition check ConditionPathExists=/etc/initrd-release
Sep 20 15:02:20 jwm1-linux systemd[1]: TPM NvPCR Product ID Measurement skipped, unmet condition check ConditionSecurity=measured-os
Sep 20 15:02:20 jwm1-linux systemd[1]: Starting Load udev Rules from Credentials...
Sep 20 15:02:20 jwm1-linux systemd[1]: Starting Coldplug All udev Devices...
Sep 20 15:02:20 jwm1-linux systemd[1]: Starting Virtual Console Setup...
Sep 20 15:02:20 jwm1-linux kernel: i2c_dev: i2c /dev entries driver
Sep 20 15:02:20 jwm1-linux systemd[1]: Mounted Huge Pages File System.
Sep 20 15:02:20 jwm1-linux systemd[1]: Mounted POSIX Message Queue File System.
Sep 20 15:02:20 jwm1-linux systemd[1]: Mounted Kernel Debug File System.
Sep 20 15:02:20 jwm1-linux systemd[1]: Mounted Kernel Trace File System.
Sep 20 15:02:20 jwm1-linux systemd[1]: Finished Create List of Static Device Nodes.
Sep 20 15:02:20 jwm1-linux systemd[1]: Mounted Kernel Configuration File System.
Sep 20 15:02:20 jwm1-linux kernel: fuse: init (API version 7.45)
Sep 20 15:02:20 jwm1-linux systemd[1]: Starting Create Static Device Nodes in /dev gracefully...
Sep 20 15:02:20 jwm1-linux systemd[1]: modprobe@fuse.service: Deactivated successfully.
Sep 20 15:02:20 jwm1-linux systemd[1]: Finished Load Kernel Module fuse.
Sep 20 15:02:20 jwm1-linux systemd[1]: Finished Load Kernel Modules.
Sep 20 15:02:20 jwm1-linux systemd[1]: Finished Load udev Rules from Credentials.
Sep 20 15:02:20 jwm1-linux systemd[1]: Mounting FUSE Control File System...
Sep 20 15:02:20 jwm1-linux systemd-journald[404]: Collecting audit messages is enabled.
Sep 20 15:02:20 jwm1-linux systemd[1]: Starting Apply Kernel Variables...
Sep 20 15:02:20 jwm1-linux systemd[1]: Mounted FUSE Control File System.
Sep 20 15:02:20 jwm1-linux systemd-journald[404]: Journal started
Sep 20 15:02:20 jwm1-linux systemd-journald[404]: Runtime Journal (/run/log/journal/4bc2a7f98d9a4fb4be82cf58743f1233) is 8M, max 773.7M, 765.7M free.
Sep 20 15:02:20 jwm1-linux systemd-modules-load[405]: Using 3 probe threads
Sep 20 15:02:20 jwm1-linux audit[1]: SERVICE_START pid=1 uid=0 auid=4294967295 ses=4294967295 subj=unconfined msg='unit=systemd-journald comm="systemd" exe="/usr/lib/systemd/systemd" hostname=? addr=? terminal=? res=success'
Sep 20 15:02:20 jwm1-linux systemd-modules-load[405]: Module 'pkcs8_key_parser' is built in
Sep 20 15:02:20 jwm1-linux systemd-modules-load[405]: Inserted module 'crypto_user'
Sep 20 15:02:20 jwm1-linux systemd-modules-load[405]: Inserted module 'i2c_dev'
Sep 20 15:02:20 jwm1-linux systemd[1]: Started Journal Service.
Sep 20 15:02:20 jwm1-linux kernel: audit: type=1130 audit(1789934540.516:2): pid=1 uid=0 auid=4294967295 ses=4294967295 subj=unconfined msg='unit=systemd-journald comm="systemd" exe="/usr/lib/systemd/systemd" hostname=? addr=? terminal=? res=success'
Sep 20 15:02:20 jwm1-linux kernel: BTRFS info (device nvme0n1p5 state M): use zstd compression, level 1
Sep 20 15:02:20 jwm1-linux audit[1]: SERVICE_START pid=1 uid=0 auid=4294967295 ses=4294967295 subj=unconfined msg='unit=systemd-remount-fs comm="systemd" exe="/usr/lib/systemd/systemd" hostname=? addr=? terminal=? res=success'
Sep 20 15:02:20 jwm1-linux systemd[1]: Finished Remount Root and Kernel File Systems.
Sep 20 15:02:20 jwm1-linux systemd[1]: Rebuild Hardware Database skipped, unmet condition check ConditionNeedsUpdate=/etc
Sep 20 15:02:20 jwm1-linux kernel: audit: type=1130 audit(1789934540.527:3): pid=1 uid=0 auid=4294967295 ses=4294967295 subj=unconfined msg='unit=systemd-remount-fs comm="systemd" exe="/usr/lib/systemd/systemd" hostname=? addr=? terminal=? res=success'
Sep 20 15:02:20 jwm1-linux systemd[1]: Starting Flush Journal to Persistent Storage...
Sep 20 15:02:20 jwm1-linux systemd[1]: Platform Persistent Storage Archival skipped, unmet condition check ConditionDirectoryNotEmpty=/sys/fs/pstore
Sep 20 15:02:20 jwm1-linux systemd[1]: Starting Load/Save OS Random Seed...
Sep 20 15:02:20 jwm1-linux systemd[1]: TPM SRK Setup skipped, unmet condition check ConditionSecurity=measured-os
Sep 20 15:02:20 jwm1-linux systemd-vconsole-setup[413]: All allocated virtual consoles are busy, will not configure key mapping and font.
Sep 20 15:02:20 jwm1-linux audit[1]: SERVICE_START pid=1 uid=0 auid=4294967295 ses=4294967295 subj=unconfined msg='unit=systemd-vconsole-setup comm="systemd" exe="/usr/lib/systemd/systemd" hostname=? addr=? terminal=? res=success'
Sep 20 15:02:20 jwm1-linux systemd[1]: Finished Virtual Console Setup.
Sep 20 15:02:20 jwm1-linux kernel: audit: type=1130 audit(1789934540.529:4): pid=1 uid=0 auid=4294967295 ses=4294967295 subj=unconfined msg='unit=systemd-vconsole-setup comm="systemd" exe="/usr/lib/systemd/systemd" hostname=? addr=? terminal=? res=success'
Sep 20 15:02:20 jwm1-linux audit[1]: SERVICE_START pid=1 uid=0 auid=4294967295 ses=4294967295 subj=unconfined msg='unit=systemd-sysctl comm="systemd" exe="/usr/lib/systemd/systemd" hostname=? addr=? terminal=? res=success'
Sep 20 15:02:20 jwm1-linux systemd[1]: Finished Apply Kernel Variables.
Sep 20 15:02:20 jwm1-linux kernel: audit: type=1130 audit(1789934540.534:5): pid=1 uid=0 auid=4294967295 ses=4294967295 subj=unconfined msg='unit=systemd-sysctl comm="systemd" exe="/usr/lib/systemd/systemd" hostname=? addr=? terminal=? res=success'
Sep 20 15:02:20 jwm1-linux systemd[1]: Starting CLI Netfilter Manager...
Sep 20 15:02:20 jwm1-linux systemd[1]: Starting Load Kernel Module tun...
Sep 20 15:02:20 jwm1-linux audit: BPF prog-id=22 op=LOAD
Sep 20 15:02:20 jwm1-linux audit: BPF prog-id=23 op=LOAD
Sep 20 15:02:20 jwm1-linux audit: BPF prog-id=24 op=LOAD
Sep 20 15:02:20 jwm1-linux systemd[1]: Starting User Database Manager...
Sep 20 15:02:20 jwm1-linux kernel: audit: type=1334 audit(1789934540.536:6): prog-id=22 op=LOAD
Sep 20 15:02:20 jwm1-linux kernel: audit: type=1334 audit(1789934540.536:7): prog-id=23 op=LOAD
Sep 20 15:02:20 jwm1-linux kernel: audit: type=1334 audit(1789934540.536:8): prog-id=24 op=LOAD
Sep 20 15:02:20 jwm1-linux systemd-journald[404]: Time spent on flushing to /var/log/journal/4bc2a7f98d9a4fb4be82cf58743f1233 is 5.329ms for 696 entries.
Sep 20 15:02:20 jwm1-linux systemd-journald[404]: System Journal (/var/log/journal/4bc2a7f98d9a4fb4be82cf58743f1233) is 26.3M, max 4G, 3.9G free.
Sep 20 15:02:20 jwm1-linux audit[1]: SERVICE_START pid=1 uid=0 auid=4294967295 ses=4294967295 subj=unconfined msg='unit=systemd-random-seed comm="systemd" exe="/usr/lib/systemd/systemd" hostname=? addr=? terminal=? res=success'
Sep 20 15:02:20 jwm1-linux audit[1]: SERVICE_START pid=1 uid=0 auid=4294967295 ses=4294967295 subj=unconfined msg='unit=modprobe@tun comm="systemd" exe="/usr/lib/systemd/systemd" hostname=? addr=? terminal=? res=success'
Sep 20 15:02:20 jwm1-linux audit[1]: SERVICE_STOP pid=1 uid=0 auid=4294967295 ses=4294967295 subj=unconfined msg='unit=modprobe@tun comm="systemd" exe="/usr/lib/systemd/systemd" hostname=? addr=? terminal=? res=success'
Sep 20 15:02:20 jwm1-linux audit: BPF prog-id=25 op=LOAD
Sep 20 15:02:20 jwm1-linux audit: BPF prog-id=26 op=LOAD
Sep 20 15:02:20 jwm1-linux audit: BPF prog-id=27 op=LOAD
Sep 20 15:02:20 jwm1-linux systemd-journald[404]: Received client request to flush runtime journal.
Sep 20 15:02:20 jwm1-linux systemd[1]: Finished Load/Save OS Random Seed.
Sep 20 15:02:20 jwm1-linux audit[1]: SERVICE_START pid=1 uid=0 auid=4294967295 ses=4294967295 subj=unconfined msg='unit=systemd-userdbd comm="systemd" exe="/usr/lib/systemd/systemd" hostname=? addr=? terminal=? res=success'
Sep 20 15:02:20 jwm1-linux kernel: audit: type=1130 audit(1789934540.538:9): pid=1 uid=0 auid=4294967295 ses=4294967295 subj=unconfined msg='unit=systemd-random-seed comm="systemd" exe="/usr/lib/systemd/systemd" hostname=? addr=? terminal=? res=success'
Sep 20 15:02:20 jwm1-linux systemd[1]: modprobe@tun.service: Deactivated successfully.
Sep 20 15:02:20 jwm1-linux kernel: tun: Universal TUN/TAP device driver, 1.6
Sep 20 15:02:20 jwm1-linux systemd[1]: Finished Load Kernel Module tun.
Sep 20 15:02:20 jwm1-linux kernel: audit: type=1130 audit(1789934540.544:10): pid=1 uid=0 auid=4294967295 ses=4294967295 subj=unconfined msg='unit=modprobe@tun comm="systemd" exe="/usr/lib/systemd/systemd" hostname=? addr=? terminal=? res=success'
Sep 20 15:02:20 jwm1-linux systemd[1]: Starting Namespace Resource Manager...
Sep 20 15:02:20 jwm1-linux systemd[1]: Started User Database Manager.
Sep 20 15:02:20 jwm1-linux systemd[1]: Finished Flush Journal to Persistent Storage.
Sep 20 15:02:20 jwm1-linux audit[1]: SERVICE_START pid=1 uid=0 auid=4294967295 ses=4294967295 subj=unconfined msg='unit=systemd-journal-flush comm="systemd" exe="/usr/lib/systemd/systemd" hostname=? addr=? terminal=? res=success'
Sep 20 15:02:20 jwm1-linux audit[452]: NETFILTER_CFG table=filter:2 family=2 entries=40 op=nft_register_chain pid=452 subj=unconfined comm="iptables-restor"
Sep 20 15:02:20 jwm1-linux audit[452]: SYSCALL arch=c00000b7 syscall=211 success=yes exit=5928 a0=3 a1=ffffd39a4e40 a2=0 a3=0 items=0 ppid=437 pid=452 auid=4294967295 uid=0 gid=0 euid=0 suid=0 fsuid=0 egid=0 sgid=0 fsgid=0 tty=(none) ses=4294967295 comm="iptables-restor" exe="/usr/bin/xtables-nft-multi" subj=unconfined key=(null)
Sep 20 15:02:20 jwm1-linux audit: PROCTITLE proctitle=69707461626C65732D726573746F7265002D6E
Sep 20 15:02:20 jwm1-linux audit[454]: NETFILTER_CFG table=filter:3 family=2 entries=2 op=nft_register_rule pid=454 subj=unconfined comm="iptables-restor"
Sep 20 15:02:20 jwm1-linux audit[454]: SYSCALL arch=c00000b7 syscall=211 success=yes exit=1016 a0=3 a1=ffffd439b4f0 a2=0 a3=0 items=0 ppid=437 pid=454 auid=4294967295 uid=0 gid=0 euid=0 suid=0 fsuid=0 egid=0 sgid=0 fsgid=0 tty=(none) ses=4294967295 comm="iptables-restor" exe="/usr/bin/xtables-nft-multi" subj=unconfined key=(null)
Sep 20 15:02:20 jwm1-linux audit: PROCTITLE proctitle=69707461626C65732D726573746F7265002D6E
Sep 20 15:02:20 jwm1-linux audit[459]: NETFILTER_CFG table=filter:4 family=2 entries=2 op=nft_register_chain pid=459 subj=unconfined comm="iptables-restor"
Sep 20 15:02:20 jwm1-linux audit[459]: SYSCALL arch=c00000b7 syscall=211 success=yes exit=160 a0=3 a1=fffffbc0ed20 a2=0 a3=0 items=0 ppid=437 pid=459 auid=4294967295 uid=0 gid=0 euid=0 suid=0 fsuid=0 egid=0 sgid=0 fsgid=0 tty=(none) ses=4294967295 comm="iptables-restor" exe="/usr/bin/xtables-nft-multi" subj=unconfined key=(null)
Sep 20 15:02:20 jwm1-linux audit: PROCTITLE proctitle=69707461626C65732D726573746F7265002D6E
Sep 20 15:02:20 jwm1-linux audit[462]: NETFILTER_CFG table=filter:5 family=2 entries=6 op=nft_register_chain pid=462 subj=unconfined comm="iptables-restor"
Sep 20 15:02:20 jwm1-linux audit[462]: SYSCALL arch=c00000b7 syscall=211 success=yes exit=780 a0=3 a1=fffff9baaa90 a2=0 a3=0 items=0 ppid=437 pid=462 auid=4294967295 uid=0 gid=0 euid=0 suid=0 fsuid=0 egid=0 sgid=0 fsgid=0 tty=(none) ses=4294967295 comm="iptables-restor" exe="/usr/bin/xtables-nft-multi" subj=unconfined key=(null)
Sep 20 15:02:20 jwm1-linux audit: PROCTITLE proctitle=69707461626C65732D726573746F7265002D6E
Sep 20 15:02:20 jwm1-linux systemd-nsresourced[438]: Not setting up BPF subsystem, as functionality has been disabled at compile time.
Sep 20 15:02:20 jwm1-linux systemd[1]: Started Namespace Resource Manager.
Sep 20 15:02:20 jwm1-linux audit[1]: SERVICE_START pid=1 uid=0 auid=4294967295 ses=4294967295 subj=unconfined msg='unit=systemd-nsresourced comm="systemd" exe="/usr/lib/systemd/systemd" hostname=? addr=? terminal=? res=success'
Sep 20 15:02:20 jwm1-linux systemd[1]: Finished Create Static Device Nodes in /dev gracefully.
Sep 20 15:02:20 jwm1-linux audit[1]: SERVICE_START pid=1 uid=0 auid=4294967295 ses=4294967295 subj=unconfined msg='unit=systemd-tmpfiles-setup-dev-early comm="systemd" exe="/usr/lib/systemd/systemd" hostname=? addr=? terminal=? res=success'
Sep 20 15:02:20 jwm1-linux systemd[1]: Create System Users skipped, no trigger condition checks were met.
Sep 20 15:02:20 jwm1-linux audit[463]: NETFILTER_CFG table=filter:6 family=2 entries=25 op=nft_register_chain pid=463 subj=unconfined comm="iptables-restor"
Sep 20 15:02:20 jwm1-linux audit[463]: SYSCALL arch=c00000b7 syscall=211 success=yes exit=7872 a0=3 a1=fffffd23ace0 a2=0 a3=0 items=0 ppid=437 pid=463 auid=4294967295 uid=0 gid=0 euid=0 suid=0 fsuid=0 egid=0 sgid=0 fsgid=0 tty=(none) ses=4294967295 comm="iptables-restor" exe="/usr/bin/xtables-nft-multi" subj=unconfined key=(null)
Sep 20 15:02:20 jwm1-linux audit: PROCTITLE proctitle=69707461626C65732D726573746F7265002D6E
Sep 20 15:02:20 jwm1-linux audit[476]: NETFILTER_CFG table=filter:7 family=2 entries=7 op=nft_register_rule pid=476 subj=unconfined comm="iptables-restor"
Sep 20 15:02:20 jwm1-linux audit[476]: SYSCALL arch=c00000b7 syscall=211 success=yes exit=2820 a0=3 a1=fffff3f39460 a2=0 a3=0 items=0 ppid=437 pid=476 auid=4294967295 uid=0 gid=0 euid=0 suid=0 fsuid=0 egid=0 sgid=0 fsgid=0 tty=(none) ses=4294967295 comm="iptables-restor" exe="/usr/bin/xtables-nft-multi" subj=unconfined key=(null)
Sep 20 15:02:20 jwm1-linux audit: PROCTITLE proctitle=69707461626C65732D726573746F7265002D6E
Sep 20 15:02:20 jwm1-linux systemd[1]: Starting Journal Log Access Socket...
Sep 20 15:02:20 jwm1-linux audit[476]: NETFILTER_CFG table=filter:8 family=2 entries=16 op=nft_register_chain pid=476 subj=unconfined comm="iptables-restor"
Sep 20 15:02:20 jwm1-linux audit[476]: SYSCALL arch=c00000b7 syscall=211 success=yes exit=4528 a0=3 a1=fffff3f39460 a2=0 a3=0 items=0 ppid=437 pid=476 auid=4294967295 uid=0 gid=0 euid=0 suid=0 fsuid=0 egid=0 sgid=0 fsgid=0 tty=(none) ses=4294967295 comm="iptables-restor" exe="/usr/bin/xtables-nft-multi" subj=unconfined key=(null)
Sep 20 15:02:20 jwm1-linux audit: PROCTITLE proctitle=69707461626C65732D726573746F7265002D6E
Sep 20 15:02:20 jwm1-linux audit[481]: NETFILTER_CFG table=filter:9 family=2 entries=7 op=nft_register_chain pid=481 subj=unconfined comm="iptables-restor"
Sep 20 15:02:20 jwm1-linux audit[481]: SYSCALL arch=c00000b7 syscall=211 success=yes exit=504 a0=3 a1=ffffe7ff9a20 a2=0 a3=0 items=0 ppid=437 pid=481 auid=4294967295 uid=0 gid=0 euid=0 suid=0 fsuid=0 egid=0 sgid=0 fsgid=0 tty=(none) ses=4294967295 comm="iptables-restor" exe="/usr/bin/xtables-nft-multi" subj=unconfined key=(null)
Sep 20 15:02:20 jwm1-linux audit: PROCTITLE proctitle=69707461626C65732D726573746F7265002D6E
Sep 20 15:02:20 jwm1-linux audit: BPF prog-id=28 op=LOAD
Sep 20 15:02:20 jwm1-linux systemd[1]: Starting Network Name Resolution...
Sep 20 15:02:20 jwm1-linux audit[482]: NETFILTER_CFG table=filter:10 family=2 entries=13 op=nft_register_rule pid=482 subj=unconfined comm="iptables-restor"
Sep 20 15:02:20 jwm1-linux audit[482]: SYSCALL arch=c00000b7 syscall=211 success=yes exit=5380 a0=3 a1=ffffe91d2c30 a2=0 a3=0 items=0 ppid=437 pid=482 auid=4294967295 uid=0 gid=0 euid=0 suid=0 fsuid=0 egid=0 sgid=0 fsgid=0 tty=(none) ses=4294967295 comm="iptables-restor" exe="/usr/bin/xtables-nft-multi" subj=unconfined key=(null)
Sep 20 15:02:20 jwm1-linux audit: PROCTITLE proctitle=69707461626C65732D726573746F7265002D6E
Sep 20 15:02:20 jwm1-linux audit: BPF prog-id=29 op=LOAD
Sep 20 15:02:20 jwm1-linux audit[486]: NETFILTER_CFG table=filter:11 family=2 entries=3 op=nft_register_rule pid=486 subj=unconfined comm="iptables-restor"
Sep 20 15:02:20 jwm1-linux audit[486]: SYSCALL arch=c00000b7 syscall=211 success=yes exit=628 a0=3 a1=fffff891e060 a2=0 a3=0 items=0 ppid=437 pid=486 auid=4294967295 uid=0 gid=0 euid=0 suid=0 fsuid=0 egid=0 sgid=0 fsgid=0 tty=(none) ses=4294967295 comm="iptables-restor" exe="/usr/bin/xtables-nft-multi" subj=unconfined key=(null)
Sep 20 15:02:20 jwm1-linux audit: PROCTITLE proctitle=69707461626C65732D726573746F7265002D6E
Sep 20 15:02:20 jwm1-linux systemd[1]: Starting Network Time Synchronization...
Sep 20 15:02:20 jwm1-linux audit[488]: NETFILTER_CFG table=filter:12 family=2 entries=3 op=nft_register_chain pid=488 subj=unconfined comm="iptables-restor"
Sep 20 15:02:20 jwm1-linux audit[488]: SYSCALL arch=c00000b7 syscall=211 success=yes exit=384 a0=3 a1=ffffe9c41010 a2=0 a3=0 items=0 ppid=437 pid=488 auid=4294967295 uid=0 gid=0 euid=0 suid=0 fsuid=0 egid=0 sgid=0 fsgid=0 tty=(none) ses=4294967295 comm="iptables-restor" exe="/usr/bin/xtables-nft-multi" subj=unconfined key=(null)
Sep 20 15:02:20 jwm1-linux audit: PROCTITLE proctitle=69707461626C65732D726573746F7265002D6E
Sep 20 15:02:20 jwm1-linux systemd[1]: Starting Create Static Device Nodes in /dev...
Sep 20 15:02:20 jwm1-linux systemd[1]: Listening on Journal Log Access Socket.
Sep 20 15:02:20 jwm1-linux systemd[1]: Finished Coldplug All udev Devices.
Sep 20 15:02:20 jwm1-linux audit[1]: SERVICE_START pid=1 uid=0 auid=4294967295 ses=4294967295 subj=unconfined msg='unit=systemd-udev-trigger comm="systemd" exe="/usr/lib/systemd/systemd" hostname=? addr=? terminal=? res=success'
Sep 20 15:02:20 jwm1-linux audit[497]: NETFILTER_CFG table=filter:13 family=10 entries=40 op=nft_register_chain pid=497 subj=unconfined comm="ip6tables-resto"
Sep 20 15:02:20 jwm1-linux audit[497]: SYSCALL arch=c00000b7 syscall=211 success=yes exit=5952 a0=3 a1=fffff70585e0 a2=0 a3=0 items=0 ppid=437 pid=497 auid=4294967295 uid=0 gid=0 euid=0 suid=0 fsuid=0 egid=0 sgid=0 fsgid=0 tty=(none) ses=4294967295 comm="ip6tables-resto" exe="/usr/bin/xtables-nft-multi" subj=unconfined key=(null)
Sep 20 15:02:20 jwm1-linux audit: PROCTITLE proctitle=6970367461626C65732D726573746F7265002D6E
Sep 20 15:02:20 jwm1-linux audit[499]: NETFILTER_CFG table=filter:14 family=10 entries=2 op=nft_register_rule pid=499 subj=unconfined comm="ip6tables-resto"
Sep 20 15:02:20 jwm1-linux audit[499]: SYSCALL arch=c00000b7 syscall=211 success=yes exit=984 a0=3 a1=ffffc9848220 a2=0 a3=0 items=0 ppid=437 pid=499 auid=4294967295 uid=0 gid=0 euid=0 suid=0 fsuid=0 egid=0 sgid=0 fsgid=0 tty=(none) ses=4294967295 comm="ip6tables-resto" exe="/usr/bin/xtables-nft-multi" subj=unconfined key=(null)
Sep 20 15:02:20 jwm1-linux audit: PROCTITLE proctitle=6970367461626C65732D726573746F7265002D6E
Sep 20 15:02:20 jwm1-linux audit[502]: NETFILTER_CFG table=filter:15 family=10 entries=2 op=nft_register_chain pid=502 subj=unconfined comm="ip6tables-resto"
Sep 20 15:02:20 jwm1-linux audit[502]: SYSCALL arch=c00000b7 syscall=211 success=yes exit=160 a0=3 a1=fffffe2fcb10 a2=0 a3=0 items=0 ppid=437 pid=502 auid=4294967295 uid=0 gid=0 euid=0 suid=0 fsuid=0 egid=0 sgid=0 fsgid=0 tty=(none) ses=4294967295 comm="ip6tables-resto" exe="/usr/bin/xtables-nft-multi" subj=unconfined key=(null)
Sep 20 15:02:20 jwm1-linux audit: PROCTITLE proctitle=6970367461626C65732D726573746F7265002D6E
Sep 20 15:02:20 jwm1-linux audit[505]: NETFILTER_CFG table=filter:16 family=10 entries=6 op=nft_register_chain pid=505 subj=unconfined comm="ip6tables-resto"
Sep 20 15:02:20 jwm1-linux audit[505]: SYSCALL arch=c00000b7 syscall=211 success=yes exit=780 a0=3 a1=ffffee3888e0 a2=0 a3=0 items=0 ppid=437 pid=505 auid=4294967295 uid=0 gid=0 euid=0 suid=0 fsuid=0 egid=0 sgid=0 fsgid=0 tty=(none) ses=4294967295 comm="ip6tables-resto" exe="/usr/bin/xtables-nft-multi" subj=unconfined key=(null)
Sep 20 15:02:20 jwm1-linux audit: PROCTITLE proctitle=6970367461626C65732D726573746F7265002D6E
Sep 20 15:02:20 jwm1-linux audit[506]: NETFILTER_CFG table=filter:17 family=10 entries=65 op=nft_register_rule pid=506 subj=unconfined comm="ip6tables-resto"
Sep 20 15:02:20 jwm1-linux audit[506]: SYSCALL arch=c00000b7 syscall=211 success=yes exit=25484 a0=3 a1=ffffd6fa5cf0 a2=0 a3=0 items=0 ppid=437 pid=506 auid=4294967295 uid=0 gid=0 euid=0 suid=0 fsuid=0 egid=0 sgid=0 fsgid=0 tty=(none) ses=4294967295 comm="ip6tables-resto" exe="/usr/bin/xtables-nft-multi" subj=unconfined key=(null)
Sep 20 15:02:20 jwm1-linux audit: PROCTITLE proctitle=6970367461626C65732D726573746F7265002D6E
Sep 20 15:02:20 jwm1-linux systemd-resolved[484]: Positive Trust Anchors:
Sep 20 15:02:20 jwm1-linux systemd-resolved[484]: . IN DS 20326 8 2 e06d44b80b8f1d39a95c0b0d7c65d08458e880409bbc683457104237c7f8ec8d
Sep 20 15:02:20 jwm1-linux audit[1]: SERVICE_START pid=1 uid=0 auid=4294967295 ses=4294967295 subj=unconfined msg='unit=systemd-timesyncd comm="systemd" exe="/usr/lib/systemd/systemd" hostname=? addr=? terminal=? res=success'
Sep 20 15:02:20 jwm1-linux systemd-resolved[484]: . IN DS 38696 8 2 683d2d0acb8c9b712a1948b27f741219298d0a450d612c483af444a4c0fb2b16
Sep 20 15:02:20 jwm1-linux systemd-resolved[484]: Negative trust anchors: home.arpa 10.in-addr.arpa 16.172.in-addr.arpa 17.172.in-addr.arpa 18.172.in-addr.arpa 19.172.in-addr.arpa 20.172.in-addr.arpa 21.172.in-addr.arpa 22.172.in-addr.arpa 23.172.in-addr.arpa 24.172.in-addr.arpa 25.172.in-addr.arpa 26.172.in-addr.arpa 27.172.in-addr.arpa 28.172.in-addr.arpa 29.172.in-addr.arpa 30.172.in-addr.arpa 31.172.in-addr.arpa 170.0.0.192.in-addr.arpa 171.0.0.192.in-addr.arpa 168.192.in-addr.arpa d.f.ip6.arpa ipv4only.arpa resolver.arpa corp home internal intranet lan local private test
Sep 20 15:02:20 jwm1-linux audit[509]: NETFILTER_CFG table=filter:18 family=10 entries=6 op=nft_register_rule pid=509 subj=unconfined comm="ip6tables-resto"
Sep 20 15:02:20 jwm1-linux audit[509]: SYSCALL arch=c00000b7 syscall=211 success=yes exit=2496 a0=3 a1=ffffc191b320 a2=0 a3=0 items=0 ppid=437 pid=509 auid=4294967295 uid=0 gid=0 euid=0 suid=0 fsuid=0 egid=0 sgid=0 fsgid=0 tty=(none) ses=4294967295 comm="ip6tables-resto" exe="/usr/bin/xtables-nft-multi" subj=unconfined key=(null)
Sep 20 15:02:20 jwm1-linux audit: PROCTITLE proctitle=6970367461626C65732D726573746F7265002D6E
Sep 20 15:02:20 jwm1-linux audit[509]: NETFILTER_CFG table=filter:19 family=10 entries=12 op=nft_register_chain pid=509 subj=unconfined comm="ip6tables-resto"
Sep 20 15:02:20 jwm1-linux audit[509]: SYSCALL arch=c00000b7 syscall=211 success=yes exit=2880 a0=3 a1=ffffc191b320 a2=0 a3=0 items=0 ppid=437 pid=509 auid=4294967295 uid=0 gid=0 euid=0 suid=0 fsuid=0 egid=0 sgid=0 fsgid=0 tty=(none) ses=4294967295 comm="ip6tables-resto" exe="/usr/bin/xtables-nft-multi" subj=unconfined key=(null)
Sep 20 15:02:20 jwm1-linux audit: PROCTITLE proctitle=6970367461626C65732D726573746F7265002D6E
Sep 20 15:02:20 jwm1-linux systemd[1]: Started Network Time Synchronization.
Sep 20 15:02:20 jwm1-linux systemd[1]: Reached target System Time Set.
Sep 20 15:02:20 jwm1-linux audit[513]: NETFILTER_CFG table=filter:20 family=10 entries=7 op=nft_register_chain pid=513 subj=unconfined comm="ip6tables-resto"
Sep 20 15:02:20 jwm1-linux audit[513]: SYSCALL arch=c00000b7 syscall=211 success=yes exit=512 a0=3 a1=ffffd7e4d660 a2=0 a3=0 items=0 ppid=437 pid=513 auid=4294967295 uid=0 gid=0 euid=0 suid=0 fsuid=0 egid=0 sgid=0 fsgid=0 tty=(none) ses=4294967295 comm="ip6tables-resto" exe="/usr/bin/xtables-nft-multi" subj=unconfined key=(null)
Sep 20 15:02:20 jwm1-linux audit: PROCTITLE proctitle=6970367461626C65732D726573746F7265002D6E
Sep 20 15:02:20 jwm1-linux audit[514]: NETFILTER_CFG table=filter:21 family=10 entries=11 op=nft_register_rule pid=514 subj=unconfined comm="ip6tables-resto"
Sep 20 15:02:20 jwm1-linux audit[514]: SYSCALL arch=c00000b7 syscall=211 success=yes exit=4176 a0=3 a1=ffffdc81dd90 a2=0 a3=0 items=0 ppid=437 pid=514 auid=4294967295 uid=0 gid=0 euid=0 suid=0 fsuid=0 egid=0 sgid=0 fsgid=0 tty=(none) ses=4294967295 comm="ip6tables-resto" exe="/usr/bin/xtables-nft-multi" subj=unconfined key=(null)
Sep 20 15:02:20 jwm1-linux audit: PROCTITLE proctitle=6970367461626C65732D726573746F7265002D6E
Sep 20 15:02:20 jwm1-linux audit[517]: NETFILTER_CFG table=filter:22 family=10 entries=3 op=nft_register_rule pid=517 subj=unconfined comm="ip6tables-resto"
Sep 20 15:02:20 jwm1-linux audit[517]: SYSCALL arch=c00000b7 syscall=211 success=yes exit=632 a0=3 a1=ffffd535d960 a2=0 a3=0 items=0 ppid=437 pid=517 auid=4294967295 uid=0 gid=0 euid=0 suid=0 fsuid=0 egid=0 sgid=0 fsgid=0 tty=(none) ses=4294967295 comm="ip6tables-resto" exe="/usr/bin/xtables-nft-multi" subj=unconfined key=(null)
Sep 20 15:02:20 jwm1-linux audit: PROCTITLE proctitle=6970367461626C65732D726573746F7265002D6E
Sep 20 15:02:20 jwm1-linux audit[519]: NETFILTER_CFG table=filter:23 family=10 entries=3 op=nft_register_chain pid=519 subj=unconfined comm="ip6tables-resto"
Sep 20 15:02:20 jwm1-linux audit[519]: SYSCALL arch=c00000b7 syscall=211 success=yes exit=384 a0=3 a1=ffffd78f87c0 a2=0 a3=0 items=0 ppid=437 pid=519 auid=4294967295 uid=0 gid=0 euid=0 suid=0 fsuid=0 egid=0 sgid=0 fsgid=0 tty=(none) ses=4294967295 comm="ip6tables-resto" exe="/usr/bin/xtables-nft-multi" subj=unconfined key=(null)
Sep 20 15:02:20 jwm1-linux audit: PROCTITLE proctitle=6970367461626C65732D726573746F7265002D6E
Sep 20 15:02:20 jwm1-linux systemd[1]: Finished Create Static Device Nodes in /dev.
Sep 20 15:02:20 jwm1-linux audit[1]: SERVICE_START pid=1 uid=0 auid=4294967295 ses=4294967295 subj=unconfined msg='unit=systemd-tmpfiles-setup-dev comm="systemd" exe="/usr/lib/systemd/systemd" hostname=? addr=? terminal=? res=success'
Sep 20 15:02:20 jwm1-linux systemd[1]: Reached target Preparation for Local File Systems.
Sep 20 15:02:20 jwm1-linux systemd[1]: Repartition Root Disk skipped, no trigger condition checks were met.
Sep 20 15:02:20 jwm1-linux systemd[1]: Starting Grow Root File System...
Sep 20 15:02:20 jwm1-linux audit: BPF prog-id=30 op=LOAD
Sep 20 15:02:20 jwm1-linux audit: BPF prog-id=31 op=LOAD
Sep 20 15:02:20 jwm1-linux systemd[1]: Starting Rule-based Manager for Device Events and Files...
Sep 20 15:02:20 jwm1-linux systemd-resolved[484]: Using system hostname 'jwm1-linux'.
Sep 20 15:02:20 jwm1-linux systemd[1]: Started Network Name Resolution.
Sep 20 15:02:20 jwm1-linux audit[1]: SERVICE_START pid=1 uid=0 auid=4294967295 ses=4294967295 subj=unconfined msg='unit=systemd-resolved comm="systemd" exe="/usr/lib/systemd/systemd" hostname=? addr=? terminal=? res=success'
Sep 20 15:02:20 jwm1-linux systemd[1]: Reached target Host and Network Name Lookups.
Sep 20 15:02:20 jwm1-linux systemd-resolved[484]: Switching to fallback DNS server 9.9.9.9#dns.quad9.net.
Sep 20 15:02:20 jwm1-linux systemd[1]: Finished CLI Netfilter Manager.
Sep 20 15:02:20 jwm1-linux audit[1]: SERVICE_START pid=1 uid=0 auid=4294967295 ses=4294967295 subj=unconfined msg='unit=ufw comm="systemd" exe="/usr/lib/systemd/systemd" hostname=? addr=? terminal=? res=success'
Sep 20 15:02:20 jwm1-linux systemd-growfs[521]: Successfully resized "/" to 445.5G bytes.
Sep 20 15:02:20 jwm1-linux audit[1]: SERVICE_START pid=1 uid=0 auid=4294967295 ses=4294967295 subj=unconfined msg='unit=systemd-growfs-root comm="systemd" exe="/usr/lib/systemd/systemd" hostname=? addr=? terminal=? res=success'
Sep 20 15:02:20 jwm1-linux systemd[1]: Finished Grow Root File System.
Sep 20 15:02:20 jwm1-linux systemd-udevd[523]: Using default interface naming scheme 'v261'.
Sep 20 15:02:20 jwm1-linux systemd[1]: Started Rule-based Manager for Device Events and Files.
Sep 20 15:02:20 jwm1-linux audit[1]: SERVICE_START pid=1 uid=0 auid=4294967295 ses=4294967295 subj=unconfined msg='unit=systemd-udevd comm="systemd" exe="/usr/lib/systemd/systemd" hostname=? addr=? terminal=? res=success'
Sep 20 15:02:20 jwm1-linux systemd[1]: Starting Show Plymouth Boot Screen...
Sep 20 15:02:20 jwm1-linux systemd[1]: Started Show Plymouth Boot Screen.
Sep 20 15:02:20 jwm1-linux audit[1]: SERVICE_START pid=1 uid=0 auid=4294967295 ses=4294967295 subj=unconfined msg='unit=plymouth-start comm="systemd" exe="/usr/lib/systemd/systemd" hostname=? addr=? terminal=? res=success'
Sep 20 15:02:20 jwm1-linux systemd[1]: Dispatch Password Requests to Console Directory Watch skipped, unmet condition check ConditionPathExists=!/run/plymouth/pid
Sep 20 15:02:20 jwm1-linux systemd[1]: Started Forward Password Requests to Plymouth Directory Watch.
Sep 20 15:02:20 jwm1-linux systemd[1]: Reached target Local Encrypted Volumes.
Sep 20 15:02:20 jwm1-linux systemd[1]: Found device /dev/zram0.
Sep 20 15:02:20 jwm1-linux systemd[1]: Starting Create swap on /dev/zram0...
Sep 20 15:02:20 jwm1-linux kernel: zram0: detected capacity change from 0 to 31690752
Sep 20 15:02:20 jwm1-linux systemd-makefs[570]: Formatting /dev/zram0 as swap
Sep 20 15:02:20 jwm1-linux systemd-makefs[570]: /dev/zram0 successfully formatted as swap (label "zram0", uuid 78c886de-fa78-412a-886b-36512506a729)
Sep 20 15:02:20 jwm1-linux systemd[1]: Finished Create swap on /dev/zram0.
Sep 20 15:02:20 jwm1-linux audit[1]: SERVICE_START pid=1 uid=0 auid=4294967295 ses=4294967295 subj=unconfined msg='unit=systemd-zram-setup@zram0 comm="systemd" exe="/usr/lib/systemd/systemd" hostname=? addr=? terminal=? res=success'
Sep 20 15:02:20 jwm1-linux systemd[1]: Activating swap Compressed Swap on /dev/zram0...
Sep 20 15:02:20 jwm1-linux kernel: mc: Linux media interface: v0.10
Sep 20 15:02:20 jwm1-linux kernel: videodev: Linux video capture interface: v2.00
Sep 20 15:02:20 jwm1-linux systemd[1]: Found device APPLE SSD AP2048Q EFI_-_OMARC.
Sep 20 15:02:20 jwm1-linux kernel: Adding 15845360k swap on /dev/zram0.  Priority:100 extents:1 across:15845360k SSDsc
Sep 20 15:02:20 jwm1-linux systemd[1]: Activated swap Compressed Swap on /dev/zram0.
Sep 20 15:02:20 jwm1-linux kernel: apple-isp 22a000000.isp: ISP firmware-compat: 13.5 (FW: 13.5)
Sep 20 15:02:20 jwm1-linux kernel: apple-isp 22a000000.isp: IPC surface iova: 0x1000000
Sep 20 15:02:20 jwm1-linux kernel: apple-isp 22a000000.isp: Data surface iova: 0x101c000
Sep 20 15:02:20 jwm1-linux kernel: spi-nor spi1.0: supply vcc not found, using dummy regulator
Sep 20 15:02:20 jwm1-linux kernel: tas2770 1-0031: supply SDZ not found, using dummy regulator
Sep 20 15:02:20 jwm1-linux kernel: tas2770 1-0031: tas2770_i2c_probe: Failed to parse devicetree
Sep 20 15:02:20 jwm1-linux kernel: tas2770 1-0032: supply SDZ not found, using dummy regulator
Sep 20 15:02:20 jwm1-linux kernel: input: MacBookPro17,1 Touch Bar as /devices/platform/soc/235100000.spi/spi_master/spi0/spi0.0/input/input7
Sep 20 15:02:20 jwm1-linux kernel: tas2770 1-0032: tas2770_i2c_probe: Failed to parse devicetree
Sep 20 15:02:20 jwm1-linux kernel: tas2770 3-0034: supply SDZ not found, using dummy regulator
Sep 20 15:02:20 jwm1-linux kernel: tas2770 3-0034: tas2770_i2c_probe: Failed to parse devicetree
Sep 20 15:02:20 jwm1-linux kernel: tas2770 3-0035: supply SDZ not found, using dummy regulator
Sep 20 15:02:20 jwm1-linux kernel: tas2770 3-0035: tas2770_i2c_probe: Failed to parse devicetree
Sep 20 15:02:20 jwm1-linux systemd[1]: Found device APPLE SSD AP2048Q asahi-root.
Sep 20 15:02:20 jwm1-linux systemd[1]: Created slice Slice /system/systemd-backlight.
Sep 20 15:02:20 jwm1-linux systemd[1]: Reached target Swaps.
Sep 20 15:02:20 jwm1-linux systemd[1]: Starting Load/Save Screen Backlight Brightness of backlight:228600000.dsi.0...
Sep 20 15:02:20 jwm1-linux systemd[1]: Starting Load/Save Screen Backlight Brightness of backlight:apple-panel-bl...
Sep 20 15:02:20 jwm1-linux systemd[1]: Starting Load/Save Screen Backlight Brightness of leds:kbd_backlight...
Sep 20 15:02:20 jwm1-linux systemd[1]: Starting File System Check on /dev/disk/by-uuid/BD14-6F4C...
Sep 20 15:02:20 jwm1-linux audit: BPF prog-id=32 op=LOAD
Sep 20 15:02:20 jwm1-linux audit: BPF prog-id=33 op=LOAD
Sep 20 15:02:20 jwm1-linux audit: BPF prog-id=34 op=LOAD
Sep 20 15:02:20 jwm1-linux systemd[1]: Starting Userspace Out-Of-Memory (OOM) Killer...
Sep 20 15:02:20 jwm1-linux systemd[1]: Finished Load/Save Screen Backlight Brightness of leds:kbd_backlight.
Sep 20 15:02:20 jwm1-linux audit[1]: SERVICE_START pid=1 uid=0 auid=4294967295 ses=4294967295 subj=unconfined msg='unit=systemd-backlight@leds:kbd_backlight comm="systemd" exe="/usr/lib/systemd/systemd" hostname=? addr=? terminal=? res=success'
Sep 20 15:02:20 jwm1-linux systemd-timesyncd[489]: Network configuration changed, trying to establish connection.
Sep 20 15:02:20 jwm1-linux kernel: tas2770 1-0031: supply SDZ not found, using dummy regulator
Sep 20 15:02:20 jwm1-linux systemd-backlight[590]: 228600000.dsi.0: Saved brightness 0 is too low; increasing to 2.
Sep 20 15:02:20 jwm1-linux systemd[1]: Finished Load/Save Screen Backlight Brightness of backlight:228600000.dsi.0.
Sep 20 15:02:20 jwm1-linux audit[1]: SERVICE_START pid=1 uid=0 auid=4294967295 ses=4294967295 subj=unconfined msg='unit=systemd-backlight@backlight:228600000.dsi.0 comm="systemd" exe="/usr/lib/systemd/systemd" hostname=? addr=? terminal=? res=success'
Sep 20 15:02:20 jwm1-linux kernel: tas2770 1-0032: supply SDZ not found, using dummy regulator
Sep 20 15:02:20 jwm1-linux kernel: apple_aop 24ac00000.aop: RTKit: Initializing (protocol version 12)
Sep 20 15:02:20 jwm1-linux systemd-fsck[600]: fsck.fat 4.2 (2021-01-31)
Sep 20 15:02:20 jwm1-linux systemd-fsck[600]: /dev/nvme0n1p4: 138 files, 32786/127718 clusters
Sep 20 15:02:20 jwm1-linux kernel: apple_aop 24ac00000.aop: RTKit: syslog message: AOP_oslog_init.cpp:96: Start AOP OSLog init
Sep 20 15:02:20 jwm1-linux kernel: apple_aop 24ac00000.aop: RTKit: syslog message: P_os_log_support.cpp:60: AOP os log initialized
Sep 20 15:02:20 jwm1-linux kernel: apple_aop 24ac00000.aop: RTKit: syslog message: SPU_dram_client.cpp:211: AOP platform dram client initialized
Sep 20 15:02:20 jwm1-linux kernel: tas2770 3-0034: supply SDZ not found, using dummy regulator
Sep 20 15:02:20 jwm1-linux kernel: apple-display-crossbar 38304c000.mux: Switched dpphy to disconnected state
Sep 20 15:02:20 jwm1-linux kernel: apple-display-crossbar 38304c000.mux: Switched dpin0 to disconnected state
Sep 20 15:02:20 jwm1-linux kernel: apple-display-crossbar 38304c000.mux: Switched dpin1 to disconnected state
Sep 20 15:02:20 jwm1-linux kernel: apple-display-crossbar 50304c000.mux: Switched dpphy to disconnected state
Sep 20 15:02:20 jwm1-linux kernel: apple-display-crossbar 50304c000.mux: Switched dpin0 to disconnected state
Sep 20 15:02:20 jwm1-linux kernel: apple-display-crossbar 50304c000.mux: Switched dpin1 to disconnected state
Sep 20 15:02:20 jwm1-linux kernel: tas2770 3-0035: supply SDZ not found, using dummy regulator
Sep 20 15:02:20 jwm1-linux systemd[1]: Configuration file /usr/lib/systemd/system/macsmc-battery-charge-control-end-threshold.path is marked executable. Please remove executable permission bits. Proceeding anyway.
Sep 20 15:02:20 jwm1-linux systemd[1]: Configuration file /usr/lib/systemd/system/macsmc-battery-charge-control-end-threshold.service is marked executable. Please remove executable permission bits. Proceeding anyway.
Sep 20 15:02:20 jwm1-linux systemd[1]: Started Userspace Out-Of-Memory (OOM) Killer.
Sep 20 15:02:20 jwm1-linux audit[1]: SERVICE_START pid=1 uid=0 auid=4294967295 ses=4294967295 subj=unconfined msg='unit=systemd-oomd comm="systemd" exe="/usr/lib/systemd/systemd" hostname=? addr=? terminal=? res=success'
Sep 20 15:02:20 jwm1-linux systemd[1]: Finished File System Check on /dev/disk/by-uuid/BD14-6F4C.
Sep 20 15:02:20 jwm1-linux audit[1]: SERVICE_START pid=1 uid=0 auid=4294967295 ses=4294967295 subj=unconfined msg='unit=systemd-fsck@dev-disk-by\x2duuid-BD14\x2d6F4C comm="systemd" exe="/usr/lib/systemd/systemd" hostname=? addr=? terminal=? res=success'
Sep 20 15:02:20 jwm1-linux systemd[1]: Dispatch Password Requests to Console Directory Watch skipped, unmet condition check ConditionPathExists=!/run/plymouth/pid
Sep 20 15:02:20 jwm1-linux systemd[1]: Load Kernel Module efi_pstore skipped, unmet condition check ConditionKernelModuleLoaded=!efi_pstore
Sep 20 15:02:20 jwm1-linux systemd[1]: Clear SysFail Entry If The Boot Is Successful skipped, unmet condition check ConditionPathExists=/sys/firmware/efi/efivars/LoaderEntrySysFail-4a67b082-0a4c-41cf-b6c7-440b29bb8c4f
Sep 20 15:02:20 jwm1-linux systemd[1]: Clear Stale Hibernate Storage Info skipped, unmet condition check ConditionPathExists=/sys/firmware/efi/efivars/HibernateLocation-8cf2644b-4b0b-428f-9387-6d876050dc67
Sep 20 15:02:20 jwm1-linux systemd[1]: Rebuild Hardware Database skipped, unmet condition check ConditionNeedsUpdate=/etc
Sep 20 15:02:20 jwm1-linux systemd[1]: TPM PCR Machine ID Measurement skipped, unmet condition check ConditionSecurity=measured-os
Sep 20 15:02:20 jwm1-linux systemd[1]: TPM PCR OS Separator skipped, unmet condition check ConditionSecurity=measured-os
Sep 20 15:02:20 jwm1-linux systemd[1]: Platform Persistent Storage Archival skipped, unmet condition check ConditionDirectoryNotEmpty=/sys/fs/pstore
Sep 20 15:02:20 jwm1-linux systemd[1]: Create System Users skipped, no trigger condition checks were met.
Sep 20 15:02:20 jwm1-linux systemd[1]: Early TPM SRK Setup skipped, unmet condition check ConditionSecurity=measured-os
Sep 20 15:02:20 jwm1-linux systemd[1]: TPM PCR NvPCR Initialization Separator skipped, unmet condition check ConditionPathExists=/etc/initrd-release
Sep 20 15:02:20 jwm1-linux systemd[1]: TPM NvPCR Product ID Measurement skipped, unmet condition check ConditionSecurity=measured-os
Sep 20 15:02:20 jwm1-linux systemd[1]: Repartition Root Disk skipped, no trigger condition checks were met.
Sep 20 15:02:20 jwm1-linux systemd[1]: TPM SRK Setup skipped, unmet condition check ConditionSecurity=measured-os
Sep 20 15:02:20 jwm1-linux kernel: apple_aop 24ac00000.aop: RTKit: syslog message: ALSCT720.cpp:57: probe
Sep 20 15:02:20 jwm1-linux kernel: apple_aop 24ac00000.aop: RTKit: syslog message: ALSCT720.cpp:85: CT720 device found.
Sep 20 15:02:20 jwm1-linux kernel: apple_aop 24ac00000.aop: RTKit: syslog message: ALSVD6286.cpp:80: [ALS2] VD6286 device NOT found. Calibration Override:0
Sep 20 15:02:20 jwm1-linux kernel: apple_aop 24ac00000.aop: RTKit: syslog message: ClientInfo.cpp:184: exp "inCallbackAction(it.key(), inRef)" fail, RunActionOnClientManagers(), ln 1
Sep 20 15:02:20 jwm1-linux kernel: apple_aop 24ac00000.aop: RTKit: syslog message: ALSCT720.cpp:93: start
Sep 20 15:02:20 jwm1-linux kernel: apple_aop 24ac00000.aop: RTKit: syslog message: udioPDMNodeBase.cpp:150: PDMDev<pdm0> wake notification. Prev AP state 1
Sep 20 15:02:20 jwm1-linux kernel: apple_aop 24ac00000.aop: RTKit: syslog message: iggerController.cpp:129: VoiceTrig ready!! <AppleAOPVoiceTriggerController v240.2 built: Jun 30 202317:4
Sep 20 15:02:20 jwm1-linux kernel: apple_aop 24ac00000.aop: RTKit: syslog message: ClientInfo.cpp:184: exp "inCallbackAction(it.key(), inRef)" fail, RunActionOnClientManagers(), ln 1
Sep 20 15:02:20 jwm1-linux kernel: apple_aop 24ac00000.aop: RTKit: syslog message: Controller.cpp:160: RTKitAudioFramework v240.4 (built Jun 30 2023 17:51:05) ready!! {12 nodes}
Sep 20 15:02:20 jwm1-linux kernel: apple_aop 24ac00000.aop: RTKit: syslog message: Controller.cpp:251: aop-audio v240.10 (built Jun 30 2023 17:56:11, debug 0x0) ready!!
Sep 20 15:02:20 jwm1-linux kernel: apple_aop 24ac00000.aop: RTKit: syslog message: SPU_init.cpp:320: ===( AOP IS READY )===
Sep 20 15:02:20 jwm1-linux systemd[1]: Finished Load/Save Screen Backlight Brightness of backlight:apple-panel-bl.
Sep 20 15:02:20 jwm1-linux audit[1]: SERVICE_START pid=1 uid=0 auid=4294967295 ses=4294967295 subj=unconfined msg='unit=systemd-backlight@backlight:apple-panel-bl comm="systemd" exe="/usr/lib/systemd/systemd" hostname=? addr=? terminal=? res=success'
Sep 20 15:02:20 jwm1-linux systemd[1]: Listening on Load/Save RF Kill Switch Status /dev/rfkill Watch.
Sep 20 15:02:20 jwm1-linux audit[1]: SERVICE_STOP pid=1 uid=0 auid=4294967295 ses=4294967295 subj=unconfined msg='unit=systemd-vconsole-setup comm="systemd" exe="/usr/lib/systemd/systemd" hostname=? addr=? terminal=? res=success'
Sep 20 15:02:20 jwm1-linux systemd[1]: systemd-vconsole-setup.service: Deactivated successfully.
Sep 20 15:02:20 jwm1-linux systemd[1]: Stopped Virtual Console Setup.
Sep 20 15:02:20 jwm1-linux systemd[1]: Stopping Virtual Console Setup...
Sep 20 15:02:20 jwm1-linux systemd[1]: Starting Virtual Console Setup...
Sep 20 15:02:20 jwm1-linux systemd-vconsole-setup[609]: All allocated virtual consoles are busy, will not configure key mapping and font.
Sep 20 15:02:20 jwm1-linux systemd[1]: Finished Virtual Console Setup.
Sep 20 15:02:20 jwm1-linux audit[1]: SERVICE_START pid=1 uid=0 auid=4294967295 ses=4294967295 subj=unconfined msg='unit=systemd-vconsole-setup comm="systemd" exe="/usr/lib/systemd/systemd" hostname=? addr=? terminal=? res=success'
Sep 20 15:02:20 jwm1-linux kernel: 1 fixed-partitions partitions found on MTD device spi1.0
Sep 20 15:02:20 jwm1-linux kernel: Creating 1 MTD partitions on "spi1.0":
Sep 20 15:02:20 jwm1-linux kernel: 0x000000700000-0x000000800000 : "nvram"
Sep 20 15:02:20 jwm1-linux systemd[1]: Dispatch Password Requests to Console Directory Watch skipped, unmet condition check ConditionPathExists=!/run/plymouth/pid
Sep 20 15:02:20 jwm1-linux systemd[1]: Load Kernel Module efi_pstore skipped, unmet condition check ConditionKernelModuleLoaded=!efi_pstore
Sep 20 15:02:20 jwm1-linux systemd[1]: Clear SysFail Entry If The Boot Is Successful skipped, unmet condition check ConditionPathExists=/sys/firmware/efi/efivars/LoaderEntrySysFail-4a67b082-0a4c-41cf-b6c7-440b29bb8c4f
Sep 20 15:02:20 jwm1-linux systemd[1]: Clear Stale Hibernate Storage Info skipped, unmet condition check ConditionPathExists=/sys/firmware/efi/efivars/HibernateLocation-8cf2644b-4b0b-428f-9387-6d876050dc67
Sep 20 15:02:20 jwm1-linux systemd[1]: Rebuild Hardware Database skipped, unmet condition check ConditionNeedsUpdate=/etc
Sep 20 15:02:20 jwm1-linux systemd[1]: TPM PCR Machine ID Measurement skipped, unmet condition check ConditionSecurity=measured-os
Sep 20 15:02:20 jwm1-linux systemd[1]: TPM PCR OS Separator skipped, unmet condition check ConditionSecurity=measured-os
Sep 20 15:02:20 jwm1-linux systemd[1]: Platform Persistent Storage Archival skipped, unmet condition check ConditionDirectoryNotEmpty=/sys/fs/pstore
Sep 20 15:02:20 jwm1-linux systemd[1]: Create System Users skipped, no trigger condition checks were met.
Sep 20 15:02:20 jwm1-linux systemd[1]: Early TPM SRK Setup skipped, unmet condition check ConditionSecurity=measured-os
Sep 20 15:02:20 jwm1-linux systemd[1]: TPM PCR NvPCR Initialization Separator skipped, unmet condition check ConditionPathExists=/etc/initrd-release
Sep 20 15:02:20 jwm1-linux systemd[1]: TPM NvPCR Product ID Measurement skipped, unmet condition check ConditionSecurity=measured-os
Sep 20 15:02:20 jwm1-linux systemd[1]: Repartition Root Disk skipped, no trigger condition checks were met.
Sep 20 15:02:20 jwm1-linux systemd[1]: TPM SRK Setup skipped, unmet condition check ConditionSecurity=measured-os
Sep 20 15:02:20 jwm1-linux kernel: cs42l83 2-0048: supply VA not found, using dummy regulator
Sep 20 15:02:20 jwm1-linux kernel: cs42l83 2-0048: supply VP not found, using dummy regulator
Sep 20 15:02:20 jwm1-linux kernel: cs42l83 2-0048: supply VCP not found, using dummy regulator
Sep 20 15:02:20 jwm1-linux kernel: cs42l83 2-0048: supply VD_FILT not found, using dummy regulator
Sep 20 15:02:20 jwm1-linux kernel: cs42l83 2-0048: supply VL not found, using dummy regulator
Sep 20 15:02:20 jwm1-linux kernel: cfg80211: Loading compiled-in X.509 certificates for regulatory database
Sep 20 15:02:20 jwm1-linux kernel: Loaded X.509 cert 'sforshee: 00b28ddf47aef9cea7'
Sep 20 15:02:20 jwm1-linux kernel: Loaded X.509 cert 'wens: 61c038651aabdcf94bd0ac7ff06c7248db18c600'
Sep 20 15:02:20 jwm1-linux kernel: Bluetooth: Core ver 2.22
Sep 20 15:02:20 jwm1-linux kernel: NET: Registered PF_BLUETOOTH protocol family
Sep 20 15:02:20 jwm1-linux kernel: Bluetooth: HCI device and connection manager initialized
Sep 20 15:02:20 jwm1-linux kernel: Bluetooth: HCI socket layer initialized
Sep 20 15:02:20 jwm1-linux kernel: Bluetooth: L2CAP socket layer initialized
Sep 20 15:02:20 jwm1-linux kernel: Bluetooth: SCO socket layer initialized
Sep 20 15:02:20 jwm1-linux kernel: hci_bcm4377 0000:01:00.1: resetting
Sep 20 15:02:20 jwm1-linux kernel: cs42l83 2-0048: Cirrus Logic CS42L83, Revision: B0
Sep 20 15:02:20 jwm1-linux (udev-worker)[550]: cfg80211: Process '/usr/bin/set-wireless-regdom' failed with exit code 1.
Sep 20 15:02:20 jwm1-linux kernel: usbcore: registered new interface driver brcmfmac
Sep 20 15:02:20 jwm1-linux kernel: brcmfmac 0000:01:00.0: enabling device (0000 -> 0002)
Sep 20 15:02:20 jwm1-linux kernel: apple_aop 24ac00000.aop: RTKit: syslog message: udioPDMNodeBase.cpp:115: PDMDev<pdm0> LPClkCfg=Src:pll ,Freq:2400000
Sep 20 15:02:20 jwm1-linux kernel: apple_aop 24ac00000.aop: RTKit: syslog message: udioPDMNodeBase.cpp:554: PDMDev<pdm0> off ->xi0 , 0->2400000 AP state 1
Sep 20 15:02:20 jwm1-linux systemd[1]: Dispatch Password Requests to Console Directory Watch skipped, unmet condition check ConditionPathExists=!/run/plymouth/pid
Sep 20 15:02:20 jwm1-linux systemd[1]: Load Kernel Module efi_pstore skipped, unmet condition check ConditionKernelModuleLoaded=!efi_pstore
Sep 20 15:02:20 jwm1-linux systemd[1]: Clear SysFail Entry If The Boot Is Successful skipped, unmet condition check ConditionPathExists=/sys/firmware/efi/efivars/LoaderEntrySysFail-4a67b082-0a4c-41cf-b6c7-440b29bb8c4f
Sep 20 15:02:20 jwm1-linux systemd[1]: Clear Stale Hibernate Storage Info skipped, unmet condition check ConditionPathExists=/sys/firmware/efi/efivars/HibernateLocation-8cf2644b-4b0b-428f-9387-6d876050dc67
Sep 20 15:02:20 jwm1-linux systemd[1]: Rebuild Hardware Database skipped, unmet condition check ConditionNeedsUpdate=/etc
Sep 20 15:02:20 jwm1-linux systemd[1]: TPM PCR Machine ID Measurement skipped, unmet condition check ConditionSecurity=measured-os
Sep 20 15:02:20 jwm1-linux systemd[1]: TPM PCR OS Separator skipped, unmet condition check ConditionSecurity=measured-os
Sep 20 15:02:20 jwm1-linux systemd[1]: Platform Persistent Storage Archival skipped, unmet condition check ConditionDirectoryNotEmpty=/sys/fs/pstore
Sep 20 15:02:20 jwm1-linux systemd[1]: Create System Users skipped, no trigger condition checks were met.
Sep 20 15:02:20 jwm1-linux systemd[1]: Early TPM SRK Setup skipped, unmet condition check ConditionSecurity=measured-os
Sep 20 15:02:20 jwm1-linux systemd[1]: TPM PCR NvPCR Initialization Separator skipped, unmet condition check ConditionPathExists=/etc/initrd-release
Sep 20 15:02:20 jwm1-linux systemd[1]: TPM NvPCR Product ID Measurement skipped, unmet condition check ConditionSecurity=measured-os
Sep 20 15:02:20 jwm1-linux systemd[1]: Repartition Root Disk skipped, no trigger condition checks were met.
Sep 20 15:02:20 jwm1-linux systemd[1]: TPM SRK Setup skipped, unmet condition check ConditionSecurity=measured-os
Sep 20 15:02:20 jwm1-linux systemd[1]: Dispatch Password Requests to Console Directory Watch skipped, unmet condition check ConditionPathExists=!/run/plymouth/pid
Sep 20 15:02:20 jwm1-linux systemd[1]: Load Kernel Module efi_pstore skipped, unmet condition check ConditionKernelModuleLoaded=!efi_pstore
Sep 20 15:02:20 jwm1-linux systemd[1]: Clear SysFail Entry If The Boot Is Successful skipped, unmet condition check ConditionPathExists=/sys/firmware/efi/efivars/LoaderEntrySysFail-4a67b082-0a4c-41cf-b6c7-440b29bb8c4f
Sep 20 15:02:20 jwm1-linux systemd[1]: Clear Stale Hibernate Storage Info skipped, unmet condition check ConditionPathExists=/sys/firmware/efi/efivars/HibernateLocation-8cf2644b-4b0b-428f-9387-6d876050dc67
Sep 20 15:02:20 jwm1-linux systemd[1]: Rebuild Hardware Database skipped, unmet condition check ConditionNeedsUpdate=/etc
Sep 20 15:02:20 jwm1-linux systemd[1]: TPM PCR Machine ID Measurement skipped, unmet condition check ConditionSecurity=measured-os
Sep 20 15:02:20 jwm1-linux systemd[1]: TPM PCR OS Separator skipped, unmet condition check ConditionSecurity=measured-os
Sep 20 15:02:20 jwm1-linux systemd[1]: Platform Persistent Storage Archival skipped, unmet condition check ConditionDirectoryNotEmpty=/sys/fs/pstore
Sep 20 15:02:20 jwm1-linux systemd[1]: Create System Users skipped, no trigger condition checks were met.
Sep 20 15:02:20 jwm1-linux systemd[1]: Early TPM SRK Setup skipped, unmet condition check ConditionSecurity=measured-os
Sep 20 15:02:20 jwm1-linux systemd[1]: TPM PCR NvPCR Initialization Separator skipped, unmet condition check ConditionPathExists=/etc/initrd-release
Sep 20 15:02:20 jwm1-linux systemd[1]: TPM NvPCR Product ID Measurement skipped, unmet condition check ConditionSecurity=measured-os
Sep 20 15:02:20 jwm1-linux systemd[1]: Repartition Root Disk skipped, no trigger condition checks were met.
Sep 20 15:02:20 jwm1-linux systemd[1]: TPM SRK Setup skipped, unmet condition check ConditionSecurity=measured-os
Sep 20 15:02:20 jwm1-linux kernel: brcmfmac: brcmf_fw_alloc_request: using brcm/brcmfmac4378b1-pcie for chip BCM4378/3
Sep 20 15:02:21 jwm1-linux kernel: hci_bcm4377 0000:01:00.1: reset done
Sep 20 15:02:21 jwm1-linux kernel: input: MacBook Pro J293 Headphone Jack as /devices/platform/sound/sound/card1/input8
Sep 20 15:02:21 jwm1-linux systemd[1]: Dispatch Password Requests to Console Directory Watch skipped, unmet condition check ConditionPathExists=!/run/plymouth/pid
Sep 20 15:02:21 jwm1-linux systemd[1]: Load Kernel Module efi_pstore skipped, unmet condition check ConditionKernelModuleLoaded=!efi_pstore
Sep 20 15:02:21 jwm1-linux systemd[1]: Clear SysFail Entry If The Boot Is Successful skipped, unmet condition check ConditionPathExists=/sys/firmware/efi/efivars/LoaderEntrySysFail-4a67b082-0a4c-41cf-b6c7-440b29bb8c4f
Sep 20 15:02:21 jwm1-linux systemd[1]: Clear Stale Hibernate Storage Info skipped, unmet condition check ConditionPathExists=/sys/firmware/efi/efivars/HibernateLocation-8cf2644b-4b0b-428f-9387-6d876050dc67
Sep 20 15:02:21 jwm1-linux systemd[1]: Rebuild Hardware Database skipped, unmet condition check ConditionNeedsUpdate=/etc
Sep 20 15:02:21 jwm1-linux systemd[1]: TPM PCR Machine ID Measurement skipped, unmet condition check ConditionSecurity=measured-os
Sep 20 15:02:21 jwm1-linux systemd[1]: TPM PCR OS Separator skipped, unmet condition check ConditionSecurity=measured-os
Sep 20 15:02:21 jwm1-linux systemd[1]: Platform Persistent Storage Archival skipped, unmet condition check ConditionDirectoryNotEmpty=/sys/fs/pstore
Sep 20 15:02:21 jwm1-linux systemd[1]: Create System Users skipped, no trigger condition checks were met.
Sep 20 15:02:21 jwm1-linux systemd[1]: Early TPM SRK Setup skipped, unmet condition check ConditionSecurity=measured-os
Sep 20 15:02:21 jwm1-linux systemd[1]: TPM PCR NvPCR Initialization Separator skipped, unmet condition check ConditionPathExists=/etc/initrd-release
Sep 20 15:02:21 jwm1-linux systemd[1]: TPM NvPCR Product ID Measurement skipped, unmet condition check ConditionSecurity=measured-os
Sep 20 15:02:21 jwm1-linux systemd[1]: Repartition Root Disk skipped, no trigger condition checks were met.
Sep 20 15:02:21 jwm1-linux systemd[1]: TPM SRK Setup skipped, unmet condition check ConditionSecurity=measured-os
Sep 20 15:02:21 jwm1-linux systemd[1]: Dispatch Password Requests to Console Directory Watch skipped, unmet condition check ConditionPathExists=!/run/plymouth/pid
Sep 20 15:02:21 jwm1-linux systemd[1]: Load Kernel Module efi_pstore skipped, unmet condition check ConditionKernelModuleLoaded=!efi_pstore
Sep 20 15:02:21 jwm1-linux systemd[1]: Clear SysFail Entry If The Boot Is Successful skipped, unmet condition check ConditionPathExists=/sys/firmware/efi/efivars/LoaderEntrySysFail-4a67b082-0a4c-41cf-b6c7-440b29bb8c4f
Sep 20 15:02:21 jwm1-linux systemd[1]: Clear Stale Hibernate Storage Info skipped, unmet condition check ConditionPathExists=/sys/firmware/efi/efivars/HibernateLocation-8cf2644b-4b0b-428f-9387-6d876050dc67
Sep 20 15:02:21 jwm1-linux systemd[1]: Rebuild Hardware Database skipped, unmet condition check ConditionNeedsUpdate=/etc
Sep 20 15:02:21 jwm1-linux systemd[1]: TPM PCR Machine ID Measurement skipped, unmet condition check ConditionSecurity=measured-os
Sep 20 15:02:21 jwm1-linux systemd[1]: TPM PCR OS Separator skipped, unmet condition check ConditionSecurity=measured-os
Sep 20 15:02:21 jwm1-linux systemd[1]: Platform Persistent Storage Archival skipped, unmet condition check ConditionDirectoryNotEmpty=/sys/fs/pstore
Sep 20 15:02:21 jwm1-linux systemd[1]: Create System Users skipped, no trigger condition checks were met.
Sep 20 15:02:21 jwm1-linux systemd[1]: Early TPM SRK Setup skipped, unmet condition check ConditionSecurity=measured-os
Sep 20 15:02:21 jwm1-linux systemd[1]: TPM PCR NvPCR Initialization Separator skipped, unmet condition check ConditionPathExists=/etc/initrd-release
Sep 20 15:02:21 jwm1-linux systemd[1]: TPM NvPCR Product ID Measurement skipped, unmet condition check ConditionSecurity=measured-os
Sep 20 15:02:21 jwm1-linux systemd[1]: Repartition Root Disk skipped, no trigger condition checks were met.
Sep 20 15:02:21 jwm1-linux systemd[1]: TPM SRK Setup skipped, unmet condition check ConditionSecurity=measured-os
Sep 20 15:02:21 jwm1-linux kernel: hci_bcm4377 0000:01:00.1: enabling device (0000 -> 0002)
Sep 20 15:02:21 jwm1-linux systemd[1]: Mounting /boot/efi...
Sep 20 15:02:21 jwm1-linux systemd[1]: home.mount: Directory /home to mount over is not empty, mounting anyway.
Sep 20 15:02:21 jwm1-linux systemd[1]: Mounting /home...
Sep 20 15:02:21 jwm1-linux systemd[1]: tmp.mount: x-systemd.graceful-option=usrquota specified, but option is not available, suppressing.
Sep 20 15:02:21 jwm1-linux systemd[1]: Mounting Temporary Directory /tmp...
Sep 20 15:02:21 jwm1-linux systemd[1]: Virtual Machine and Container Storage (Compatibility) skipped, unmet condition check ConditionPathExists=/var/lib/machines.raw
Sep 20 15:02:21 jwm1-linux systemd[1]: Reached target Virtual Machines and Containers.
Sep 20 15:02:21 jwm1-linux systemd[1]: Listening on Disk Image Download Service Socket.
Sep 20 15:02:21 jwm1-linux systemd-timesyncd[489]: Network configuration changed, trying to establish connection.
Sep 20 15:02:21 jwm1-linux systemd[1]: Mounted /boot/efi.
Sep 20 15:02:21 jwm1-linux systemd[1]: Mounted /home.
Sep 20 15:02:21 jwm1-linux systemd[1]: Mounted Temporary Directory /tmp.
Sep 20 15:02:21 jwm1-linux systemd[1]: Starting Grow File System on /home...
Sep 20 15:02:21 jwm1-linux systemd-growfs[639]: Successfully resized "/home" to 445.5G bytes.
Sep 20 15:02:21 jwm1-linux audit[1]: SERVICE_START pid=1 uid=0 auid=4294967295 ses=4294967295 subj=unconfined msg='unit=systemd-growfs@home comm="systemd" exe="/usr/lib/systemd/systemd" hostname=? addr=? terminal=? res=success'
Sep 20 15:02:21 jwm1-linux systemd[1]: Finished Grow File System on /home.
Sep 20 15:02:21 jwm1-linux systemd[1]: Reached target Local File Systems.
Sep 20 15:02:21 jwm1-linux systemd-timesyncd[489]: Network configuration changed, trying to establish connection.
Sep 20 15:02:21 jwm1-linux systemd[1]: Listening on Boot Loader Control Service Socket.
Sep 20 15:02:21 jwm1-linux systemd[1]: Listening on System Extension Image Management.
Sep 20 15:02:21 jwm1-linux systemd-timesyncd[489]: Network configuration changed, trying to establish connection.
Sep 20 15:02:21 jwm1-linux systemd[1]: Starting Tell Plymouth To Write Out Runtime Data...
Sep 20 15:02:21 jwm1-linux systemd[1]: Set Up Additional Binary Formats skipped, no trigger condition checks were met.
Sep 20 15:02:21 jwm1-linux systemd[1]: Update Boot Loader Random Seed skipped, no trigger condition checks were met.
Sep 20 15:02:21 jwm1-linux systemd[1]: Starting Automatic Boot Loader Update...
Sep 20 15:02:21 jwm1-linux systemd[1]: Merge System Configuration Images into /etc/ skipped, no trigger condition checks were met.
Sep 20 15:02:21 jwm1-linux systemd[1]: Merge System Extension Images into /usr/ and /opt/ skipped, no trigger condition checks were met.
Sep 20 15:02:21 jwm1-linux systemd[1]: Starting Create System Files and Directories...
Sep 20 15:02:21 jwm1-linux systemd[1]: Starting Load JSON user/group Records from Credentials...
Sep 20 15:02:21 jwm1-linux kernel: brcmfmac: brcmf_c_process_txcap_blob: TxCap blob found, loading
Sep 20 15:02:21 jwm1-linux systemd[1]: Finished Load JSON user/group Records from Credentials.
Sep 20 15:02:21 jwm1-linux audit[1]: SERVICE_START pid=1 uid=0 auid=4294967295 ses=4294967295 subj=unconfined msg='unit=systemd-userdb-load-credentials comm="systemd" exe="/usr/lib/systemd/systemd" hostname=? addr=? terminal=? res=success'
Sep 20 15:02:21 jwm1-linux kernel: brcmfmac: brcmf_c_process_cal_blob: Calibration blob provided by platform, loading
Sep 20 15:02:21 jwm1-linux systemd[1]: Received SIGRTMIN+20 from PID 245 (plymouthd).
Sep 20 15:02:21 jwm1-linux systemd-timesyncd[489]: Network configuration changed, trying to establish connection.
Sep 20 15:02:21 jwm1-linux systemd[1]: Finished Tell Plymouth To Write Out Runtime Data.
Sep 20 15:02:21 jwm1-linux systemd[1]: Finished Automatic Boot Loader Update.
Sep 20 15:02:21 jwm1-linux audit[1]: SERVICE_START pid=1 uid=0 auid=4294967295 ses=4294967295 subj=unconfined msg='unit=plymouth-read-write comm="systemd" exe="/usr/lib/systemd/systemd" hostname=? addr=? terminal=? res=success'
Sep 20 15:02:21 jwm1-linux audit[1]: SERVICE_START pid=1 uid=0 auid=4294967295 ses=4294967295 subj=unconfined msg='unit=systemd-boot-update comm="systemd" exe="/usr/lib/systemd/systemd" hostname=? addr=? terminal=? res=success'
Sep 20 15:02:21 jwm1-linux kernel: brcmfmac: brcmf_c_preinit_dcmds: Firmware: BCM4378/3 wl0: May 13 2023 07:20:48 version 18.20.383.15.7.8.150 FWID 01-b37727a5
Sep 20 15:02:21 jwm1-linux systemd-timesyncd[489]: Network configuration changed, trying to establish connection.
Sep 20 15:02:21 jwm1-linux systemd-timesyncd[489]: Network configuration changed, trying to establish connection.
Sep 20 15:02:21 jwm1-linux systemd[1]: Starting Load/Save RF Kill Switch Status...
Sep 20 15:02:21 jwm1-linux systemd[1]: Finished Create System Files and Directories.
Sep 20 15:02:21 jwm1-linux audit[1]: SERVICE_START pid=1 uid=0 auid=4294967295 ses=4294967295 subj=unconfined msg='unit=systemd-tmpfiles-setup comm="systemd" exe="/usr/lib/systemd/systemd" hostname=? addr=? terminal=? res=success'
Sep 20 15:02:21 jwm1-linux systemd[1]: Dispatch Password Requests to Console Directory Watch skipped, unmet condition check ConditionPathExists=!/run/plymouth/pid
Sep 20 15:02:21 jwm1-linux systemd[1]: Load Kernel Module efi_pstore skipped, unmet condition check ConditionKernelModuleLoaded=!efi_pstore
Sep 20 15:02:21 jwm1-linux systemd[1]: Set Up Additional Binary Formats skipped, no trigger condition checks were met.
Sep 20 15:02:21 jwm1-linux systemd[1]: Clear SysFail Entry If The Boot Is Successful skipped, unmet condition check ConditionPathExists=/sys/firmware/efi/efivars/LoaderEntrySysFail-4a67b082-0a4c-41cf-b6c7-440b29bb8c4f
Sep 20 15:02:21 jwm1-linux systemd[1]: Update Boot Loader Random Seed skipped, no trigger condition checks were met.
Sep 20 15:02:21 jwm1-linux systemd[1]: Merge System Configuration Images into /etc/ skipped, no trigger condition checks were met.
Sep 20 15:02:21 jwm1-linux systemd[1]: Rebuild Dynamic Linker Cache skipped, no trigger condition checks were met.
Sep 20 15:02:21 jwm1-linux systemd[1]: Clear Stale Hibernate Storage Info skipped, unmet condition check ConditionPathExists=/sys/firmware/efi/efivars/HibernateLocation-8cf2644b-4b0b-428f-9387-6d876050dc67
Sep 20 15:02:21 jwm1-linux systemd[1]: Rebuild Hardware Database skipped, unmet condition check ConditionNeedsUpdate=/etc
Sep 20 15:02:21 jwm1-linux systemd[1]: Rebuild Journal Catalog skipped, unmet condition check ConditionNeedsUpdate=/var
Sep 20 15:02:21 jwm1-linux systemd[1]: TPM PCR Machine ID Measurement skipped, unmet condition check ConditionSecurity=measured-os
Sep 20 15:02:21 jwm1-linux systemd[1]: TPM PCR OS Separator skipped, unmet condition check ConditionSecurity=measured-os
Sep 20 15:02:21 jwm1-linux systemd[1]: Platform Persistent Storage Archival skipped, unmet condition check ConditionDirectoryNotEmpty=/sys/fs/pstore
Sep 20 15:02:21 jwm1-linux systemd[1]: Merge System Extension Images into /usr/ and /opt/ skipped, no trigger condition checks were met.
Sep 20 15:02:21 jwm1-linux systemd[1]: Create System Users skipped, no trigger condition checks were met.
Sep 20 15:02:21 jwm1-linux systemd[1]: Initial Setup skipped, unmet condition check ConditionFirstBoot=yes
Sep 20 15:02:21 jwm1-linux systemd[1]: Early TPM SRK Setup skipped, unmet condition check ConditionSecurity=measured-os
Sep 20 15:02:21 jwm1-linux systemd[1]: TPM PCR NvPCR Initialization Separator skipped, unmet condition check ConditionPathExists=/etc/initrd-release
Sep 20 15:02:21 jwm1-linux systemd[1]: TPM NvPCR Product ID Measurement skipped, unmet condition check ConditionSecurity=measured-os
Sep 20 15:02:21 jwm1-linux systemd[1]: Repartition Root Disk skipped, no trigger condition checks were met.
Sep 20 15:02:21 jwm1-linux systemd[1]: TPM SRK Setup skipped, unmet condition check ConditionSecurity=measured-os
Sep 20 15:02:21 jwm1-linux systemd[1]: Update is Completed skipped, no trigger condition checks were met.
Sep 20 15:02:21 jwm1-linux systemd[1]: Starting Record System Boot/Shutdown in UTMP...
Sep 20 15:02:21 jwm1-linux systemd[1]: Started Load/Save RF Kill Switch Status.
Sep 20 15:02:21 jwm1-linux audit[1]: SERVICE_START pid=1 uid=0 auid=4294967295 ses=4294967295 subj=unconfined msg='unit=systemd-rfkill comm="systemd" exe="/usr/lib/systemd/systemd" hostname=? addr=? terminal=? res=success'
Sep 20 15:02:21 jwm1-linux audit[655]: AUDIT1127 pid=655 uid=0 auid=4294967295 ses=4294967295 subj=unconfined msg=' comm="update-utmp" exe="/usr/lib/systemd/systemd-update-utmp" hostname=? addr=? terminal=? res=success'
Sep 20 15:02:21 jwm1-linux systemd[1]: Finished Record System Boot/Shutdown in UTMP.
Sep 20 15:02:21 jwm1-linux audit[1]: SERVICE_START pid=1 uid=0 auid=4294967295 ses=4294967295 subj=unconfined msg='unit=systemd-update-utmp comm="systemd" exe="/usr/lib/systemd/systemd" hostname=? addr=? terminal=? res=success'
Sep 20 15:02:21 jwm1-linux systemd[1]: Reached target System Initialization.
Sep 20 15:02:21 jwm1-linux systemd[1]: Started CUPS Scheduler.
Sep 20 15:02:21 jwm1-linux systemd[1]: Started Monitor charge_control_end_threshold.
Sep 20 15:02:21 jwm1-linux systemd[1]: Started Refresh existing PGP keys of archlinux-keyring regularly.
Sep 20 15:02:21 jwm1-linux systemd[1]: Started Daily man-db regeneration.
Sep 20 15:02:21 jwm1-linux systemd[1]: Started Update the plocate database daily.
Sep 20 15:02:21 jwm1-linux systemd[1]: Started Daily verification of password and group files.
Sep 20 15:02:21 jwm1-linux systemd[1]: Started Hourly Cleanup of Snapper Snapshots.
Sep 20 15:02:21 jwm1-linux systemd[1]: Started Daily Cleanup of Temporary Directories.
Sep 20 15:02:21 jwm1-linux systemd[1]: Reached target Path Units.
Sep 20 15:02:21 jwm1-linux systemd[1]: Reached target Timer Units.
Sep 20 15:02:21 jwm1-linux systemd[1]: Listening on Avahi mDNS/DNS-SD Stack Activation Socket.
Sep 20 15:02:21 jwm1-linux systemd[1]: Listening on CUPS Scheduler.
Sep 20 15:02:21 jwm1-linux systemd[1]: Listening on D-Bus System Message Bus Socket.
Sep 20 15:02:21 jwm1-linux systemd[1]: Listening on GnuPG network certificate management daemon for /etc/pacman.d/gnupg.
Sep 20 15:02:21 jwm1-linux systemd[1]: Starting Docker Socket for the API...
Sep 20 15:02:21 jwm1-linux systemd[1]: Listening on GnuPG cryptographic agent and passphrase cache (access for web browsers) for /etc/pacman.d/gnupg.
Sep 20 15:02:21 jwm1-linux systemd[1]: Listening on GnuPG cryptographic agent and passphrase cache (restricted) for /etc/pacman.d/gnupg.
Sep 20 15:02:21 jwm1-linux systemd[1]: Listening on GnuPG cryptographic agent (ssh-agent emulation) for /etc/pacman.d/gnupg.
Sep 20 15:02:21 jwm1-linux systemd[1]: Listening on GnuPG cryptographic agent and passphrase cache for /etc/pacman.d/gnupg.
Sep 20 15:02:21 jwm1-linux systemd[1]: Listening on GnuPG public key management service for /etc/pacman.d/gnupg.
Sep 20 15:02:21 jwm1-linux systemd[1]: Listening on Authorization Manager Agent Helper.
Sep 20 15:02:21 jwm1-linux systemd[1]: Listening on OpenSSH Server Socket (systemd-ssh-generator, AF_UNIX Local).
Sep 20 15:02:21 jwm1-linux systemd[1]: Listening on User Login Management Varlink Socket.
Sep 20 15:02:21 jwm1-linux systemd[1]: Listening on Virtual Machine and Container Registration Service Socket.
Sep 20 15:02:21 jwm1-linux audit: BPF prog-id=35 op=LOAD
Sep 20 15:02:21 jwm1-linux systemd[1]: Starting D-Bus System Message Bus...
Sep 20 15:02:21 jwm1-linux systemd[1]: TPM PCR Barrier (Initialization) skipped, unmet condition check ConditionSecurity=measured-os
Sep 20 15:02:21 jwm1-linux systemd[1]: Listening on Docker Socket for the API.
Sep 20 15:02:21 jwm1-linux systemd[1]: Reached target Socket Units.
Sep 20 15:02:21 jwm1-linux systemd[1]: Started D-Bus System Message Bus.
Sep 20 15:02:21 jwm1-linux audit[1]: SERVICE_START pid=1 uid=0 auid=4294967295 ses=4294967295 subj=unconfined msg='unit=dbus-broker comm="systemd" exe="/usr/lib/systemd/systemd" hostname=? addr=? terminal=? res=success'
Sep 20 15:02:21 jwm1-linux systemd[1]: Reached target Basic System.
Sep 20 15:02:21 jwm1-linux systemd[1]: Starting Network Manager...
Sep 20 15:02:21 jwm1-linux systemd[1]: Starting Save/Restore Sound Card State...
Sep 20 15:02:21 jwm1-linux systemd[1]: Manage Sound Card State (restore and store) skipped, unmet condition check ConditionPathExists=/etc/alsa/state-daemon.conf
Sep 20 15:02:21 jwm1-linux audit: BPF prog-id=36 op=LOAD
Sep 20 15:02:21 jwm1-linux dbus-broker-launch[658]: Ready
Sep 20 15:02:21 jwm1-linux systemd[1]: Starting Avahi mDNS/DNS-SD Stack...
Sep 20 15:02:21 jwm1-linux systemd[1]: Starting Bluetooth service...
Sep 20 15:02:21 jwm1-linux systemd[1]: Sets up system on first boot skipped, unmet condition check ConditionFirstBoot=yes
Sep 20 15:02:21 jwm1-linux systemd[1]: First Boot Complete skipped, unmet condition check ConditionFirstBoot=yes
Sep 20 15:02:21 jwm1-linux systemd[1]: Starting Clean up modules from old kernels...
Sep 20 15:02:21 jwm1-linux systemd[1]: Started Speaker Protection Daemon.
Sep 20 15:02:21 jwm1-linux audit[1]: SERVICE_START pid=1 uid=0 auid=4294967295 ses=4294967295 subj=unconfined msg='unit=speakersafetyd comm="systemd" exe="/usr/lib/systemd/systemd" hostname=? addr=? terminal=? res=success'
Sep 20 15:02:21 jwm1-linux systemd[1]: SSH Key Generation skipped, no trigger condition checks were met.
Sep 20 15:02:21 jwm1-linux alsactl[661]: /usr/bin/alsactl: set_control:1521: Cannot write control 'numid=29,iface=MIXER,name='Speaker Volume Unlock'' : Operation not permitted
Sep 20 15:02:21 jwm1-linux bash[664]: + for i in /usr/lib/modules/[0-9]*
Sep 20 15:02:21 jwm1-linux audit: BPF prog-id=37 op=LOAD
Sep 20 15:02:21 jwm1-linux bash[664]: + [[ 7.1.13-3-2-ARCH = 7\.1\.13\-3\-2\-ARCH ]]
Sep 20 15:02:21 jwm1-linux bash[664]: + continue
Sep 20 15:02:21 jwm1-linux systemd[1]: Starting Home Area Manager...
Sep 20 15:02:21 jwm1-linux audit: BPF prog-id=38 op=LOAD
Sep 20 15:02:21 jwm1-linux audit: BPF prog-id=39 op=LOAD
Sep 20 15:02:21 jwm1-linux audit: BPF prog-id=40 op=LOAD
Sep 20 15:02:21 jwm1-linux systemd[1]: Starting User Login Management...
Sep 20 15:02:21 jwm1-linux systemd[1]: Save Transient machine-id to Disk skipped, unmet condition check ConditionPathIsMountPoint=/etc/machine-id
Sep 20 15:02:21 jwm1-linux systemd[1]: TPM PCR Barrier (User) skipped, unmet condition check ConditionSecurity=measured-os
Sep 20 15:02:21 jwm1-linux audit[1]: SERVICE_START pid=1 uid=0 auid=4294967295 ses=4294967295 subj=unconfined msg='unit=alsa-restore comm="systemd" exe="/usr/lib/systemd/systemd" hostname=? addr=? terminal=? res=success'
Sep 20 15:02:21 jwm1-linux audit[1]: SERVICE_START pid=1 uid=0 auid=4294967295 ses=4294967295 subj=unconfined msg='unit=linux-modules-cleanup comm="systemd" exe="/usr/lib/systemd/systemd" hostname=? addr=? terminal=? res=success'
Sep 20 15:02:21 jwm1-linux audit[1]: SERVICE_STOP pid=1 uid=0 auid=4294967295 ses=4294967295 subj=unconfined msg='unit=linux-modules-cleanup comm="systemd" exe="/usr/lib/systemd/systemd" hostname=? addr=? terminal=? res=success'
Sep 20 15:02:21 jwm1-linux speakersafetyd[665]: INFO  [speakersafetyd] Starting up
Sep 20 15:02:21 jwm1-linux speakersafetyd[665]: INFO  [speakersafetyd] Config base: "/usr/share/speakersafetyd/"
Sep 20 15:02:21 jwm1-linux speakersafetyd[665]: INFO  [speakersafetyd] Machine: apple,j293
Sep 20 15:02:21 jwm1-linux speakersafetyd[665]: INFO  [speakersafetyd] Config file: "/usr/share/speakersafetyd/apple/j293.conf"
Sep 20 15:02:21 jwm1-linux speakersafetyd[665]: INFO  [speakersafetyd] Device: hw:AppleJ293
Sep 20 15:02:21 jwm1-linux speakersafetyd[665]: INFO  [speakersafetyd::uclamp] Set task uclamp to 0:64
Sep 20 15:02:21 jwm1-linux speakersafetyd[665]: INFO  [speakersafetyd] Found 4 speakers
Sep 20 15:02:21 jwm1-linux speakersafetyd[665]: INFO  [speakersafetyd] Opening control device
Sep 20 15:02:21 jwm1-linux systemd[1]: Finished Save/Restore Sound Card State.
Sep 20 15:02:21 jwm1-linux systemd[1]: linux-modules-cleanup.service: Deactivated successfully.
Sep 20 15:02:21 jwm1-linux systemd[1]: Finished Clean up modules from old kernels.
Sep 20 15:02:21 jwm1-linux systemd-homed[667]: Watching /home.
Sep 20 15:02:21 jwm1-linux speakersafetyd[665]: INFO  [speakersafetyd] Startup mode: Cold boot
Sep 20 15:02:21 jwm1-linux speakersafetyd[665]: INFO  [speakersafetyd::types] Speaker [Left Front]:
Sep 20 15:02:21 jwm1-linux speakersafetyd[665]: INFO  [speakersafetyd::types]   Group: 0
Sep 20 15:02:21 jwm1-linux speakersafetyd[665]: INFO  [speakersafetyd::types]   Max temperature: 130.0 °C
Sep 20 15:02:21 jwm1-linux speakersafetyd[665]: INFO  [speakersafetyd::types]   Amp gain: 18.5 dBV
Sep 20 15:02:21 jwm1-linux speakersafetyd[665]: INFO  [speakersafetyd::types]   Max power: 0.92 W
Sep 20 15:02:21 jwm1-linux speakersafetyd[665]: INFO  [speakersafetyd::types]   Peak power: 14.596821 W
Sep 20 15:02:21 jwm1-linux speakersafetyd[665]: INFO  [speakersafetyd::types]   Min gain: -12.03 dB
Sep 20 15:02:21 jwm1-linux speakersafetyd[665]: INFO  [speakersafetyd::types] Speaker [Right Front]:
Sep 20 15:02:21 jwm1-linux speakersafetyd[665]: INFO  [speakersafetyd::types]   Group: 0
Sep 20 15:02:21 jwm1-linux speakersafetyd[665]: INFO  [speakersafetyd::types]   Max temperature: 130.0 °C
Sep 20 15:02:21 jwm1-linux speakersafetyd[665]: INFO  [speakersafetyd::types]   Amp gain: 18.5 dBV
Sep 20 15:02:21 jwm1-linux speakersafetyd[665]: INFO  [speakersafetyd::types]   Max power: 0.92 W
Sep 20 15:02:21 jwm1-linux speakersafetyd[665]: INFO  [speakersafetyd::types]   Peak power: 14.596821 W
Sep 20 15:02:21 jwm1-linux speakersafetyd[665]: INFO  [speakersafetyd::types]   Min gain: -12.03 dB
Sep 20 15:02:21 jwm1-linux speakersafetyd[665]: INFO  [speakersafetyd::types] Speaker [Left Rear]:
Sep 20 15:02:21 jwm1-linux speakersafetyd[665]: INFO  [speakersafetyd::types]   Group: 0
Sep 20 15:02:21 jwm1-linux speakersafetyd[665]: INFO  [speakersafetyd::types]   Max temperature: 130.0 °C
Sep 20 15:02:21 jwm1-linux speakersafetyd[665]: INFO  [speakersafetyd::types]   Amp gain: 18.5 dBV
Sep 20 15:02:21 jwm1-linux speakersafetyd[665]: INFO  [speakersafetyd::types]   Max power: 0.92 W
Sep 20 15:02:21 jwm1-linux speakersafetyd[665]: INFO  [speakersafetyd::types]   Peak power: 14.596821 W
Sep 20 15:02:21 jwm1-linux speakersafetyd[665]: INFO  [speakersafetyd::types]   Min gain: -12.03 dB
Sep 20 15:02:21 jwm1-linux speakersafetyd[665]: INFO  [speakersafetyd::types] Speaker [Right Rear]:
Sep 20 15:02:21 jwm1-linux speakersafetyd[665]: INFO  [speakersafetyd::types]   Group: 0
Sep 20 15:02:21 jwm1-linux speakersafetyd[665]: INFO  [speakersafetyd::types]   Max temperature: 130.0 °C
Sep 20 15:02:21 jwm1-linux speakersafetyd[665]: INFO  [speakersafetyd::types]   Amp gain: 18.5 dBV
Sep 20 15:02:21 jwm1-linux speakersafetyd[665]: INFO  [speakersafetyd::types]   Max power: 0.92 W
Sep 20 15:02:21 jwm1-linux speakersafetyd[665]: INFO  [speakersafetyd::types]   Peak power: 14.596821 W
Sep 20 15:02:21 jwm1-linux speakersafetyd[665]: INFO  [speakersafetyd::types]   Min gain: -12.03 dB
Sep 20 15:02:21 jwm1-linux speakersafetyd[665]: PCM rate: 8000..192000
Sep 20 15:02:21 jwm1-linux systemd[1]: Reached target Sound Card.
Sep 20 15:02:21 jwm1-linux kernel: snd-soc-macaudio sound: Speaker volumes unlocked
Sep 20 15:02:21 jwm1-linux systemd[1]: Started Home Area Manager.
Sep 20 15:02:21 jwm1-linux audit[1]: SERVICE_START pid=1 uid=0 auid=4294967295 ses=4294967295 subj=unconfined msg='unit=systemd-homed comm="systemd" exe="/usr/lib/systemd/systemd" hostname=? addr=? terminal=? res=success'
Sep 20 15:02:21 jwm1-linux systemd[1]: Finished Home Area Activation.
Sep 20 15:02:21 jwm1-linux audit[1]: SERVICE_START pid=1 uid=0 auid=4294967295 ses=4294967295 subj=unconfined msg='unit=systemd-homed-activate comm="systemd" exe="/usr/lib/systemd/systemd" hostname=? addr=? terminal=? res=success'
Sep 20 15:02:21 jwm1-linux avahi-daemon[662]: Found user 'avahi' (UID 965) and group 'avahi' (GID 965).
Sep 20 15:02:21 jwm1-linux avahi-daemon[662]: Successfully dropped root privileges.
Sep 20 15:02:21 jwm1-linux avahi-daemon[662]: avahi-daemon 0.9-rc5 starting up.
Sep 20 15:02:21 jwm1-linux avahi-daemon[662]: Successfully called chroot().
Sep 20 15:02:21 jwm1-linux avahi-daemon[662]: Successfully dropped remaining capabilities.
Sep 20 15:02:21 jwm1-linux audit[1]: SERVICE_START pid=1 uid=0 auid=4294967295 ses=4294967295 subj=unconfined msg='unit=avahi-daemon comm="systemd" exe="/usr/lib/systemd/systemd" hostname=? addr=? terminal=? res=success'
Sep 20 15:02:21 jwm1-linux systemd[1]: Started Avahi mDNS/DNS-SD Stack.
Sep 20 15:02:21 jwm1-linux avahi-daemon[662]: No service file found in /etc/avahi/services.
Sep 20 15:02:21 jwm1-linux avahi-daemon[662]: Joining mDNS multicast group on interface lo.IPv6 with address ::1.
Sep 20 15:02:21 jwm1-linux avahi-daemon[662]: New relevant interface lo.IPv6 for mDNS.
Sep 20 15:02:21 jwm1-linux avahi-daemon[662]: Joining mDNS multicast group on interface lo.IPv4 with address 127.0.0.1.
Sep 20 15:02:21 jwm1-linux avahi-daemon[662]: New relevant interface lo.IPv4 for mDNS.
Sep 20 15:02:21 jwm1-linux avahi-daemon[662]: Network interface enumeration completed.
Sep 20 15:02:21 jwm1-linux avahi-daemon[662]: Registering new address record for ::1 on lo.*.
Sep 20 15:02:21 jwm1-linux avahi-daemon[662]: Registering new address record for 127.0.0.1 on lo.IPv4.
Sep 20 15:02:21 jwm1-linux bluetoothd[663]: Bluetooth daemon 5.87
Sep 20 15:02:21 jwm1-linux systemd[1]: Started Bluetooth service.
Sep 20 15:02:21 jwm1-linux bluetoothd[663]: Starting SDP server
Sep 20 15:02:21 jwm1-linux audit[1]: SERVICE_START pid=1 uid=0 auid=4294967295 ses=4294967295 subj=unconfined msg='unit=bluetooth comm="systemd" exe="/usr/lib/systemd/systemd" hostname=? addr=? terminal=? res=success'
Sep 20 15:02:21 jwm1-linux systemd[1]: Reached target Bluetooth Support.
Sep 20 15:02:21 jwm1-linux systemd-logind[671]: New seat seat0.
Sep 20 15:02:21 jwm1-linux systemd-logind[671]: Watching system buttons on /dev/input/event1 (Apple SPI Keyboard)
Sep 20 15:02:21 jwm1-linux systemd-logind[671]: Watching system buttons on /dev/input/event0 (Apple SMC power/lid events)
Sep 20 15:02:21 jwm1-linux kernel: Bluetooth: BNEP (Ethernet Emulation) ver 1.3
Sep 20 15:02:21 jwm1-linux kernel: Bluetooth: BNEP filters: protocol multicast
Sep 20 15:02:21 jwm1-linux kernel: Bluetooth: BNEP socket layer initialized
Sep 20 15:02:21 jwm1-linux systemd[1]: Starting Apple silicon Bluetooth device sync...
Sep 20 15:02:21 jwm1-linux bluetoothd[663]: Bluetooth management interface 1.23 initialized
Sep 20 15:02:21 jwm1-linux systemd[1]: Started User Login Management.
Sep 20 15:02:21 jwm1-linux audit[1]: SERVICE_START pid=1 uid=0 auid=4294967295 ses=4294967295 subj=unconfined msg='unit=systemd-logind comm="systemd" exe="/usr/lib/systemd/systemd" hostname=? addr=? terminal=? res=success'
Sep 20 15:02:21 jwm1-linux audit: BPF prog-id=41 op=LOAD
Sep 20 15:02:21 jwm1-linux NetworkManager[660]: <info>  [1789934541.6544] NetworkManager (version 1.58.1-1) is starting... (boot:c43dd9ee-8ae3-4971-8430-0cbd31dc620e)
Sep 20 15:02:21 jwm1-linux NetworkManager[660]: <info>  [1789934541.6545] Read config: /etc/NetworkManager/NetworkManager.conf, /usr/lib/NetworkManager/conf.d/20-connectivity.conf, /etc/NetworkManager/conf.d/omarchy-wifi-powersave.conf
Sep 20 15:02:21 jwm1-linux audit: BPF prog-id=42 op=LOAD
Sep 20 15:02:21 jwm1-linux audit: BPF prog-id=43 op=LOAD
Sep 20 15:02:21 jwm1-linux systemd[1]: Starting Hostname Service...
Sep 20 15:02:21 jwm1-linux NetworkManager[660]: <info>  [1789934541.6618] manager[0xaaab8f2241c0]: monitoring kernel firmware directory '/lib/firmware'.
Sep 20 15:02:21 jwm1-linux systemd[1]: Started Hostname Service.
Sep 20 15:02:21 jwm1-linux audit[1]: SERVICE_START pid=1 uid=0 auid=4294967295 ses=4294967295 subj=unconfined msg='unit=systemd-hostnamed comm="systemd" exe="/usr/lib/systemd/systemd" hostname=? addr=? terminal=? res=success'
Sep 20 15:02:21 jwm1-linux NetworkManager[660]: <info>  [1789934541.6954] hostname: hostname: using hostnamed
Sep 20 15:02:21 jwm1-linux NetworkManager[660]: <info>  [1789934541.6954] hostname: static hostname changed from (none) to "jwm1-linux"
Sep 20 15:02:21 jwm1-linux NetworkManager[660]: <info>  [1789934541.6955] dns-mgr: init: dns=systemd-resolved rc-manager=symlink, plugin=systemd-resolved
Sep 20 15:02:21 jwm1-linux NetworkManager[660]: <info>  [1789934541.6965] rfkill1: found Wi-Fi radio killswitch (at /sys/devices/platform/soc/690000000.pcie/pci0000:00/0000:00:00.0/0000:01:00.0/ieee80211/phy0/rfkill1) (driver brcmfmac)
Sep 20 15:02:21 jwm1-linux NetworkManager[660]: <info>  [1789934541.6967] manager[0xaaab8f2241c0]: rfkill: Wi-Fi hardware radio set enabled
Sep 20 15:02:21 jwm1-linux NetworkManager[660]: <info>  [1789934541.6967] manager[0xaaab8f2241c0]: rfkill: WWAN hardware radio set enabled
Sep 20 15:02:21 jwm1-linux NetworkManager[660]: <info>  [1789934541.6981] Loaded device plugin: NMAtmManager (/usr/lib/NetworkManager/1.58.1-1/libnm-device-plugin-adsl.so)
Sep 20 15:02:21 jwm1-linux NetworkManager[660]: <info>  [1789934541.7003] Loaded device plugin: NMBluezManager (/usr/lib/NetworkManager/1.58.1-1/libnm-device-plugin-bluetooth.so)
Sep 20 15:02:21 jwm1-linux NetworkManager[660]: <info>  [1789934541.7011] Loaded device plugin: NMOvsFactory (/usr/lib/NetworkManager/1.58.1-1/libnm-device-plugin-ovs.so)
Sep 20 15:02:21 jwm1-linux NetworkManager[660]: <info>  [1789934541.7158] Loaded device plugin: NMTeamFactory (/usr/lib/NetworkManager/1.58.1-1/libnm-device-plugin-team.so)
Sep 20 15:02:21 jwm1-linux NetworkManager[660]: <info>  [1789934541.7167] Loaded device plugin: NMWifiFactory (/usr/lib/NetworkManager/1.58.1-1/libnm-device-plugin-wifi.so)
Sep 20 15:02:21 jwm1-linux NetworkManager[660]: <info>  [1789934541.7171] Loaded device plugin: NMWwanFactory (/usr/lib/NetworkManager/1.58.1-1/libnm-device-plugin-wwan.so)
Sep 20 15:02:21 jwm1-linux NetworkManager[660]: <info>  [1789934541.7174] manager: rfkill: Wi-Fi enabled by radio killswitch; enabled by state file
Sep 20 15:02:21 jwm1-linux NetworkManager[660]: <info>  [1789934541.7174] manager: rfkill: WWAN enabled by radio killswitch; enabled by state file
Sep 20 15:02:21 jwm1-linux NetworkManager[660]: <info>  [1789934541.7175] manager: Networking is enabled by state file
Sep 20 15:02:21 jwm1-linux NetworkManager[660]: <info>  [1789934541.7177] settings: Loaded settings plugin: keyfile (internal)
Sep 20 15:02:21 jwm1-linux NetworkManager[660]: <info>  [1789934541.7193] dhcp: init: Using DHCP client 'internal'
Sep 20 15:02:21 jwm1-linux NetworkManager[660]: <info>  [1789934541.7195] manager: (lo): new Loopback device (/org/freedesktop/NetworkManager/Devices/1)
Sep 20 15:02:21 jwm1-linux NetworkManager[660]: <info>  [1789934541.7204] device (lo): state change: unmanaged -> unavailable (reason 'connection-assumed', managed-type: 'external')
Sep 20 15:02:21 jwm1-linux NetworkManager[660]: <info>  [1789934541.7208] device (lo): state change: unavailable -> disconnected (reason 'connection-assumed', managed-type: 'external')
Sep 20 15:02:21 jwm1-linux NetworkManager[660]: <info>  [1789934541.7213] device (lo): Activation: starting connection 'lo' (18408307-ecee-42e0-a2d1-b94277a5685f)
Sep 20 15:02:21 jwm1-linux NetworkManager[660]: <info>  [1789934541.7217] bus-manager: acquired D-Bus service "org.freedesktop.NetworkManager"
Sep 20 15:02:21 jwm1-linux NetworkManager[660]: <info>  [1789934541.7225] ovsdb: disconnected from ovsdb
Sep 20 15:02:21 jwm1-linux NetworkManager[660]: <info>  [1789934541.7225] device (lo): state change: disconnected -> prepare (reason 'none', managed-type: 'external')
Sep 20 15:02:21 jwm1-linux NetworkManager[660]: <info>  [1789934541.7227] device (lo): state change: prepare -> config (reason 'none', managed-type: 'external')
Sep 20 15:02:21 jwm1-linux systemd[1]: Starting Network Manager Script Dispatcher Service...
Sep 20 15:02:21 jwm1-linux NetworkManager[660]: <info>  [1789934541.7228] device (lo): state change: config -> ip-config (reason 'none', managed-type: 'external')
Sep 20 15:02:21 jwm1-linux systemd[1]: Started Network Manager.
Sep 20 15:02:21 jwm1-linux NetworkManager[660]: <info>  [1789934541.7230] device (lo): state change: ip-config -> ip-check (reason 'none', managed-type: 'external')
Sep 20 15:02:21 jwm1-linux audit[1]: SERVICE_START pid=1 uid=0 auid=4294967295 ses=4294967295 subj=unconfined msg='unit=NetworkManager comm="systemd" exe="/usr/lib/systemd/systemd" hostname=? addr=? terminal=? res=success'
Sep 20 15:02:21 jwm1-linux systemd[1]: Reached target Network.
Sep 20 15:02:21 jwm1-linux kernel: apple-isp: CISP_CMD_CONFIG_GET: 
Sep 20 15:02:21 jwm1-linux kernel: apple-isp: 00000000 00000003 016e3600 00000001 0000000a 00000000 00000001
Sep 20 15:02:21 jwm1-linux kernel: apple-isp 22a000000.isp: found sensor 248 CC20426PPTJJ3Y32P on ch 0
Sep 20 15:02:21 jwm1-linux kernel: apple-isp: ch: CISP_CMD_CH_INFO_GET: 0
Sep 20 15:02:21 jwm1-linux kernel: apple-isp: ch: 00000000 0000010d 00000000 07da0001 0006008a 00040007 00000005 00000001
Sep 20 15:02:21 jwm1-linux kernel: apple-isp: ch: 00000248 00000007 00000001 00000001 00000000 00000000 00000000 00000000
Sep 20 15:02:21 jwm1-linux kernel: apple-isp: ch: 00000000 00000000 00000000 00010000 00000001 00000000 00000004 00000020
Sep 20 15:02:21 jwm1-linux kernel: apple-isp: ch: 00000001 00000000 00004680 00000040 00000001 00000002 00004000 00000040
Sep 20 15:02:21 jwm1-linux kernel: apple-isp: ch: 00000001 00000000 00000000 00000036 00000000 00000000 000f4240 43430000
Sep 20 15:02:21 jwm1-linux kernel: apple-isp: ch: 32343032 54505036 59334a4a 00503233 00000000 00000008 00000000 00000000
Sep 20 15:02:21 jwm1-linux kernel: apple-isp: ch: 00000004 00000000 00000000 00000000 00000000 00000000 00000000 00ff0000
Sep 20 15:02:21 jwm1-linux kernel: apple-isp: ch: 00000c00 00000000 0000001c 00000680 00000004 00000004 00000000 00000000
Sep 20 15:02:21 jwm1-linux kernel: apple-isp: ch: 00000000 00000000 00000000 00000000 05100000 000002e0
Sep 20 15:02:21 jwm1-linux kernel: apple-isp: ps: CISP_CMD_CH_CAMERA_CONFIG_GET: 0
Sep 20 15:02:21 jwm1-linux kernel: apple-isp: ps: 00000000 00000106 00000000 00000000 02e00510 02e00510 00000000 00001df8
Sep 20 15:02:21 jwm1-linux kernel: apple-isp: ps: 00000100 00000001 00000040 00000040 00000040 00000040 00000040 00000040
Sep 20 15:02:21 jwm1-linux kernel: apple-isp: ps: 00000003 00000040 00000040 00000005 00000000 00000528 00000001 00000000
Sep 20 15:02:21 jwm1-linux kernel: apple-isp: ps: 0249f000 00000006 00000007 00000000 00000009 000f4240 00000025 00000000
Sep 20 15:02:21 jwm1-linux kernel: apple-isp: ps: 00004000 00000014 00000015 00000000 00000000 00000000 00000510 000002e0
Sep 20 15:02:21 jwm1-linux kernel: apple-isp: ps: 00010000 b9680000 0ef80000 00000000 0000001f 00000000 00000000 00000000
Sep 20 15:02:21 jwm1-linux kernel: apple-isp: ps: 00000510 000002e0 00000100 00000000 00000000 00000510 000002e0
Sep 20 15:02:21 jwm1-linux systemd[1]: Starting CUPS Scheduler...
Sep 20 15:02:21 jwm1-linux systemd[1]: Starting OpenSSH Daemon...
Sep 20 15:02:21 jwm1-linux systemd[1]: Starting Permit User Sessions...
Sep 20 15:02:21 jwm1-linux NetworkManager[660]: <info>  [1789934541.7375] device (wlan0): driver supports Access Point (AP) mode
Sep 20 15:02:21 jwm1-linux systemd[1]: Finished Permit User Sessions.
Sep 20 15:02:21 jwm1-linux NetworkManager[660]: <info>  [1789934541.7377] manager: (wlan0): new 802.11 Wi-Fi device (/org/freedesktop/NetworkManager/Devices/2)
Sep 20 15:02:21 jwm1-linux audit[1]: SERVICE_START pid=1 uid=0 auid=4294967295 ses=4294967295 subj=unconfined msg='unit=systemd-user-sessions comm="systemd" exe="/usr/lib/systemd/systemd" hostname=? addr=? terminal=? res=success'
Sep 20 15:02:21 jwm1-linux NetworkManager[660]: <info>  [1789934541.7379] device (lo): state change: ip-check -> secondaries (reason 'none', managed-type: 'external')
Sep 20 15:02:21 jwm1-linux NetworkManager[660]: <info>  [1789934541.7379] device (lo): state change: secondaries -> activated (reason 'none', managed-type: 'external')
Sep 20 15:02:21 jwm1-linux audit[1]: SERVICE_START pid=1 uid=0 auid=4294967295 ses=4294967295 subj=unconfined msg='unit=NetworkManager-dispatcher comm="systemd" exe="/usr/lib/systemd/systemd" hostname=? addr=? terminal=? res=success'
Sep 20 15:02:21 jwm1-linux kernel: apple-isp 22a000000.isp: apple-isp probe!
Sep 20 15:02:21 jwm1-linux NetworkManager[660]: <info>  [1789934541.7380] device (lo): Activation: successful, device activated.
Sep 20 15:02:21 jwm1-linux systemd[1]: Started Network Manager Script Dispatcher Service.
Sep 20 15:02:21 jwm1-linux sshd[694]: Server listening on 0.0.0.0 port 22.
Sep 20 15:02:21 jwm1-linux systemd[1]: Starting Hold until boot process finishes up...
Sep 20 15:02:21 jwm1-linux sshd[694]: Server listening on :: port 22.
Sep 20 15:02:21 jwm1-linux systemd[1]: Starting Terminate Plymouth Boot Screen...
Sep 20 15:02:21 jwm1-linux NetworkManager[660]: <info>  [1789934541.7466] manager: startup complete
Sep 20 15:02:21 jwm1-linux NetworkManager[660]: <info>  [1789934541.7467] device (wlan0): state change: unmanaged -> unavailable (reason 'managed', managed-type: 'external')
Sep 20 15:02:21 jwm1-linux systemd[1]: Started OpenSSH Daemon.
Sep 20 15:02:21 jwm1-linux audit[1]: SERVICE_START pid=1 uid=0 auid=4294967295 ses=4294967295 subj=unconfined msg='unit=sshd comm="systemd" exe="/usr/lib/systemd/systemd" hostname=? addr=? terminal=? res=success'
Sep 20 15:02:21 jwm1-linux systemd[1]: Reached target SSH Access Available.
Sep 20 15:02:21 jwm1-linux kernel: ieee80211 phy0: brcmf_dongle_roam: WLC_SET_ROAM_DELTA error (-52)
Sep 20 15:02:21 jwm1-linux systemd[1]: Started CUPS Scheduler.
Sep 20 15:02:21 jwm1-linux audit[1]: SERVICE_START pid=1 uid=0 auid=4294967295 ses=4294967295 subj=unconfined msg='unit=cups comm="systemd" exe="/usr/lib/systemd/systemd" hostname=? addr=? terminal=? res=success'
Sep 20 15:02:21 jwm1-linux kernel: Bluetooth: hci0: HCI LE Coded PHY feature bit is set, but its usage is not supported.
Sep 20 15:02:21 jwm1-linux systemd[1]: Received SIGRTMIN+21 from PID 245 (plymouthd).
Sep 20 15:02:21 jwm1-linux bluetoothd[663]: Battery Provider Manager created
Sep 20 15:02:21 jwm1-linux kernel: Bluetooth: MGMT ver 1.23
Sep 20 15:02:21 jwm1-linux audit[1]: SERVICE_START pid=1 uid=0 auid=4294967295 ses=4294967295 subj=unconfined msg='unit=plymouth-quit-wait comm="systemd" exe="/usr/lib/systemd/systemd" hostname=? addr=? terminal=? res=success'
Sep 20 15:02:21 jwm1-linux systemd[1]: Finished Hold until boot process finishes up.
Sep 20 15:02:21 jwm1-linux systemd[1]: Finished Terminate Plymouth Boot Screen.
Sep 20 15:02:21 jwm1-linux audit[1]: SERVICE_START pid=1 uid=0 auid=4294967295 ses=4294967295 subj=unconfined msg='unit=plymouth-quit comm="systemd" exe="/usr/lib/systemd/systemd" hostname=? addr=? terminal=? res=success'
Sep 20 15:02:21 jwm1-linux systemd[1]: Reached target Multi-User System.
Sep 20 15:02:21 jwm1-linux audit: BPF prog-id=44 op=LOAD
Sep 20 15:02:21 jwm1-linux audit: BPF prog-id=45 op=LOAD
Sep 20 15:02:21 jwm1-linux audit: BPF prog-id=46 op=LOAD
Sep 20 15:02:21 jwm1-linux systemd[1]: Starting Power Profiles daemon...
Sep 20 15:02:21 jwm1-linux systemd[1]: Started Simple Desktop Display Manager.
Sep 20 15:02:21 jwm1-linux audit[1]: SERVICE_START pid=1 uid=0 auid=4294967295 ses=4294967295 subj=unconfined msg='unit=sddm comm="systemd" exe="/usr/lib/systemd/systemd" hostname=? addr=? terminal=? res=success'
Sep 20 15:02:21 jwm1-linux systemd[1]: Started Tiny Apple T2 and Silicon Macs Touch Bar daemon.
Sep 20 15:02:21 jwm1-linux audit[1]: SERVICE_START pid=1 uid=0 auid=4294967295 ses=4294967295 subj=unconfined msg='unit=tiny-dfr comm="systemd" exe="/usr/lib/systemd/systemd" hostname=? addr=? terminal=? res=success'
Sep 20 15:02:21 jwm1-linux sddm[708]: Initializing...
Sep 20 15:02:21 jwm1-linux sddm[708]: Starting...
Sep 20 15:02:21 jwm1-linux sddm[708]: Logind interface found
Sep 20 15:02:21 jwm1-linux sddm[708]: Adding new display...
Sep 20 15:02:21 jwm1-linux sddm[708]: Loaded empty theme configuration
Sep 20 15:02:21 jwm1-linux sddm[708]: Using VT 1
Sep 20 15:02:21 jwm1-linux sddm[708]: Display server started.
Sep 20 15:02:21 jwm1-linux sddm[708]: Socket server starting...
Sep 20 15:02:21 jwm1-linux sddm[708]: Socket server started.
Sep 20 15:02:21 jwm1-linux sddm[708]: Loading theme configuration from "/usr/share/sddm/themes/omarchy/theme.conf"
Sep 20 15:02:21 jwm1-linux sddm[708]: Greeter starting...
Sep 20 15:02:21 jwm1-linux sddm-helper[712]: [PAM] Starting...
Sep 20 15:02:21 jwm1-linux audit[712]: AUDIT1100 pid=712 uid=0 auid=4294967295 ses=4294967295 subj=unconfined msg='op=PAM:authentication grantors=pam_permit acct="sddm" exe="/usr/lib/sddm/sddm-helper" hostname=? addr=? terminal=? res=success'
Sep 20 15:02:21 jwm1-linux audit[712]: AUDIT1101 pid=712 uid=0 auid=4294967295 ses=4294967295 subj=unconfined msg='op=PAM:accounting grantors=pam_permit acct="sddm" exe="/usr/lib/sddm/sddm-helper" hostname=? addr=? terminal=? res=success'
Sep 20 15:02:21 jwm1-linux audit[712]: AUDIT1103 pid=712 uid=0 auid=4294967295 ses=4294967295 subj=unconfined msg='op=PAM:setcred grantors=pam_permit acct="sddm" exe="/usr/lib/sddm/sddm-helper" hostname=? addr=? terminal=? res=success'
Sep 20 15:02:21 jwm1-linux sddm-helper[712]: [PAM] Authenticating...
Sep 20 15:02:21 jwm1-linux sddm-helper[712]: [PAM] returning.
Sep 20 15:02:21 jwm1-linux sddm-helper[712]: pam_unix(sddm-greeter:session): session opened for user sddm(uid=963) by (uid=0)
Sep 20 15:02:21 jwm1-linux systemd-logind[671]: New session 'c1' of user 'sddm' with class 'greeter' and type 'wayland'.
Sep 20 15:02:21 jwm1-linux systemd[1]: Created slice User Slice of UID 963.
Sep 20 15:02:21 jwm1-linux systemd[1]: Starting User Runtime Directory /run/user/963...
Sep 20 15:02:21 jwm1-linux systemd[1]: Finished User Runtime Directory /run/user/963.
Sep 20 15:02:21 jwm1-linux audit[1]: SERVICE_START pid=1 uid=0 auid=4294967295 ses=4294967295 subj=unconfined msg='unit=user-runtime-dir@963 comm="systemd" exe="/usr/lib/systemd/systemd" hostname=? addr=? terminal=? res=success'
Sep 20 15:02:21 jwm1-linux systemd[1]: Starting User Manager for UID 963...
Sep 20 15:02:21 jwm1-linux kernel: input: Dynamic Function Row Virtual Input Device as /devices/virtual/input/input9
Sep 20 15:02:21 jwm1-linux (systemd)[718]: pam_warn(systemd-user:setcred): function=[pam_sm_setcred] flags=0x8002 service=[systemd-user] terminal=[] user=[sddm] ruser=[<unknown>] rhost=[<unknown>]
Sep 20 15:02:21 jwm1-linux audit[718]: AUDIT1101 pid=718 uid=0 auid=4294967295 ses=4294967295 subj=unconfined msg='op=PAM:accounting grantors=pam_access,pam_unix,pam_permit,pam_time acct="sddm" exe="/usr/lib/systemd/systemd-executor" hostname=? addr=? terminal=? res=success'
Sep 20 15:02:21 jwm1-linux audit[718]: AUDIT1103 pid=718 uid=0 auid=4294967295 ses=4294967295 subj=unconfined msg='op=PAM:setcred grantors=? acct="sddm" exe="/usr/lib/systemd/systemd-executor" hostname=? addr=? terminal=? res=failed'
Sep 20 15:02:21 jwm1-linux audit[718]: SYSCALL arch=c00000b7 syscall=64 success=yes exit=3 a0=a a1=ffffc76d5250 a2=3 a3=0 items=0 ppid=1 pid=718 auid=963 uid=0 gid=0 euid=0 suid=0 fsuid=0 egid=0 sgid=0 fsgid=0 tty=(none) ses=1 comm="(systemd)" exe="/usr/lib/systemd/systemd-executor" subj=unconfined key=(null)
Sep 20 15:02:21 jwm1-linux audit: PROCTITLE proctitle="(systemd)"
Sep 20 15:02:21 jwm1-linux (systemd)[718]: pam_unix(systemd-user:session): session opened for user sddm(uid=963) by sddm(uid=0)
Sep 20 15:02:21 jwm1-linux systemd-logind[671]: New session '1' of user 'sddm' with class 'manager-early' and type 'unspecified'.
Sep 20 15:02:21 jwm1-linux audit[718]: AUDIT1105 pid=718 uid=0 auid=963 ses=1 subj=unconfined msg='op=PAM:session_open grantors=pam_loginuid,pam_keyinit,pam_systemd_home,pam_limits,pam_unix,pam_permit,pam_umask,pam_systemd,pam_env acct="sddm" exe="/usr/lib/systemd/systemd-executor" hostname=? addr=? terminal=? res=success'
Sep 20 15:02:22 jwm1-linux audit: BPF prog-id=47 op=LOAD
Sep 20 15:02:22 jwm1-linux audit[718]: SYSCALL arch=c00000b7 syscall=280 success=yes exit=8 a0=5 a1=ffffdc5fc2d0 a2=a8 a3=ffff2129c540 items=0 ppid=1 pid=718 auid=963 uid=963 gid=963 euid=963 suid=963 fsuid=963 egid=963 sgid=963 fsgid=963 tty=(none) ses=1 comm="systemd" exe="/usr/lib/systemd/systemd" subj=unconfined key=(null)
Sep 20 15:02:22 jwm1-linux audit: PROCTITLE proctitle="(systemd)"
Sep 20 15:02:22 jwm1-linux audit: BPF prog-id=47 op=UNLOAD
Sep 20 15:02:22 jwm1-linux audit[718]: SYSCALL arch=c00000b7 syscall=57 success=yes exit=0 a0=8 a1=0 a2=0 a3=0 items=0 ppid=1 pid=718 auid=963 uid=963 gid=963 euid=963 suid=963 fsuid=963 egid=963 sgid=963 fsgid=963 tty=(none) ses=1 comm="systemd" exe="/usr/lib/systemd/systemd" subj=unconfined key=(null)
Sep 20 15:02:22 jwm1-linux audit: PROCTITLE proctitle="(systemd)"
Sep 20 15:02:22 jwm1-linux audit: BPF prog-id=48 op=LOAD
Sep 20 15:02:22 jwm1-linux audit[718]: SYSCALL arch=c00000b7 syscall=280 success=yes exit=10 a0=5 a1=ffffdc5fbf00 a2=94 a3=ffff2129c540 items=0 ppid=1 pid=718 auid=963 uid=963 gid=963 euid=963 suid=963 fsuid=963 egid=963 sgid=963 fsgid=963 tty=(none) ses=1 comm="systemd" exe="/usr/lib/systemd/systemd" subj=unconfined key=(null)
Sep 20 15:02:22 jwm1-linux audit: PROCTITLE proctitle="(systemd)"
Sep 20 15:02:22 jwm1-linux audit: BPF prog-id=48 op=UNLOAD
Sep 20 15:02:22 jwm1-linux audit[718]: SYSCALL arch=c00000b7 syscall=57 success=yes exit=0 a0=a a1=0 a2=0 a3=0 items=0 ppid=1 pid=718 auid=963 uid=963 gid=963 euid=963 suid=963 fsuid=963 egid=963 sgid=963 fsgid=963 tty=(none) ses=1 comm="systemd" exe="/usr/lib/systemd/systemd" subj=unconfined key=(null)
Sep 20 15:02:22 jwm1-linux audit: PROCTITLE proctitle="(systemd)"
Sep 20 15:02:22 jwm1-linux audit: BPF prog-id=49 op=LOAD
Sep 20 15:02:22 jwm1-linux audit[718]: SYSCALL arch=c00000b7 syscall=280 success=yes exit=10 a0=5 a1=ffffdc5fbf20 a2=a8 a3=ffff20d3012c items=0 ppid=1 pid=718 auid=963 uid=963 gid=963 euid=963 suid=963 fsuid=963 egid=963 sgid=963 fsgid=963 tty=(none) ses=1 comm="systemd" exe="/usr/lib/systemd/systemd" subj=unconfined key=(null)
Sep 20 15:02:22 jwm1-linux audit: PROCTITLE proctitle="(systemd)"
Sep 20 15:02:22 jwm1-linux audit: BPF prog-id=49 op=UNLOAD
Sep 20 15:02:22 jwm1-linux audit[718]: SYSCALL arch=c00000b7 syscall=57 success=yes exit=0 a0=a a1=0 a2=0 a3=0 items=0 ppid=1 pid=718 auid=963 uid=963 gid=963 euid=963 suid=963 fsuid=963 egid=963 sgid=963 fsgid=963 tty=(none) ses=1 comm="systemd" exe="/usr/lib/systemd/systemd" subj=unconfined key=(null)
Sep 20 15:02:22 jwm1-linux audit: PROCTITLE proctitle="(systemd)"
Sep 20 15:02:22 jwm1-linux audit: BPF prog-id=50 op=LOAD
Sep 20 15:02:22 jwm1-linux audit[718]: SYSCALL arch=c00000b7 syscall=280 success=yes exit=10 a0=5 a1=ffffdc5fbe30 a2=94 a3=ffff20d12d28 items=0 ppid=1 pid=718 auid=963 uid=963 gid=963 euid=963 suid=963 fsuid=963 egid=963 sgid=963 fsgid=963 tty=(none) ses=1 comm="systemd" exe="/usr/lib/systemd/systemd" subj=unconfined key=(null)
Sep 20 15:02:22 jwm1-linux audit: PROCTITLE proctitle="(systemd)"
Sep 20 15:02:22 jwm1-linux audit: BPF prog-id=50 op=UNLOAD
Sep 20 15:02:22 jwm1-linux audit[718]: SYSCALL arch=c00000b7 syscall=57 success=yes exit=0 a0=a a1=0 a2=0 a3=0 items=0 ppid=1 pid=718 auid=963 uid=963 gid=963 euid=963 suid=963 fsuid=963 egid=963 sgid=963 fsgid=963 tty=(none) ses=1 comm="systemd" exe="/usr/lib/systemd/systemd" subj=unconfined key=(null)
Sep 20 15:02:22 jwm1-linux audit: PROCTITLE proctitle="(systemd)"
Sep 20 15:02:22 jwm1-linux audit: BPF prog-id=51 op=LOAD
Sep 20 15:02:22 jwm1-linux audit[718]: SYSCALL arch=c00000b7 syscall=280 success=yes exit=10 a0=5 a1=ffffdc5fbe90 a2=a8 a3=ffff20d3012c items=0 ppid=1 pid=718 auid=963 uid=963 gid=963 euid=963 suid=963 fsuid=963 egid=963 sgid=963 fsgid=963 tty=(none) ses=1 comm="systemd" exe="/usr/lib/systemd/systemd" subj=unconfined key=(null)
Sep 20 15:02:22 jwm1-linux audit: PROCTITLE proctitle="(systemd)"
Sep 20 15:02:22 jwm1-linux audit: BPF prog-id=51 op=UNLOAD
Sep 20 15:02:22 jwm1-linux audit[718]: SYSCALL arch=c00000b7 syscall=57 success=yes exit=0 a0=a a1=0 a2=0 a3=0 items=0 ppid=1 pid=718 auid=963 uid=963 gid=963 euid=963 suid=963 fsuid=963 egid=963 sgid=963 fsgid=963 tty=(none) ses=1 comm="systemd" exe="/usr/lib/systemd/systemd" subj=unconfined key=(null)
Sep 20 15:02:22 jwm1-linux audit: PROCTITLE proctitle="(systemd)"
Sep 20 15:02:22 jwm1-linux audit: BPF prog-id=52 op=LOAD
Sep 20 15:02:22 jwm1-linux audit[718]: SYSCALL arch=c00000b7 syscall=280 success=yes exit=11 a0=5 a1=ffffdc5fbc80 a2=a8 a3=ffff20d3012c items=0 ppid=1 pid=718 auid=963 uid=963 gid=963 euid=963 suid=963 fsuid=963 egid=963 sgid=963 fsgid=963 tty=(none) ses=1 comm="systemd" exe="/usr/lib/systemd/systemd" subj=unconfined key=(null)
Sep 20 15:02:22 jwm1-linux audit: PROCTITLE proctitle="(systemd)"
Sep 20 15:02:22 jwm1-linux audit: BPF prog-id=52 op=UNLOAD
Sep 20 15:02:22 jwm1-linux audit[718]: SYSCALL arch=c00000b7 syscall=57 success=yes exit=0 a0=b a1=0 a2=0 a3=0 items=0 ppid=1 pid=718 auid=963 uid=963 gid=963 euid=963 suid=963 fsuid=963 egid=963 sgid=963 fsgid=963 tty=(none) ses=1 comm="systemd" exe="/usr/lib/systemd/systemd" subj=unconfined key=(null)
Sep 20 15:02:22 jwm1-linux audit: PROCTITLE proctitle="(systemd)"
Sep 20 15:02:22 jwm1-linux audit: BPF prog-id=53 op=LOAD
Sep 20 15:02:22 jwm1-linux audit[718]: SYSCALL arch=c00000b7 syscall=280 success=yes exit=10 a0=5 a1=ffffdc5fb760 a2=a8 a3=ffff20d300f0 items=0 ppid=1 pid=718 auid=963 uid=963 gid=963 euid=963 suid=963 fsuid=963 egid=963 sgid=963 fsgid=963 tty=(none) ses=1 comm="systemd" exe="/usr/lib/systemd/systemd" subj=unconfined key=(null)
Sep 20 15:02:22 jwm1-linux audit: PROCTITLE proctitle="(systemd)"
Sep 20 15:02:22 jwm1-linux audit: BPF prog-id=54 op=LOAD
Sep 20 15:02:22 jwm1-linux audit[718]: SYSCALL arch=c00000b7 syscall=280 success=yes exit=12 a0=5 a1=ffffdc5fb550 a2=a8 a3=ffff20d3012c items=0 ppid=1 pid=718 auid=963 uid=963 gid=963 euid=963 suid=963 fsuid=963 egid=963 sgid=963 fsgid=963 tty=(none) ses=1 comm="systemd" exe="/usr/lib/systemd/systemd" subj=unconfined key=(null)
Sep 20 15:02:22 jwm1-linux audit: PROCTITLE proctitle="(systemd)"
Sep 20 15:02:22 jwm1-linux audit: BPF prog-id=54 op=UNLOAD
Sep 20 15:02:22 jwm1-linux audit[718]: SYSCALL arch=c00000b7 syscall=57 success=yes exit=0 a0=c a1=0 a2=0 a3=0 items=0 ppid=1 pid=718 auid=963 uid=963 gid=963 euid=963 suid=963 fsuid=963 egid=963 sgid=963 fsgid=963 tty=(none) ses=1 comm="systemd" exe="/usr/lib/systemd/systemd" subj=unconfined key=(null)
Sep 20 15:02:22 jwm1-linux audit: PROCTITLE proctitle="(systemd)"
Sep 20 15:02:22 jwm1-linux audit: BPF prog-id=55 op=LOAD
Sep 20 15:02:22 jwm1-linux audit[718]: SYSCALL arch=c00000b7 syscall=280 success=yes exit=11 a0=5 a1=ffffdc5fb760 a2=a8 a3=ffff20d300f0 items=0 ppid=1 pid=718 auid=963 uid=963 gid=963 euid=963 suid=963 fsuid=963 egid=963 sgid=963 fsgid=963 tty=(none) ses=1 comm="systemd" exe="/usr/lib/systemd/systemd" subj=unconfined key=(null)
Sep 20 15:02:22 jwm1-linux audit: PROCTITLE proctitle="(systemd)"
Sep 20 15:02:22 jwm1-linux audit: BPF prog-id=53 op=UNLOAD
Sep 20 15:02:22 jwm1-linux audit[718]: SYSCALL arch=c00000b7 syscall=57 success=yes exit=0 a0=a a1=0 a2=0 a3=0 items=0 ppid=1 pid=718 auid=963 uid=963 gid=963 euid=963 suid=963 fsuid=963 egid=963 sgid=963 fsgid=963 tty=(none) ses=1 comm="systemd" exe="/usr/lib/systemd/systemd" subj=unconfined key=(null)
Sep 20 15:02:22 jwm1-linux audit: PROCTITLE proctitle="(systemd)"
Sep 20 15:02:22 jwm1-linux audit: BPF prog-id=55 op=UNLOAD
Sep 20 15:02:22 jwm1-linux audit[718]: SYSCALL arch=c00000b7 syscall=57 success=yes exit=0 a0=b a1=0 a2=0 a3=0 items=0 ppid=1 pid=718 auid=963 uid=963 gid=963 euid=963 suid=963 fsuid=963 egid=963 sgid=963 fsgid=963 tty=(none) ses=1 comm="systemd" exe="/usr/lib/systemd/systemd" subj=unconfined key=(null)
Sep 20 15:02:22 jwm1-linux audit: PROCTITLE proctitle="(systemd)"
Sep 20 15:02:22 jwm1-linux audit: BPF prog-id=56 op=LOAD
Sep 20 15:02:22 jwm1-linux audit[718]: SYSCALL arch=c00000b7 syscall=280 success=yes exit=9 a0=5 a1=ffffdc5fbfd0 a2=a8 a3=ffff20d3012c items=0 ppid=1 pid=718 auid=963 uid=963 gid=963 euid=963 suid=963 fsuid=963 egid=963 sgid=963 fsgid=963 tty=(none) ses=1 comm="systemd" exe="/usr/lib/systemd/systemd" subj=unconfined key=(null)
Sep 20 15:02:22 jwm1-linux audit: PROCTITLE proctitle="(systemd)"
Sep 20 15:02:22 jwm1-linux audit: BPF prog-id=56 op=UNLOAD
Sep 20 15:02:22 jwm1-linux audit[718]: SYSCALL arch=c00000b7 syscall=57 success=yes exit=0 a0=9 a1=0 a2=0 a3=0 items=0 ppid=1 pid=718 auid=963 uid=963 gid=963 euid=963 suid=963 fsuid=963 egid=963 sgid=963 fsgid=963 tty=(none) ses=1 comm="systemd" exe="/usr/lib/systemd/systemd" subj=unconfined key=(null)
Sep 20 15:02:22 jwm1-linux audit: PROCTITLE proctitle="(systemd)"
Sep 20 15:02:22 jwm1-linux NetworkManager[660]: <info>  [1789934542.2566] device (wlan0): set-hw-addr: set MAC address to F2:1A:9F:A5:D2:12 (scanning)
Sep 20 15:02:22 jwm1-linux systemd[1]: Starting WPA supplicant...
Sep 20 15:02:22 jwm1-linux wpa_supplicant[727]: Successfully initialized wpa_supplicant
Sep 20 15:02:22 jwm1-linux audit[1]: SERVICE_START pid=1 uid=0 auid=4294967295 ses=4294967295 subj=unconfined msg='unit=wpa_supplicant comm="systemd" exe="/usr/lib/systemd/systemd" hostname=? addr=? terminal=? res=success'
Sep 20 15:02:22 jwm1-linux systemd[1]: Started WPA supplicant.
Sep 20 15:02:22 jwm1-linux wpa_supplicant[727]: wlan0: nl80211: kernel reports: multicast RX registrations are not supported
Sep 20 15:02:22 jwm1-linux audit: BPF prog-id=57 op=LOAD
Sep 20 15:02:22 jwm1-linux systemd[1]: Starting Authorization Manager...
Sep 20 15:02:22 jwm1-linux wpa_supplicant[727]: Failed to create interface p2p-dev-wlan0: -52 (Invalid exchange)
Sep 20 15:02:22 jwm1-linux kernel: ieee80211 phy0: brcmf_p2p_set_firmware: failed to update device address ret -52
Sep 20 15:02:22 jwm1-linux kernel: ieee80211 phy0: brcmf_p2p_create_p2pdev: set p2p_disc error
Sep 20 15:02:22 jwm1-linux kernel: ieee80211 phy0: brcmf_cfg80211_add_iface: add iface p2p-dev-wlan0 type 10 failed: err=-52
Sep 20 15:02:22 jwm1-linux wpa_supplicant[727]: nl80211: Failed to create a P2P/NAN Device interface p2p-dev-wlan0
Sep 20 15:02:22 jwm1-linux wpa_supplicant[727]: P2P: Failed to enable P2P Device interface
Sep 20 15:02:22 jwm1-linux wpa_supplicant[727]: dbus: fill_dict_with_properties dbus_interface=fi.w1.wpa_supplicant1.Interface.P2PDevice dbus_property=P2PDeviceConfig getter failed
Sep 20 15:02:22 jwm1-linux NetworkManager[660]: <info>  [1789934542.3756] device (wlan0): supplicant interface state: internal-starting -> disconnected
Sep 20 15:02:22 jwm1-linux NetworkManager[660]: <info>  [1789934542.3756] Wi-Fi P2P device controlled by interface wlan0 created
Sep 20 15:02:22 jwm1-linux NetworkManager[660]: <info>  [1789934542.3759] manager: (p2p-dev-wlan0): new 802.11 Wi-Fi P2P device (/org/freedesktop/NetworkManager/Devices/3)
Sep 20 15:02:22 jwm1-linux NetworkManager[660]: <info>  [1789934542.3761] device (p2p-dev-wlan0): state change: unmanaged -> unavailable (reason 'managed', managed-type: 'external')
Sep 20 15:02:22 jwm1-linux NetworkManager[660]: <warn>  [1789934542.3761] device (p2p-dev-wlan0): error setting IPv4 forwarding to '0': Resource temporarily unavailable
Sep 20 15:02:22 jwm1-linux NetworkManager[660]: <info>  [1789934542.3765] device (wlan0): state change: unavailable -> disconnected (reason 'supplicant-available', managed-type: 'full')
Sep 20 15:02:22 jwm1-linux NetworkManager[660]: <info>  [1789934542.3770] device (p2p-dev-wlan0): state change: unavailable -> disconnected (reason 'none', managed-type: 'full')
Sep 20 15:02:22 jwm1-linux systemd[718]: Queued start job for default target Main User Target.
Sep 20 15:02:22 jwm1-linux systemd[718]: Created slice User Application Slice.
Sep 20 15:02:22 jwm1-linux systemd[718]: Reached target Paths.
Sep 20 15:02:22 jwm1-linux systemd[718]: Reached target Timers.
Sep 20 15:02:22 jwm1-linux systemd[718]: Starting D-Bus User Message Bus Socket...
Sep 20 15:02:22 jwm1-linux systemd[718]: Listening on GnuPG network certificate management daemon.
Sep 20 15:02:22 jwm1-linux systemd[718]: Listening on GNOME Keyring daemon.
Sep 20 15:02:22 jwm1-linux systemd[718]: Listening on GnuPG cryptographic agent and passphrase cache (access for web browsers).
Sep 20 15:02:22 jwm1-linux systemd[718]: Listening on GnuPG cryptographic agent and passphrase cache (restricted).
Sep 20 15:02:22 jwm1-linux systemd[718]: Listening on GnuPG cryptographic agent (ssh-agent emulation).
Sep 20 15:02:22 jwm1-linux systemd[718]: Listening on GnuPG cryptographic agent and passphrase cache.
Sep 20 15:02:22 jwm1-linux systemd[718]: Listening on GnuPG public key management service.
Sep 20 15:02:22 jwm1-linux systemd[718]: Listening on p11-kit server.
Sep 20 15:02:22 jwm1-linux systemd[718]: Listening on PipeWire PulseAudio.
Sep 20 15:02:22 jwm1-linux systemd[718]: Listening on PipeWire Multimedia System Sockets.
Sep 20 15:02:22 jwm1-linux systemd[718]: Listening on Query the User Interactively for a Password.
Sep 20 15:02:22 jwm1-linux systemd[718]: Listening on Disk Image Download Service Socket.
Sep 20 15:02:22 jwm1-linux systemd[718]: Listening on Journal Log Access Socket.
Sep 20 15:02:22 jwm1-linux systemd[718]: Listening on Virtual Machine and Container Registration Service Socket.
Sep 20 15:02:22 jwm1-linux systemd[718]: Listening on Simple File System Backed Storage Provider.
Sep 20 15:02:22 jwm1-linux systemd[718]: Listening on D-Bus User Message Bus Socket.
Sep 20 15:02:22 jwm1-linux systemd[718]: Reached target Sockets.
Sep 20 15:02:22 jwm1-linux systemd[718]: Reached target Basic System.
Sep 20 15:02:22 jwm1-linux systemd[718]: Reached target Main User Target.
Sep 20 15:02:22 jwm1-linux systemd[718]: Startup finished in 415ms.
Sep 20 15:02:22 jwm1-linux systemd[1]: Started User Manager for UID 963.
Sep 20 15:02:22 jwm1-linux audit[1]: SERVICE_START pid=1 uid=0 auid=4294967295 ses=4294967295 subj=unconfined msg='unit=user@963 comm="systemd" exe="/usr/lib/systemd/systemd" hostname=? addr=? terminal=? res=success'
Sep 20 15:02:22 jwm1-linux systemd[1]: Started Session c1 of User sddm.
Sep 20 15:02:22 jwm1-linux audit[712]: AUDIT1105 pid=712 uid=0 auid=4294967295 ses=4294967295 subj=unconfined msg='op=PAM:session_open grantors=pam_unix,pam_systemd acct="sddm" exe="/usr/lib/sddm/sddm-helper" hostname=jwm1-linux addr=? terminal=/dev/tty1 res=success'
Sep 20 15:02:22 jwm1-linux sddm-helper[737]: Jumping to VT 1
Sep 20 15:02:22 jwm1-linux sddm-helper[737]: VT mode fixed
Sep 20 15:02:22 jwm1-linux polkitd[732]: Started polkitd version 127
Sep 20 15:02:22 jwm1-linux sddm[708]: Greeter session started successfully
Sep 20 15:02:22 jwm1-linux sddm-helper-start-wayland[737]: Starting Wayland process "start-hyprland -- --config /usr/share/sddm/hyprland.lua" "sddm"
Sep 20 15:02:22 jwm1-linux sddm-helper-start-wayland[737]: started succesfully "start-hyprland -- --config /usr/share/sddm/hyprland.lua"
Sep 20 15:02:22 jwm1-linux systemd[1]: Started Authorization Manager.
Sep 20 15:02:22 jwm1-linux sddm-helper-start-wayland[737]: "\x1B[1;33mWARN \x1B[0mfrom start-hyprland ]: Arguments after -- are passed to Hyprland\n"
Sep 20 15:02:22 jwm1-linux audit[1]: SERVICE_START pid=1 uid=0 auid=4294967295 ses=4294967295 subj=unconfined msg='unit=polkit comm="systemd" exe="/usr/lib/systemd/systemd" hostname=? addr=? terminal=? res=success'
Sep 20 15:02:22 jwm1-linux systemd[1]: Started Power Profiles daemon.
Sep 20 15:02:22 jwm1-linux audit[1]: SERVICE_START pid=1 uid=0 auid=4294967295 ses=4294967295 subj=unconfined msg='unit=power-profiles-daemon comm="systemd" exe="/usr/lib/systemd/systemd" hostname=? addr=? terminal=? res=success'
Sep 20 15:02:22 jwm1-linux systemd[1]: Reached target Graphical Interface.
Sep 20 15:02:22 jwm1-linux avahi-daemon[662]: Server startup complete. Host name is jwm1-linux.local. Local service cookie is 1052790536.
Sep 20 15:02:22 jwm1-linux sddm-helper-start-wayland[737]: "\x1B[1;32mDEBUG \x1B[0m]: User-specified config location: '/usr/share/sddm/hyprland.lua'\nWelcome to Hyprland!\n\n                                                  \n                     YY    UJ                     \n                    YYY    UUJ                    \n                   XXXY    UUUU                   \n                  zXXXX    UUUUU                  \n                zzzzX        UUUUJ                \n               cczzz          UUUUJ               \n             vccccz            UUUUUJ             \n            vvcccc              UUUUUJ            \n           vvvvv                  UUUUJ           \n          uuuvv                    UUUUJ          \n         uuuuu                      UUUUU         \n        nnnuu                        UUUUU        \n       nnnnn                          YUUUU       \n       xxnn                            YUUU       \n       xxxn                            YYUU       \n      xxxx                              YYUU      \n      rxxx                              YYYY      \n      rrrx                              YYYY      \n       rrrx                            XXXY       \n       rrrr                            XXXX       \n        rrrr                          zzXX        \n         rrrr                        zzzz         \n          rrrrr                    ccczz          \n           rrrrrx                vccccc           \n             rrrrxxxx        uuvvvvvc             \n                rrxxxxxxnnnnuuuuuv                \n                    xxxxxnnnnu                    \n\n\n\n\x1B[1;33mWARN \x1B[0m]: Failed to change process scheduling strategy\n"
Sep 20 15:02:22 jwm1-linux sddm-helper-start-wayland[737]: Directory "/run/user/963" has changed, checking for Wayland socket
Sep 20 15:02:22 jwm1-linux sddm-helper-start-wayland[737]: "DEBUG ]: Old rlimit: soft -> 65536, hard -> 524288\nDEBUG ]: New rlimit: soft -> 524288, hard -> 524288\nDEBUG ]: Creating the EventLoopManager!\nDEBUG ]: Creating the KeybindManager!\nDEBUG ]: Creating the AnimationManager!\nDEBUG ]: Creating the DynamicPermissionManager!\nDEBUG ]: Creating the MonitorState!\nDEBUG ]: Creating the WorkspaceState!\nDEBUG ]: Creating the ConfigManager!\nDEBUG ]: [cfg] Config is either explicit or special.\nDEBUG ]: [cfg] Config is lua, loading lua mgr\n"
Sep 20 15:02:22 jwm1-linux sddm-helper-start-wayland[737]: "DEBUG ]: Creating the Error Overlay!\n"
Sep 20 15:02:22 jwm1-linux sddm-helper-start-wayland[737]: "DEBUG ]: Creating the LayoutManager!\nDEBUG ]: Creating the TokenManager!\nDEBUG ]: Creating the EventManager!\n"
Sep 20 15:02:22 jwm1-linux sddm-helper-start-wayland[737]: "DEBUG ]: Disabling stdout logs (debug.enable_stdout_logs = 0). Further logs will be written to /run/user/963/hypr/efb50993780079460b0cbed1363e2166a2de1d9f_1789934542_765497145/hyprland.log\nDEBUG ]: Creating the PointerManager!\nDEBUG ]: Creating the AsyncResourceGatherer!\n"
Sep 20 15:02:22 jwm1-linux kernel: ieee80211 phy0: brcmf_cfg80211_escan_handler: invalid event data length
Sep 20 15:02:22 jwm1-linux sddm-helper-start-wayland[737]: Directory "/run/user/963" has changed, checking for Wayland socket
Sep 20 15:02:22 jwm1-linux sddm-helper-start-wayland[737]: Found Wayland socket "/run/user/963/wayland-1"
Sep 20 15:02:22 jwm1-linux sddm-greeter-qt6[766]: High-DPI autoscaling Enabled
Sep 20 15:02:22 jwm1-linux systemd[718]: Created slice User Core Session Slice.
Sep 20 15:02:22 jwm1-linux systemd[718]: Starting D-Bus User Message Bus...
Sep 20 15:02:22 jwm1-linux dbus-broker-launch[771]: Policy to allow eavesdropping in /usr/share/dbus-1/session.conf +31: Eavesdropping is deprecated and ignored
Sep 20 15:02:22 jwm1-linux dbus-broker-launch[771]: Policy to allow eavesdropping in /usr/share/dbus-1/session.conf +33: Eavesdropping is deprecated and ignored
Sep 20 15:02:22 jwm1-linux systemd[718]: Started D-Bus User Message Bus.
Sep 20 15:02:22 jwm1-linux dbus-broker-launch[771]: Ready
Sep 20 15:02:22 jwm1-linux systemd[718]: Starting User preferences database...
Sep 20 15:02:22 jwm1-linux systemd[718]: Started User preferences database.
Sep 20 15:02:23 jwm1-linux sddm-helper-start-wayland[737]: "\x1B[1;32mDEBUG \x1B[0mfrom start-hyprland ]: got an event from hyprland\n"
Sep 20 15:02:23 jwm1-linux sddm-greeter-qt6[766]: Reading from "/usr/local/share/wayland-sessions/omarchy.desktop"
Sep 20 15:02:23 jwm1-linux sddm-greeter-qt6[766]: Reading from "/usr/local/share/wayland-sessions/hyprland-uwsm.desktop"
Sep 20 15:02:23 jwm1-linux sddm-greeter-qt6[766]: Reading from "/usr/share/wayland-sessions/hyprland-uwsm.desktop"
Sep 20 15:02:23 jwm1-linux sddm-greeter-qt6[766]: Reading from "/usr/local/share/wayland-sessions/hyprland.desktop"
Sep 20 15:02:23 jwm1-linux sddm-greeter-qt6[766]: Reading from "/usr/share/wayland-sessions/hyprland.desktop"
Sep 20 15:02:23 jwm1-linux sddm-greeter-qt6[766]: Loading theme configuration from "/usr/share/sddm/themes/omarchy/theme.conf"
Sep 20 15:02:23 jwm1-linux sddm-greeter-qt6[766]: Connected to the daemon.
Sep 20 15:02:23 jwm1-linux sddm[708]: Message received from greeter: Connect
Sep 20 15:02:23 jwm1-linux sddm-greeter-qt6[766]: Loading file:///usr/share/sddm/themes/omarchy/Main.qml...
Sep 20 15:02:23 jwm1-linux sddm-helper-start-wayland[737]: "The XKEYBOARD keymap compiler (xkbcomp) reports:\n> Warning:          Multiple symbols for level 1/group 1 on key <FK23>\n>                   Using F23, ignoring XF86TouchpadOff\n> Warning:          Symbol map for key <FK23> redefined\n>                   Using last definition for conflicting fields\n> Warning:          Symbol map for key <FK24> redefined\n>                   Using last definition for conflicting fields\n"
Sep 20 15:02:23 jwm1-linux sddm-helper-start-wayland[737]: "> Warning:          Could not resolve keysym XF86ElectronicPrivacyScreenOn\n> Warning:          Could not resolve keysym XF86ElectronicPrivacyScreenOff\n> Warning:          Could not resolve keysym XF86ActionOnSelection\n> Warning:          Could not resolve keysym XF86ContextualInsert\n> Warning:          Could not resolve keysym XF86ContextualQuery\n"
Sep 20 15:02:23 jwm1-linux sddm-helper-start-wayland[737]: "Errors from xkbcomp are not fatal to the X server\n"
Sep 20 15:02:23 jwm1-linux sddm-helper-start-wayland[737]: "The XKEYBOARD keymap compiler (xkbcomp) reports:\n> Warning:          Unsupported maximum keycode 709, clipping.\n>                   X11 cannot support keycodes above 255.\n"
Sep 20 15:02:23 jwm1-linux sddm-helper-start-wayland[737]: "> Warning:          Virtual modifier Hyper multiply defined\n>                   Using 0, ignoring 0\n> Warning:          Virtual modifier ScrollLock multiply defined\n>                   Using 0, ignoring 0\n"
Sep 20 15:02:23 jwm1-linux sddm-helper-start-wayland[737]: "Errors from xkbcomp are not fatal to the X server\n"
Sep 20 15:02:23 jwm1-linux sddm-greeter-qt6[766]: Adding view for "eDP-1" QRect(0,0 1280x800)
Sep 20 15:02:23 jwm1-linux sddm-greeter-qt6[766]: Message received from daemon: Capabilities
Sep 20 15:02:23 jwm1-linux sddm-greeter-qt6[766]: Message received from daemon: HostName
Sep 20 15:02:24 jwm1-linux systemd[1]: asahi-btsync.service: Deactivated successfully.
Sep 20 15:02:24 jwm1-linux systemd[1]: Finished Apple silicon Bluetooth device sync.
Sep 20 15:02:24 jwm1-linux systemd[1]: Startup finished in 1.423s (kernel) + 4.624s (userspace) = 6.048s.
Sep 20 15:02:24 jwm1-linux audit[1]: SERVICE_START pid=1 uid=0 auid=4294967295 ses=4294967295 subj=unconfined msg='unit=asahi-btsync comm="systemd" exe="/usr/lib/systemd/systemd" hostname=? addr=? terminal=? res=success'
Sep 20 15:02:24 jwm1-linux audit[1]: SERVICE_STOP pid=1 uid=0 auid=4294967295 ses=4294967295 subj=unconfined msg='unit=asahi-btsync comm="systemd" exe="/usr/lib/systemd/systemd" hostname=? addr=? terminal=? res=success'
Sep 20 15:02:24 jwm1-linux kernel: kauditd_printk_skb: 213 callbacks suppressed
Sep 20 15:02:24 jwm1-linux kernel: audit: type=1130 audit(1789934544.064:138): pid=1 uid=0 auid=4294967295 ses=4294967295 subj=unconfined msg='unit=asahi-btsync comm="systemd" exe="/usr/lib/systemd/systemd" hostname=? addr=? terminal=? res=success'
Sep 20 15:02:24 jwm1-linux kernel: audit: type=1131 audit(1789934544.064:139): pid=1 uid=0 auid=4294967295 ses=4294967295 subj=unconfined msg='unit=asahi-btsync comm="systemd" exe="/usr/lib/systemd/systemd" hostname=? addr=? terminal=? res=success'
Sep 20 15:02:24 jwm1-linux NetworkManager[660]: <info>  [1789934544.8317] policy: auto-activating connection 'TNet5' (e73ca21b-a118-4792-b700-44f75c11a92a)
Sep 20 15:02:24 jwm1-linux NetworkManager[660]: <info>  [1789934544.8328] device (wlan0): Activation: starting connection 'TNet5' (e73ca21b-a118-4792-b700-44f75c11a92a)
Sep 20 15:02:24 jwm1-linux NetworkManager[660]: <info>  [1789934544.8330] device (wlan0): state change: disconnected -> prepare (reason 'none', managed-type: 'full')
Sep 20 15:02:24 jwm1-linux NetworkManager[660]: <info>  [1789934544.8335] manager: NetworkManager state is now CONNECTING
Sep 20 15:02:25 jwm1-linux NetworkManager[660]: <info>  [1789934545.3367] device (wlan0): set-hw-addr: reset MAC address to C4:91:0C:B2:5F:D7 (preserve)
Sep 20 15:02:25 jwm1-linux NetworkManager[660]: <info>  [1789934545.3390] device (wlan0): state change: prepare -> config (reason 'none', managed-type: 'full')
Sep 20 15:02:25 jwm1-linux NetworkManager[660]: <info>  [1789934545.3394] device (wlan0): Activation: (wifi) access point 'TNet5' has security, but secrets are required.
Sep 20 15:02:25 jwm1-linux NetworkManager[660]: <info>  [1789934545.3394] device (wlan0): state change: config -> need-auth (reason 'none', managed-type: 'full')
Sep 20 15:02:25 jwm1-linux NetworkManager[660]: <info>  [1789934545.3410] device (wlan0): state change: need-auth -> prepare (reason 'none', managed-type: 'full')
Sep 20 15:02:25 jwm1-linux NetworkManager[660]: <info>  [1789934545.3413] device (wlan0): state change: prepare -> config (reason 'none', managed-type: 'full')
Sep 20 15:02:25 jwm1-linux NetworkManager[660]: <info>  [1789934545.3416] device (wlan0): Activation: (wifi) connection 'TNet5' has security, and secrets exist.  No new secrets needed.
Sep 20 15:02:25 jwm1-linux NetworkManager[660]: <info>  [1789934545.3430] Config: added 'ssid' value 'TNet5'
Sep 20 15:02:25 jwm1-linux NetworkManager[660]: <info>  [1789934545.3430] Config: added 'scan_ssid' value '1'
Sep 20 15:02:25 jwm1-linux NetworkManager[660]: <info>  [1789934545.3430] Config: added 'bgscan' value 'simple:30:-65:300'
Sep 20 15:02:25 jwm1-linux NetworkManager[660]: <info>  [1789934545.3430] Config: added 'key_mgmt' value 'WPA-PSK WPA-PSK-SHA256 FT-PSK'
Sep 20 15:02:25 jwm1-linux NetworkManager[660]: <info>  [1789934545.3430] Config: added 'auth_alg' value 'OPEN'
Sep 20 15:02:25 jwm1-linux NetworkManager[660]: <info>  [1789934545.3430] Config: added 'psk' value '<hidden>'
Sep 20 15:02:25 jwm1-linux NetworkManager[660]: <info>  [1789934545.3434] device (wlan0): supplicant interface state: disconnected -> inactive
Sep 20 15:02:25 jwm1-linux NetworkManager[660]: <info>  [1789934545.3434] device (p2p-dev-wlan0): supplicant management interface state: disconnected -> inactive
Sep 20 15:02:25 jwm1-linux wpa_supplicant[727]: wlan0: Trying to associate with SSID 'TNet5'
Sep 20 15:02:25 jwm1-linux wpa_supplicant[727]: wlan0: nl80211: kernel reports: multicast RX registrations are not supported
Sep 20 15:02:25 jwm1-linux NetworkManager[660]: <info>  [1789934545.3650] device (wlan0): supplicant interface state: inactive -> associating
Sep 20 15:02:25 jwm1-linux NetworkManager[660]: <info>  [1789934545.3650] device (p2p-dev-wlan0): supplicant management interface state: inactive -> associating
Sep 20 15:02:25 jwm1-linux wpa_supplicant[727]: wlan0: Associated with 2a:5a:4c:5b:04:fd
Sep 20 15:02:25 jwm1-linux wpa_supplicant[727]: wlan0: CTRL-EVENT-CONNECTED - Connection to 2a:5a:4c:5b:04:fd completed [id=0 id_str=]
Sep 20 15:02:25 jwm1-linux wpa_supplicant[727]: wlan0: CTRL-EVENT-SUBNET-STATUS-UPDATE status=0
Sep 20 15:02:25 jwm1-linux wpa_supplicant[727]: wlan0: CTRL-EVENT-REGDOM-CHANGE init=COUNTRY_IE type=COUNTRY alpha2=US
Sep 20 15:02:25 jwm1-linux NetworkManager[660]: <info>  [1789934545.5484] device (wlan0): supplicant interface state: associating -> completed
Sep 20 15:02:25 jwm1-linux NetworkManager[660]: <info>  [1789934545.5485] device (wlan0): Activation: (wifi) Stage 2 of 5 (Device Configure) successful. Connected to wireless network "TNet5"
Sep 20 15:02:25 jwm1-linux NetworkManager[660]: <info>  [1789934545.5485] device (p2p-dev-wlan0): supplicant management interface state: associating -> completed
Sep 20 15:02:25 jwm1-linux NetworkManager[660]: <info>  [1789934545.5488] device (wlan0): state change: config -> ip-config (reason 'none', managed-type: 'full')
Sep 20 15:02:25 jwm1-linux NetworkManager[660]: <info>  [1789934545.5498] dhcp4 (wlan0): activation: beginning transaction (timeout in 45 seconds)
Sep 20 15:02:25 jwm1-linux NetworkManager[660]: <info>  [1789934545.5845] dhcp4 (wlan0): state changed new lease, address=192.168.3.66, acd pending
Sep 20 15:02:25 jwm1-linux audit: BPF prog-id=58 op=LOAD
Sep 20 15:02:25 jwm1-linux audit[660]: SYSCALL arch=c00000b7 syscall=280 success=yes exit=26 a0=5 a1=ffffc4e4a170 a2=a8 a3=ffff122bc540 items=0 ppid=1 pid=660 auid=4294967295 uid=0 gid=0 euid=0 suid=0 fsuid=0 egid=0 sgid=0 fsgid=0 tty=(none) ses=4294967295 comm="NetworkManager" exe="/usr/bin/NetworkManager" subj=unconfined key=(null)
Sep 20 15:02:25 jwm1-linux audit: PROCTITLE proctitle=2F7573722F62696E2F4E6574776F726B4D616E61676572002D2D6E6F2D6461656D6F6E
Sep 20 15:02:25 jwm1-linux kernel: audit: type=1334 audit(1789934545.584:140): prog-id=58 op=LOAD
Sep 20 15:02:25 jwm1-linux kernel: audit: type=1300 audit(1789934545.584:140): arch=c00000b7 syscall=280 success=yes exit=26 a0=5 a1=ffffc4e4a170 a2=a8 a3=ffff122bc540 items=0 ppid=1 pid=660 auid=4294967295 uid=0 gid=0 euid=0 suid=0 fsuid=0 egid=0 sgid=0 fsgid=0 tty=(none) ses=4294967295 comm="NetworkManager" exe="/usr/bin/NetworkManager" subj=unconfined key=(null)
Sep 20 15:02:25 jwm1-linux kernel: audit: type=1327 audit(1789934545.584:140): proctitle=2F7573722F62696E2F4E6574776F726B4D616E61676572002D2D6E6F2D6461656D6F6E
Sep 20 15:02:25 jwm1-linux NetworkManager[660]: <info>  [1789934545.7364] dhcp4 (wlan0): state changed new lease, address=192.168.3.66
Sep 20 15:02:25 jwm1-linux avahi-daemon[662]: Joining mDNS multicast group on interface wlan0.IPv4 with address 192.168.3.66.
Sep 20 15:02:25 jwm1-linux avahi-daemon[662]: New relevant interface wlan0.IPv4 for mDNS.
Sep 20 15:02:25 jwm1-linux avahi-daemon[662]: Registering new address record for 192.168.3.66 on wlan0.IPv4.
Sep 20 15:02:25 jwm1-linux audit: BPF prog-id=59 op=LOAD
Sep 20 15:02:25 jwm1-linux audit[660]: SYSCALL arch=c00000b7 syscall=280 success=yes exit=26 a0=5 a1=ffffc4e4a170 a2=a8 a3=ffff122bc540 items=0 ppid=1 pid=660 auid=4294967295 uid=0 gid=0 euid=0 suid=0 fsuid=0 egid=0 sgid=0 fsgid=0 tty=(none) ses=4294967295 comm="NetworkManager" exe="/usr/bin/NetworkManager" subj=unconfined key=(null)
Sep 20 15:02:25 jwm1-linux audit: PROCTITLE proctitle=2F7573722F62696E2F4E6574776F726B4D616E61676572002D2D6E6F2D6461656D6F6E
Sep 20 15:02:25 jwm1-linux NetworkManager[660]: <info>  [1789934545.7406] policy: set 'TNet5' (wlan0) as default for IPv4 routing and DNS
Sep 20 15:02:25 jwm1-linux kernel: audit: type=1334 audit(1789934545.739:141): prog-id=59 op=LOAD
Sep 20 15:02:25 jwm1-linux kernel: audit: type=1300 audit(1789934545.739:141): arch=c00000b7 syscall=280 success=yes exit=26 a0=5 a1=ffffc4e4a170 a2=a8 a3=ffff122bc540 items=0 ppid=1 pid=660 auid=4294967295 uid=0 gid=0 euid=0 suid=0 fsuid=0 egid=0 sgid=0 fsgid=0 tty=(none) ses=4294967295 comm="NetworkManager" exe="/usr/bin/NetworkManager" subj=unconfined key=(null)
Sep 20 15:02:25 jwm1-linux kernel: audit: type=1327 audit(1789934545.739:141): proctitle=2F7573722F62696E2F4E6574776F726B4D616E61676572002D2D6E6F2D6461656D6F6E
Sep 20 15:02:25 jwm1-linux systemd-resolved[484]: wlan0: Bus client set default route setting: yes
Sep 20 15:02:25 jwm1-linux audit: BPF prog-id=58 op=UNLOAD
Sep 20 15:02:25 jwm1-linux systemd-resolved[484]: wlan0: Bus client set DNS server list to: 192.168.2.8, 192.168.2.67, 192.168.2.49, 192.168.2.68
Sep 20 15:02:25 jwm1-linux kernel: audit: type=1334 audit(1789934545.743:142): prog-id=58 op=UNLOAD
Sep 20 15:02:25 jwm1-linux NetworkManager[660]: <info>  [1789934545.7504] device (wlan0): state change: ip-config -> ip-check (reason 'none', managed-type: 'full')
Sep 20 15:02:25 jwm1-linux NetworkManager[660]: <info>  [1789934545.7533] device (wlan0): state change: ip-check -> secondaries (reason 'none', managed-type: 'full')
Sep 20 15:02:25 jwm1-linux NetworkManager[660]: <info>  [1789934545.7535] device (wlan0): state change: secondaries -> activated (reason 'none', managed-type: 'full')
Sep 20 15:02:25 jwm1-linux NetworkManager[660]: <info>  [1789934545.7541] manager: NetworkManager state is now CONNECTED_SITE
Sep 20 15:02:25 jwm1-linux NetworkManager[660]: <info>  [1789934545.7565] device (wlan0): Activation: successful, device activated.
Sep 20 15:02:26 jwm1-linux NetworkManager[660]: <info>  [1789934546.1397] manager: NetworkManager state is now CONNECTED_GLOBAL
Sep 20 15:02:26 jwm1-linux systemd[1]: systemd-rfkill.service: Deactivated successfully.
Sep 20 15:02:26 jwm1-linux audit[1]: SERVICE_STOP pid=1 uid=0 auid=4294967295 ses=4294967295 subj=unconfined msg='unit=systemd-rfkill comm="systemd" exe="/usr/lib/systemd/systemd" hostname=? addr=? terminal=? res=success'
Sep 20 15:02:26 jwm1-linux kernel: audit: type=1131 audit(1789934546.677:143): pid=1 uid=0 auid=4294967295 ses=4294967295 subj=unconfined msg='unit=systemd-rfkill comm="systemd" exe="/usr/lib/systemd/systemd" hostname=? addr=? terminal=? res=success'
Sep 20 15:02:27 jwm1-linux avahi-daemon[662]: Joining mDNS multicast group on interface wlan0.IPv6 with address fe80::d3b3:3d29:83ce:8607.
Sep 20 15:02:27 jwm1-linux avahi-daemon[662]: New relevant interface wlan0.IPv6 for mDNS.
Sep 20 15:02:27 jwm1-linux avahi-daemon[662]: Registering new address record for fe80::d3b3:3d29:83ce:8607 on wlan0.*.
Sep 20 15:02:29 jwm1-linux avahi-daemon[662]: Leaving mDNS multicast group on interface wlan0.IPv6 with address fe80::d3b3:3d29:83ce:8607.
Sep 20 15:02:29 jwm1-linux avahi-daemon[662]: Joining mDNS multicast group on interface wlan0.IPv6 with address fdb0:a2eb:aadd:4f29:986e:93ec:645:367d.
Sep 20 15:02:29 jwm1-linux avahi-daemon[662]: Registering new address record for fdb0:a2eb:aadd:4f29:986e:93ec:645:367d on wlan0.*.
Sep 20 15:02:29 jwm1-linux avahi-daemon[662]: Withdrawing address record for fe80::d3b3:3d29:83ce:8607 on wlan0.
Sep 20 15:02:31 jwm1-linux systemd[1]: NetworkManager-dispatcher.service: Deactivated successfully.
Sep 20 15:02:31 jwm1-linux audit[1]: SERVICE_STOP pid=1 uid=0 auid=4294967295 ses=4294967295 subj=unconfined msg='unit=NetworkManager-dispatcher comm="systemd" exe="/usr/lib/systemd/systemd" hostname=? addr=? terminal=? res=success'
Sep 20 15:02:31 jwm1-linux kernel: audit: type=1131 audit(1789934551.746:144): pid=1 uid=0 auid=4294967295 ses=4294967295 subj=unconfined msg='unit=NetworkManager-dispatcher comm="systemd" exe="/usr/lib/systemd/systemd" hostname=? addr=? terminal=? res=success'
Sep 20 15:02:31 jwm1-linux kernel: apple-pmgr-pwrstate 23b700000.power-management:power-controller@470: sync_state() pending due to 26bc04000.ane
Sep 20 15:02:31 jwm1-linux kernel: apple-pmgr-pwrstate 23b700000.power-management:power-controller@c000: sync_state() pending due to 26bc04000.ane
Sep 20 15:02:36 jwm1-linux sshd-session[805]: Accepted publickey for joshuawarren from 192.168.3.26 port 62666 ssh2: RSA SHA256:DyggCW0Wkh/S3o0MIZ3is7P/N/FX4xeBsJO9Q6uFVwA
Sep 20 15:02:36 jwm1-linux audit[805]: AUDIT1101 pid=805 uid=0 auid=4294967295 ses=4294967295 subj=unconfined msg='op=PAM:accounting grantors=pam_access,pam_unix,pam_permit,pam_time acct="joshuawarren" exe="/usr/lib/ssh/sshd-session" hostname=192.168.3.26 addr=192.168.3.26 terminal=ssh res=success'
Sep 20 15:02:36 jwm1-linux kernel: audit: type=1101 audit(1789934556.207:145): pid=805 uid=0 auid=4294967295 ses=4294967295 subj=unconfined msg='op=PAM:accounting grantors=pam_access,pam_unix,pam_permit,pam_time acct="joshuawarren" exe="/usr/lib/ssh/sshd-session" hostname=192.168.3.26 addr=192.168.3.26 terminal=ssh res=success'
Sep 20 15:02:36 jwm1-linux audit[805]: AUDIT1103 pid=805 uid=0 auid=4294967295 ses=4294967295 subj=unconfined msg='op=PAM:setcred grantors=pam_shells,pam_faillock,pam_permit,pam_env,pam_faillock acct="joshuawarren" exe="/usr/lib/ssh/sshd-session" hostname=192.168.3.26 addr=192.168.3.26 terminal=ssh res=success'
Sep 20 15:02:36 jwm1-linux audit[805]: SYSCALL arch=c00000b7 syscall=64 success=yes exit=4 a0=6 a1=ffffdf42e710 a2=4 a3=0 items=0 ppid=694 pid=805 auid=1001 uid=0 gid=0 euid=0 suid=0 fsuid=0 egid=0 sgid=0 fsgid=0 tty=(none) ses=2 comm="sshd-session" exe="/usr/lib/ssh/sshd-session" subj=unconfined key=(null)
Sep 20 15:02:36 jwm1-linux audit: PROCTITLE proctitle=737368642D73657373696F6E3A206A6F7368756177617272656E205B706F7374617574685D
Sep 20 15:02:36 jwm1-linux sshd-session[805]: pam_unix(sshd:session): session opened for user joshuawarren(uid=1001) by joshuawarren(uid=0)
Sep 20 15:02:36 jwm1-linux kernel: audit: type=1103 audit(1789934556.210:146): pid=805 uid=0 auid=4294967295 ses=4294967295 subj=unconfined msg='op=PAM:setcred grantors=pam_shells,pam_faillock,pam_permit,pam_env,pam_faillock acct="joshuawarren" exe="/usr/lib/ssh/sshd-session" hostname=192.168.3.26 addr=192.168.3.26 terminal=ssh res=success'
Sep 20 15:02:36 jwm1-linux kernel: audit: type=1006 audit(1789934556.210:147): pid=805 uid=0 subj=unconfined old-auid=4294967295 auid=1001 tty=(none) old-ses=4294967295 ses=2 res=1
Sep 20 15:02:36 jwm1-linux kernel: audit: type=1300 audit(1789934556.210:147): arch=c00000b7 syscall=64 success=yes exit=4 a0=6 a1=ffffdf42e710 a2=4 a3=0 items=0 ppid=694 pid=805 auid=1001 uid=0 gid=0 euid=0 suid=0 fsuid=0 egid=0 sgid=0 fsgid=0 tty=(none) ses=2 comm="sshd-session" exe="/usr/lib/ssh/sshd-session" subj=unconfined key=(null)
Sep 20 15:02:36 jwm1-linux kernel: audit: type=1327 audit(1789934556.210:147): proctitle=737368642D73657373696F6E3A206A6F7368756177617272656E205B706F7374617574685D
Sep 20 15:02:36 jwm1-linux systemd-logind[671]: New session '2' of user 'joshuawarren' with class 'user' and type 'tty'.
Sep 20 15:02:36 jwm1-linux systemd[1]: Created slice User Slice of UID 1001.
Sep 20 15:02:36 jwm1-linux systemd[1]: Starting User Runtime Directory /run/user/1001...
Sep 20 15:02:36 jwm1-linux systemd[1]: Finished User Runtime Directory /run/user/1001.
Sep 20 15:02:36 jwm1-linux audit[1]: SERVICE_START pid=1 uid=0 auid=4294967295 ses=4294967295 subj=unconfined msg='unit=user-runtime-dir@1001 comm="systemd" exe="/usr/lib/systemd/systemd" hostname=? addr=? terminal=? res=success'
Sep 20 15:02:36 jwm1-linux kernel: audit: type=1130 audit(1789934556.271:148): pid=1 uid=0 auid=4294967295 ses=4294967295 subj=unconfined msg='unit=user-runtime-dir@1001 comm="systemd" exe="/usr/lib/systemd/systemd" hostname=? addr=? terminal=? res=success'
Sep 20 15:02:36 jwm1-linux systemd[1]: Starting User Manager for UID 1001...
Sep 20 15:02:36 jwm1-linux audit[810]: AUDIT1101 pid=810 uid=0 auid=4294967295 ses=4294967295 subj=unconfined msg='op=PAM:accounting grantors=pam_access,pam_unix,pam_permit,pam_time acct="joshuawarren" exe="/usr/lib/systemd/systemd-executor" hostname=? addr=? terminal=? res=success'
Sep 20 15:02:36 jwm1-linux audit[810]: AUDIT1103 pid=810 uid=0 auid=4294967295 ses=4294967295 subj=unconfined msg='op=PAM:setcred grantors=? acct="joshuawarren" exe="/usr/lib/systemd/systemd-executor" hostname=? addr=? terminal=? res=failed'
Sep 20 15:02:36 jwm1-linux audit[810]: SYSCALL arch=c00000b7 syscall=64 success=yes exit=4 a0=a a1=ffffe3219bf0 a2=4 a3=0 items=0 ppid=1 pid=810 auid=1001 uid=0 gid=0 euid=0 suid=0 fsuid=0 egid=0 sgid=0 fsgid=0 tty=(none) ses=3 comm="(systemd)" exe="/usr/lib/systemd/systemd-executor" subj=unconfined key=(null)
Sep 20 15:02:36 jwm1-linux audit: PROCTITLE proctitle="(systemd)"
Sep 20 15:02:36 jwm1-linux (systemd)[810]: pam_warn(systemd-user:setcred): function=[pam_sm_setcred] flags=0x8002 service=[systemd-user] terminal=[] user=[joshuawarren] ruser=[<unknown>] rhost=[<unknown>]
Sep 20 15:02:36 jwm1-linux (systemd)[810]: pam_unix(systemd-user:session): session opened for user joshuawarren(uid=1001) by joshuawarren(uid=0)
Sep 20 15:02:36 jwm1-linux kernel: audit: type=1101 audit(1789934556.285:149): pid=810 uid=0 auid=4294967295 ses=4294967295 subj=unconfined msg='op=PAM:accounting grantors=pam_access,pam_unix,pam_permit,pam_time acct="joshuawarren" exe="/usr/lib/systemd/systemd-executor" hostname=? addr=? terminal=? res=success'
Sep 20 15:02:36 jwm1-linux kernel: audit: type=1103 audit(1789934556.285:150): pid=810 uid=0 auid=4294967295 ses=4294967295 subj=unconfined msg='op=PAM:setcred grantors=? acct="joshuawarren" exe="/usr/lib/systemd/systemd-executor" hostname=? addr=? terminal=? res=failed'
Sep 20 15:02:36 jwm1-linux kernel: audit: type=1006 audit(1789934556.285:151): pid=810 uid=0 subj=unconfined old-auid=4294967295 auid=1001 tty=(none) old-ses=4294967295 ses=3 res=1
Sep 20 15:02:36 jwm1-linux systemd-logind[671]: New session '3' of user 'joshuawarren' with class 'manager' and type 'unspecified'.
Sep 20 15:02:36 jwm1-linux audit[810]: AUDIT1105 pid=810 uid=0 auid=1001 ses=3 subj=unconfined msg='op=PAM:session_open grantors=pam_loginuid,pam_keyinit,pam_systemd_home,pam_limits,pam_unix,pam_permit,pam_umask,pam_systemd,pam_env acct="joshuawarren" exe="/usr/lib/systemd/systemd-executor" hostname=? addr=? terminal=? res=success'
Sep 20 15:02:36 jwm1-linux audit: BPF prog-id=60 op=LOAD
Sep 20 15:02:36 jwm1-linux audit[810]: SYSCALL arch=c00000b7 syscall=280 success=yes exit=8 a0=5 a1=ffffe6b50850 a2=a8 a3=ffff9fadc540 items=0 ppid=1 pid=810 auid=1001 uid=1001 gid=1001 euid=1001 suid=1001 fsuid=1001 egid=1001 sgid=1001 fsgid=1001 tty=(none) ses=3 comm="systemd" exe="/usr/lib/systemd/systemd" subj=unconfined key=(null)
Sep 20 15:02:36 jwm1-linux audit: PROCTITLE proctitle="(systemd)"
Sep 20 15:02:36 jwm1-linux audit: BPF prog-id=60 op=UNLOAD
Sep 20 15:02:36 jwm1-linux audit[810]: SYSCALL arch=c00000b7 syscall=57 success=yes exit=0 a0=8 a1=0 a2=0 a3=0 items=0 ppid=1 pid=810 auid=1001 uid=1001 gid=1001 euid=1001 suid=1001 fsuid=1001 egid=1001 sgid=1001 fsgid=1001 tty=(none) ses=3 comm="systemd" exe="/usr/lib/systemd/systemd" subj=unconfined key=(null)
Sep 20 15:02:36 jwm1-linux audit: PROCTITLE proctitle="(systemd)"
Sep 20 15:02:36 jwm1-linux audit: BPF prog-id=61 op=LOAD
Sep 20 15:02:36 jwm1-linux audit[810]: SYSCALL arch=c00000b7 syscall=280 success=yes exit=10 a0=5 a1=ffffe6b50480 a2=94 a3=ffff9fadc540 items=0 ppid=1 pid=810 auid=1001 uid=1001 gid=1001 euid=1001 suid=1001 fsuid=1001 egid=1001 sgid=1001 fsgid=1001 tty=(none) ses=3 comm="systemd" exe="/usr/lib/systemd/systemd" subj=unconfined key=(null)
Sep 20 15:02:36 jwm1-linux audit: PROCTITLE proctitle="(systemd)"
Sep 20 15:02:36 jwm1-linux audit: BPF prog-id=61 op=UNLOAD
Sep 20 15:02:36 jwm1-linux audit[810]: SYSCALL arch=c00000b7 syscall=57 success=yes exit=0 a0=a a1=0 a2=0 a3=0 items=0 ppid=1 pid=810 auid=1001 uid=1001 gid=1001 euid=1001 suid=1001 fsuid=1001 egid=1001 sgid=1001 fsgid=1001 tty=(none) ses=3 comm="systemd" exe="/usr/lib/systemd/systemd" subj=unconfined key=(null)
Sep 20 15:02:36 jwm1-linux audit: PROCTITLE proctitle="(systemd)"
Sep 20 15:02:36 jwm1-linux audit: BPF prog-id=62 op=LOAD
Sep 20 15:02:36 jwm1-linux audit[810]: SYSCALL arch=c00000b7 syscall=280 success=yes exit=10 a0=5 a1=ffffe6b504a0 a2=a8 a3=ffff9f57012c items=0 ppid=1 pid=810 auid=1001 uid=1001 gid=1001 euid=1001 suid=1001 fsuid=1001 egid=1001 sgid=1001 fsgid=1001 tty=(none) ses=3 comm="systemd" exe="/usr/lib/systemd/systemd" subj=unconfined key=(null)
Sep 20 15:02:36 jwm1-linux audit: PROCTITLE proctitle="(systemd)"
Sep 20 15:02:36 jwm1-linux audit: BPF prog-id=62 op=UNLOAD
Sep 20 15:02:36 jwm1-linux audit[810]: SYSCALL arch=c00000b7 syscall=57 success=yes exit=0 a0=a a1=0 a2=0 a3=0 items=0 ppid=1 pid=810 auid=1001 uid=1001 gid=1001 euid=1001 suid=1001 fsuid=1001 egid=1001 sgid=1001 fsgid=1001 tty=(none) ses=3 comm="systemd" exe="/usr/lib/systemd/systemd" subj=unconfined key=(null)
Sep 20 15:02:36 jwm1-linux audit: PROCTITLE proctitle="(systemd)"
Sep 20 15:02:36 jwm1-linux audit: BPF prog-id=63 op=LOAD
Sep 20 15:02:36 jwm1-linux audit[810]: SYSCALL arch=c00000b7 syscall=280 success=yes exit=10 a0=5 a1=ffffe6b503b0 a2=94 a3=ffff9f552d28 items=0 ppid=1 pid=810 auid=1001 uid=1001 gid=1001 euid=1001 suid=1001 fsuid=1001 egid=1001 sgid=1001 fsgid=1001 tty=(none) ses=3 comm="systemd" exe="/usr/lib/systemd/systemd" subj=unconfined key=(null)
Sep 20 15:02:36 jwm1-linux audit: PROCTITLE proctitle="(systemd)"
Sep 20 15:02:36 jwm1-linux audit: BPF prog-id=63 op=UNLOAD
Sep 20 15:02:36 jwm1-linux audit[810]: SYSCALL arch=c00000b7 syscall=57 success=yes exit=0 a0=a a1=0 a2=0 a3=0 items=0 ppid=1 pid=810 auid=1001 uid=1001 gid=1001 euid=1001 suid=1001 fsuid=1001 egid=1001 sgid=1001 fsgid=1001 tty=(none) ses=3 comm="systemd" exe="/usr/lib/systemd/systemd" subj=unconfined key=(null)
Sep 20 15:02:36 jwm1-linux audit: PROCTITLE proctitle="(systemd)"
Sep 20 15:02:36 jwm1-linux audit: BPF prog-id=64 op=LOAD
Sep 20 15:02:36 jwm1-linux audit[810]: SYSCALL arch=c00000b7 syscall=280 success=yes exit=10 a0=5 a1=ffffe6b50410 a2=a8 a3=ffff9f57012c items=0 ppid=1 pid=810 auid=1001 uid=1001 gid=1001 euid=1001 suid=1001 fsuid=1001 egid=1001 sgid=1001 fsgid=1001 tty=(none) ses=3 comm="systemd" exe="/usr/lib/systemd/systemd" subj=unconfined key=(null)
Sep 20 15:02:36 jwm1-linux audit: PROCTITLE proctitle="(systemd)"
Sep 20 15:02:36 jwm1-linux audit: BPF prog-id=64 op=UNLOAD
Sep 20 15:02:36 jwm1-linux audit[810]: SYSCALL arch=c00000b7 syscall=57 success=yes exit=0 a0=a a1=0 a2=0 a3=0 items=0 ppid=1 pid=810 auid=1001 uid=1001 gid=1001 euid=1001 suid=1001 fsuid=1001 egid=1001 sgid=1001 fsgid=1001 tty=(none) ses=3 comm="systemd" exe="/usr/lib/systemd/systemd" subj=unconfined key=(null)
Sep 20 15:02:36 jwm1-linux audit: PROCTITLE proctitle="(systemd)"
Sep 20 15:02:36 jwm1-linux audit: BPF prog-id=65 op=LOAD
Sep 20 15:02:36 jwm1-linux audit[810]: SYSCALL arch=c00000b7 syscall=280 success=yes exit=11 a0=5 a1=ffffe6b50200 a2=a8 a3=ffff9f57012c items=0 ppid=1 pid=810 auid=1001 uid=1001 gid=1001 euid=1001 suid=1001 fsuid=1001 egid=1001 sgid=1001 fsgid=1001 tty=(none) ses=3 comm="systemd" exe="/usr/lib/systemd/systemd" subj=unconfined key=(null)
Sep 20 15:02:36 jwm1-linux audit: PROCTITLE proctitle="(systemd)"
Sep 20 15:02:36 jwm1-linux audit: BPF prog-id=65 op=UNLOAD
Sep 20 15:02:36 jwm1-linux audit[810]: SYSCALL arch=c00000b7 syscall=57 success=yes exit=0 a0=b a1=0 a2=0 a3=0 items=0 ppid=1 pid=810 auid=1001 uid=1001 gid=1001 euid=1001 suid=1001 fsuid=1001 egid=1001 sgid=1001 fsgid=1001 tty=(none) ses=3 comm="systemd" exe="/usr/lib/systemd/systemd" subj=unconfined key=(null)
Sep 20 15:02:36 jwm1-linux audit: PROCTITLE proctitle="(systemd)"
Sep 20 15:02:36 jwm1-linux audit: BPF prog-id=66 op=LOAD
Sep 20 15:02:36 jwm1-linux audit[810]: SYSCALL arch=c00000b7 syscall=280 success=yes exit=10 a0=5 a1=ffffe6b4fce0 a2=a8 a3=ffff9f5700f0 items=0 ppid=1 pid=810 auid=1001 uid=1001 gid=1001 euid=1001 suid=1001 fsuid=1001 egid=1001 sgid=1001 fsgid=1001 tty=(none) ses=3 comm="systemd" exe="/usr/lib/systemd/systemd" subj=unconfined key=(null)
Sep 20 15:02:36 jwm1-linux audit: PROCTITLE proctitle="(systemd)"
Sep 20 15:02:36 jwm1-linux audit: BPF prog-id=67 op=LOAD
Sep 20 15:02:36 jwm1-linux audit[810]: SYSCALL arch=c00000b7 syscall=280 success=yes exit=12 a0=5 a1=ffffe6b4fad0 a2=a8 a3=ffff9f57012c items=0 ppid=1 pid=810 auid=1001 uid=1001 gid=1001 euid=1001 suid=1001 fsuid=1001 egid=1001 sgid=1001 fsgid=1001 tty=(none) ses=3 comm="systemd" exe="/usr/lib/systemd/systemd" subj=unconfined key=(null)
Sep 20 15:02:36 jwm1-linux audit: PROCTITLE proctitle="(systemd)"
Sep 20 15:02:36 jwm1-linux audit: BPF prog-id=67 op=UNLOAD
Sep 20 15:02:36 jwm1-linux audit[810]: SYSCALL arch=c00000b7 syscall=57 success=yes exit=0 a0=c a1=0 a2=0 a3=0 items=0 ppid=1 pid=810 auid=1001 uid=1001 gid=1001 euid=1001 suid=1001 fsuid=1001 egid=1001 sgid=1001 fsgid=1001 tty=(none) ses=3 comm="systemd" exe="/usr/lib/systemd/systemd" subj=unconfined key=(null)
Sep 20 15:02:36 jwm1-linux audit: PROCTITLE proctitle="(systemd)"
Sep 20 15:02:36 jwm1-linux audit: BPF prog-id=68 op=LOAD
Sep 20 15:02:36 jwm1-linux audit[810]: SYSCALL arch=c00000b7 syscall=280 success=yes exit=11 a0=5 a1=ffffe6b4fce0 a2=a8 a3=ffff9f5700f0 items=0 ppid=1 pid=810 auid=1001 uid=1001 gid=1001 euid=1001 suid=1001 fsuid=1001 egid=1001 sgid=1001 fsgid=1001 tty=(none) ses=3 comm="systemd" exe="/usr/lib/systemd/systemd" subj=unconfined key=(null)
Sep 20 15:02:36 jwm1-linux audit: PROCTITLE proctitle="(systemd)"
Sep 20 15:02:36 jwm1-linux audit: BPF prog-id=66 op=UNLOAD
Sep 20 15:02:36 jwm1-linux audit[810]: SYSCALL arch=c00000b7 syscall=57 success=yes exit=0 a0=a a1=0 a2=0 a3=0 items=0 ppid=1 pid=810 auid=1001 uid=1001 gid=1001 euid=1001 suid=1001 fsuid=1001 egid=1001 sgid=1001 fsgid=1001 tty=(none) ses=3 comm="systemd" exe="/usr/lib/systemd/systemd" subj=unconfined key=(null)
Sep 20 15:02:36 jwm1-linux audit: PROCTITLE proctitle="(systemd)"
Sep 20 15:02:36 jwm1-linux audit: BPF prog-id=68 op=UNLOAD
Sep 20 15:02:36 jwm1-linux audit[810]: SYSCALL arch=c00000b7 syscall=57 success=yes exit=0 a0=b a1=0 a2=0 a3=0 items=0 ppid=1 pid=810 auid=1001 uid=1001 gid=1001 euid=1001 suid=1001 fsuid=1001 egid=1001 sgid=1001 fsgid=1001 tty=(none) ses=3 comm="systemd" exe="/usr/lib/systemd/systemd" subj=unconfined key=(null)
Sep 20 15:02:36 jwm1-linux audit: PROCTITLE proctitle="(systemd)"
Sep 20 15:02:36 jwm1-linux audit: BPF prog-id=69 op=LOAD
Sep 20 15:02:36 jwm1-linux audit[810]: SYSCALL arch=c00000b7 syscall=280 success=yes exit=9 a0=5 a1=ffffe6b50550 a2=a8 a3=ffff9f57012c items=0 ppid=1 pid=810 auid=1001 uid=1001 gid=1001 euid=1001 suid=1001 fsuid=1001 egid=1001 sgid=1001 fsgid=1001 tty=(none) ses=3 comm="systemd" exe="/usr/lib/systemd/systemd" subj=unconfined key=(null)
Sep 20 15:02:36 jwm1-linux audit: PROCTITLE proctitle="(systemd)"
Sep 20 15:02:36 jwm1-linux audit: BPF prog-id=69 op=UNLOAD
Sep 20 15:02:36 jwm1-linux audit[810]: SYSCALL arch=c00000b7 syscall=57 success=yes exit=0 a0=9 a1=0 a2=0 a3=0 items=0 ppid=1 pid=810 auid=1001 uid=1001 gid=1001 euid=1001 suid=1001 fsuid=1001 egid=1001 sgid=1001 fsgid=1001 tty=(none) ses=3 comm="systemd" exe="/usr/lib/systemd/systemd" subj=unconfined key=(null)
Sep 20 15:02:36 jwm1-linux audit: PROCTITLE proctitle="(systemd)"
Sep 20 15:02:36 jwm1-linux systemd[810]: Queued start job for default target Main User Target.
Sep 20 15:02:36 jwm1-linux systemd[810]: Created slice User Application Slice.
Sep 20 15:02:36 jwm1-linux systemd[810]: Reached target Paths.
Sep 20 15:02:36 jwm1-linux systemd[810]: Reached target Timers.
Sep 20 15:02:36 jwm1-linux systemd[810]: Starting D-Bus User Message Bus Socket...
Sep 20 15:02:36 jwm1-linux systemd[810]: Listening on GnuPG network certificate management daemon.
Sep 20 15:02:36 jwm1-linux systemd[810]: Listening on GNOME Keyring daemon.
Sep 20 15:02:36 jwm1-linux systemd[810]: Listening on GnuPG cryptographic agent and passphrase cache (access for web browsers).
Sep 20 15:02:36 jwm1-linux systemd[810]: Listening on GnuPG cryptographic agent and passphrase cache (restricted).
Sep 20 15:02:36 jwm1-linux systemd[810]: Listening on GnuPG cryptographic agent (ssh-agent emulation).
Sep 20 15:02:36 jwm1-linux systemd[810]: Listening on GnuPG cryptographic agent and passphrase cache.
Sep 20 15:02:36 jwm1-linux systemd[810]: Listening on GnuPG public key management service.
Sep 20 15:02:36 jwm1-linux systemd[810]: Listening on p11-kit server.
Sep 20 15:02:36 jwm1-linux systemd[810]: Listening on PipeWire PulseAudio.
Sep 20 15:02:36 jwm1-linux systemd[810]: Listening on PipeWire Multimedia System Sockets.
Sep 20 15:02:36 jwm1-linux systemd[810]: Listening on Query the User Interactively for a Password.
Sep 20 15:02:36 jwm1-linux systemd[810]: Listening on Disk Image Download Service Socket.
Sep 20 15:02:36 jwm1-linux systemd[810]: Listening on Journal Log Access Socket.
Sep 20 15:02:36 jwm1-linux systemd[810]: Listening on Virtual Machine and Container Registration Service Socket.
Sep 20 15:02:36 jwm1-linux systemd[810]: Listening on Simple File System Backed Storage Provider.
Sep 20 15:02:36 jwm1-linux systemd[810]: Listening on D-Bus User Message Bus Socket.
Sep 20 15:02:36 jwm1-linux systemd[810]: Reached target Sockets.
Sep 20 15:02:36 jwm1-linux systemd[810]: Reached target Basic System.
Sep 20 15:02:36 jwm1-linux systemd[810]: Reached target Main User Target.
Sep 20 15:02:36 jwm1-linux systemd[810]: Startup finished in 140ms.
Sep 20 15:02:36 jwm1-linux systemd[1]: Started User Manager for UID 1001.
Sep 20 15:02:36 jwm1-linux audit[1]: SERVICE_START pid=1 uid=0 auid=4294967295 ses=4294967295 subj=unconfined msg='unit=user@1001 comm="systemd" exe="/usr/lib/systemd/systemd" hostname=? addr=? terminal=? res=success'
Sep 20 15:02:36 jwm1-linux systemd[1]: Started Session 2 of User joshuawarren.
Sep 20 15:02:36 jwm1-linux audit[805]: AUDIT1105 pid=805 uid=0 auid=1001 ses=2 subj=unconfined msg='op=PAM:session_open grantors=pam_loginuid,pam_keyinit,pam_systemd_home,pam_limits,pam_unix,pam_permit,pam_lastlog2,pam_mail,pam_umask,pam_systemd,pam_env acct="joshuawarren" exe="/usr/lib/ssh/sshd-session" hostname=192.168.3.26 addr=192.168.3.26 terminal=ssh res=success'
Sep 20 15:02:36 jwm1-linux audit[819]: AUDIT1103 pid=819 uid=0 auid=1001 ses=2 subj=unconfined msg='op=PAM:setcred grantors=pam_shells,pam_faillock,pam_permit,pam_env,pam_faillock acct="joshuawarren" exe="/usr/lib/ssh/sshd-session" hostname=192.168.3.26 addr=192.168.3.26 terminal=ssh res=success'
Sep 20 15:02:51 jwm1-linux kernel: nvme-apple 27bcc0000.nvme: RTKit: syslog message: blog.c:102: New BlogBuf low 28
Sep 20 15:02:51 jwm1-linux systemd-timesyncd[489]: Contacted time server 23.150.41.123:123 (2.arch.pool.ntp.org).
Sep 20 15:02:51 jwm1-linux systemd-timesyncd[489]: Initial clock synchronization to Sun 2026-09-20 15:02:51.450096 CDT.
Sep 20 15:02:51 jwm1-linux systemd[1]: systemd-hostnamed.service: Deactivated successfully.
Sep 20 15:02:51 jwm1-linux audit[1]: SERVICE_STOP pid=1 uid=0 auid=4294967295 ses=4294967295 subj=unconfined msg='unit=systemd-hostnamed comm="systemd" exe="/usr/lib/systemd/systemd" hostname=? addr=? terminal=? res=success'
Sep 20 15:02:51 jwm1-linux kernel: kauditd_printk_skb: 66 callbacks suppressed
Sep 20 15:02:51 jwm1-linux kernel: audit: type=1131 audit(1789934571.728:176): pid=1 uid=0 auid=4294967295 ses=4294967295 subj=unconfined msg='unit=systemd-hostnamed comm="systemd" exe="/usr/lib/systemd/systemd" hostname=? addr=? terminal=? res=success'
Sep 20 15:02:51 jwm1-linux audit: BPF prog-id=41 op=UNLOAD
Sep 20 15:02:51 jwm1-linux kernel: audit: type=1334 audit(1789934571.751:177): prog-id=41 op=UNLOAD
Sep 20 15:05:07 jwm1-linux audit[1102]: AUDIT1101 pid=1102 uid=0 auid=4294967295 ses=4294967295 subj=unconfined msg='op=PAM:accounting grantors=pam_access,pam_unix,pam_permit,pam_time acct="joshuawarren" exe="/usr/lib/ssh/sshd-session" hostname=192.168.3.26 addr=192.168.3.26 terminal=ssh res=success'
Sep 20 15:05:07 jwm1-linux sshd-session[1102]: Accepted publickey for joshuawarren from 192.168.3.26 port 63166 ssh2: RSA SHA256:DyggCW0Wkh/S3o0MIZ3is7P/N/FX4xeBsJO9Q6uFVwA
Sep 20 15:05:07 jwm1-linux kernel: audit: type=1101 audit(1789934707.492:178): pid=1102 uid=0 auid=4294967295 ses=4294967295 subj=unconfined msg='op=PAM:accounting grantors=pam_access,pam_unix,pam_permit,pam_time acct="joshuawarren" exe="/usr/lib/ssh/sshd-session" hostname=192.168.3.26 addr=192.168.3.26 terminal=ssh res=success'
Sep 20 15:05:07 jwm1-linux audit[1102]: AUDIT1103 pid=1102 uid=0 auid=4294967295 ses=4294967295 subj=unconfined msg='op=PAM:setcred grantors=pam_shells,pam_faillock,pam_permit,pam_env,pam_faillock acct="joshuawarren" exe="/usr/lib/ssh/sshd-session" hostname=192.168.3.26 addr=192.168.3.26 terminal=ssh res=success'
Sep 20 15:05:07 jwm1-linux audit[1102]: SYSCALL arch=c00000b7 syscall=64 success=yes exit=4 a0=6 a1=fffff529b200 a2=4 a3=0 items=0 ppid=694 pid=1102 auid=1001 uid=0 gid=0 euid=0 suid=0 fsuid=0 egid=0 sgid=0 fsgid=0 tty=(none) ses=4 comm="sshd-session" exe="/usr/lib/ssh/sshd-session" subj=unconfined key=(null)
Sep 20 15:05:07 jwm1-linux audit: PROCTITLE proctitle=737368642D73657373696F6E3A206A6F7368756177617272656E205B706F7374617574685D
Sep 20 15:05:07 jwm1-linux kernel: audit: type=1103 audit(1789934707.494:179): pid=1102 uid=0 auid=4294967295 ses=4294967295 subj=unconfined msg='op=PAM:setcred grantors=pam_shells,pam_faillock,pam_permit,pam_env,pam_faillock acct="joshuawarren" exe="/usr/lib/ssh/sshd-session" hostname=192.168.3.26 addr=192.168.3.26 terminal=ssh res=success'
Sep 20 15:05:07 jwm1-linux kernel: audit: type=1006 audit(1789934707.494:180): pid=1102 uid=0 subj=unconfined old-auid=4294967295 auid=1001 tty=(none) old-ses=4294967295 ses=4 res=1
Sep 20 15:05:07 jwm1-linux sshd-session[1102]: pam_unix(sshd:session): session opened for user joshuawarren(uid=1001) by joshuawarren(uid=0)
Sep 20 15:05:07 jwm1-linux kernel: audit: type=1300 audit(1789934707.494:180): arch=c00000b7 syscall=64 success=yes exit=4 a0=6 a1=fffff529b200 a2=4 a3=0 items=0 ppid=694 pid=1102 auid=1001 uid=0 gid=0 euid=0 suid=0 fsuid=0 egid=0 sgid=0 fsgid=0 tty=(none) ses=4 comm="sshd-session" exe="/usr/lib/ssh/sshd-session" subj=unconfined key=(null)
Sep 20 15:05:07 jwm1-linux kernel: audit: type=1327 audit(1789934707.494:180): proctitle=737368642D73657373696F6E3A206A6F7368756177617272656E205B706F7374617574685D
Sep 20 15:05:07 jwm1-linux systemd-logind[671]: New session '4' of user 'joshuawarren' with class 'user' and type 'tty'.
Sep 20 15:05:07 jwm1-linux systemd[1]: Started Session 4 of User joshuawarren.
Sep 20 15:05:07 jwm1-linux audit[1102]: AUDIT1105 pid=1102 uid=0 auid=1001 ses=4 subj=unconfined msg='op=PAM:session_open grantors=pam_loginuid,pam_keyinit,pam_systemd_home,pam_limits,pam_unix,pam_permit,pam_lastlog2,pam_mail,pam_umask,pam_systemd,pam_env acct="joshuawarren" exe="/usr/lib/ssh/sshd-session" hostname=192.168.3.26 addr=192.168.3.26 terminal=ssh res=success'
Sep 20 15:05:07 jwm1-linux kernel: audit: type=1105 audit(1789934707.529:181): pid=1102 uid=0 auid=1001 ses=4 subj=unconfined msg='op=PAM:session_open grantors=pam_loginuid,pam_keyinit,pam_systemd_home,pam_limits,pam_unix,pam_permit,pam_lastlog2,pam_mail,pam_umask,pam_systemd,pam_env acct="joshuawarren" exe="/usr/lib/ssh/sshd-session" hostname=192.168.3.26 addr=192.168.3.26 terminal=ssh res=success'
Sep 20 15:05:07 jwm1-linux audit[1110]: AUDIT1103 pid=1110 uid=0 auid=1001 ses=4 subj=unconfined msg='op=PAM:setcred grantors=pam_shells,pam_faillock,pam_permit,pam_env,pam_faillock acct="joshuawarren" exe="/usr/lib/ssh/sshd-session" hostname=192.168.3.26 addr=192.168.3.26 terminal=ssh res=success'
Sep 20 15:05:07 jwm1-linux kernel: audit: type=1103 audit(1789934707.531:182): pid=1110 uid=0 auid=1001 ses=4 subj=unconfined msg='op=PAM:setcred grantors=pam_shells,pam_faillock,pam_permit,pam_env,pam_faillock acct="joshuawarren" exe="/usr/lib/ssh/sshd-session" hostname=192.168.3.26 addr=192.168.3.26 terminal=ssh res=success'
Sep 20 15:05:07 jwm1-linux sshd-session[1110]: Received disconnect from 192.168.3.26 port 63166:11: disconnected by user
Sep 20 15:05:07 jwm1-linux sshd-session[1110]: Disconnected from user joshuawarren 192.168.3.26 port 63166
Sep 20 15:05:07 jwm1-linux sshd-session[1102]: pam_unix(sshd:session): session closed for user joshuawarren
Sep 20 15:05:07 jwm1-linux audit[1102]: AUDIT1106 pid=1102 uid=0 auid=1001 ses=4 subj=unconfined msg='op=PAM:session_close grantors=pam_loginuid,pam_keyinit,pam_systemd_home,pam_limits,pam_unix,pam_permit,pam_lastlog2,pam_mail,pam_umask,pam_systemd,pam_env acct="joshuawarren" exe="/usr/lib/ssh/sshd-session" hostname=192.168.3.26 addr=192.168.3.26 terminal=ssh res=success'
Sep 20 15:05:07 jwm1-linux audit[1102]: AUDIT1104 pid=1102 uid=0 auid=1001 ses=4 subj=unconfined msg='op=PAM:setcred grantors=pam_shells,pam_faillock,pam_permit,pam_env,pam_faillock acct="joshuawarren" exe="/usr/lib/ssh/sshd-session" hostname=192.168.3.26 addr=192.168.3.26 terminal=ssh res=success'
Sep 20 15:05:07 jwm1-linux kernel: audit: type=1106 audit(1789934707.607:183): pid=1102 uid=0 auid=1001 ses=4 subj=unconfined msg='op=PAM:session_close grantors=pam_loginuid,pam_keyinit,pam_systemd_home,pam_limits,pam_unix,pam_permit,pam_lastlog2,pam_mail,pam_umask,pam_systemd,pam_env acct="joshuawarren" exe="/usr/lib/ssh/sshd-session" hostname=192.168.3.26 addr=192.168.3.26 terminal=ssh res=success'
Sep 20 15:05:07 jwm1-linux kernel: audit: type=1104 audit(1789934707.607:184): pid=1102 uid=0 auid=1001 ses=4 subj=unconfined msg='op=PAM:setcred grantors=pam_shells,pam_faillock,pam_permit,pam_env,pam_faillock acct="joshuawarren" exe="/usr/lib/ssh/sshd-session" hostname=192.168.3.26 addr=192.168.3.26 terminal=ssh res=success'
Sep 20 15:05:07 jwm1-linux systemd[1]: session-4.scope: Deactivated successfully.
Sep 20 15:05:07 jwm1-linux systemd-logind[671]: Session 4 logged out. Waiting for processes to exit.
Sep 20 15:05:07 jwm1-linux systemd-logind[671]: Removed session 4.
Sep 20 15:06:08 jwm1-linux audit[1113]: AUDIT1101 pid=1113 uid=0 auid=4294967295 ses=4294967295 subj=unconfined msg='op=PAM:accounting grantors=pam_access,pam_unix,pam_permit,pam_time acct="joshuawarren" exe="/usr/lib/ssh/sshd-session" hostname=192.168.3.26 addr=192.168.3.26 terminal=ssh res=success'
Sep 20 15:06:08 jwm1-linux sshd-session[1113]: Accepted publickey for joshuawarren from 192.168.3.26 port 63488 ssh2: RSA SHA256:DyggCW0Wkh/S3o0MIZ3is7P/N/FX4xeBsJO9Q6uFVwA
Sep 20 15:06:08 jwm1-linux kernel: audit: type=1101 audit(1789934768.370:185): pid=1113 uid=0 auid=4294967295 ses=4294967295 subj=unconfined msg='op=PAM:accounting grantors=pam_access,pam_unix,pam_permit,pam_time acct="joshuawarren" exe="/usr/lib/ssh/sshd-session" hostname=192.168.3.26 addr=192.168.3.26 terminal=ssh res=success'
Sep 20 15:06:08 jwm1-linux audit[1113]: AUDIT1103 pid=1113 uid=0 auid=4294967295 ses=4294967295 subj=unconfined msg='op=PAM:setcred grantors=pam_shells,pam_faillock,pam_permit,pam_env,pam_faillock acct="joshuawarren" exe="/usr/lib/ssh/sshd-session" hostname=192.168.3.26 addr=192.168.3.26 terminal=ssh res=success'
Sep 20 15:06:08 jwm1-linux audit[1113]: SYSCALL arch=c00000b7 syscall=64 success=yes exit=4 a0=6 a1=ffffd464f950 a2=4 a3=0 items=0 ppid=694 pid=1113 auid=1001 uid=0 gid=0 euid=0 suid=0 fsuid=0 egid=0 sgid=0 fsgid=0 tty=(none) ses=5 comm="sshd-session" exe="/usr/lib/ssh/sshd-session" subj=unconfined key=(null)
Sep 20 15:06:08 jwm1-linux audit: PROCTITLE proctitle=737368642D73657373696F6E3A206A6F7368756177617272656E205B706F7374617574685D
Sep 20 15:06:08 jwm1-linux kernel: audit: type=1103 audit(1789934768.372:186): pid=1113 uid=0 auid=4294967295 ses=4294967295 subj=unconfined msg='op=PAM:setcred grantors=pam_shells,pam_faillock,pam_permit,pam_env,pam_faillock acct="joshuawarren" exe="/usr/lib/ssh/sshd-session" hostname=192.168.3.26 addr=192.168.3.26 terminal=ssh res=success'
Sep 20 15:06:08 jwm1-linux kernel: audit: type=1006 audit(1789934768.372:187): pid=1113 uid=0 subj=unconfined old-auid=4294967295 auid=1001 tty=(none) old-ses=4294967295 ses=5 res=1
Sep 20 15:06:08 jwm1-linux sshd-session[1113]: pam_unix(sshd:session): session opened for user joshuawarren(uid=1001) by joshuawarren(uid=0)
Sep 20 15:06:08 jwm1-linux kernel: audit: type=1300 audit(1789934768.372:187): arch=c00000b7 syscall=64 success=yes exit=4 a0=6 a1=ffffd464f950 a2=4 a3=0 items=0 ppid=694 pid=1113 auid=1001 uid=0 gid=0 euid=0 suid=0 fsuid=0 egid=0 sgid=0 fsgid=0 tty=(none) ses=5 comm="sshd-session" exe="/usr/lib/ssh/sshd-session" subj=unconfined key=(null)
Sep 20 15:06:08 jwm1-linux kernel: audit: type=1327 audit(1789934768.372:187): proctitle=737368642D73657373696F6E3A206A6F7368756177617272656E205B706F7374617574685D
Sep 20 15:06:08 jwm1-linux systemd-logind[671]: New session '5' of user 'joshuawarren' with class 'user' and type 'tty'.
Sep 20 15:06:08 jwm1-linux systemd[1]: Started Session 5 of User joshuawarren.
Sep 20 15:06:08 jwm1-linux audit[1113]: AUDIT1105 pid=1113 uid=0 auid=1001 ses=5 subj=unconfined msg='op=PAM:session_open grantors=pam_loginuid,pam_keyinit,pam_systemd_home,pam_limits,pam_unix,pam_permit,pam_lastlog2,pam_mail,pam_umask,pam_systemd,pam_env acct="joshuawarren" exe="/usr/lib/ssh/sshd-session" hostname=192.168.3.26 addr=192.168.3.26 terminal=ssh res=success'
Sep 20 15:06:08 jwm1-linux kernel: audit: type=1105 audit(1789934768.408:188): pid=1113 uid=0 auid=1001 ses=5 subj=unconfined msg='op=PAM:session_open grantors=pam_loginuid,pam_keyinit,pam_systemd_home,pam_limits,pam_unix,pam_permit,pam_lastlog2,pam_mail,pam_umask,pam_systemd,pam_env acct="joshuawarren" exe="/usr/lib/ssh/sshd-session" hostname=192.168.3.26 addr=192.168.3.26 terminal=ssh res=success'
Sep 20 15:06:08 jwm1-linux audit[1116]: AUDIT1103 pid=1116 uid=0 auid=1001 ses=5 subj=unconfined msg='op=PAM:setcred grantors=pam_shells,pam_faillock,pam_permit,pam_env,pam_faillock acct="joshuawarren" exe="/usr/lib/ssh/sshd-session" hostname=192.168.3.26 addr=192.168.3.26 terminal=ssh res=success'
Sep 20 15:06:08 jwm1-linux kernel: audit: type=1103 audit(1789934768.410:189): pid=1116 uid=0 auid=1001 ses=5 subj=unconfined msg='op=PAM:setcred grantors=pam_shells,pam_faillock,pam_permit,pam_env,pam_faillock acct="joshuawarren" exe="/usr/lib/ssh/sshd-session" hostname=192.168.3.26 addr=192.168.3.26 terminal=ssh res=success'
Sep 20 15:06:16 jwm1-linux kernel: [UFW BLOCK] IN=wlan0 OUT= MAC=c4:91:0c:b2:5f:d7:04:f4:1c:92:4c:c8:08:00 SRC=192.168.10.15 DST=192.168.3.66 LEN=152 TOS=0x00 PREC=0x00 TTL=63 ID=33186 PROTO=UDP SPT=41641 DPT=41641 LEN=132 
Sep 20 15:06:21 jwm1-linux kernel: [UFW BLOCK] IN=wlan0 OUT= MAC=c4:91:0c:b2:5f:d7:04:f4:1c:92:4c:c8:08:00 SRC=192.168.10.15 DST=192.168.3.66 LEN=152 TOS=0x00 PREC=0x00 TTL=63 ID=53690 PROTO=UDP SPT=41641 DPT=41641 LEN=132 
Sep 20 15:06:26 jwm1-linux kernel: [UFW BLOCK] IN=wlan0 OUT= MAC=c4:91:0c:b2:5f:d7:04:f4:1c:92:4c:c8:08:00 SRC=192.168.10.15 DST=192.168.3.66 LEN=152 TOS=0x00 PREC=0x00 TTL=63 ID=9492 PROTO=UDP SPT=41641 DPT=41641 LEN=132 
Sep 20 15:06:32 jwm1-linux kernel: [UFW BLOCK] IN=wlan0 OUT= MAC=c4:91:0c:b2:5f:d7:04:f4:1c:92:4c:c8:08:00 SRC=192.168.10.15 DST=192.168.3.66 LEN=152 TOS=0x00 PREC=0x00 TTL=63 ID=51097 PROTO=UDP SPT=41641 DPT=41641 LEN=132 
Sep 20 15:06:37 jwm1-linux kernel: [UFW BLOCK] IN=wlan0 OUT= MAC=c4:91:0c:b2:5f:d7:04:f4:1c:92:4c:c8:08:00 SRC=192.168.10.15 DST=192.168.3.66 LEN=152 TOS=0x00 PREC=0x00 TTL=63 ID=52429 PROTO=UDP SPT=41641 DPT=41641 LEN=132 
Sep 20 15:06:42 jwm1-linux kernel: [UFW BLOCK] IN=wlan0 OUT= MAC=c4:91:0c:b2:5f:d7:04:f4:1c:92:4c:c8:08:00 SRC=192.168.10.15 DST=192.168.3.66 LEN=152 TOS=0x00 PREC=0x00 TTL=63 ID=27295 PROTO=UDP SPT=41641 DPT=41641 LEN=132 
Sep 20 15:06:47 jwm1-linux kernel: [UFW BLOCK] IN=wlan0 OUT= MAC=c4:91:0c:b2:5f:d7:04:f4:1c:92:4c:c8:08:00 SRC=192.168.10.15 DST=192.168.3.66 LEN=152 TOS=0x00 PREC=0x00 TTL=63 ID=34212 PROTO=UDP SPT=41641 DPT=41641 LEN=132 
Sep 20 15:06:52 jwm1-linux kernel: [UFW BLOCK] IN=wlan0 OUT= MAC=c4:91:0c:b2:5f:d7:04:f4:1c:92:4c:c8:08:00 SRC=192.168.10.15 DST=192.168.3.66 LEN=152 TOS=0x00 PREC=0x00 TTL=63 ID=49849 PROTO=UDP SPT=41641 DPT=41641 LEN=132 
Sep 20 15:06:57 jwm1-linux kernel: [UFW BLOCK] IN=wlan0 OUT= MAC=c4:91:0c:b2:5f:d7:04:f4:1c:92:4c:c8:08:00 SRC=192.168.10.15 DST=192.168.3.66 LEN=152 TOS=0x00 PREC=0x00 TTL=63 ID=709 PROTO=UDP SPT=41641 DPT=41641 LEN=132 
Sep 20 15:07:02 jwm1-linux kernel: [UFW BLOCK] IN=wlan0 OUT= MAC=c4:91:0c:b2:5f:d7:04:f4:1c:92:4c:c8:08:00 SRC=192.168.10.15 DST=192.168.3.66 LEN=152 TOS=0x00 PREC=0x00 TTL=63 ID=52508 PROTO=UDP SPT=41641 DPT=41641 LEN=132 
Sep 20 15:07:08 jwm1-linux kernel: [UFW BLOCK] IN=wlan0 OUT= MAC=c4:91:0c:b2:5f:d7:04:f4:1c:92:4c:c8:08:00 SRC=192.168.10.15 DST=192.168.3.66 LEN=152 TOS=0x00 PREC=0x00 TTL=63 ID=45019 PROTO=UDP SPT=41641 DPT=41641 LEN=132 
Sep 20 15:07:13 jwm1-linux kernel: [UFW BLOCK] IN=wlan0 OUT= MAC=c4:91:0c:b2:5f:d7:04:f4:1c:92:4c:c8:08:00 SRC=192.168.10.15 DST=192.168.3.66 LEN=152 TOS=0x00 PREC=0x00 TTL=63 ID=17556 PROTO=UDP SPT=41641 DPT=41641 LEN=132 
Sep 20 15:07:18 jwm1-linux kernel: [UFW BLOCK] IN=wlan0 OUT= MAC=c4:91:0c:b2:5f:d7:04:f4:1c:92:4c:c8:08:00 SRC=192.168.10.15 DST=192.168.3.66 LEN=152 TOS=0x00 PREC=0x00 TTL=63 ID=7948 PROTO=UDP SPT=41641 DPT=41641 LEN=132 
Sep 20 15:07:39 jwm1-linux kernel: [UFW BLOCK] IN=wlan0 OUT= MAC=c4:91:0c:b2:5f:d7:04:f4:1c:92:4c:c8:08:00 SRC=192.168.10.15 DST=192.168.3.66 LEN=152 TOS=0x00 PREC=0x00 TTL=63 ID=41676 PROTO=UDP SPT=41641 DPT=41641 LEN=132 
Sep 20 15:07:59 jwm1-linux kernel: [UFW BLOCK] IN=wlan0 OUT= MAC=c4:91:0c:b2:5f:d7:04:f4:1c:92:4c:c8:08:00 SRC=192.168.10.15 DST=192.168.3.66 LEN=152 TOS=0x00 PREC=0x00 TTL=63 ID=33793 PROTO=UDP SPT=41641 DPT=41641 LEN=132 
Sep 20 15:08:20 jwm1-linux kernel: [UFW BLOCK] IN=wlan0 OUT= MAC=c4:91:0c:b2:5f:d7:04:f4:1c:92:4c:c8:08:00 SRC=192.168.10.15 DST=192.168.3.66 LEN=152 TOS=0x00 PREC=0x00 TTL=63 ID=60033 PROTO=UDP SPT=41641 DPT=41641 LEN=132 
Sep 20 15:08:41 jwm1-linux kernel: [UFW BLOCK] IN=wlan0 OUT= MAC=c4:91:0c:b2:5f:d7:04:f4:1c:92:4c:c8:08:00 SRC=192.168.10.15 DST=192.168.3.66 LEN=152 TOS=0x00 PREC=0x00 TTL=63 ID=2185 PROTO=UDP SPT=41641 DPT=41641 LEN=132 
Sep 20 15:08:57 jwm1-linux kernel: [UFW BLOCK] IN=wlan0 OUT= MAC=c4:91:0c:b2:5f:d7:04:f4:1c:92:4c:c8:08:00 SRC=192.168.10.15 DST=192.168.3.66 LEN=152 TOS=0x00 PREC=0x00 TTL=63 ID=15301 PROTO=UDP SPT=41641 DPT=41641 LEN=132 
Sep 20 15:09:19 jwm1-linux kernel: [UFW BLOCK] IN=wlan0 OUT= MAC=c4:91:0c:b2:5f:d7:04:f4:1c:92:4c:c8:08:00 SRC=192.168.10.15 DST=192.168.3.66 LEN=152 TOS=0x00 PREC=0x00 TTL=63 ID=27082 PROTO=UDP SPT=41641 DPT=41641 LEN=132 
Sep 20 15:09:37 jwm1-linux kernel: [UFW BLOCK] IN=wlan0 OUT= MAC=c4:91:0c:b2:5f:d7:04:f4:1c:92:4c:c8:08:00 SRC=192.168.10.15 DST=192.168.3.66 LEN=152 TOS=0x00 PREC=0x00 TTL=63 ID=12787 PROTO=UDP SPT=41641 DPT=41641 LEN=132 
Sep 20 15:12:21 jwm1-linux systemd[1]: Reached target User and Group Name Lookups.
Sep 20 15:12:21 jwm1-linux systemd[1]: Started Hourly Cleanup of Snapper Snapshots.
Sep 20 15:12:21 jwm1-linux audit[1]: SERVICE_START pid=1 uid=0 auid=4294967295 ses=4294967295 subj=unconfined msg='unit=snapper-cleanup comm="systemd" exe="/usr/lib/systemd/systemd" hostname=? addr=? terminal=? res=success'
Sep 20 15:12:21 jwm1-linux kernel: audit: type=1130 audit(1789935141.336:190): pid=1 uid=0 auid=4294967295 ses=4294967295 subj=unconfined msg='unit=snapper-cleanup comm="systemd" exe="/usr/lib/systemd/systemd" hostname=? addr=? terminal=? res=success'
Sep 20 15:12:21 jwm1-linux systemd[1]: Starting DBus interface for snapper...
Sep 20 15:12:21 jwm1-linux systemd[1]: Started DBus interface for snapper.
Sep 20 15:12:21 jwm1-linux audit[1]: SERVICE_START pid=1 uid=0 auid=4294967295 ses=4294967295 subj=unconfined msg='unit=snapperd comm="systemd" exe="/usr/lib/systemd/systemd" hostname=? addr=? terminal=? res=success'
Sep 20 15:12:21 jwm1-linux kernel: audit: type=1130 audit(1789935141.392:191): pid=1 uid=0 auid=4294967295 ses=4294967295 subj=unconfined msg='unit=snapperd comm="systemd" exe="/usr/lib/systemd/systemd" hostname=? addr=? terminal=? res=success'
Sep 20 15:12:21 jwm1-linux systemd-helper[1224]: Running cleanup for 'root'.
Sep 20 15:12:21 jwm1-linux systemd-helper[1224]: Running number cleanup for 'root'.
Sep 20 15:12:21 jwm1-linux systemd[1]: snapper-cleanup.service: Deactivated successfully.
Sep 20 15:12:21 jwm1-linux audit[1]: SERVICE_STOP pid=1 uid=0 auid=4294967295 ses=4294967295 subj=unconfined msg='unit=snapper-cleanup comm="systemd" exe="/usr/lib/systemd/systemd" hostname=? addr=? terminal=? res=success'
Sep 20 15:12:21 jwm1-linux kernel: audit: type=1131 audit(1789935141.412:192): pid=1 uid=0 auid=4294967295 ses=4294967295 subj=unconfined msg='unit=snapper-cleanup comm="systemd" exe="/usr/lib/systemd/systemd" hostname=? addr=? terminal=? res=success'
Sep 20 15:13:21 jwm1-linux systemd[1]: snapperd.service: Deactivated successfully.
Sep 20 15:13:21 jwm1-linux audit[1]: SERVICE_STOP pid=1 uid=0 auid=4294967295 ses=4294967295 subj=unconfined msg='unit=snapperd comm="systemd" exe="/usr/lib/systemd/systemd" hostname=? addr=? terminal=? res=success'
Sep 20 15:13:21 jwm1-linux kernel: audit: type=1131 audit(1789935201.446:193): pid=1 uid=0 auid=4294967295 ses=4294967295 subj=unconfined msg='unit=snapperd comm="systemd" exe="/usr/lib/systemd/systemd" hostname=? addr=? terminal=? res=success'
Sep 20 15:17:25 jwm1-linux systemd[1]: Starting Cleanup of Temporary Directories...
Sep 20 15:17:26 jwm1-linux systemd[1]: systemd-tmpfiles-clean.service: Deactivated successfully.
Sep 20 15:17:26 jwm1-linux systemd[1]: Finished Cleanup of Temporary Directories.
Sep 20 15:17:26 jwm1-linux audit[1]: SERVICE_START pid=1 uid=0 auid=4294967295 ses=4294967295 subj=unconfined msg='unit=systemd-tmpfiles-clean comm="systemd" exe="/usr/lib/systemd/systemd" hostname=? addr=? terminal=? res=success'
Sep 20 15:17:26 jwm1-linux audit[1]: SERVICE_STOP pid=1 uid=0 auid=4294967295 ses=4294967295 subj=unconfined msg='unit=systemd-tmpfiles-clean comm="systemd" exe="/usr/lib/systemd/systemd" hostname=? addr=? terminal=? res=success'
Sep 20 15:17:26 jwm1-linux kernel: audit: type=1130 audit(1789935446.067:194): pid=1 uid=0 auid=4294967295 ses=4294967295 subj=unconfined msg='unit=systemd-tmpfiles-clean comm="systemd" exe="/usr/lib/systemd/systemd" hostname=? addr=? terminal=? res=success'
Sep 20 15:17:26 jwm1-linux kernel: audit: type=1131 audit(1789935446.067:195): pid=1 uid=0 auid=4294967295 ses=4294967295 subj=unconfined msg='unit=systemd-tmpfiles-clean comm="systemd" exe="/usr/lib/systemd/systemd" hostname=? addr=? terminal=? res=success'
Sep 20 15:21:09 jwm1-linux systemd[1]: proc-sys-fs-binfmt_misc.automount: Got automount request for /proc/sys/fs/binfmt_misc, triggered by 1596 (find)
Sep 20 15:21:09 jwm1-linux systemd[1]: Mounting Arbitrary Executable File Formats File System...
Sep 20 15:21:09 jwm1-linux systemd[1]: Mounted Arbitrary Executable File Formats File System.
Sep 20 15:21:11 jwm1-linux audit[1601]: ANOM_ABEND auid=1001 uid=1001 gid=1001 ses=5 subj=unconfined pid=1601 comm="python" exe="/usr/bin/python3.14" sig=11 res=1
Sep 20 15:21:11 jwm1-linux kernel: audit: type=1701 audit(1789935671.501:196): auid=1001 uid=1001 gid=1001 ses=5 subj=unconfined pid=1601 comm="python" exe="/usr/bin/python3.14" sig=11 res=1
Sep 20 15:21:11 jwm1-linux systemd-coredump[1603]: Process 1601 (python) of user 1001 terminated abnormally with signal 11/SEGV, processing...
Sep 20 15:21:11 jwm1-linux systemd[1]: Created slice Slice /system/systemd-coredump.
Sep 20 15:21:11 jwm1-linux audit: BPF prog-id=70 op=LOAD
Sep 20 15:21:11 jwm1-linux audit: BPF prog-id=71 op=LOAD
Sep 20 15:21:11 jwm1-linux audit: BPF prog-id=72 op=LOAD
Sep 20 15:21:11 jwm1-linux kernel: audit: type=1334 audit(1789935671.512:197): prog-id=70 op=LOAD
Sep 20 15:21:11 jwm1-linux kernel: audit: type=1334 audit(1789935671.512:198): prog-id=71 op=LOAD
Sep 20 15:21:11 jwm1-linux kernel: audit: type=1334 audit(1789935671.512:199): prog-id=72 op=LOAD
Sep 20 15:21:11 jwm1-linux systemd[1]: Started Process Core Dump (PID 1603/UID 0).
Sep 20 15:21:11 jwm1-linux audit[1]: SERVICE_START pid=1 uid=0 auid=4294967295 ses=4294967295 subj=unconfined msg='unit=systemd-coredump@0-1-1603_8394-0 comm="systemd" exe="/usr/lib/systemd/systemd" hostname=? addr=? terminal=? res=success'
Sep 20 15:21:11 jwm1-linux kernel: audit: type=1130 audit(1789935671.513:200): pid=1 uid=0 auid=4294967295 ses=4294967295 subj=unconfined msg='unit=systemd-coredump@0-1-1603_8394-0 comm="systemd" exe="/usr/lib/systemd/systemd" hostname=? addr=? terminal=? res=success'
Sep 20 15:21:11 jwm1-linux systemd-coredump[1604]: Process 1601 (python) of user 1001 dumped core.
                                                   
                                                   Stack trace of thread 1601:
                                                   #0  0x0000ffff210d1248 strlen (libc.so.6 + 0xa1248)
                                                   #1  0x0000ffff21087778 n/a (libc.so.6 + 0x57778)
                                                   #2  0x0000ffff210acda8 n/a (libc.so.6 + 0x7cda8)
                                                   #3  0x0000ffff2112b810 __vsnprintf_chk (libc.so.6 + 0xfb810)
                                                   #4  0x0000ffff2199c240 n/a (libvulkan.so.1 + 0x4c240)
                                                   #5  0x0000ffff219a2794 vkCreateInstance (libvulkan.so.1 + 0x52794)
                                                   #6  0x0000ffff20988804 n/a (libffi.so.8 + 0x8804)
                                                   #7  0x0000ffff20987cc8 n/a (libffi.so.8 + 0x7cc8)
                                                   #8  0x0000ffff209c8828 n/a (_ctypes.cpython-314-aarch64-linux-gnu.so + 0x18828)
                                                   #9  0x0000ffff209c176c n/a (_ctypes.cpython-314-aarch64-linux-gnu.so + 0x1176c)
                                                   #10 0x0000ffff2130c580 _PyObject_MakeTpCall (libpython3.14.so.1.0 + 0x10c580)
                                                   #11 0x0000ffff214b4ff0 _PyEval_EvalFrameDefault (libpython3.14.so.1.0 + 0x2b4ff0)
                                                   #12 0x0000ffff214c1bfc PyEval_EvalCode (libpython3.14.so.1.0 + 0x2c1bfc)
                                                   #13 0x0000ffff2154564c n/a (libpython3.14.so.1.0 + 0x34564c)
                                                   #14 0x0000ffff21546cac n/a (libpython3.14.so.1.0 + 0x346cac)
                                                   #15 0x0000ffff21582ba4 Py_RunMain (libpython3.14.so.1.0 + 0x382ba4)
                                                   #16 0x0000ffff21583dc0 Py_BytesMain (libpython3.14.so.1.0 + 0x383dc0)
                                                   #17 0x0000ffff21052d94 n/a (libc.so.6 + 0x22d94)
                                                   #18 0x0000ffff21052ef8 __libc_start_main (libc.so.6 + 0x22ef8)
                                                   #19 0x0000aaab316708f0 _start (python3.14 + 0x8f0)
                                                   ELF object binary architecture: AARCH64
Sep 20 15:21:11 jwm1-linux systemd[1]: systemd-coredump@0-1-1603_8394-0.service: Deactivated successfully.
Sep 20 15:21:11 jwm1-linux audit[1]: SERVICE_STOP pid=1 uid=0 auid=4294967295 ses=4294967295 subj=unconfined msg='unit=systemd-coredump@0-1-1603_8394-0 comm="systemd" exe="/usr/lib/systemd/systemd" hostname=? addr=? terminal=? res=success'
Sep 20 15:21:11 jwm1-linux kernel: audit: type=1131 audit(1789935671.594:201): pid=1 uid=0 auid=4294967295 ses=4294967295 subj=unconfined msg='unit=systemd-coredump@0-1-1603_8394-0 comm="systemd" exe="/usr/lib/systemd/systemd" hostname=? addr=? terminal=? res=success'
Sep 20 15:21:11 jwm1-linux audit[1613]: ANOM_ABEND auid=1001 uid=1001 gid=1001 ses=5 subj=unconfined pid=1613 comm="python" exe="/usr/bin/python3.14" sig=11 res=1
Sep 20 15:21:11 jwm1-linux systemd-coredump[1617]: Process 1613 (python) of user 1001 terminated abnormally with signal 11/SEGV, processing...
Sep 20 15:21:11 jwm1-linux kernel: audit: type=1701 audit(1789935671.606:202): auid=1001 uid=1001 gid=1001 ses=5 subj=unconfined pid=1613 comm="python" exe="/usr/bin/python3.14" sig=11 res=1
Sep 20 15:21:11 jwm1-linux audit: BPF prog-id=73 op=LOAD
Sep 20 15:21:11 jwm1-linux audit: BPF prog-id=74 op=LOAD
Sep 20 15:21:11 jwm1-linux audit: BPF prog-id=75 op=LOAD
Sep 20 15:21:11 jwm1-linux kernel: audit: type=1334 audit(1789935671.617:203): prog-id=73 op=LOAD
Sep 20 15:21:11 jwm1-linux kernel: audit: type=1334 audit(1789935671.617:204): prog-id=74 op=LOAD
Sep 20 15:21:11 jwm1-linux kernel: audit: type=1334 audit(1789935671.617:205): prog-id=75 op=LOAD
Sep 20 15:21:11 jwm1-linux audit: BPF prog-id=72 op=UNLOAD
Sep 20 15:21:11 jwm1-linux audit: BPF prog-id=71 op=UNLOAD
Sep 20 15:21:11 jwm1-linux audit: BPF prog-id=70 op=UNLOAD
Sep 20 15:21:11 jwm1-linux systemd[1]: Started Process Core Dump (PID 1617/UID 0).
Sep 20 15:21:11 jwm1-linux audit[1]: SERVICE_START pid=1 uid=0 auid=4294967295 ses=4294967295 subj=unconfined msg='unit=systemd-coredump@1-2-1617_4424-0 comm="systemd" exe="/usr/lib/systemd/systemd" hostname=? addr=? terminal=? res=success'
Sep 20 15:21:11 jwm1-linux systemd-coredump[1618]: Process 1613 (python) of user 1001 dumped core.
                                                   
                                                   Stack trace of thread 1613:
                                                   #0  0x0000ffff2ed127e4 vk_icdNegotiateLoaderICDInterfaceVersion (libvulkan_asahi.so + 0xf27e4)
                                                   #1  0x0000ffff2d658804 n/a (libffi.so.8 + 0x8804)
                                                   #2  0x0000ffff2d657cc8 n/a (libffi.so.8 + 0x7cc8)
                                                   #3  0x0000ffff2d0c8828 n/a (_ctypes.cpython-314-aarch64-linux-gnu.so + 0x18828)
                                                   #4  0x0000ffff2d0c176c n/a (_ctypes.cpython-314-aarch64-linux-gnu.so + 0x1176c)
                                                   #5  0x0000ffff2e5dc580 _PyObject_MakeTpCall (libpython3.14.so.1.0 + 0x10c580)
                                                   #6  0x0000ffff2e784ff0 _PyEval_EvalFrameDefault (libpython3.14.so.1.0 + 0x2b4ff0)
                                                   #7  0x0000ffff2e791bfc PyEval_EvalCode (libpython3.14.so.1.0 + 0x2c1bfc)
                                                   #8  0x0000ffff2e81564c n/a (libpython3.14.so.1.0 + 0x34564c)
                                                   #9  0x0000ffff2e816cac n/a (libpython3.14.so.1.0 + 0x346cac)
                                                   #10 0x0000ffff2e852ba4 Py_RunMain (libpython3.14.so.1.0 + 0x382ba4)
                                                   #11 0x0000ffff2e853dc0 Py_BytesMain (libpython3.14.so.1.0 + 0x383dc0)
                                                   #12 0x0000ffff2e322d94 n/a (libc.so.6 + 0x22d94)
                                                   #13 0x0000ffff2e322ef8 __libc_start_main (libc.so.6 + 0x22ef8)
                                                   #14 0x0000aaab3e3808f0 _start (python3.14 + 0x8f0)
                                                   ELF object binary architecture: AARCH64
Sep 20 15:21:11 jwm1-linux audit[1]: SERVICE_STOP pid=1 uid=0 auid=4294967295 ses=4294967295 subj=unconfined msg='unit=systemd-coredump@1-2-1617_4424-0 comm="systemd" exe="/usr/lib/systemd/systemd" hostname=? addr=? terminal=? res=success'
Sep 20 15:21:11 jwm1-linux systemd[1]: systemd-coredump@1-2-1617_4424-0.service: Deactivated successfully.
Sep 20 15:21:11 jwm1-linux audit: BPF prog-id=75 op=UNLOAD
Sep 20 15:21:11 jwm1-linux audit: BPF prog-id=74 op=UNLOAD
Sep 20 15:21:11 jwm1-linux audit: BPF prog-id=73 op=UNLOAD
Sep 20 15:21:18 jwm1-linux audit[1635]: ANOM_ABEND auid=1001 uid=1001 gid=1001 ses=5 subj=unconfined pid=1635 comm="python" exe="/usr/bin/python3.14" sig=11 res=1
Sep 20 15:21:18 jwm1-linux kernel: kauditd_printk_skb: 8 callbacks suppressed
Sep 20 15:21:18 jwm1-linux kernel: audit: type=1701 audit(1789935678.703:214): auid=1001 uid=1001 gid=1001 ses=5 subj=unconfined pid=1635 comm="python" exe="/usr/bin/python3.14" sig=11 res=1
Sep 20 15:21:18 jwm1-linux systemd-coredump[1637]: Process 1635 (python) of user 1001 terminated abnormally with signal 11/SEGV, processing...
Sep 20 15:21:18 jwm1-linux audit: BPF prog-id=76 op=LOAD
Sep 20 15:21:18 jwm1-linux audit: BPF prog-id=77 op=LOAD
Sep 20 15:21:18 jwm1-linux audit: BPF prog-id=78 op=LOAD
Sep 20 15:21:18 jwm1-linux kernel: audit: type=1334 audit(1789935678.708:215): prog-id=76 op=LOAD
Sep 20 15:21:18 jwm1-linux kernel: audit: type=1334 audit(1789935678.708:216): prog-id=77 op=LOAD
Sep 20 15:21:18 jwm1-linux kernel: audit: type=1334 audit(1789935678.708:217): prog-id=78 op=LOAD
Sep 20 15:21:18 jwm1-linux systemd[1]: Started Process Core Dump (PID 1637/UID 0).
Sep 20 15:21:18 jwm1-linux audit[1]: SERVICE_START pid=1 uid=0 auid=4294967295 ses=4294967295 subj=unconfined msg='unit=systemd-coredump@2-3-1637_8399-0 comm="systemd" exe="/usr/lib/systemd/systemd" hostname=? addr=? terminal=? res=success'
Sep 20 15:21:18 jwm1-linux kernel: audit: type=1130 audit(1789935678.709:218): pid=1 uid=0 auid=4294967295 ses=4294967295 subj=unconfined msg='unit=systemd-coredump@2-3-1637_8399-0 comm="systemd" exe="/usr/lib/systemd/systemd" hostname=? addr=? terminal=? res=success'
Sep 20 15:21:18 jwm1-linux systemd-coredump[1638]: Process 1635 (python) of user 1001 dumped core.
                                                   
                                                   Stack trace of thread 1635:
                                                   #0  0x0000ffffb1d61248 strlen (libc.so.6 + 0xa1248)
                                                   #1  0x0000ffffb1d17778 n/a (libc.so.6 + 0x57778)
                                                   #2  0x0000ffffb1d3cda8 n/a (libc.so.6 + 0x7cda8)
                                                   #3  0x0000ffffb1dbb810 __vsnprintf_chk (libc.so.6 + 0xfb810)
                                                   #4  0x0000ffffb262c240 n/a (libvulkan.so.1 + 0x4c240)
                                                   #5  0x0000ffffb2632794 vkCreateInstance (libvulkan.so.1 + 0x52794)
                                                   #6  0x0000ffffb1618804 n/a (libffi.so.8 + 0x8804)
                                                   #7  0x0000ffffb1617cc8 n/a (libffi.so.8 + 0x7cc8)
                                                   #8  0x0000ffffb1658828 n/a (_ctypes.cpython-314-aarch64-linux-gnu.so + 0x18828)
                                                   #9  0x0000ffffb165176c n/a (_ctypes.cpython-314-aarch64-linux-gnu.so + 0x1176c)
                                                   #10 0x0000ffffb1f9c580 _PyObject_MakeTpCall (libpython3.14.so.1.0 + 0x10c580)
                                                   #11 0x0000ffffb2144ff0 _PyEval_EvalFrameDefault (libpython3.14.so.1.0 + 0x2b4ff0)
                                                   #12 0x0000ffffb2151bfc PyEval_EvalCode (libpython3.14.so.1.0 + 0x2c1bfc)
                                                   #13 0x0000ffffb21d564c n/a (libpython3.14.so.1.0 + 0x34564c)
                                                   #14 0x0000ffffb21d6cac n/a (libpython3.14.so.1.0 + 0x346cac)
                                                   #15 0x0000ffffb2212ba4 Py_RunMain (libpython3.14.so.1.0 + 0x382ba4)
                                                   #16 0x0000ffffb2213dc0 Py_BytesMain (libpython3.14.so.1.0 + 0x383dc0)
                                                   #17 0x0000ffffb1ce2d94 n/a (libc.so.6 + 0x22d94)
                                                   #18 0x0000ffffb1ce2ef8 __libc_start_main (libc.so.6 + 0x22ef8)
                                                   #19 0x0000aaab070708f0 _start (python3.14 + 0x8f0)
                                                   ELF object binary architecture: AARCH64
Sep 20 15:21:18 jwm1-linux systemd[1]: systemd-coredump@2-3-1637_8399-0.service: Deactivated successfully.
Sep 20 15:21:18 jwm1-linux audit[1]: SERVICE_STOP pid=1 uid=0 auid=4294967295 ses=4294967295 subj=unconfined msg='unit=systemd-coredump@2-3-1637_8399-0 comm="systemd" exe="/usr/lib/systemd/systemd" hostname=? addr=? terminal=? res=success'
Sep 20 15:21:18 jwm1-linux kernel: audit: type=1131 audit(1789935678.788:219): pid=1 uid=0 auid=4294967295 ses=4294967295 subj=unconfined msg='unit=systemd-coredump@2-3-1637_8399-0 comm="systemd" exe="/usr/lib/systemd/systemd" hostname=? addr=? terminal=? res=success'
Sep 20 15:21:18 jwm1-linux audit[1642]: ANOM_ABEND auid=1001 uid=1001 gid=1001 ses=5 subj=unconfined pid=1642 comm="python" exe="/usr/bin/python3.14" sig=11 res=1
Sep 20 15:21:18 jwm1-linux kernel: audit: type=1701 audit(1789935678.800:220): auid=1001 uid=1001 gid=1001 ses=5 subj=unconfined pid=1642 comm="python" exe="/usr/bin/python3.14" sig=11 res=1
Sep 20 15:21:18 jwm1-linux systemd-coredump[1648]: Process 1642 (python) of user 1001 terminated abnormally with signal 11/SEGV, processing...
Sep 20 15:21:18 jwm1-linux audit: BPF prog-id=78 op=UNLOAD
Sep 20 15:21:18 jwm1-linux audit: BPF prog-id=77 op=UNLOAD
Sep 20 15:21:18 jwm1-linux audit: BPF prog-id=76 op=UNLOAD
Sep 20 15:21:18 jwm1-linux kernel: audit: type=1334 audit(1789935678.807:221): prog-id=78 op=UNLOAD
Sep 20 15:21:18 jwm1-linux kernel: audit: type=1334 audit(1789935678.807:222): prog-id=77 op=UNLOAD
Sep 20 15:21:18 jwm1-linux kernel: audit: type=1334 audit(1789935678.807:223): prog-id=76 op=UNLOAD
Sep 20 15:21:18 jwm1-linux audit: BPF prog-id=79 op=LOAD
Sep 20 15:21:18 jwm1-linux audit: BPF prog-id=80 op=LOAD
Sep 20 15:21:18 jwm1-linux audit: BPF prog-id=81 op=LOAD
Sep 20 15:21:18 jwm1-linux systemd[1]: Started Process Core Dump (PID 1648/UID 0).
Sep 20 15:21:18 jwm1-linux audit[1]: SERVICE_START pid=1 uid=0 auid=4294967295 ses=4294967295 subj=unconfined msg='unit=systemd-coredump@3-4097-1648_12510-0 comm="systemd" exe="/usr/lib/systemd/systemd" hostname=? addr=? terminal=? res=success'
Sep 20 15:21:18 jwm1-linux systemd-coredump[1649]: Process 1642 (python) of user 1001 dumped core.
                                                   
                                                   Stack trace of thread 1642:
                                                   #0  0x0000fffefd7f1248 strlen (libc.so.6 + 0xa1248)
                                                   #1  0x0000fffefd7a7778 n/a (libc.so.6 + 0x57778)
                                                   #2  0x0000fffefd7ccda8 n/a (libc.so.6 + 0x7cda8)
                                                   #3  0x0000fffefd84b810 __vsnprintf_chk (libc.so.6 + 0xfb810)
                                                   #4  0x0000fffefe0bc240 n/a (libvulkan.so.1 + 0x4c240)
                                                   #5  0x0000fffefe0c2794 vkCreateInstance (libvulkan.so.1 + 0x52794)
                                                   #6  0x0000fffefd068804 n/a (libffi.so.8 + 0x8804)
                                                   #7  0x0000fffefd067cc8 n/a (libffi.so.8 + 0x7cc8)
                                                   #8  0x0000fffefd0a8828 n/a (_ctypes.cpython-314-aarch64-linux-gnu.so + 0x18828)
                                                   #9  0x0000fffefd0a176c n/a (_ctypes.cpython-314-aarch64-linux-gnu.so + 0x1176c)
                                                   #10 0x0000fffefda2c580 _PyObject_MakeTpCall (libpython3.14.so.1.0 + 0x10c580)
                                                   #11 0x0000fffefdbd4ff0 _PyEval_EvalFrameDefault (libpython3.14.so.1.0 + 0x2b4ff0)
                                                   #12 0x0000fffefdbe1bfc PyEval_EvalCode (libpython3.14.so.1.0 + 0x2c1bfc)
                                                   #13 0x0000fffefdc6564c n/a (libpython3.14.so.1.0 + 0x34564c)
                                                   #14 0x0000fffefdc66cac n/a (libpython3.14.so.1.0 + 0x346cac)
                                                   #15 0x0000fffefdca2ba4 Py_RunMain (libpython3.14.so.1.0 + 0x382ba4)
                                                   #16 0x0000fffefdca3dc0 Py_BytesMain (libpython3.14.so.1.0 + 0x383dc0)
                                                   #17 0x0000fffefd772d94 n/a (libc.so.6 + 0x22d94)
                                                   #18 0x0000fffefd772ef8 __libc_start_main (libc.so.6 + 0x22ef8)
                                                   #19 0x0000aaab72b908f0 _start (python3.14 + 0x8f0)
                                                   ELF object binary architecture: AARCH64
Sep 20 15:21:18 jwm1-linux systemd[1]: systemd-coredump@3-4097-1648_12510-0.service: Deactivated successfully.
Sep 20 15:21:18 jwm1-linux audit[1]: SERVICE_STOP pid=1 uid=0 auid=4294967295 ses=4294967295 subj=unconfined msg='unit=systemd-coredump@3-4097-1648_12510-0 comm="systemd" exe="/usr/lib/systemd/systemd" hostname=? addr=? terminal=? res=success'
Sep 20 15:21:18 jwm1-linux audit: BPF prog-id=81 op=UNLOAD
Sep 20 15:21:18 jwm1-linux audit: BPF prog-id=80 op=UNLOAD
Sep 20 15:21:18 jwm1-linux audit: BPF prog-id=79 op=UNLOAD
Sep 20 15:24:19 jwm1-linux sshd-session[819]: Received disconnect from 192.168.3.26 port 62666:11: disconnected by user
Sep 20 15:24:19 jwm1-linux audit[805]: AUDIT1106 pid=805 uid=0 auid=1001 ses=2 subj=unconfined msg='op=PAM:session_close grantors=pam_loginuid,pam_keyinit,pam_systemd_home,pam_limits,pam_unix,pam_permit,pam_lastlog2,pam_mail,pam_umask,pam_systemd,pam_env acct="joshuawarren" exe="/usr/lib/ssh/sshd-session" hostname=192.168.3.26 addr=192.168.3.26 terminal=ssh res=success'
Sep 20 15:24:19 jwm1-linux audit[805]: AUDIT1104 pid=805 uid=0 auid=1001 ses=2 subj=unconfined msg='op=PAM:setcred grantors=pam_shells,pam_faillock,pam_permit,pam_env,pam_faillock acct="joshuawarren" exe="/usr/lib/ssh/sshd-session" hostname=192.168.3.26 addr=192.168.3.26 terminal=ssh res=success'
Sep 20 15:24:19 jwm1-linux sshd-session[819]: Disconnected from user joshuawarren 192.168.3.26 port 62666
Sep 20 15:24:19 jwm1-linux kernel: kauditd_printk_skb: 8 callbacks suppressed
Sep 20 15:24:19 jwm1-linux systemd[1]: session-2.scope: Deactivated successfully.
Sep 20 15:24:19 jwm1-linux sshd-session[805]: pam_unix(sshd:session): session closed for user joshuawarren
Sep 20 15:24:19 jwm1-linux kernel: audit: type=1106 audit(1789935859.419:232): pid=805 uid=0 auid=1001 ses=2 subj=unconfined msg='op=PAM:session_close grantors=pam_loginuid,pam_keyinit,pam_systemd_home,pam_limits,pam_unix,pam_permit,pam_lastlog2,pam_mail,pam_umask,pam_systemd,pam_env acct="joshuawarren" exe="/usr/lib/ssh/sshd-session" hostname=192.168.3.26 addr=192.168.3.26 terminal=ssh res=success'
Sep 20 15:24:19 jwm1-linux systemd[1]: session-2.scope: Consumed 4.423s CPU time over 21min 42.986s wall clock time, 253.3M memory peak.
Sep 20 15:24:19 jwm1-linux kernel: audit: type=1104 audit(1789935859.420:233): pid=805 uid=0 auid=1001 ses=2 subj=unconfined msg='op=PAM:setcred grantors=pam_shells,pam_faillock,pam_permit,pam_env,pam_faillock acct="joshuawarren" exe="/usr/lib/ssh/sshd-session" hostname=192.168.3.26 addr=192.168.3.26 terminal=ssh res=success'
Sep 20 15:24:19 jwm1-linux systemd-logind[671]: Session 2 logged out. Waiting for processes to exit.
Sep 20 15:24:19 jwm1-linux systemd-logind[671]: Removed session 2.
Sep 20 15:26:50 jwm1-linux audit[1673]: AUDIT1101 pid=1673 uid=0 auid=4294967295 ses=4294967295 subj=unconfined msg='op=PAM:accounting grantors=pam_access,pam_unix,pam_permit,pam_time acct="joshuawarren" exe="/usr/lib/ssh/sshd-session" hostname=192.168.3.26 addr=192.168.3.26 terminal=ssh res=success'
Sep 20 15:26:50 jwm1-linux sshd-session[1673]: Accepted publickey for joshuawarren from 192.168.3.26 port 54870 ssh2: RSA SHA256:DyggCW0Wkh/S3o0MIZ3is7P/N/FX4xeBsJO9Q6uFVwA
Sep 20 15:26:50 jwm1-linux kernel: audit: type=1101 audit(1789936010.532:234): pid=1673 uid=0 auid=4294967295 ses=4294967295 subj=unconfined msg='op=PAM:accounting grantors=pam_access,pam_unix,pam_permit,pam_time acct="joshuawarren" exe="/usr/lib/ssh/sshd-session" hostname=192.168.3.26 addr=192.168.3.26 terminal=ssh res=success'
Sep 20 15:26:50 jwm1-linux audit[1673]: AUDIT1103 pid=1673 uid=0 auid=4294967295 ses=4294967295 subj=unconfined msg='op=PAM:setcred grantors=pam_shells,pam_faillock,pam_permit,pam_env,pam_faillock acct="joshuawarren" exe="/usr/lib/ssh/sshd-session" hostname=192.168.3.26 addr=192.168.3.26 terminal=ssh res=success'
Sep 20 15:26:50 jwm1-linux audit[1673]: SYSCALL arch=c00000b7 syscall=64 success=yes exit=4 a0=6 a1=fffffb0afc10 a2=4 a3=0 items=0 ppid=694 pid=1673 auid=1001 uid=0 gid=0 euid=0 suid=0 fsuid=0 egid=0 sgid=0 fsgid=0 tty=(none) ses=6 comm="sshd-session" exe="/usr/lib/ssh/sshd-session" subj=unconfined key=(null)
Sep 20 15:26:50 jwm1-linux audit: PROCTITLE proctitle=737368642D73657373696F6E3A206A6F7368756177617272656E205B706F7374617574685D
Sep 20 15:26:50 jwm1-linux kernel: audit: type=1103 audit(1789936010.534:235): pid=1673 uid=0 auid=4294967295 ses=4294967295 subj=unconfined msg='op=PAM:setcred grantors=pam_shells,pam_faillock,pam_permit,pam_env,pam_faillock acct="joshuawarren" exe="/usr/lib/ssh/sshd-session" hostname=192.168.3.26 addr=192.168.3.26 terminal=ssh res=success'
Sep 20 15:26:50 jwm1-linux kernel: audit: type=1006 audit(1789936010.534:236): pid=1673 uid=0 subj=unconfined old-auid=4294967295 auid=1001 tty=(none) old-ses=4294967295 ses=6 res=1
Sep 20 15:26:50 jwm1-linux kernel: audit: type=1300 audit(1789936010.534:236): arch=c00000b7 syscall=64 success=yes exit=4 a0=6 a1=fffffb0afc10 a2=4 a3=0 items=0 ppid=694 pid=1673 auid=1001 uid=0 gid=0 euid=0 suid=0 fsuid=0 egid=0 sgid=0 fsgid=0 tty=(none) ses=6 comm="sshd-session" exe="/usr/lib/ssh/sshd-session" subj=unconfined key=(null)
Sep 20 15:26:50 jwm1-linux sshd-session[1673]: pam_unix(sshd:session): session opened for user joshuawarren(uid=1001) by joshuawarren(uid=0)
Sep 20 15:26:50 jwm1-linux kernel: audit: type=1327 audit(1789936010.534:236): proctitle=737368642D73657373696F6E3A206A6F7368756177617272656E205B706F7374617574685D
Sep 20 15:26:50 jwm1-linux systemd-logind[671]: New session '6' of user 'joshuawarren' with class 'user' and type 'tty'.
Sep 20 15:26:50 jwm1-linux systemd[1]: Started Session 6 of User joshuawarren.
Sep 20 15:26:50 jwm1-linux audit[1673]: AUDIT1105 pid=1673 uid=0 auid=1001 ses=6 subj=unconfined msg='op=PAM:session_open grantors=pam_loginuid,pam_keyinit,pam_systemd_home,pam_limits,pam_unix,pam_permit,pam_lastlog2,pam_mail,pam_umask,pam_systemd,pam_env acct="joshuawarren" exe="/usr/lib/ssh/sshd-session" hostname=192.168.3.26 addr=192.168.3.26 terminal=ssh res=success'
Sep 20 15:26:50 jwm1-linux kernel: audit: type=1105 audit(1789936010.559:237): pid=1673 uid=0 auid=1001 ses=6 subj=unconfined msg='op=PAM:session_open grantors=pam_loginuid,pam_keyinit,pam_systemd_home,pam_limits,pam_unix,pam_permit,pam_lastlog2,pam_mail,pam_umask,pam_systemd,pam_env acct="joshuawarren" exe="/usr/lib/ssh/sshd-session" hostname=192.168.3.26 addr=192.168.3.26 terminal=ssh res=success'
Sep 20 15:26:50 jwm1-linux audit[1676]: AUDIT1103 pid=1676 uid=0 auid=1001 ses=6 subj=unconfined msg='op=PAM:setcred grantors=pam_shells,pam_faillock,pam_permit,pam_env,pam_faillock acct="joshuawarren" exe="/usr/lib/ssh/sshd-session" hostname=192.168.3.26 addr=192.168.3.26 terminal=ssh res=success'
Sep 20 15:26:50 jwm1-linux kernel: audit: type=1103 audit(1789936010.562:238): pid=1676 uid=0 auid=1001 ses=6 subj=unconfined msg='op=PAM:setcred grantors=pam_shells,pam_faillock,pam_permit,pam_env,pam_faillock acct="joshuawarren" exe="/usr/lib/ssh/sshd-session" hostname=192.168.3.26 addr=192.168.3.26 terminal=ssh res=success'
Sep 20 15:31:34 jwm1-linux sshd-session[1116]: Received disconnect from 192.168.3.26 port 63488:11: disconnected by user
Sep 20 15:31:34 jwm1-linux audit[1113]: AUDIT1106 pid=1113 uid=0 auid=1001 ses=5 subj=unconfined msg='op=PAM:session_close grantors=pam_loginuid,pam_keyinit,pam_systemd_home,pam_limits,pam_unix,pam_permit,pam_lastlog2,pam_mail,pam_umask,pam_systemd,pam_env acct="joshuawarren" exe="/usr/lib/ssh/sshd-session" hostname=192.168.3.26 addr=192.168.3.26 terminal=ssh res=success'
Sep 20 15:31:34 jwm1-linux audit[1113]: AUDIT1104 pid=1113 uid=0 auid=1001 ses=5 subj=unconfined msg='op=PAM:setcred grantors=pam_shells,pam_faillock,pam_permit,pam_env,pam_faillock acct="joshuawarren" exe="/usr/lib/ssh/sshd-session" hostname=192.168.3.26 addr=192.168.3.26 terminal=ssh res=success'
Sep 20 15:31:34 jwm1-linux sshd-session[1116]: Disconnected from user joshuawarren 192.168.3.26 port 63488
Sep 20 15:31:34 jwm1-linux kernel: audit: type=1106 audit(1789936294.177:239): pid=1113 uid=0 auid=1001 ses=5 subj=unconfined msg='op=PAM:session_close grantors=pam_loginuid,pam_keyinit,pam_systemd_home,pam_limits,pam_unix,pam_permit,pam_lastlog2,pam_mail,pam_umask,pam_systemd,pam_env acct="joshuawarren" exe="/usr/lib/ssh/sshd-session" hostname=192.168.3.26 addr=192.168.3.26 terminal=ssh res=success'
Sep 20 15:31:34 jwm1-linux systemd[1]: session-5.scope: Deactivated successfully.
Sep 20 15:31:34 jwm1-linux sshd-session[1113]: pam_unix(sshd:session): session closed for user joshuawarren
Sep 20 15:31:34 jwm1-linux kernel: audit: type=1104 audit(1789936294.178:240): pid=1113 uid=0 auid=1001 ses=5 subj=unconfined msg='op=PAM:setcred grantors=pam_shells,pam_faillock,pam_permit,pam_env,pam_faillock acct="joshuawarren" exe="/usr/lib/ssh/sshd-session" hostname=192.168.3.26 addr=192.168.3.26 terminal=ssh res=success'
Sep 20 15:31:34 jwm1-linux systemd[1]: session-5.scope: Consumed 4.829s CPU time over 25min 25.774s wall clock time, 256.3M memory peak.
Sep 20 15:31:34 jwm1-linux systemd-logind[671]: Session 5 logged out. Waiting for processes to exit.
Sep 20 15:31:34 jwm1-linux systemd-logind[671]: Removed session 5.
Sep 20 15:36:50 jwm1-linux sshd-session[1676]: Received disconnect from 192.168.3.26 port 54870:11: disconnected by user
Sep 20 15:36:50 jwm1-linux audit[1673]: AUDIT1106 pid=1673 uid=0 auid=1001 ses=6 subj=unconfined msg='op=PAM:session_close grantors=pam_loginuid,pam_keyinit,pam_systemd_home,pam_limits,pam_unix,pam_permit,pam_lastlog2,pam_mail,pam_umask,pam_systemd,pam_env acct="joshuawarren" exe="/usr/lib/ssh/sshd-session" hostname=192.168.3.26 addr=192.168.3.26 terminal=ssh res=success'
Sep 20 15:36:50 jwm1-linux audit[1673]: AUDIT1104 pid=1673 uid=0 auid=1001 ses=6 subj=unconfined msg='op=PAM:setcred grantors=pam_shells,pam_faillock,pam_permit,pam_env,pam_faillock acct="joshuawarren" exe="/usr/lib/ssh/sshd-session" hostname=192.168.3.26 addr=192.168.3.26 terminal=ssh res=success'
Sep 20 15:36:50 jwm1-linux sshd-session[1676]: Disconnected from user joshuawarren 192.168.3.26 port 54870
Sep 20 15:36:50 jwm1-linux kernel: audit: type=1106 audit(1789936610.446:241): pid=1673 uid=0 auid=1001 ses=6 subj=unconfined msg='op=PAM:session_close grantors=pam_loginuid,pam_keyinit,pam_systemd_home,pam_limits,pam_unix,pam_permit,pam_lastlog2,pam_mail,pam_umask,pam_systemd,pam_env acct="joshuawarren" exe="/usr/lib/ssh/sshd-session" hostname=192.168.3.26 addr=192.168.3.26 terminal=ssh res=success'
Sep 20 15:36:50 jwm1-linux systemd[1]: session-6.scope: Deactivated successfully.
Sep 20 15:36:50 jwm1-linux sshd-session[1673]: pam_unix(sshd:session): session closed for user joshuawarren
Sep 20 15:36:50 jwm1-linux kernel: audit: type=1104 audit(1789936610.447:242): pid=1673 uid=0 auid=1001 ses=6 subj=unconfined msg='op=PAM:setcred grantors=pam_shells,pam_faillock,pam_permit,pam_env,pam_faillock acct="joshuawarren" exe="/usr/lib/ssh/sshd-session" hostname=192.168.3.26 addr=192.168.3.26 terminal=ssh res=success'
Sep 20 15:36:50 jwm1-linux systemd-logind[671]: Session 6 logged out. Waiting for processes to exit.
Sep 20 15:36:50 jwm1-linux systemd-logind[671]: Removed session 6.
Sep 20 15:37:00 jwm1-linux systemd[1]: Stopping User Manager for UID 1001...
Sep 20 15:37:00 jwm1-linux systemd[810]: Activating special unit Exit the Session...
Sep 20 15:37:00 jwm1-linux systemd[810]: Stopped target Main User Target.
Sep 20 15:37:00 jwm1-linux systemd[810]: Stopped target Basic System.
Sep 20 15:37:00 jwm1-linux systemd[810]: Stopped target Paths.
Sep 20 15:37:00 jwm1-linux systemd[810]: Stopped target Sockets.
Sep 20 15:37:00 jwm1-linux systemd[810]: Stopped target Timers.
Sep 20 15:37:00 jwm1-linux systemd[810]: Closed D-Bus User Message Bus Socket.
Sep 20 15:37:00 jwm1-linux systemd[810]: Closed GnuPG network certificate management daemon.
Sep 20 15:37:00 jwm1-linux systemd[810]: Closed GNOME Keyring daemon.
Sep 20 15:37:00 jwm1-linux systemd[810]: Closed GnuPG cryptographic agent and passphrase cache (access for web browsers).
Sep 20 15:37:00 jwm1-linux systemd[810]: Closed GnuPG cryptographic agent and passphrase cache (restricted).
Sep 20 15:37:00 jwm1-linux systemd[810]: Closed GnuPG cryptographic agent (ssh-agent emulation).
Sep 20 15:37:00 jwm1-linux systemd[810]: Closed GnuPG cryptographic agent and passphrase cache.
Sep 20 15:37:00 jwm1-linux systemd[810]: Closed GnuPG public key management service.
Sep 20 15:37:00 jwm1-linux systemd[810]: Closed p11-kit server.
Sep 20 15:37:00 jwm1-linux systemd[810]: Closed PipeWire PulseAudio.
Sep 20 15:37:00 jwm1-linux systemd[810]: Closed PipeWire Multimedia System Sockets.
Sep 20 15:37:00 jwm1-linux systemd[810]: Closed Query the User Interactively for a Password.
Sep 20 15:37:00 jwm1-linux systemd[810]: Closed Disk Image Download Service Socket.
Sep 20 15:37:00 jwm1-linux systemd[810]: Closed Journal Log Access Socket.
Sep 20 15:37:00 jwm1-linux systemd[810]: Closed Virtual Machine and Container Registration Service Socket.
Sep 20 15:37:00 jwm1-linux systemd[810]: Closed Simple File System Backed Storage Provider.
Sep 20 15:37:00 jwm1-linux systemd[810]: Removed slice User Application Slice.
Sep 20 15:37:00 jwm1-linux systemd[810]: Reached target Shutdown.
Sep 20 15:37:00 jwm1-linux systemd[810]: Finished Exit the Session.
Sep 20 15:37:00 jwm1-linux systemd[810]: Reached target Exit the Session.
Sep 20 15:37:00 jwm1-linux (sd-pam)[812]: pam_unix(systemd-user:session): session closed for user joshuawarren
Sep 20 15:37:00 jwm1-linux systemd-logind[671]: Removed session 3.
Sep 20 15:37:00 jwm1-linux systemd[1]: user@1001.service: Deactivated successfully.
Sep 20 15:37:00 jwm1-linux systemd[1]: Stopped User Manager for UID 1001.
Sep 20 15:37:00 jwm1-linux audit[1]: SERVICE_STOP pid=1 uid=0 auid=4294967295 ses=4294967295 subj=unconfined msg='unit=user@1001 comm="systemd" exe="/usr/lib/systemd/systemd" hostname=? addr=? terminal=? res=success'
Sep 20 15:37:00 jwm1-linux kernel: audit: type=1131 audit(1789936620.627:243): pid=1 uid=0 auid=4294967295 ses=4294967295 subj=unconfined msg='unit=user@1001 comm="systemd" exe="/usr/lib/systemd/systemd" hostname=? addr=? terminal=? res=success'
Sep 20 15:37:00 jwm1-linux systemd[1]: Stopping User Runtime Directory /run/user/1001...
Sep 20 15:37:00 jwm1-linux systemd[1]: run-user-1001.mount: Deactivated successfully.
Sep 20 15:37:00 jwm1-linux systemd[1]: user-runtime-dir@1001.service: Deactivated successfully.
Sep 20 15:37:00 jwm1-linux systemd[1]: Stopped User Runtime Directory /run/user/1001.
Sep 20 15:37:00 jwm1-linux audit[1]: SERVICE_STOP pid=1 uid=0 auid=4294967295 ses=4294967295 subj=unconfined msg='unit=user-runtime-dir@1001 comm="systemd" exe="/usr/lib/systemd/systemd" hostname=? addr=? terminal=? res=success'
Sep 20 15:37:00 jwm1-linux kernel: audit: type=1131 audit(1789936620.651:244): pid=1 uid=0 auid=4294967295 ses=4294967295 subj=unconfined msg='unit=user-runtime-dir@1001 comm="systemd" exe="/usr/lib/systemd/systemd" hostname=? addr=? terminal=? res=success'
Sep 20 15:37:00 jwm1-linux systemd[1]: Removed slice User Slice of UID 1001.
Sep 20 15:37:00 jwm1-linux systemd[1]: user-1001.slice: Consumed 9.433s CPU time over 34min 24.402s wall clock time, 380.5M memory peak.
Sep 20 15:44:52 jwm1-linux audit[1729]: AUDIT1101 pid=1729 uid=0 auid=4294967295 ses=4294967295 subj=unconfined msg='op=PAM:accounting grantors=pam_access,pam_unix,pam_permit,pam_time acct="joshuawarren" exe="/usr/lib/ssh/sshd-session" hostname=192.168.3.26 addr=192.168.3.26 terminal=ssh res=success'
Sep 20 15:44:52 jwm1-linux audit[1729]: AUDIT1103 pid=1729 uid=0 auid=4294967295 ses=4294967295 subj=unconfined msg='op=PAM:setcred grantors=pam_shells,pam_faillock,pam_permit,pam_env,pam_faillock acct="joshuawarren" exe="/usr/lib/ssh/sshd-session" hostname=192.168.3.26 addr=192.168.3.26 terminal=ssh res=success'
Sep 20 15:44:52 jwm1-linux audit[1729]: SYSCALL arch=c00000b7 syscall=64 success=yes exit=4 a0=6 a1=ffffedc48e00 a2=4 a3=0 items=0 ppid=694 pid=1729 auid=1001 uid=0 gid=0 euid=0 suid=0 fsuid=0 egid=0 sgid=0 fsgid=0 tty=(none) ses=7 comm="sshd-session" exe="/usr/lib/ssh/sshd-session" subj=unconfined key=(null)
Sep 20 15:44:52 jwm1-linux audit: PROCTITLE proctitle=737368642D73657373696F6E3A206A6F7368756177617272656E205B706F7374617574685D
Sep 20 15:44:52 jwm1-linux sshd-session[1729]: Accepted publickey for joshuawarren from 192.168.3.26 port 61200 ssh2: RSA SHA256:DyggCW0Wkh/S3o0MIZ3is7P/N/FX4xeBsJO9Q6uFVwA
Sep 20 15:44:52 jwm1-linux kernel: audit: type=1101 audit(1789937092.318:245): pid=1729 uid=0 auid=4294967295 ses=4294967295 subj=unconfined msg='op=PAM:accounting grantors=pam_access,pam_unix,pam_permit,pam_time acct="joshuawarren" exe="/usr/lib/ssh/sshd-session" hostname=192.168.3.26 addr=192.168.3.26 terminal=ssh res=success'
Sep 20 15:44:52 jwm1-linux sshd-session[1729]: pam_unix(sshd:session): session opened for user joshuawarren(uid=1001) by joshuawarren(uid=0)
Sep 20 15:44:52 jwm1-linux kernel: audit: type=1103 audit(1789937092.321:246): pid=1729 uid=0 auid=4294967295 ses=4294967295 subj=unconfined msg='op=PAM:setcred grantors=pam_shells,pam_faillock,pam_permit,pam_env,pam_faillock acct="joshuawarren" exe="/usr/lib/ssh/sshd-session" hostname=192.168.3.26 addr=192.168.3.26 terminal=ssh res=success'
Sep 20 15:44:52 jwm1-linux kernel: audit: type=1006 audit(1789937092.321:247): pid=1729 uid=0 subj=unconfined old-auid=4294967295 auid=1001 tty=(none) old-ses=4294967295 ses=7 res=1
Sep 20 15:44:52 jwm1-linux kernel: audit: type=1300 audit(1789937092.321:247): arch=c00000b7 syscall=64 success=yes exit=4 a0=6 a1=ffffedc48e00 a2=4 a3=0 items=0 ppid=694 pid=1729 auid=1001 uid=0 gid=0 euid=0 suid=0 fsuid=0 egid=0 sgid=0 fsgid=0 tty=(none) ses=7 comm="sshd-session" exe="/usr/lib/ssh/sshd-session" subj=unconfined key=(null)
Sep 20 15:44:52 jwm1-linux kernel: audit: type=1327 audit(1789937092.321:247): proctitle=737368642D73657373696F6E3A206A6F7368756177617272656E205B706F7374617574685D
Sep 20 15:44:52 jwm1-linux systemd[1]: Created slice User Slice of UID 1001.
Sep 20 15:44:52 jwm1-linux systemd[1]: Starting User Runtime Directory /run/user/1001...
Sep 20 15:44:52 jwm1-linux systemd-logind[671]: New session '7' of user 'joshuawarren' with class 'user' and type 'tty'.
Sep 20 15:44:52 jwm1-linux systemd[1]: Finished User Runtime Directory /run/user/1001.
Sep 20 15:44:52 jwm1-linux audit[1]: SERVICE_START pid=1 uid=0 auid=4294967295 ses=4294967295 subj=unconfined msg='unit=user-runtime-dir@1001 comm="systemd" exe="/usr/lib/systemd/systemd" hostname=? addr=? terminal=? res=success'
Sep 20 15:44:52 jwm1-linux kernel: audit: type=1130 audit(1789937092.391:248): pid=1 uid=0 auid=4294967295 ses=4294967295 subj=unconfined msg='unit=user-runtime-dir@1001 comm="systemd" exe="/usr/lib/systemd/systemd" hostname=? addr=? terminal=? res=success'
Sep 20 15:44:52 jwm1-linux systemd[1]: Starting User Manager for UID 1001...
Sep 20 15:44:52 jwm1-linux audit[1738]: AUDIT1101 pid=1738 uid=0 auid=4294967295 ses=4294967295 subj=unconfined msg='op=PAM:accounting grantors=pam_access,pam_unix,pam_permit,pam_time acct="joshuawarren" exe="/usr/lib/systemd/systemd-executor" hostname=? addr=? terminal=? res=success'
Sep 20 15:44:52 jwm1-linux audit[1738]: AUDIT1103 pid=1738 uid=0 auid=4294967295 ses=4294967295 subj=unconfined msg='op=PAM:setcred grantors=? acct="joshuawarren" exe="/usr/lib/systemd/systemd-executor" hostname=? addr=? terminal=? res=failed'
Sep 20 15:44:52 jwm1-linux audit[1738]: SYSCALL arch=c00000b7 syscall=64 success=yes exit=4 a0=a a1=ffffe2bcaee0 a2=4 a3=0 items=0 ppid=1 pid=1738 auid=1001 uid=0 gid=0 euid=0 suid=0 fsuid=0 egid=0 sgid=0 fsgid=0 tty=(none) ses=8 comm="(systemd)" exe="/usr/lib/systemd/systemd-executor" subj=unconfined key=(null)
Sep 20 15:44:52 jwm1-linux audit: PROCTITLE proctitle="(systemd)"
Sep 20 15:44:52 jwm1-linux (systemd)[1738]: pam_warn(systemd-user:setcred): function=[pam_sm_setcred] flags=0x8002 service=[systemd-user] terminal=[] user=[joshuawarren] ruser=[<unknown>] rhost=[<unknown>]
Sep 20 15:44:52 jwm1-linux kernel: audit: type=1101 audit(1789937092.404:249): pid=1738 uid=0 auid=4294967295 ses=4294967295 subj=unconfined msg='op=PAM:accounting grantors=pam_access,pam_unix,pam_permit,pam_time acct="joshuawarren" exe="/usr/lib/systemd/systemd-executor" hostname=? addr=? terminal=? res=success'
Sep 20 15:44:52 jwm1-linux (systemd)[1738]: pam_unix(systemd-user:session): session opened for user joshuawarren(uid=1001) by joshuawarren(uid=0)
Sep 20 15:44:52 jwm1-linux kernel: audit: type=1103 audit(1789937092.404:250): pid=1738 uid=0 auid=4294967295 ses=4294967295 subj=unconfined msg='op=PAM:setcred grantors=? acct="joshuawarren" exe="/usr/lib/systemd/systemd-executor" hostname=? addr=? terminal=? res=failed'
Sep 20 15:44:52 jwm1-linux kernel: audit: type=1006 audit(1789937092.404:251): pid=1738 uid=0 subj=unconfined old-auid=4294967295 auid=1001 tty=(none) old-ses=4294967295 ses=8 res=1
Sep 20 15:44:52 jwm1-linux kernel: audit: type=1300 audit(1789937092.404:251): arch=c00000b7 syscall=64 success=yes exit=4 a0=a a1=ffffe2bcaee0 a2=4 a3=0 items=0 ppid=1 pid=1738 auid=1001 uid=0 gid=0 euid=0 suid=0 fsuid=0 egid=0 sgid=0 fsgid=0 tty=(none) ses=8 comm="(systemd)" exe="/usr/lib/systemd/systemd-executor" subj=unconfined key=(null)
Sep 20 15:44:52 jwm1-linux systemd-logind[671]: New session '8' of user 'joshuawarren' with class 'manager' and type 'unspecified'.
Sep 20 15:44:52 jwm1-linux audit[1738]: AUDIT1105 pid=1738 uid=0 auid=1001 ses=8 subj=unconfined msg='op=PAM:session_open grantors=pam_loginuid,pam_keyinit,pam_systemd_home,pam_limits,pam_unix,pam_permit,pam_umask,pam_systemd,pam_env acct="joshuawarren" exe="/usr/lib/systemd/systemd-executor" hostname=? addr=? terminal=? res=success'
Sep 20 15:44:52 jwm1-linux audit: BPF prog-id=82 op=LOAD
Sep 20 15:44:52 jwm1-linux audit[1738]: SYSCALL arch=c00000b7 syscall=280 success=yes exit=8 a0=5 a1=ffffe13b2ad0 a2=a8 a3=fffec32dc540 items=0 ppid=1 pid=1738 auid=1001 uid=1001 gid=1001 euid=1001 suid=1001 fsuid=1001 egid=1001 sgid=1001 fsgid=1001 tty=(none) ses=8 comm="systemd" exe="/usr/lib/systemd/systemd" subj=unconfined key=(null)
Sep 20 15:44:52 jwm1-linux audit: PROCTITLE proctitle="(systemd)"
Sep 20 15:44:52 jwm1-linux audit: BPF prog-id=82 op=UNLOAD
Sep 20 15:44:52 jwm1-linux audit[1738]: SYSCALL arch=c00000b7 syscall=57 success=yes exit=0 a0=8 a1=0 a2=0 a3=0 items=0 ppid=1 pid=1738 auid=1001 uid=1001 gid=1001 euid=1001 suid=1001 fsuid=1001 egid=1001 sgid=1001 fsgid=1001 tty=(none) ses=8 comm="systemd" exe="/usr/lib/systemd/systemd" subj=unconfined key=(null)
Sep 20 15:44:52 jwm1-linux audit: PROCTITLE proctitle="(systemd)"
Sep 20 15:44:52 jwm1-linux audit: BPF prog-id=83 op=LOAD
Sep 20 15:44:52 jwm1-linux audit[1738]: SYSCALL arch=c00000b7 syscall=280 success=yes exit=10 a0=5 a1=ffffe13b2700 a2=94 a3=fffec32dc540 items=0 ppid=1 pid=1738 auid=1001 uid=1001 gid=1001 euid=1001 suid=1001 fsuid=1001 egid=1001 sgid=1001 fsgid=1001 tty=(none) ses=8 comm="systemd" exe="/usr/lib/systemd/systemd" subj=unconfined key=(null)
Sep 20 15:44:52 jwm1-linux audit: PROCTITLE proctitle="(systemd)"
Sep 20 15:44:52 jwm1-linux audit: BPF prog-id=83 op=UNLOAD
Sep 20 15:44:52 jwm1-linux audit[1738]: SYSCALL arch=c00000b7 syscall=57 success=yes exit=0 a0=a a1=0 a2=0 a3=0 items=0 ppid=1 pid=1738 auid=1001 uid=1001 gid=1001 euid=1001 suid=1001 fsuid=1001 egid=1001 sgid=1001 fsgid=1001 tty=(none) ses=8 comm="systemd" exe="/usr/lib/systemd/systemd" subj=unconfined key=(null)
Sep 20 15:44:52 jwm1-linux audit: PROCTITLE proctitle="(systemd)"
Sep 20 15:44:52 jwm1-linux audit: BPF prog-id=84 op=LOAD
Sep 20 15:44:52 jwm1-linux audit[1738]: SYSCALL arch=c00000b7 syscall=280 success=yes exit=10 a0=5 a1=ffffe13b2720 a2=a8 a3=fffec2d7012c items=0 ppid=1 pid=1738 auid=1001 uid=1001 gid=1001 euid=1001 suid=1001 fsuid=1001 egid=1001 sgid=1001 fsgid=1001 tty=(none) ses=8 comm="systemd" exe="/usr/lib/systemd/systemd" subj=unconfined key=(null)
Sep 20 15:44:52 jwm1-linux audit: PROCTITLE proctitle="(systemd)"
Sep 20 15:44:52 jwm1-linux audit: BPF prog-id=84 op=UNLOAD
Sep 20 15:44:52 jwm1-linux audit[1738]: SYSCALL arch=c00000b7 syscall=57 success=yes exit=0 a0=a a1=0 a2=0 a3=0 items=0 ppid=1 pid=1738 auid=1001 uid=1001 gid=1001 euid=1001 suid=1001 fsuid=1001 egid=1001 sgid=1001 fsgid=1001 tty=(none) ses=8 comm="systemd" exe="/usr/lib/systemd/systemd" subj=unconfined key=(null)
Sep 20 15:44:52 jwm1-linux audit: PROCTITLE proctitle="(systemd)"
Sep 20 15:44:52 jwm1-linux audit: BPF prog-id=85 op=LOAD
Sep 20 15:44:52 jwm1-linux audit[1738]: SYSCALL arch=c00000b7 syscall=280 success=yes exit=10 a0=5 a1=ffffe13b2630 a2=94 a3=fffec2d52d28 items=0 ppid=1 pid=1738 auid=1001 uid=1001 gid=1001 euid=1001 suid=1001 fsuid=1001 egid=1001 sgid=1001 fsgid=1001 tty=(none) ses=8 comm="systemd" exe="/usr/lib/systemd/systemd" subj=unconfined key=(null)
Sep 20 15:44:52 jwm1-linux audit: PROCTITLE proctitle="(systemd)"
Sep 20 15:44:52 jwm1-linux audit: BPF prog-id=85 op=UNLOAD
Sep 20 15:44:52 jwm1-linux audit[1738]: SYSCALL arch=c00000b7 syscall=57 success=yes exit=0 a0=a a1=0 a2=0 a3=0 items=0 ppid=1 pid=1738 auid=1001 uid=1001 gid=1001 euid=1001 suid=1001 fsuid=1001 egid=1001 sgid=1001 fsgid=1001 tty=(none) ses=8 comm="systemd" exe="/usr/lib/systemd/systemd" subj=unconfined key=(null)
Sep 20 15:44:52 jwm1-linux audit: PROCTITLE proctitle="(systemd)"
Sep 20 15:44:52 jwm1-linux audit: BPF prog-id=86 op=LOAD
Sep 20 15:44:52 jwm1-linux audit[1738]: SYSCALL arch=c00000b7 syscall=280 success=yes exit=10 a0=5 a1=ffffe13b2690 a2=a8 a3=fffec2d7012c items=0 ppid=1 pid=1738 auid=1001 uid=1001 gid=1001 euid=1001 suid=1001 fsuid=1001 egid=1001 sgid=1001 fsgid=1001 tty=(none) ses=8 comm="systemd" exe="/usr/lib/systemd/systemd" subj=unconfined key=(null)
Sep 20 15:44:52 jwm1-linux audit: PROCTITLE proctitle="(systemd)"
Sep 20 15:44:52 jwm1-linux audit: BPF prog-id=86 op=UNLOAD
Sep 20 15:44:52 jwm1-linux audit[1738]: SYSCALL arch=c00000b7 syscall=57 success=yes exit=0 a0=a a1=0 a2=0 a3=0 items=0 ppid=1 pid=1738 auid=1001 uid=1001 gid=1001 euid=1001 suid=1001 fsuid=1001 egid=1001 sgid=1001 fsgid=1001 tty=(none) ses=8 comm="systemd" exe="/usr/lib/systemd/systemd" subj=unconfined key=(null)
Sep 20 15:44:52 jwm1-linux audit: PROCTITLE proctitle="(systemd)"
Sep 20 15:44:52 jwm1-linux audit: BPF prog-id=87 op=LOAD
Sep 20 15:44:52 jwm1-linux audit[1738]: SYSCALL arch=c00000b7 syscall=280 success=yes exit=11 a0=5 a1=ffffe13b2480 a2=a8 a3=fffec2d7012c items=0 ppid=1 pid=1738 auid=1001 uid=1001 gid=1001 euid=1001 suid=1001 fsuid=1001 egid=1001 sgid=1001 fsgid=1001 tty=(none) ses=8 comm="systemd" exe="/usr/lib/systemd/systemd" subj=unconfined key=(null)
Sep 20 15:44:52 jwm1-linux audit: PROCTITLE proctitle="(systemd)"
Sep 20 15:44:52 jwm1-linux audit: BPF prog-id=87 op=UNLOAD
Sep 20 15:44:52 jwm1-linux audit[1738]: SYSCALL arch=c00000b7 syscall=57 success=yes exit=0 a0=b a1=0 a2=0 a3=0 items=0 ppid=1 pid=1738 auid=1001 uid=1001 gid=1001 euid=1001 suid=1001 fsuid=1001 egid=1001 sgid=1001 fsgid=1001 tty=(none) ses=8 comm="systemd" exe="/usr/lib/systemd/systemd" subj=unconfined key=(null)
Sep 20 15:44:52 jwm1-linux audit: PROCTITLE proctitle="(systemd)"
Sep 20 15:44:52 jwm1-linux audit: BPF prog-id=88 op=LOAD
Sep 20 15:44:52 jwm1-linux audit[1738]: SYSCALL arch=c00000b7 syscall=280 success=yes exit=10 a0=5 a1=ffffe13b1f60 a2=a8 a3=fffec2d700f0 items=0 ppid=1 pid=1738 auid=1001 uid=1001 gid=1001 euid=1001 suid=1001 fsuid=1001 egid=1001 sgid=1001 fsgid=1001 tty=(none) ses=8 comm="systemd" exe="/usr/lib/systemd/systemd" subj=unconfined key=(null)
Sep 20 15:44:52 jwm1-linux audit: PROCTITLE proctitle="(systemd)"
Sep 20 15:44:52 jwm1-linux audit: BPF prog-id=89 op=LOAD
Sep 20 15:44:52 jwm1-linux audit[1738]: SYSCALL arch=c00000b7 syscall=280 success=yes exit=12 a0=5 a1=ffffe13b1d50 a2=a8 a3=fffec2d7012c items=0 ppid=1 pid=1738 auid=1001 uid=1001 gid=1001 euid=1001 suid=1001 fsuid=1001 egid=1001 sgid=1001 fsgid=1001 tty=(none) ses=8 comm="systemd" exe="/usr/lib/systemd/systemd" subj=unconfined key=(null)
Sep 20 15:44:52 jwm1-linux audit: PROCTITLE proctitle="(systemd)"
Sep 20 15:44:52 jwm1-linux audit: BPF prog-id=89 op=UNLOAD
Sep 20 15:44:52 jwm1-linux audit[1738]: SYSCALL arch=c00000b7 syscall=57 success=yes exit=0 a0=c a1=0 a2=0 a3=0 items=0 ppid=1 pid=1738 auid=1001 uid=1001 gid=1001 euid=1001 suid=1001 fsuid=1001 egid=1001 sgid=1001 fsgid=1001 tty=(none) ses=8 comm="systemd" exe="/usr/lib/systemd/systemd" subj=unconfined key=(null)
Sep 20 15:44:52 jwm1-linux audit: PROCTITLE proctitle="(systemd)"
Sep 20 15:44:52 jwm1-linux audit: BPF prog-id=90 op=LOAD
Sep 20 15:44:52 jwm1-linux audit[1738]: SYSCALL arch=c00000b7 syscall=280 success=yes exit=11 a0=5 a1=ffffe13b1f60 a2=a8 a3=fffec2d700f0 items=0 ppid=1 pid=1738 auid=1001 uid=1001 gid=1001 euid=1001 suid=1001 fsuid=1001 egid=1001 sgid=1001 fsgid=1001 tty=(none) ses=8 comm="systemd" exe="/usr/lib/systemd/systemd" subj=unconfined key=(null)
Sep 20 15:44:52 jwm1-linux audit: PROCTITLE proctitle="(systemd)"
Sep 20 15:44:52 jwm1-linux audit: BPF prog-id=88 op=UNLOAD
Sep 20 15:44:52 jwm1-linux audit[1738]: SYSCALL arch=c00000b7 syscall=57 success=yes exit=0 a0=a a1=0 a2=0 a3=0 items=0 ppid=1 pid=1738 auid=1001 uid=1001 gid=1001 euid=1001 suid=1001 fsuid=1001 egid=1001 sgid=1001 fsgid=1001 tty=(none) ses=8 comm="systemd" exe="/usr/lib/systemd/systemd" subj=unconfined key=(null)
Sep 20 15:44:52 jwm1-linux audit: PROCTITLE proctitle="(systemd)"
Sep 20 15:44:52 jwm1-linux audit: BPF prog-id=90 op=UNLOAD
Sep 20 15:44:52 jwm1-linux audit[1738]: SYSCALL arch=c00000b7 syscall=57 success=yes exit=0 a0=b a1=0 a2=0 a3=0 items=0 ppid=1 pid=1738 auid=1001 uid=1001 gid=1001 euid=1001 suid=1001 fsuid=1001 egid=1001 sgid=1001 fsgid=1001 tty=(none) ses=8 comm="systemd" exe="/usr/lib/systemd/systemd" subj=unconfined key=(null)
Sep 20 15:44:52 jwm1-linux audit: PROCTITLE proctitle="(systemd)"
Sep 20 15:44:52 jwm1-linux audit: BPF prog-id=91 op=LOAD
Sep 20 15:44:52 jwm1-linux audit[1738]: SYSCALL arch=c00000b7 syscall=280 success=yes exit=9 a0=5 a1=ffffe13b27d0 a2=a8 a3=fffec2d7012c items=0 ppid=1 pid=1738 auid=1001 uid=1001 gid=1001 euid=1001 suid=1001 fsuid=1001 egid=1001 sgid=1001 fsgid=1001 tty=(none) ses=8 comm="systemd" exe="/usr/lib/systemd/systemd" subj=unconfined key=(null)
Sep 20 15:44:52 jwm1-linux audit: PROCTITLE proctitle="(systemd)"
Sep 20 15:44:52 jwm1-linux audit: BPF prog-id=91 op=UNLOAD
Sep 20 15:44:52 jwm1-linux audit[1738]: SYSCALL arch=c00000b7 syscall=57 success=yes exit=0 a0=9 a1=0 a2=0 a3=0 items=0 ppid=1 pid=1738 auid=1001 uid=1001 gid=1001 euid=1001 suid=1001 fsuid=1001 egid=1001 sgid=1001 fsgid=1001 tty=(none) ses=8 comm="systemd" exe="/usr/lib/systemd/systemd" subj=unconfined key=(null)
Sep 20 15:44:52 jwm1-linux audit: PROCTITLE proctitle="(systemd)"
Sep 20 15:44:52 jwm1-linux systemd[1738]: Queued start job for default target Main User Target.
Sep 20 15:44:52 jwm1-linux systemd[1738]: Created slice User Application Slice.
Sep 20 15:44:52 jwm1-linux systemd[1738]: Reached target Paths.
Sep 20 15:44:52 jwm1-linux systemd[1738]: Reached target Timers.
Sep 20 15:44:52 jwm1-linux systemd[1738]: Starting D-Bus User Message Bus Socket...
Sep 20 15:44:52 jwm1-linux systemd[1738]: Listening on GnuPG network certificate management daemon.
Sep 20 15:44:52 jwm1-linux systemd[1738]: Listening on GNOME Keyring daemon.
Sep 20 15:44:52 jwm1-linux systemd[1738]: Listening on GnuPG cryptographic agent and passphrase cache (access for web browsers).
Sep 20 15:44:52 jwm1-linux systemd[1738]: Listening on GnuPG cryptographic agent and passphrase cache (restricted).
Sep 20 15:44:52 jwm1-linux systemd[1738]: Listening on GnuPG cryptographic agent (ssh-agent emulation).
Sep 20 15:44:52 jwm1-linux systemd[1738]: Listening on GnuPG cryptographic agent and passphrase cache.
Sep 20 15:44:52 jwm1-linux systemd[1738]: Listening on GnuPG public key management service.
Sep 20 15:44:52 jwm1-linux systemd[1738]: Listening on p11-kit server.
Sep 20 15:44:52 jwm1-linux systemd[1738]: Listening on PipeWire PulseAudio.
Sep 20 15:44:52 jwm1-linux systemd[1738]: Listening on PipeWire Multimedia System Sockets.
Sep 20 15:44:52 jwm1-linux systemd[1738]: Listening on Query the User Interactively for a Password.
Sep 20 15:44:52 jwm1-linux systemd[1738]: Listening on Disk Image Download Service Socket.
Sep 20 15:44:52 jwm1-linux systemd[1738]: Listening on Journal Log Access Socket.
Sep 20 15:44:52 jwm1-linux systemd[1738]: Listening on Virtual Machine and Container Registration Service Socket.
Sep 20 15:44:52 jwm1-linux systemd[1738]: Listening on Simple File System Backed Storage Provider.
Sep 20 15:44:52 jwm1-linux systemd[1738]: Listening on D-Bus User Message Bus Socket.
Sep 20 15:44:52 jwm1-linux systemd[1738]: Reached target Sockets.
Sep 20 15:44:52 jwm1-linux systemd[1738]: Reached target Basic System.
Sep 20 15:44:52 jwm1-linux systemd[1738]: Reached target Main User Target.
Sep 20 15:44:52 jwm1-linux systemd[1738]: Startup finished in 119ms.
Sep 20 15:44:52 jwm1-linux systemd[1]: Started User Manager for UID 1001.
Sep 20 15:44:52 jwm1-linux audit[1]: SERVICE_START pid=1 uid=0 auid=4294967295 ses=4294967295 subj=unconfined msg='unit=user@1001 comm="systemd" exe="/usr/lib/systemd/systemd" hostname=? addr=? terminal=? res=success'
Sep 20 15:44:52 jwm1-linux systemd[1]: Started Session 7 of User joshuawarren.
Sep 20 15:44:52 jwm1-linux audit[1729]: AUDIT1105 pid=1729 uid=0 auid=1001 ses=7 subj=unconfined msg='op=PAM:session_open grantors=pam_loginuid,pam_keyinit,pam_systemd_home,pam_limits,pam_unix,pam_permit,pam_lastlog2,pam_mail,pam_umask,pam_systemd,pam_env acct="joshuawarren" exe="/usr/lib/ssh/sshd-session" hostname=192.168.3.26 addr=192.168.3.26 terminal=ssh res=success'
Sep 20 15:44:52 jwm1-linux audit[1748]: AUDIT1103 pid=1748 uid=0 auid=1001 ses=7 subj=unconfined msg='op=PAM:setcred grantors=pam_shells,pam_faillock,pam_permit,pam_env,pam_faillock acct="joshuawarren" exe="/usr/lib/ssh/sshd-session" hostname=192.168.3.26 addr=192.168.3.26 terminal=ssh res=success'
Sep 20 15:45:29 jwm1-linux audit[1757]: AUDIT1101 pid=1757 uid=0 auid=4294967295 ses=4294967295 subj=unconfined msg='op=PAM:accounting grantors=pam_access,pam_unix,pam_permit,pam_time acct="joshuawarren" exe="/usr/lib/ssh/sshd-session" hostname=192.168.3.26 addr=192.168.3.26 terminal=ssh res=success'
Sep 20 15:45:29 jwm1-linux sshd-session[1757]: Accepted publickey for joshuawarren from 192.168.3.26 port 61748 ssh2: RSA SHA256:DyggCW0Wkh/S3o0MIZ3is7P/N/FX4xeBsJO9Q6uFVwA
Sep 20 15:45:29 jwm1-linux kernel: kauditd_printk_skb: 65 callbacks suppressed
Sep 20 15:45:29 jwm1-linux kernel: audit: type=1101 audit(1789937129.921:276): pid=1757 uid=0 auid=4294967295 ses=4294967295 subj=unconfined msg='op=PAM:accounting grantors=pam_access,pam_unix,pam_permit,pam_time acct="joshuawarren" exe="/usr/lib/ssh/sshd-session" hostname=192.168.3.26 addr=192.168.3.26 terminal=ssh res=success'
Sep 20 15:45:29 jwm1-linux audit[1757]: AUDIT1103 pid=1757 uid=0 auid=4294967295 ses=4294967295 subj=unconfined msg='op=PAM:setcred grantors=pam_shells,pam_faillock,pam_permit,pam_env,pam_faillock acct="joshuawarren" exe="/usr/lib/ssh/sshd-session" hostname=192.168.3.26 addr=192.168.3.26 terminal=ssh res=success'
Sep 20 15:45:29 jwm1-linux audit[1757]: SYSCALL arch=c00000b7 syscall=64 success=yes exit=4 a0=6 a1=ffffe69f5100 a2=4 a3=0 items=0 ppid=694 pid=1757 auid=1001 uid=0 gid=0 euid=0 suid=0 fsuid=0 egid=0 sgid=0 fsgid=0 tty=(none) ses=9 comm="sshd-session" exe="/usr/lib/ssh/sshd-session" subj=unconfined key=(null)
Sep 20 15:45:29 jwm1-linux audit: PROCTITLE proctitle=737368642D73657373696F6E3A206A6F7368756177617272656E205B706F7374617574685D
Sep 20 15:45:29 jwm1-linux kernel: audit: type=1103 audit(1789937129.924:277): pid=1757 uid=0 auid=4294967295 ses=4294967295 subj=unconfined msg='op=PAM:setcred grantors=pam_shells,pam_faillock,pam_permit,pam_env,pam_faillock acct="joshuawarren" exe="/usr/lib/ssh/sshd-session" hostname=192.168.3.26 addr=192.168.3.26 terminal=ssh res=success'
Sep 20 15:45:29 jwm1-linux kernel: audit: type=1006 audit(1789937129.924:278): pid=1757 uid=0 subj=unconfined old-auid=4294967295 auid=1001 tty=(none) old-ses=4294967295 ses=9 res=1
Sep 20 15:45:29 jwm1-linux kernel: audit: type=1300 audit(1789937129.924:278): arch=c00000b7 syscall=64 success=yes exit=4 a0=6 a1=ffffe69f5100 a2=4 a3=0 items=0 ppid=694 pid=1757 auid=1001 uid=0 gid=0 euid=0 suid=0 fsuid=0 egid=0 sgid=0 fsgid=0 tty=(none) ses=9 comm="sshd-session" exe="/usr/lib/ssh/sshd-session" subj=unconfined key=(null)
Sep 20 15:45:29 jwm1-linux kernel: audit: type=1327 audit(1789937129.924:278): proctitle=737368642D73657373696F6E3A206A6F7368756177617272656E205B706F7374617574685D
Sep 20 15:45:29 jwm1-linux sshd-session[1757]: pam_unix(sshd:session): session opened for user joshuawarren(uid=1001) by joshuawarren(uid=0)
Sep 20 15:45:29 jwm1-linux systemd-logind[671]: New session '9' of user 'joshuawarren' with class 'user' and type 'tty'.
Sep 20 15:45:29 jwm1-linux systemd[1]: Started Session 9 of User joshuawarren.
Sep 20 15:45:29 jwm1-linux audit[1757]: AUDIT1105 pid=1757 uid=0 auid=1001 ses=9 subj=unconfined msg='op=PAM:session_open grantors=pam_loginuid,pam_keyinit,pam_systemd_home,pam_limits,pam_unix,pam_permit,pam_lastlog2,pam_mail,pam_umask,pam_systemd,pam_env acct="joshuawarren" exe="/usr/lib/ssh/sshd-session" hostname=192.168.3.26 addr=192.168.3.26 terminal=ssh res=success'
Sep 20 15:45:29 jwm1-linux kernel: audit: type=1105 audit(1789937129.959:279): pid=1757 uid=0 auid=1001 ses=9 subj=unconfined msg='op=PAM:session_open grantors=pam_loginuid,pam_keyinit,pam_systemd_home,pam_limits,pam_unix,pam_permit,pam_lastlog2,pam_mail,pam_umask,pam_systemd,pam_env acct="joshuawarren" exe="/usr/lib/ssh/sshd-session" hostname=192.168.3.26 addr=192.168.3.26 terminal=ssh res=success'
Sep 20 15:45:29 jwm1-linux audit[1760]: AUDIT1103 pid=1760 uid=0 auid=1001 ses=9 subj=unconfined msg='op=PAM:setcred grantors=pam_shells,pam_faillock,pam_permit,pam_env,pam_faillock acct="joshuawarren" exe="/usr/lib/ssh/sshd-session" hostname=192.168.3.26 addr=192.168.3.26 terminal=ssh res=success'
Sep 20 15:45:29 jwm1-linux kernel: audit: type=1103 audit(1789937129.962:280): pid=1760 uid=0 auid=1001 ses=9 subj=unconfined msg='op=PAM:setcred grantors=pam_shells,pam_faillock,pam_permit,pam_env,pam_faillock acct="joshuawarren" exe="/usr/lib/ssh/sshd-session" hostname=192.168.3.26 addr=192.168.3.26 terminal=ssh res=success'
Sep 20 15:45:30 jwm1-linux audit[1768]: AUDIT1101 pid=1768 uid=1001 auid=1001 ses=9 subj=unconfined msg='op=PAM:accounting grantors=pam_unix,pam_permit,pam_time acct="joshuawarren" exe="/usr/bin/sudo" hostname=? addr=? terminal=? res=success'
Sep 20 15:45:30 jwm1-linux kernel: audit: type=1101 audit(1789937130.344:281): pid=1768 uid=1001 auid=1001 ses=9 subj=unconfined msg='op=PAM:accounting grantors=pam_unix,pam_permit,pam_time acct="joshuawarren" exe="/usr/bin/sudo" hostname=? addr=? terminal=? res=success'
Sep 20 15:45:30 jwm1-linux sudo[1768]: joshuawarren : PWD=/home/joshuawarren ; USER=root ; COMMAND=/usr/bin/sh -c 'grub-fstest /dev/nvme0n1p5 cmp /@/boot/vmlinuz-linux-asahi /boot/vmlinuz-linux-asahi && grub-fstest /dev/nvme0n1p5 cmp /@/boot/initramfs-linux-asahi.img /boot/initramfs-linux-asahi.img && echo GRUB_CMP_2X_PASS'
Sep 20 15:45:30 jwm1-linux audit[1768]: AUDIT1110 pid=1768 uid=1001 auid=1001 ses=9 subj=unconfined msg='op=PAM:setcred grantors=pam_faillock,pam_permit,pam_env,pam_faillock acct="root" exe="/usr/bin/sudo" hostname=? addr=? terminal=? res=success'
Sep 20 15:45:30 jwm1-linux sudo[1768]: pam_unix(sudo:session): session opened for user root(uid=0) by joshuawarren(uid=1001)
Sep 20 15:45:30 jwm1-linux kernel: audit: type=1110 audit(1789937130.346:282): pid=1768 uid=1001 auid=1001 ses=9 subj=unconfined msg='op=PAM:setcred grantors=pam_faillock,pam_permit,pam_env,pam_faillock acct="root" exe="/usr/bin/sudo" hostname=? addr=? terminal=? res=success'
Sep 20 15:45:30 jwm1-linux audit[1768]: AUDIT1105 pid=1768 uid=1001 auid=1001 ses=9 subj=unconfined msg='op=PAM:session_open grantors=pam_systemd_home,pam_limits,pam_unix,pam_permit,pam_systemd acct="root" exe="/usr/bin/sudo" hostname=? addr=? terminal=? res=success'
Sep 20 15:45:30 jwm1-linux kernel: audit: type=1105 audit(1789937130.347:283): pid=1768 uid=1001 auid=1001 ses=9 subj=unconfined msg='op=PAM:session_open grantors=pam_systemd_home,pam_limits,pam_unix,pam_permit,pam_systemd acct="root" exe="/usr/bin/sudo" hostname=? addr=? terminal=? res=success'
Sep 20 15:45:31 jwm1-linux sudo[1768]: pam_unix(sudo:session): session closed for user root
Sep 20 15:45:31 jwm1-linux audit[1768]: AUDIT1106 pid=1768 uid=1001 auid=1001 ses=9 subj=unconfined msg='op=PAM:session_close grantors=pam_systemd_home,pam_limits,pam_unix,pam_permit,pam_systemd acct="root" exe="/usr/bin/sudo" hostname=? addr=? terminal=? res=success'
Sep 20 15:45:31 jwm1-linux audit[1768]: AUDIT1104 pid=1768 uid=1001 auid=1001 ses=9 subj=unconfined msg='op=PAM:setcred grantors=pam_faillock,pam_permit,pam_env,pam_faillock acct="root" exe="/usr/bin/sudo" hostname=? addr=? terminal=? res=success'
Sep 20 15:46:14 jwm1-linux audit[1778]: AUDIT1101 pid=1778 uid=1001 auid=1001 ses=9 subj=unconfined msg='op=PAM:accounting grantors=pam_unix,pam_permit,pam_time acct="joshuawarren" exe="/usr/bin/sudo" hostname=? addr=? terminal=? res=success'
Sep 20 15:46:14 jwm1-linux kernel: kauditd_printk_skb: 2 callbacks suppressed
Sep 20 15:46:14 jwm1-linux kernel: audit: type=1101 audit(1789937174.198:286): pid=1778 uid=1001 auid=1001 ses=9 subj=unconfined msg='op=PAM:accounting grantors=pam_unix,pam_permit,pam_time acct="joshuawarren" exe="/usr/bin/sudo" hostname=? addr=? terminal=? res=success'
Sep 20 15:46:14 jwm1-linux sudo[1778]: joshuawarren : PWD=/home/joshuawarren ; USER=root ; COMMAND=/usr/bin/journalctl -b --no-pager
Sep 20 15:46:14 jwm1-linux audit[1778]: AUDIT1110 pid=1778 uid=1001 auid=1001 ses=9 subj=unconfined msg='op=PAM:setcred grantors=pam_faillock,pam_permit,pam_env,pam_faillock acct="root" exe="/usr/bin/sudo" hostname=? addr=? terminal=? res=success'
Sep 20 15:46:14 jwm1-linux sudo[1778]: pam_unix(sudo:session): session opened for user root(uid=0) by joshuawarren(uid=1001)
Sep 20 15:46:14 jwm1-linux kernel: audit: type=1110 audit(1789937174.200:287): pid=1778 uid=1001 auid=1001 ses=9 subj=unconfined msg='op=PAM:setcred grantors=pam_faillock,pam_permit,pam_env,pam_faillock acct="root" exe="/usr/bin/sudo" hostname=? addr=? terminal=? res=success'
Sep 20 15:46:14 jwm1-linux audit[1778]: AUDIT1105 pid=1778 uid=1001 auid=1001 ses=9 subj=unconfined msg='op=PAM:session_open grantors=pam_systemd_home,pam_limits,pam_unix,pam_permit,pam_systemd acct="root" exe="/usr/bin/sudo" hostname=? addr=? terminal=? res=success'
Sep 20 15:46:14 jwm1-linux kernel: audit: type=1105 audit(1789937174.201:288): pid=1778 uid=1001 auid=1001 ses=9 subj=unconfined msg='op=PAM:session_open grantors=pam_systemd_home,pam_limits,pam_unix,pam_permit,pam_systemd acct="root" exe="/usr/bin/sudo" hostname=? addr=? terminal=? res=success'
Sep 20 15:46:14 jwm1-linux sudo[1778]: pam_unix(sudo:session): session closed for user root
Sep 20 15:46:14 jwm1-linux audit[1778]: AUDIT1106 pid=1778 uid=1001 auid=1001 ses=9 subj=unconfined msg='op=PAM:session_close grantors=pam_systemd_home,pam_limits,pam_unix,pam_permit,pam_systemd acct="root" exe="/usr/bin/sudo" hostname=? addr=? terminal=? res=success'
Sep 20 15:46:14 jwm1-linux audit[1778]: AUDIT1104 pid=1778 uid=1001 auid=1001 ses=9 subj=unconfined msg='op=PAM:setcred grantors=pam_faillock,pam_permit,pam_env,pam_faillock acct="root" exe="/usr/bin/sudo" hostname=? addr=? terminal=? res=success'
Sep 20 15:46:14 jwm1-linux kernel: audit: type=1106 audit(1789937174.222:289): pid=1778 uid=1001 auid=1001 ses=9 subj=unconfined msg='op=PAM:session_close grantors=pam_systemd_home,pam_limits,pam_unix,pam_permit,pam_systemd acct="root" exe="/usr/bin/sudo" hostname=? addr=? terminal=? res=success'
Sep 20 15:46:14 jwm1-linux kernel: audit: type=1104 audit(1789937174.222:290): pid=1778 uid=1001 auid=1001 ses=9 subj=unconfined msg='op=PAM:setcred grantors=pam_faillock,pam_permit,pam_env,pam_faillock acct="root" exe="/usr/bin/sudo" hostname=? addr=? terminal=? res=success'
Sep 20 15:46:24 jwm1-linux audit[1781]: AUDIT1101 pid=1781 uid=1001 auid=1001 ses=9 subj=unconfined msg='op=PAM:accounting grantors=pam_unix,pam_permit,pam_time acct="joshuawarren" exe="/usr/bin/sudo" hostname=? addr=? terminal=? res=success'
Sep 20 15:46:24 jwm1-linux kernel: audit: type=1101 audit(1789937184.575:291): pid=1781 uid=1001 auid=1001 ses=9 subj=unconfined msg='op=PAM:accounting grantors=pam_unix,pam_permit,pam_time acct="joshuawarren" exe="/usr/bin/sudo" hostname=? addr=? terminal=? res=success'
Sep 20 15:46:24 jwm1-linux sudo[1781]: joshuawarren : PWD=/home/joshuawarren ; USER=root ; COMMAND=/usr/bin/journalctl -b --no-pager
Sep 20 15:46:24 jwm1-linux audit[1781]: AUDIT1110 pid=1781 uid=1001 auid=1001 ses=9 subj=unconfined msg='op=PAM:setcred grantors=pam_faillock,pam_permit,pam_env,pam_faillock acct="root" exe="/usr/bin/sudo" hostname=? addr=? terminal=? res=success'
Sep 20 15:46:24 jwm1-linux sudo[1781]: pam_unix(sudo:session): session opened for user root(uid=0) by joshuawarren(uid=1001)
Sep 20 15:46:24 jwm1-linux kernel: audit: type=1110 audit(1789937184.577:292): pid=1781 uid=1001 auid=1001 ses=9 subj=unconfined msg='op=PAM:setcred grantors=pam_faillock,pam_permit,pam_env,pam_faillock acct="root" exe="/usr/bin/sudo" hostname=? addr=? terminal=? res=success'
Sep 20 15:46:24 jwm1-linux audit[1781]: AUDIT1105 pid=1781 uid=1001 auid=1001 ses=9 subj=unconfined msg='op=PAM:session_open grantors=pam_systemd_home,pam_limits,pam_unix,pam_permit,pam_systemd acct="root" exe="/usr/bin/sudo" hostname=? addr=? terminal=? res=success'
Sep 20 15:46:24 jwm1-linux kernel: audit: type=1105 audit(1789937184.578:293): pid=1781 uid=1001 auid=1001 ses=9 subj=unconfined msg='op=PAM:session_open grantors=pam_systemd_home,pam_limits,pam_unix,pam_permit,pam_systemd acct="root" exe="/usr/bin/sudo" hostname=? addr=? terminal=? res=success'
